"X","Lon","Lat","Week_Number","Chl","Temp","Salinity","MLD","uo","vo","Current_Speed","Solar_Flux","Heat_Flux","distanza_segmento","distanza_cumulata"
54,13.583,45.729,1,0.353305459022522,19.8506813049316,35.8652610778809,7.57397747039795,0.0385860688984394,-0.0899152383208275,0.0978449528352194,269.307647705078,216.963775634766,0.0410000000000021,3.20526467667112
55,13.583,45.729,2,0.446760833263397,21.6483135223389,34.1521186828613,7.59248495101929,0.025261677801609,-0.0945974141359329,0.0979123236705039,174.183898925781,146.782409667969,0.0410000000000021,3.20526467667112
56,13.583,45.729,3,0.556404888629913,22.4125099182129,34.8956489562988,7.57259035110474,0.000844337278977036,-0.0553825832903385,0.0553890191044394,335.566986083984,209.59260559082,0.0410000000000021,3.20526467667112
57,13.583,45.729,4,0.660673916339874,24.0124740600586,34.1224136352539,7.59374809265137,0.0438946858048439,-0.0303485412150621,0.0533645706043653,229.747039794922,202.704742431641,0.0410000000000021,3.20526467667112
58,13.583,45.729,5,0.504937469959259,25.9338817596436,34.2467041015625,7.61861705780029,-0.0189020279794931,-0.0636945515871048,0.0664400674564671,202.26203918457,143.629699707031,0.0410000000000021,3.20526467667112
59,13.583,45.729,6,0.398218154907227,26.2470645904541,34.554126739502,7.59216451644897,0.0225066654384136,-0.0585362762212753,0.0627139986208034,290.745635986328,157.299407958984,0.0410000000000021,3.20526467667112
60,13.583,45.729,7,0.499795973300934,25.2342891693115,34.6993141174316,7.51934766769409,0.0513786189258099,-0.0535939894616604,0.0742433713481557,271.649108886719,54.8446884155273,0.0410000000000021,3.20526467667112
61,13.583,45.729,8,0.35502889752388,25.9737415313721,35.4210891723633,7.49065732955933,0.045005738735199,-0.0886011049151421,0.0993764172793777,318.150360107422,162.225769042969,0.0410000000000021,3.20526467667112
62,13.583,45.729,9,0.36969929933548,27.2130031585693,34.8529624938965,7.58394908905029,0.00550805823877454,-0.0518714115023613,0.052163033240112,215.294097900391,39.3103713989258,0.0410000000000021,3.20526467667112
63,13.583,45.729,10,0.481884181499481,27.2461109161377,35.5965118408203,7.5830397605896,0.0267483219504356,-0.0719607695937157,0.0767712517006463,256.0146484375,49.0940933227539,0.0410000000000021,3.20526467667112
64,13.583,45.729,11,0.516169250011444,26.7475700378418,37.2460479736328,7.58218050003052,-0.0114534683525562,-0.0356124117970467,0.0374089001616652,271.052673339844,-86.0761184692383,0.0410000000000021,3.20526467667112
65,13.583,45.729,12,0.593008577823639,25.6482372283936,35.6038055419922,7.68163919448853,0.0664951577782631,-0.0168440565466881,0.0685953952456295,274.645568847656,62.9468269348145,0.0410000000000021,3.20526467667112
66,13.583,45.729,13,0.443658500909805,25.6092796325684,35.232120513916,7.64265012741089,0.0242432095110416,-0.0274622421711683,0.0366320618101706,166.436889648438,-36.4582672119141,0.0410000000000021,3.20526467667112
67,13.583,45.729,14,0.366968810558319,25.9610404968262,34.7897682189941,7.56073713302612,0.059065543115139,-0.0384517945349216,0.0704789251226363,210.260177612305,4.58227396011353,0.0410000000000021,3.20526467667112
68,13.583,45.729,15,0.510662734508514,25.4363327026367,34.7550582885742,7.56067752838135,0.0748655796051025,-0.0471970289945602,0.0885009296873276,200.345077514648,27.5961303710938,0.0410000000000021,3.20526467667112
69,13.583,45.729,16,0.507673740386963,24.984167098999,34.1604309082031,7.56085824966431,0.0673318728804588,-0.0450273938477039,0.0810002919890201,165.420120239258,-54.6876258850098,0.0410000000000021,3.20526467667112
70,13.583,45.729,17,0.837477147579193,23.0799827575684,34.4661140441895,7.57926940917969,0.00482610519975424,-0.0727781429886818,0.0729379831657012,195.986618041992,-179.288772583008,0.0410000000000021,3.20526467667112
71,13.583,45.729,18,1.20179843902588,21.5455703735352,32.9326515197754,7.76283359527588,0.0436391904950142,-0.0441456697881222,0.0620743031221621,123.236785888672,-86.5100326538086,0.0410000000000021,3.20526467667112
72,13.583,45.729,19,1.44783997535706,21.0339241027832,33.3556938171387,7.59579372406006,0.015529116615653,-0.0623732656240463,0.0642773500345992,76.9446258544922,-161.846649169922,0.0410000000000021,3.20526467667112
73,13.583,45.729,20,1.30545687675476,20.9888877868652,34.340576171875,7.5527400970459,0.0298699103295803,-0.119591556489468,0.12326537196906,119.993690490723,-69.7209701538086,0.0410000000000021,3.20526467667112
74,13.583,45.729,21,1.08503091335297,20.7497119903564,33.8062858581543,7.4592022895813,0.0566805228590965,-0.103904522955418,0.118358909939951,130.393173217773,-65.4956359863281,0.0410000000000021,3.20526467667112
75,13.583,45.729,22,1.54555189609528,19.6865310668945,32.1510429382324,7.56982612609863,-0.00490401871502399,-0.0589085556566715,0.0591123280637167,74.1376571655273,-56.2098350524902,0.0410000000000021,3.20526467667112
76,13.583,45.729,23,1.32321178913116,19.925443649292,33.0828742980957,7.54281234741211,0.0658404901623726,-0.0888792052865028,0.110609598485763,60.5315628051758,-91.3656692504883,0.0410000000000021,3.20526467667112
77,13.583,45.729,24,1.02948462963104,18.8178062438965,33.4252319335938,7.65338754653931,0.0635293126106262,-0.118438214063644,0.134400833745049,50.722110748291,-159.877334594727,0.0410000000000021,3.20526467667112
78,13.583,45.729,25,0.945478796958923,17.386438369751,34.0208129882812,7.59579658508301,0.07576023042202,-0.124087475240231,0.145386773900147,57.1261749267578,-83.5544357299805,0.0410000000000021,3.20526467667112
79,13.583,45.729,26,0.790334045886993,15.9088363647461,35.997501373291,8.08789730072021,-0.0898221433162689,-0.075028233230114,0.117035264820313,31.3102340698242,-402.563507080078,0.0410000000000021,3.20526467667112
80,13.583,45.729,27,1.04065334796906,14.3032026290894,36.4559211730957,7.63781261444092,-0.0497204512357712,-0.0549165718257427,0.074080720381086,32.5861434936523,-285.508270263672,0.0410000000000021,3.20526467667112
81,13.583,45.729,28,0.948049068450928,12.6996583938599,34.3954429626465,7.55978393554688,0.03876031935215,-0.104215681552887,0.111190245245765,60.4470710754395,-63.264045715332,0.0410000000000021,3.20526467667112
82,13.583,45.729,29,0.833083927631378,11.8761005401611,36.9060325622559,7.67431116104126,-0.0336977243423462,-0.0519434213638306,0.0619165216144544,29.2865028381348,-256.169738769531,0.0410000000000021,3.20526467667112
83,13.583,45.729,30,0.83849424123764,11.3724584579468,35.290096282959,7.54109573364258,0.0575069189071655,-0.101845420897007,0.116959546339253,25.7339458465576,-36.7078132629395,0.0410000000000021,3.20526467667112
84,13.583,45.729,31,0.422021150588989,11.9250984191895,34.5979118347168,7.56324577331543,0.051565382629633,-0.0670931413769722,0.0846196094624102,39.1931114196777,-86.8372116088867,0.0410000000000021,3.20526467667112
85,13.583,45.729,32,0.790189027786255,12.1008396148682,34.4552803039551,7.48049306869507,0.0602418482303619,-0.0548695176839828,0.0814846258448971,27.0379085540771,-67.9506149291992,0.0410000000000021,3.20526467667112
86,13.583,45.729,33,1.24182343482971,11.3230781555176,33.9050407409668,7.60688304901123,0.0249611996114254,-0.101238787174225,0.104270578374484,64.1591796875,-65.4166946411133,0.0410000000000021,3.20526467667112
87,13.583,45.729,34,0.790241956710815,10.953145980835,34.7107963562012,7.93040657043457,-0.00833721645176411,-0.0662613809108734,0.0667838287190801,31.9874439239502,-100.762969970703,0.0410000000000021,3.20526467667112
88,13.583,45.729,35,0.750248968601227,10.0182132720947,37.7426795959473,7.62671756744385,-0.0233089290559292,-0.0103373723104596,0.0254983811254636,35.1725540161133,-114.384475708008,0.0410000000000021,3.20526467667112
89,13.583,45.729,36,0.831503868103027,9.14757347106934,34.8478012084961,7.53991365432739,0.0718633756041527,-0.0832661688327789,0.109989088664796,91.8965835571289,-68.2616195678711,0.0410000000000021,3.20526467667112
90,13.583,45.729,37,0.523715019226074,8.518479347229,36.2724761962891,7.38229131698608,-0.0306884981691837,-0.092118926346302,0.0970962435477059,105.071365356445,-186.513519287109,0.0410000000000021,3.20526467667112
91,13.583,45.729,38,0.40857195854187,8.41200637817383,34.1759948730469,7.17682838439941,0.0538250282406807,-0.0890149250626564,0.104023028936002,118.28190612793,-33.4269752502441,0.0410000000000021,3.20526467667112
92,13.583,45.729,39,0.243524998426437,9.06473064422607,33.658618927002,7.34070158004761,0.0770172625780106,-0.0585397630929947,0.0967396640370131,64.3131790161133,-15.9739398956299,0.0410000000000021,3.20526467667112
93,13.583,45.729,40,0.525118350982666,8.40278053283691,37.6860313415527,7.40904760360718,-0.0791054964065552,-0.0134833827614784,0.0802463779395684,138.554306030273,-127.410781860352,0.0410000000000021,3.20526467667112
94,13.583,45.729,41,0.575160384178162,9.19766044616699,34.4985198974609,7.72018814086914,0.0915642976760864,-0.030466802418232,0.0964999826865609,97.2472381591797,47.8290328979492,0.0410000000000021,3.20526467667112
95,13.583,45.729,42,0.461983352899551,9.97386264801025,34.5641403198242,7.82577276229858,0.0596021600067616,0.0251239947974682,0.0646810064242573,93.1689834594727,71.6897354125977,0.0410000000000021,3.20526467667112
96,13.583,45.729,43,0.45946928858757,10.8931932449341,34.4659652709961,7.44307899475098,0.0639976561069489,-0.062396451830864,0.0893813022296309,201.710830688477,144.21826171875,0.0410000000000021,3.20526467667112
97,13.583,45.729,44,0.807249307632446,11.3041324615479,34.0850524902344,7.41704654693604,0.0790634602308273,-0.0672735497355461,0.103811180696939,215.081253051758,56.7756652832031,0.0410000000000021,3.20526467667112
98,13.583,45.729,45,0.964200854301453,11.3815202713013,36.6149635314941,7.44342279434204,-0.0449506379663944,-0.0233798082917929,0.050667300000561,235.040893554688,-112.450889587402,0.0410000000000021,3.20526467667112
99,13.583,45.729,46,1.05546891689301,12.1726531982422,34.2962799072266,7.49519872665405,0.0749610364437103,-0.0861709490418434,0.114212912770349,120.850440979004,2.32827186584473,0.0410000000000021,3.20526467667112
100,13.583,45.729,47,1.23515963554382,12.6355667114258,34.110652923584,7.50140810012817,0.053064588457346,-0.112896911799908,0.124745994894039,139.053146362305,71.279296875,0.0410000000000021,3.20526467667112
101,13.583,45.729,48,1.28159117698669,13.5442371368408,33.6251068115234,7.53201293945312,0.0621861293911934,-0.111359722912312,0.127546472219991,147.435607910156,19.2502059936523,0.0410000000000021,3.20526467667112
102,13.583,45.729,49,1.07300138473511,14.4989833831787,34.9356155395508,7.58076906204224,-0.0202962905168533,-0.119247756898403,0.12096266752203,144.913375854492,66.843376159668,0.0410000000000021,3.20526467667112
103,13.583,45.729,50,0.9543776512146,15.9752883911133,35.5365867614746,7.50006151199341,-0.0177670028060675,-0.0684139430522919,0.0706833360324274,268.098022460938,127.904335021973,0.0410000000000021,3.20526467667112
104,13.583,45.729,51,0.674223780632019,15.6629428863525,36.7589225769043,7.70823001861572,-0.0626293793320656,-0.0613357909023762,0.0876613848917514,168.35807800293,-6.06654691696167,0.0410000000000021,3.20526467667112
105,13.583,45.729,52,0.482434749603271,17.646125793457,34.9920043945312,7.63632488250732,0.063083678483963,-0.0989028885960579,0.117308703273509,292.009368896484,251.8955078125,0.0410000000000021,3.20526467667112
106,13.583,45.729,53,0.396333962678909,19.3435459136963,34.8791427612305,7.59701490402222,0.0154700540006161,-0.104603096842766,0.105740864569376,305.911285400391,172.839385986328,0.0410000000000021,3.20526467667112
1061,13.333,45.646,1,0.34195351600647,20.0540409088135,36.9579010009766,11.1699981689453,-0.0148280700668693,-0.00493337213993073,0.015627214165648,268.244567871094,205.755584716797,0.0586941223633232,2.92087643194449
1062,13.333,45.646,2,0.398291409015656,23.3145885467529,36.8113403320312,11.1846122741699,-0.0956401824951172,-0.0508875399827957,0.108335526182319,174.021408081055,55.0645713806152,0.0586941223633232,2.92087643194449
1063,13.333,45.646,3,0.572791159152985,23.2944030761719,36.8281555175781,11.1680526733398,-0.158709108829498,0.00345275946892798,0.158746662243349,335.611450195312,155.874649047852,0.0586941223633232,2.92087643194449
1064,13.333,45.646,4,0.841425657272339,25.1702270507812,36.1556129455566,11.1835508346558,0.0813782438635826,-0.0187087655067444,0.0835011166458693,229.403060913086,128.976638793945,0.0586941223633232,2.92087643194449
1065,13.333,45.646,5,0.424181699752808,26.3398685455322,35.3459358215332,11.2118949890137,-0.132047548890114,0.00888029858469963,0.132345815464035,205.626358032227,116.970817565918,0.0586941223633232,2.92087643194449
1066,13.333,45.646,6,0.366121113300323,26.8375301361084,36.120246887207,11.1890335083008,-0.0729408338665962,-0.00126787333283573,0.072951852258476,301.177215576172,121.179176330566,0.0586941223633232,2.92087643194449
1067,13.333,45.646,7,0.588792264461517,26.2540645599365,37.2135887145996,11.1142616271973,0.0598325952887535,-0.00645373482257128,0.0601796489865788,276.227081298828,5.63635540008545,0.0586941223633232,2.92087643194449
1068,13.333,45.646,8,0.510856568813324,26.9102210998535,37.2725601196289,11.0871410369873,0.0423455089330673,-0.00841580796986818,0.0431736951231439,318.256072998047,115.237907409668,0.0586941223633232,2.92087643194449
1069,13.333,45.646,9,0.570586919784546,28.1338081359863,36.9057922363281,11.1780138015747,-0.00793724041432142,-0.0254712644964457,0.0266793009736505,215.054733276367,0.403308838605881,0.0586941223633232,2.92087643194449
1070,13.333,45.646,10,0.601913094520569,27.8819885253906,37.2841987609863,11.1778736114502,0.022861935198307,-0.0174209959805012,0.0287429849174408,261.179046630859,5.92067527770996,0.0586941223633232,2.92087643194449
1071,13.333,45.646,11,0.480019450187683,27.3430633544922,37.3235244750977,11.1860132217407,-0.011873260140419,-0.00476013356819749,0.0127919184624177,270.471069335938,-67.9830169677734,0.0586941223633232,2.92087643194449
1072,13.333,45.646,12,0.395449221134186,26.0315437316895,36.198600769043,11.2762117385864,0.103457555174828,-0.0316360332071781,0.108186433159792,274.865753173828,85.6395568847656,0.0586941223633232,2.92087643194449
1073,13.333,45.646,13,0.568608582019806,26.1120662689209,36.0476188659668,11.2391376495361,0.0633595362305641,-0.0111822281032801,0.0643387368286474,182.292861938477,-17.0712928771973,0.0586941223633232,2.92087643194449
1074,13.333,45.646,14,0.54984176158905,26.2431945800781,35.7634162902832,11.1552400588989,0.0903530046343803,-0.0238470882177353,0.0934470388130346,207.553924560547,26.1530933380127,0.0586941223633232,2.92087643194449
1075,13.333,45.646,15,0.363333314657211,25.7318153381348,36.4096298217773,11.1549835205078,0.0562448985874653,-0.00655933609232306,0.056626085041139,197.100234985352,56.0887832641602,0.0586941223633232,2.92087643194449
1076,13.333,45.646,16,0.382415056228638,25.3803539276123,36.287109375,11.1537132263184,0.0275902803987265,0.00605359626933932,0.0282465856391973,167.439971923828,-34.4828186035156,0.0586941223633232,2.92087643194449
1077,13.333,45.646,17,0.607073724269867,23.4608364105225,36.3125686645508,11.1735095977783,-0.0181709304451942,-0.00833349674940109,0.0199907448914833,196.34716796875,-173.053421020508,0.0586941223633232,2.92087643194449
1078,13.333,45.646,18,0.621150314807892,21.8002300262451,36.0242309570312,11.346848487854,-0.0302042625844479,-0.00674213794991374,0.030947599299557,132.744659423828,-67.6840362548828,0.0586941223633232,2.92087643194449
1079,13.333,45.646,19,0.952365636825562,20.3305130004883,34.7814636230469,11.1866912841797,-0.107237160205841,0.00587378907948732,0.107397904668404,76.2051010131836,-58.4323272705078,0.0586941223633232,2.92087643194449
1080,13.333,45.646,20,0.982815980911255,21.1243705749512,35.6696815490723,11.1475639343262,0.004874128382653,-0.0409900657832623,0.0412788398626554,117.486381530762,-61.011589050293,0.0586941223633232,2.92087643194449
1081,13.333,45.646,21,1.02943301200867,20.4974632263184,35.8656120300293,11.0536623001099,0.0288540795445442,0.00561627419665456,0.0293955854205167,130.802429199219,-29.5794696807861,0.0586941223633232,2.92087643194449
1082,13.333,45.646,22,1.05390846729279,20.0279636383057,36.056999206543,11.1542387008667,-0.0551592409610748,-0.013521384447813,0.0567923383986562,75.6953659057617,-24.6397514343262,0.0586941223633232,2.92087643194449
1083,13.333,45.646,23,1.14402294158936,18.2019195556641,33.867115020752,11.1365098953247,0.0122503321617842,0.00202649622224271,0.0124168162188545,58.5328559875488,13.8532581329346,0.0586941223633232,2.92087643194449
1084,13.333,45.646,24,1.41177403926849,18.0623016357422,35.4807434082031,11.2438583374023,0.0158847160637379,-0.00369837414473295,0.0163095731317531,48.9223861694336,-122.17830657959,0.0586941223633232,2.92087643194449
1085,13.333,45.646,25,1.14381587505341,17.8010749816895,36.0683860778809,11.1882772445679,0.00300092296674848,-0.000997101655229926,0.00316223818888153,54.7801818847656,-99.8754425048828,0.0586941223633232,2.92087643194449
1086,13.333,45.646,26,1.03264141082764,16.274040222168,36.2786750793457,11.7038125991821,-0.10331005603075,-0.0172991827130318,0.104748410009964,31.4885292053223,-359.004241943359,0.0586941223633232,2.92087643194449
1087,13.333,45.646,27,1.04052150249481,14.5405712127686,36.3802490234375,11.2471561431885,-0.0665660873055458,-0.00374100683256984,0.0666711265188378,31.7769393920898,-279.513061523438,0.0586941223633232,2.92087643194449
1088,13.333,45.646,28,1.01750731468201,13.395468711853,37.0055999755859,11.1498708724976,-0.0394020900130272,-0.00920919422060251,0.0404639834369712,60.8002548217773,-16.7342433929443,0.0586941223633232,2.92087643194449
1089,13.333,45.646,29,0.892610967159271,12.5118579864502,37.278205871582,11.2727012634277,-0.0610491186380386,-0.00495263794437051,0.0612496817060247,28.4499435424805,-263.806671142578,0.0586941223633232,2.92087643194449
1090,13.333,45.646,30,0.956450760364532,11.9676933288574,37.3549575805664,11.1323652267456,-0.0232583582401276,-0.0113468719646335,0.025878615330189,25.9833602905273,-59.5610275268555,0.0586941223633232,2.92087643194449
1091,13.333,45.646,31,0.42677691578865,10.9830923080444,36.2687377929688,11.1532506942749,-0.0615098960697651,-0.000334922893671319,0.0615108078946945,38.4195671081543,-18.7537326812744,0.0586941223633232,2.92087643194449
1092,13.333,45.646,32,0.830424070358276,11.1940784454346,36.3250160217285,11.0702667236328,-0.0261470824480057,0.000918589881621301,0.0261632132566591,27.2689819335938,-5.50927257537842,0.0586941223633232,2.92087643194449
1093,13.333,45.646,33,1.06317734718323,11.6011247634888,36.385929107666,11.1915426254272,-0.110236048698425,-0.00468914164230227,0.110335735289992,64.2690200805664,-5.13733577728271,0.0586941223633232,2.92087643194449
1094,13.333,45.646,34,0.95402067899704,10.8195428848267,35.978759765625,11.5144033432007,-0.153387784957886,-0.00695156631991267,0.153545227371569,32.0330276489258,-53.463565826416,0.0586941223633232,2.92087643194449
1095,13.333,45.646,35,0.756592571735382,10.1074209213257,37.225227355957,11.228419303894,-0.0400650277733803,-0.00927480310201645,0.0411245476943262,35.3294067382812,-52.2737274169922,0.0586941223633232,2.92087643194449
1096,13.333,45.646,36,0.675660967826843,9.2999267578125,37.5199928283691,11.1301040649414,-0.0164661295711994,-0.000910294998902828,0.0164912722383858,92.3019332885742,18.2358283996582,0.0586941223633232,2.92087643194449
1097,13.333,45.646,37,0.532878220081329,8.9197883605957,36.9233703613281,10.9892835617065,-0.0780947804450989,-0.0152775896713138,0.0795751184663474,105.486831665039,-145.040954589844,0.0586941223633232,2.92087643194449
1098,13.333,45.646,38,0.505508005619049,8.16903018951416,36.8215179443359,10.7750930786133,-0.0428747795522213,0.00174822995904833,0.0429104070085718,118.698684692383,39.3301277160645,0.0586941223633232,2.92087643194449
1099,13.333,45.646,39,0.260392099618912,8.64138793945312,36.5993041992188,10.933967590332,-0.0433298088610172,0.00764871947467327,0.0439997186983568,66.9691162109375,28.4881687164307,0.0586941223633232,2.92087643194449
1100,13.333,45.646,40,0.539123237133026,8.39530849456787,36.5362777709961,11.0339756011963,-0.113065540790558,-0.00862108264118433,0.113393736953006,135.717010498047,-107.142021179199,0.0586941223633232,2.92087643194449
1101,13.333,45.646,41,0.553697228431702,9.13556957244873,37.4718818664551,11.3040113449097,-0.026596212759614,0.0231292098760605,0.0352465442652965,98.0213394165039,67.0972671508789,0.0586941223633232,2.92087643194449
1102,13.333,45.646,42,0.38265860080719,10.121750831604,36.941276550293,11.4060401916504,-0.0744811519980431,0.0521998293697834,0.0909519883740322,95.7421798706055,83.4992523193359,0.0586941223633232,2.92087643194449
1103,13.333,45.646,43,0.48432058095932,10.9354152679443,36.2718086242676,11.0354900360107,-0.0223602838814259,-0.0133356237784028,0.0260349986905522,202.073181152344,168.587814331055,0.0586941223633232,2.92087643194449
1104,13.333,45.646,44,0.644931495189667,11.2418050765991,35.8756828308105,11.0096788406372,-0.0386412814259529,0.0104955425485969,0.0400412917327738,214.614974975586,80.1459579467773,0.0586941223633232,2.92087643194449
1105,13.333,45.646,45,0.751271724700928,11.9530239105225,36.5180892944336,11.0584239959717,-0.124695271253586,-0.0196690652519464,0.126237010424402,235.525466918945,-122.476570129395,0.0586941223633232,2.92087643194449
1106,13.333,45.646,46,0.876201272010803,11.7951850891113,36.2125625610352,11.0893259048462,-0.0098995128646493,0.00460995500907302,0.0109202582452538,121.424377441406,56.1236152648926,0.0586941223633232,2.92087643194449
1107,13.333,45.646,47,0.979710102081299,12.3559350967407,35.7232971191406,11.0958461761475,-0.0669174641370773,-0.00869071576744318,0.0674794453673674,137.698745727539,92.9538345336914,0.0586941223633232,2.92087643194449
1108,13.333,45.646,48,0.944286406040192,13.7018566131592,36.2480278015137,11.122537612915,-0.0311371386051178,-0.0501049906015396,0.0589917916637111,151.610076904297,51.9893913269043,0.0586941223633232,2.92087643194449
1109,13.333,45.646,49,1.0768256187439,14.7391719818115,35.7412452697754,11.1774187088013,-0.193110436201096,-0.0683022364974022,0.204833679067492,145.081192016602,68.0180816650391,0.0586941223633232,2.92087643194449
1110,13.333,45.646,50,0.920685291290283,16.732213973999,35.9897918701172,11.0997533798218,-0.202991753816605,-0.00485786655917764,0.203049873147086,270.160369873047,122.813041687012,0.0586941223633232,2.92087643194449
1111,13.333,45.646,51,0.632173478603363,16.0127220153809,36.7170715332031,11.3135871887207,-0.186727315187454,-0.0659518092870712,0.198032147353285,166.205963134766,14.8695001602173,0.0586941223633232,2.92087643194449
1112,13.333,45.646,52,0.594692528247833,18.5670509338379,36.9995422363281,11.2285652160645,-0.0104933734983206,0.00492956815287471,0.0115935986453341,297.05419921875,239.561325073242,0.0586941223633232,2.92087643194449
1113,13.333,45.646,53,0.447910487651825,20.0540580749512,36.2231788635254,11.1929121017456,-0.0878820568323135,-0.00657150708138943,0.0881274112770751,307.506072998047,147.618103027344,0.0586941223633232,2.92087643194449
1167,13.417,45.646,1,0.291983485221863,20.0405826568604,36.793041229248,11.0707674026489,-0.0323029197752476,-0.0310244038701057,0.0447883049634781,268.496032714844,219.200653076172,0.0420000000000016,3.00487643194449
1168,13.417,45.646,2,0.402011722326279,23.0085945129395,36.0256652832031,11.0872526168823,-0.121576234698296,-0.0399184674024582,0.127961966549347,174.582626342773,81.5991592407227,0.0420000000000016,3.00487643194449
1169,13.417,45.646,3,0.528113901615143,23.2035961151123,36.456356048584,11.0678062438965,-0.203933656215668,-0.0246606227010489,0.205419284512174,335.61181640625,160.381484985352,0.0420000000000016,3.00487643194449
1170,13.417,45.646,4,0.699458837509155,25.0578060150146,36.7942352294922,11.0828409194946,0.0240852311253548,-0.0181109048426151,0.0301347512447012,231.230087280273,131.080383300781,0.0420000000000016,3.00487643194449
1171,13.417,45.646,5,0.433595657348633,26.2506446838379,34.6611518859863,11.1138620376587,-0.152432918548584,-0.00727738253772259,0.152606536406012,205.981140136719,126.465469360352,0.0420000000000016,3.00487643194449
1172,13.417,45.646,6,0.317954391241074,26.8642635345459,35.626033782959,11.089635848999,-0.111650139093399,-0.0067008319310844,0.111851038028907,301.084381103516,116.560920715332,0.0420000000000016,3.00487643194449
1173,13.417,45.646,7,0.448542982339859,25.8839702606201,37.1441383361816,11.0144090652466,0.0503003597259521,-0.00470061274245381,0.0505195204719394,274.738037109375,22.568811416626,0.0420000000000016,3.00487643194449
1174,13.417,45.646,8,0.358711689710617,26.4324283599854,36.9216384887695,10.9885606765747,0.0313784331083298,-0.0260764732956886,0.040799369160254,318.256408691406,144.34538269043,0.0420000000000016,3.00487643194449
1175,13.417,45.646,9,0.444966793060303,27.924674987793,36.9095840454102,11.0784206390381,-0.048016257584095,-0.00155472906772047,0.0480414214491638,214.765274047852,8.36527919769287,0.0420000000000016,3.00487643194449
1176,13.417,45.646,10,0.480821967124939,27.6524505615234,37.1934432983398,11.078519821167,-0.000560514163225889,-0.0209878720343113,0.0209953554067513,258.104187011719,22.2679328918457,0.0420000000000016,3.00487643194449
1177,13.417,45.646,11,0.391637206077576,26.9292449951172,36.9001388549805,11.0864095687866,-0.0216349549591541,-0.00415608519688249,0.0220305315471137,268.858581542969,-47.6898574829102,0.0420000000000016,3.00487643194449
1178,13.417,45.646,12,0.285007238388062,26.3765144348145,37.1376495361328,11.1743154525757,0.0829104483127594,-0.012410681694746,0.0838341664212811,274.866119384766,55.8922309875488,0.0420000000000016,3.00487643194449
1179,13.417,45.646,13,0.523907840251923,26.1259670257568,36.4427604675293,11.1381549835205,0.0551691986620426,-0.0102713610976934,0.0561172107272906,176.027252197266,-38.1198348999023,0.0420000000000016,3.00487643194449
1180,13.417,45.646,14,0.468062192201614,26.3005599975586,36.1412162780762,11.0553064346313,0.0795527622103691,-0.0287259202450514,0.084580260517597,208.53874206543,18.478702545166,0.0420000000000016,3.00487643194449
1181,13.417,45.646,15,0.311899363994598,25.7778549194336,36.6288261413574,11.0553073883057,0.059126690030098,-0.00797961093485355,0.0596627158666694,198.194946289062,57.2808227539062,0.0420000000000016,3.00487643194449
1182,13.417,45.646,16,0.32854813337326,25.2630939483643,36.3706321716309,11.0541343688965,0.0305852554738522,0.00697431061416864,0.0313703500290275,168.69367980957,-30.706241607666,0.0420000000000016,3.00487643194449
1183,13.417,45.646,17,0.519574522972107,23.345308303833,36.0889205932617,11.0749549865723,-0.0267781764268875,-0.0112222051247954,0.0290346107363694,196.345962524414,-171.735427856445,0.0420000000000016,3.00487643194449
1184,13.417,45.646,18,0.544501066207886,21.6103477478027,35.7746047973633,11.2490606307983,-0.0545529574155807,-0.0168113466352224,0.0570845560416806,129.9248046875,-52.3385353088379,0.0420000000000016,3.00487643194449
1185,13.417,45.646,19,0.999380350112915,20.2618942260742,34.4674644470215,11.0879316329956,-0.142246544361115,-0.0292086265981197,0.145214404417836,77.3031616210938,-48.9205741882324,0.0420000000000016,3.00487643194449
1186,13.417,45.646,20,0.862694561481476,20.956787109375,35.7856101989746,11.0478649139404,-0.0432627350091934,-0.0545763373374939,0.0696436704780242,119.955940246582,-46.2710418701172,0.0420000000000016,3.00487643194449
1187,13.417,45.646,21,1.02785980701447,20.1790027618408,35.5011672973633,10.9556999206543,0.017144002020359,-0.00557692814618349,0.0180282814716702,130.802810668945,-10.3810949325562,0.0420000000000016,3.00487643194449
1188,13.417,45.646,22,1.09958636760712,19.8318691253662,35.5629081726074,11.0566244125366,-0.112225957214832,-0.0104126539081335,0.112707980348314,75.9465637207031,-18.5702857971191,0.0420000000000016,3.00487643194449
1189,13.417,45.646,23,1.19299566745758,18.4164924621582,33.4927444458008,11.0378189086914,-0.0180738344788551,-0.0402511358261108,0.0441227540851778,60.3094177246094,10.5351295471191,0.0420000000000016,3.00487643194449
1190,13.417,45.646,24,1.23825478553772,17.5200099945068,34.8964385986328,11.1461410522461,-0.0070771761238575,-0.000139494411996566,0.00707855074002277,49.8109436035156,-87.8683166503906,0.0420000000000016,3.00487643194449
1191,13.417,45.646,25,0.955672740936279,17.4975757598877,36.0561714172363,11.0891056060791,-0.0124807506799698,-0.0490230210125446,0.0505868137633905,54.9801406860352,-79.152458190918,0.0420000000000016,3.00487643194449
1192,13.417,45.646,26,0.856233954429626,16.1759300231934,36.2542457580566,11.5985345840454,-0.157200217247009,-0.0687991082668304,0.171596111846446,31.4880867004395,-372.383239746094,0.0420000000000016,3.00487643194449
1193,13.417,45.646,27,0.914299428462982,14.7801351547241,36.4789237976074,11.1454229354858,-0.108173727989197,-0.0550683252513409,0.12138400171797,32.2280502319336,-304.23291015625,0.0420000000000016,3.00487643194449
1194,13.417,45.646,28,0.935466110706329,13.2699842453003,36.8351631164551,11.0517816543579,-0.0580526813864708,-0.0310010239481926,0.0658116805893567,61.0094718933105,-6.68492555618286,0.0420000000000016,3.00487643194449
1195,13.417,45.646,29,0.825064897537231,12.3649244308472,37.1031455993652,11.1738634109497,-0.0856733024120331,-0.0319206044077873,0.0914266904789959,28.7813739776611,-253.571960449219,0.0420000000000016,3.00487643194449
1196,13.417,45.646,30,0.855826258659363,11.7771434783936,37.250415802002,11.0344285964966,-0.0385832786560059,-0.0286204069852829,0.0480395367156078,25.9342136383057,-32.0858612060547,0.0420000000000016,3.00487643194449
1197,13.417,45.646,31,0.42591267824173,10.9527044296265,35.7427864074707,11.0564556121826,-0.0634142458438873,-0.00527856219559908,0.063633558715522,38.7784652709961,-11.6522722244263,0.0420000000000016,3.00487643194449
1198,13.417,45.646,32,0.838316857814789,11.156042098999,35.7525367736816,10.9735870361328,-0.04882887378335,0.00098983000498265,0.0488389053766471,27.2340641021729,1.00328457355499,0.0420000000000016,3.00487643194449
1199,13.417,45.646,33,1.06228220462799,11.4791736602783,35.6524200439453,11.0950508117676,-0.153824150562286,-0.0269018467515707,0.15615882509437,64.320930480957,-5.06719350814819,0.0420000000000016,3.00487643194449
1200,13.417,45.646,34,0.970643281936646,10.7881002426147,35.79443359375,11.4155015945435,-0.16160637140274,-0.0232634637504816,0.163272189988468,32.085506439209,-52.2712860107422,0.0420000000000016,3.00487643194449
1201,13.417,45.646,35,0.707934081554413,10.2472858428955,37.5114860534668,11.1275997161865,-0.0596708506345749,-0.0239228401333094,0.0642877336316783,35.3371391296387,-67.7054824829102,0.0420000000000016,3.00487643194449
1202,13.417,45.646,36,0.695871770381927,8.99129295349121,37.1615867614746,11.0327472686768,-0.0320683754980564,0.000578153121750802,0.0320735867672534,92.3026885986328,27.8639335632324,0.0420000000000016,3.00487643194449
1203,13.417,45.646,37,0.518567502498627,8.95267677307129,36.8278694152832,10.8884286880493,-0.146120250225067,-0.0631612315773964,0.159186898644988,105.487205505371,-155.914215087891,0.0420000000000016,3.00487643194449
1204,13.417,45.646,38,0.439475566148758,8.12859535217285,36.1761589050293,10.6785116195679,-0.0577170625329018,0.00840258318930864,0.0583254893822602,118.699073791504,47.3218078613281,0.0420000000000016,3.00487643194449
1205,13.417,45.646,39,0.248808860778809,8.61630725860596,36.004150390625,10.8367700576782,-0.0531033799052238,0.00887796934694052,0.0538403872300687,67.0382919311523,31.2720947265625,0.0420000000000016,3.00487643194449
1206,13.417,45.646,40,0.500437915325165,8.53020668029785,37.0284576416016,10.9297828674316,-0.148497968912125,-0.0591740161180496,0.159853717362361,137.282699584961,-120.059234619141,0.0420000000000016,3.00487643194449
1207,13.417,45.646,41,0.500482976436615,9.13355922698975,37.295726776123,11.2059936523438,-0.00992600154131651,0.0208035688847303,0.0230502491296719,98.4517440795898,67.4579467773438,0.0420000000000016,3.00487643194449
1208,13.417,45.646,42,0.360283523797989,10.0845746994019,36.8822860717773,11.3067245483398,-0.043330080807209,0.0545996427536011,0.0697037796075659,95.1888732910156,84.6039505004883,0.0420000000000016,3.00487643194449
1209,13.417,45.646,43,0.434067159891129,10.9004545211792,35.7853736877441,10.9386014938354,-0.0320442244410515,-0.0198087189346552,0.0376725054364672,202.073577880859,166.316116333008,0.0420000000000016,3.00487643194449
1210,13.417,45.646,44,0.634364187717438,11.2156105041504,35.4243087768555,10.9118156433105,-0.0295220427215099,-0.0251766517758369,0.0387996752704505,215.493743896484,76.0654830932617,0.0420000000000016,3.00487643194449
1211,13.417,45.646,45,0.743787050247192,11.5814428329468,36.4006271362305,10.9548788070679,-0.190241813659668,-0.0690512135624886,0.202385814124835,235.333618164062,-110.180305480957,0.0420000000000016,3.00487643194449
1212,13.417,45.646,46,0.870919585227966,11.8239049911499,36.0403213500977,10.9909763336182,-0.0109373014420271,-0.00062013539718464,0.0109548679017416,121.235038757324,51.0874977111816,0.0420000000000016,3.00487643194449
1213,13.417,45.646,47,0.996696352958679,12.4226551055908,35.3790855407715,10.9980087280273,-0.0834844633936882,-0.0326396003365517,0.0896381567094164,138.395309448242,89.4323501586914,0.0420000000000016,3.00487643194449
1214,13.417,45.646,48,0.949169218540192,13.7382650375366,35.7936172485352,11.025294303894,-0.0715598538517952,-0.0539783798158169,0.0896352507155019,149.949569702148,38.8887557983398,0.0420000000000016,3.00487643194449
1215,13.417,45.646,49,1.07510089874268,14.6833200454712,35.3899726867676,11.0793533325195,-0.228182837367058,-0.0933496356010437,0.246539168765794,145.078323364258,64.7080383300781,0.0420000000000016,3.00487643194449
1216,13.417,45.646,50,0.906741499900818,16.6644496917725,36.0073509216309,10.9992198944092,-0.222763419151306,-0.030516279861331,0.224843910854965,270.055358886719,125.353561401367,0.0420000000000016,3.00487643194449
1217,13.417,45.646,51,0.568064570426941,15.8971471786499,36.5917091369629,11.2127361297607,-0.235139980912209,-0.0872896984219551,0.250819261768289,167.212173461914,17.1080665588379,0.0420000000000016,3.00487643194449
1218,13.417,45.646,52,0.531705737113953,18.4093227386475,36.7204284667969,11.1301984786987,-0.020380949601531,-0.0142878778278828,0.0248902904660563,295.546905517578,251.495788574219,0.0420000000000016,3.00487643194449
1219,13.417,45.646,53,0.418314874172211,19.9031925201416,35.9654769897461,11.0940160751343,-0.108847424387932,-0.0219348445534706,0.111035576287384,308.457946777344,146.611404418945,0.0420000000000016,3.00487643194449
2704,12.875,45.563,1,0.534489512443542,20.1230697631836,35.7018661499023,10.2436408996582,0.0145930564031005,-0.0737267658114433,0.0751571240282615,270.371978759766,199.951354980469,0.0420000000000016,2.3936942479785
2705,12.875,45.563,2,0.640895307064056,21.6996612548828,35.3949584960938,10.257942199707,-0.00425419956445694,-0.061953280121088,0.0620991717472643,174.427536010742,155.030975341797,0.0420000000000016,2.3936942479785
2706,12.875,45.563,3,0.845616221427917,22.4748497009277,35.0805244445801,10.249231338501,-0.0228754915297031,-0.0125441243872046,0.0260891389157861,335.676910400391,273.743469238281,0.0420000000000016,2.3936942479785
2707,12.875,45.563,4,0.669610977172852,23.5700969696045,35.2413444519043,10.2541656494141,0.0399811193346977,0.0347176194190979,0.0529509490130693,233.788787841797,257.268157958984,0.0420000000000016,2.3936942479785
2708,12.875,45.563,5,0.521758377552032,24.8905754089355,35.1253089904785,10.2802772521973,-0.0539742819964886,-0.0642841830849648,0.0839385448523963,205.678558349609,214.003784179688,0.0420000000000016,2.3936942479785
2709,12.875,45.563,6,0.346005976200104,25.7750053405762,35.3767890930176,10.264178276062,-0.00929651502519846,-0.0348918214440346,0.036109062509239,316.236083984375,222.267883300781,0.0420000000000016,2.3936942479785
2710,12.875,45.563,7,0.514789402484894,25.5373687744141,35.024055480957,10.1889524459839,0.0315450020134449,0.0136105762794614,0.0343560029498089,276.945068359375,89.384407043457,0.0420000000000016,2.3936942479785
2711,12.875,45.563,8,0.635761857032776,26.4589157104492,34.9688262939453,10.159351348877,0.0377572774887085,-0.0336510315537453,0.0505767132976283,318.359069824219,182.249740600586,0.0420000000000016,2.3936942479785
2712,12.875,45.563,9,0.564232528209686,27.1155490875244,35.2605094909668,10.2552251815796,0.00871417857706547,0.00212403014302254,0.00896930389280323,214.604293823242,65.4256439208984,0.0420000000000016,2.3936942479785
2713,12.875,45.563,10,0.638607025146484,27.2053203582764,35.0624504089355,10.2580213546753,-0.00495758559554815,-0.0341901406645775,0.0345476970810036,250.491561889648,47.8052749633789,0.0420000000000016,2.3936942479785
2714,12.875,45.563,11,0.64115297794342,26.8748874664307,34.8935432434082,10.2757663726807,-0.00165539025329053,-0.0388443768024445,0.0388796338210762,269.568389892578,-5.3794960975647,0.0420000000000016,2.3936942479785
2715,12.875,45.563,12,0.597021520137787,26.4883136749268,35.1236381530762,10.3523817062378,0.0408425405621529,0.0194600839167833,0.045241662056332,268.761962890625,48.0535049438477,0.0420000000000016,2.3936942479785
2716,12.875,45.563,13,0.712751626968384,26.3805274963379,34.9783248901367,10.3129682540894,0.0616898462176323,0.0515441335737705,0.0803892706287712,194.535461425781,7.70451545715332,0.0420000000000016,2.3936942479785
2717,12.875,45.563,14,0.74817967414856,26.5098648071289,35.130012512207,10.2217102050781,0.0626671314239502,0.0180625338107347,0.0652182833917804,190.989105224609,18.3335113525391,0.0420000000000016,2.3936942479785
2718,12.875,45.563,15,0.439152747392654,25.7630405426025,35.057502746582,10.2249660491943,0.0386658310890198,-0.0135801732540131,0.0409813079270735,192.114624023438,32.5919609069824,0.0420000000000016,2.3936942479785
2719,12.875,45.563,16,0.391049057245255,25.2251529693604,34.8575248718262,10.2248859405518,0.0256508365273476,-0.00858703721314669,0.0270500022671473,165.477233886719,-34.2049407958984,0.0420000000000016,2.3936942479785
2720,12.875,45.563,17,0.617588996887207,23.6255874633789,35.1779518127441,10.2519626617432,-0.0115881757810712,-0.0598783046007156,0.0609893202109114,196.707931518555,-182.818923950195,0.0420000000000016,2.3936942479785
2721,12.875,45.563,18,0.647076785564423,22.1770725250244,35.082160949707,10.4212770462036,-0.0160947646945715,-0.0929638668894768,0.0943468176337601,153.478866577148,-91.1977996826172,0.0420000000000016,2.3936942479785
2722,12.875,45.563,19,0.781894266605377,21.5863952636719,34.9763221740723,10.25732421875,-0.0105990776792169,-0.0999656617641449,0.100525986588511,74.5923690795898,-134.517959594727,0.0420000000000016,2.3936942479785
2723,12.875,45.563,20,0.767768979072571,20.6804752349854,34.6284675598145,10.2167959213257,0.00384438037872314,-0.109755478799343,0.109822786283036,115.003921508789,-46.4464492797852,0.0420000000000016,2.3936942479785
2724,12.875,45.563,21,0.783068120479584,21.0920124053955,34.6402587890625,10.1215658187866,0.0368882715702057,-0.0211651716381311,0.0425289203943481,131.213088989258,-88.0946197509766,0.0420000000000016,2.3936942479785
2725,12.875,45.563,22,0.933341026306152,20.867244720459,34.995189666748,10.2245969772339,-0.0278621539473534,-0.144224464893341,0.146891102168772,88.9862289428711,-65.4559936523438,0.0420000000000016,2.3936942479785
2726,12.875,45.563,23,0.863864183425903,20.6328144073486,34.8755645751953,10.2012519836426,0.032182015478611,-0.033418633043766,0.0463949044053272,49.5207595825195,-170.559677124023,0.0420000000000016,2.3936942479785
2727,12.875,45.563,24,1.07655262947083,19.136604309082,34.4464149475098,10.3157215118408,0.0353738740086555,-0.0280396565794945,0.0451390441134527,44.1514282226562,-203.575408935547,0.0420000000000016,2.3936942479785
2728,12.875,45.563,25,1.01302564144135,17.6672019958496,34.3478927612305,10.260500907898,0.0361066237092018,-0.0865335986018181,0.0937643427037084,44.5555191040039,-147.455062866211,0.0420000000000016,2.3936942479785
2729,12.875,45.563,26,0.96806275844574,16.2407760620117,34.6512069702148,10.8404960632324,-0.118694894015789,-0.196039825677872,0.229172622966247,31.6671810150146,-367.652038574219,0.0420000000000016,2.3936942479785
2730,12.875,45.563,27,0.971771061420441,14.7652616500854,34.9014205932617,10.3468914031982,-0.0708615034818649,-0.176966369152069,0.190626463237864,30.412992477417,-274.023193359375,0.0420000000000016,2.3936942479785
2731,12.875,45.563,28,0.858894228935242,13.5019702911377,35.1445007324219,10.2229766845703,0.0151496278122067,-0.0848867073655128,0.0862279786972106,51.5677261352539,-95.632926940918,0.0420000000000016,2.3936942479785
2732,12.875,45.563,29,0.851323843002319,12.0192747116089,35.9820022583008,10.3551435470581,-0.0602105334401131,-0.175080195069313,0.185144222277261,26.7158470153809,-231.082962036133,0.0420000000000016,2.3936942479785
2733,12.875,45.563,30,0.945952653884888,11.6777305603027,36.3132553100586,10.197286605835,-0.00234121596440673,-0.113018855452538,0.11304310231055,26.4163360595703,-68.2110290527344,0.0420000000000016,2.3936942479785
2734,12.875,45.563,31,0.454592078924179,11.7745904922485,36.2969741821289,10.2209424972534,0.0104198716580868,-0.0882040336728096,0.0888173703817284,39.6331901550293,-98.775390625,0.0420000000000016,2.3936942479785
2735,12.875,45.563,32,0.768245756626129,12.0599155426025,36.5105133056641,10.1332550048828,0.0184277668595314,-0.0711361765861511,0.07348427185953,27.4978294372559,-78.3870086669922,0.0420000000000016,2.3936942479785
2736,12.875,45.563,33,0.949035286903381,11.7515602111816,36.2684783935547,10.2573442459106,0.00177341024391353,-0.105329766869545,0.105344695038174,65.2775573730469,-56.0652313232422,0.0420000000000016,2.3936942479785
2737,12.875,45.563,34,0.926785588264465,11.0659160614014,36.2408332824707,10.5918035507202,-0.0708028301596642,-0.151264294981956,0.167014752926221,31.9729862213135,-106.185684204102,0.0420000000000016,2.3936942479785
2738,12.875,45.563,35,0.88267570734024,9.9170560836792,36.6029472351074,10.3118629455566,-0.0685390159487724,-0.135835245251656,0.152147331753809,35.6271209716797,-51.3824081420898,0.0420000000000016,2.3936942479785
2739,12.875,45.563,36,0.681562066078186,9.35900211334229,35.7100448608398,10.2010765075684,0.0437235720455647,-0.0378038920462132,0.0578003893262443,92.7088317871094,-26.0795631408691,0.0420000000000016,2.3936942479785
2740,12.875,45.563,37,0.48392242193222,8.9651985168457,35.3366851806641,10.0743494033813,-0.0327975079417229,-0.135707348585129,0.139614329447922,105.901695251465,-138.732727050781,0.0420000000000016,2.3936942479785
2741,12.875,45.563,38,0.389769852161407,8.85119152069092,35.5957717895508,9.83607196807861,0.0309718456119299,-0.061771783977747,0.0691014364279257,119.11531829834,-19.9960327148438,0.0420000000000016,2.3936942479785
2742,12.875,45.563,39,0.259802758693695,9.14942359924316,35.6134796142578,10.0000944137573,0.0471992418169975,-0.0175713151693344,0.0503638714246581,69.1103591918945,-31.716682434082,0.0420000000000016,2.3936942479785
2743,12.875,45.563,40,0.659387171268463,8.61315727233887,36.8260116577148,10.1319885253906,-0.119745649397373,-0.210457935929298,0.242139553450524,134.143310546875,-81.889030456543,0.0420000000000016,2.3936942479785
2744,12.875,45.563,41,0.605164051055908,8.95527839660645,36.1775054931641,10.3714981079102,0.0284261535853148,-0.0859552174806595,0.090533671193669,99.314338684082,73.4351959228516,0.0420000000000016,2.3936942479785
2745,12.875,45.563,42,0.422073006629944,10.0296020507812,36.4890403747559,10.474102973938,-0.0480617582798004,-0.0986232459545135,0.109710880278806,99.8903884887695,70.9110260009766,0.0420000000000016,2.3936942479785
2746,12.875,45.563,43,0.434985429048538,10.8324480056763,36.2336235046387,10.0970869064331,0.0190887581557035,-0.0948171988129616,0.0967196044174273,189.541534423828,174.855422973633,0.0420000000000016,2.3936942479785
2747,12.875,45.563,44,0.538169622421265,11.7350826263428,36.1519393920898,10.0736589431763,-0.00100779253989458,-0.0963028222322464,0.0963080952760417,210.034454345703,55.8554573059082,0.0420000000000016,2.3936942479785
2748,12.875,45.563,45,0.669619262218475,11.9678859710693,36.4921798706055,10.1546192169189,-0.0687915310263634,-0.127577215433121,0.144942128584549,235.922561645508,-104.056579589844,0.0420000000000016,2.3936942479785
2749,12.875,45.563,46,0.791540741920471,12.157995223999,35.632682800293,10.1570339202881,0.025434410199523,-0.0604931227862835,0.0656226113975508,123.672760009766,39.8432502746582,0.0420000000000016,2.3936942479785
2750,12.875,45.563,47,0.862492501735687,12.5783472061157,35.4386825561523,10.16379737854,0.00955901574343443,-0.103809460997581,0.104248640157038,136.422225952148,93.3364944458008,0.0420000000000016,2.3936942479785
2751,12.875,45.563,48,0.879874229431152,13.9264698028564,35.2401237487793,10.1947250366211,-0.00305180973373353,-0.0915129855275154,0.0915638578414549,165.318084716797,50.2126731872559,0.0420000000000016,2.3936942479785
2752,12.875,45.563,49,1.04526770114899,15.1566047668457,35.532169342041,10.2601480484009,-0.0991443917155266,-0.191465944051743,0.215612657653179,145.183029174805,42.3882713317871,0.0420000000000016,2.3936942479785
2753,12.875,45.563,50,0.999670326709747,16.9098682403564,35.2280044555664,10.1784381866455,-0.0705797150731087,-0.119602128863335,0.138874639183844,271.422302246094,171.38215637207,0.0420000000000016,2.3936942479785
2754,12.875,45.563,51,0.708338379859924,16.4294452667236,35.9493255615234,10.4155550003052,-0.112569406628609,-0.189909934997559,0.220766063332873,161.988677978516,-38.6060523986816,0.0420000000000016,2.3936942479785
2755,12.875,45.563,52,0.507467985153198,17.8582820892334,35.856990814209,10.2993774414062,0.0228781569749117,-0.0966675654053688,0.09933794978743,310.647338867188,271.835327148438,0.0420000000000016,2.3936942479785
2756,12.875,45.563,53,0.552376747131348,20.376350402832,35.8357772827148,10.2675485610962,-0.0329721979796886,-0.12188558280468,0.126266627163508,299.517456054688,162.765197753906,0.0420000000000016,2.3936942479785
3605,13.583,45.563,1,0.172866269946098,19.2495212554932,38.3482322692871,11.5381126403809,-0.0238514710217714,-0.0280075334012508,0.0367874244426622,266.977996826172,281.024383544922,0.0419999999999998,3.57323018878572
3606,13.583,45.563,2,0.304468780755997,23.2063598632812,38.022087097168,11.5506772994995,-0.0321792997419834,-0.0135227264836431,0.0349051781751051,178.267013549805,63.4978294372559,0.0419999999999998,3.57323018878572
3607,13.583,45.563,3,0.340691983699799,22.3091926574707,38.2355194091797,15.5770101547241,-0.0638243108987808,0.0339138470590115,0.072275111096741,335.634735107422,203.397201538086,0.0419999999999998,3.57323018878572
3608,13.583,45.563,4,0.35981759428978,24.6842403411865,37.791633605957,11.5476398468018,0.0493584349751472,0.013511554338038,0.0511743803462787,239.837371826172,153.384124755859,0.0419999999999998,3.57323018878572
3609,13.583,45.563,5,0.275905609130859,26.38014793396,37.4324645996094,11.5638027191162,-0.0623680725693703,0.0269639492034912,0.0679472665577261,212.979095458984,120.283096313477,0.0419999999999998,3.57323018878572
3610,13.583,45.563,6,0.221231997013092,27.0313587188721,37.8344192504883,11.5497360229492,-0.0773783624172211,0.00405044294893742,0.0774843020130749,311.056945800781,112.61353302002,0.0419999999999998,3.57323018878572
3611,13.583,45.563,7,0.294880509376526,24.4642219543457,38.248104095459,11.5043287277222,-0.012158234603703,-0.0406808108091354,0.0424588157720791,276.851684570312,133.781707763672,0.0419999999999998,3.57323018878572
3612,13.583,45.563,8,0.187763124704361,25.7157096862793,38.1616134643555,11.4904356002808,0.0251404345035553,-0.0389353297650814,0.046346535479399,318.361694335938,193.668884277344,0.0419999999999998,3.57323018878572
3613,13.583,45.563,9,0.228820458054543,28.0439395904541,37.3690071105957,11.5466594696045,0.00409747427329421,0.0125236203894019,0.0131768874578996,212.580184936523,-5.36834335327148,0.0419999999999998,3.57323018878572
3614,13.583,45.563,10,0.331600725650787,27.0743637084961,38.1102905273438,11.5441741943359,-0.026684382930398,-0.0357681810855865,0.0446253187164801,250.015823364258,65.1278076171875,0.0419999999999998,3.57323018878572
3615,13.583,45.563,11,0.216533347964287,25.5451583862305,38.3715019226074,11.5443534851074,-0.0319607779383659,0.025833036750555,0.0410954634257976,258.030029296875,52.0783538818359,0.0419999999999998,3.57323018878572
3616,13.583,45.563,12,0.389593541622162,25.3349323272705,37.6354942321777,11.5999565124512,0.00379039766266942,-0.0516400597989559,0.0517789811649564,275.086029052734,108.910095214844,0.0419999999999998,3.57323018878572
3617,13.583,45.563,13,0.31823393702507,25.3244895935059,37.6215476989746,11.578179359436,-0.0337274819612503,-0.0480317659676075,0.0586906600867079,174.686920166016,-7.53843116760254,0.0419999999999998,3.57323018878572
3618,13.583,45.563,14,0.254208296537399,25.6487274169922,37.1107063293457,11.5314836502075,0.0119757521897554,-0.0689785555005074,0.0700104260767423,208.084106445312,76.9194793701172,0.0419999999999998,3.57323018878572
3619,13.583,45.563,15,0.242185115814209,25.0742301940918,36.9796714782715,11.5317344665527,-0.000167286023497581,-0.0980757549405098,0.0980758976087631,197.056594848633,98.6116561889648,0.0419999999999998,3.57323018878572
3620,13.583,45.563,16,0.21821640431881,24.5139827728271,36.7894248962402,11.5313062667847,0.0125616388395429,-0.0281526688486338,0.0308280316211714,176.701614379883,37.7544250488281,0.0419999999999998,3.57323018878572
3621,13.583,45.563,17,0.282572209835052,24.2883968353271,37.269214630127,20.006649017334,0.00493473000824451,-0.00189875497017056,0.00528742193238031,196.704879760742,-265.592407226562,0.0419999999999998,3.57323018878572
3622,13.583,45.563,18,0.37013766169548,22.5647277832031,37.1904563903809,20.1842002868652,0.00313608115538955,-0.00895143672823906,0.00948489454410836,134.291305541992,-109.901870727539,0.0419999999999998,3.57323018878572
3623,13.583,45.563,19,0.68144702911377,21.5921859741211,37.1050186157227,20.0159149169922,0.0059064868837595,0.0141636887565255,0.0153459006415313,80.8092575073242,-131.932174682617,0.0419999999999998,3.57323018878572
3624,13.583,45.563,20,0.499234616756439,21.0457420349121,37.3352966308594,19.9299659729004,-0.0151168908923864,0.0160448588430882,0.0220444524891624,123.892311096191,-37.5124473571777,0.0419999999999998,3.57323018878572
3625,13.583,45.563,21,0.488216817378998,20.7521991729736,37.5399971008301,19.8813514709473,0.00609909696504474,0.0148591296747327,0.0160621517387783,131.212326049805,-27.4360427856445,0.0419999999999998,3.57323018878572
3626,13.583,45.563,22,0.946071565151215,20.2945079803467,37.4195899963379,19.9838199615479,-0.0139140924438834,0.00559444492682815,0.0149966590471427,80.5667114257812,-37.558536529541,0.0419999999999998,3.57323018878572
3627,13.583,45.563,23,0.852778196334839,20.0738296508789,37.6468391418457,19.9612884521484,0.00960894115269184,0.0131317423656583,0.0162718901063742,62.1816368103027,-63.5248146057129,0.0419999999999998,3.57323018878572
3628,13.583,45.563,24,0.785699784755707,19.06614112854,37.6781921386719,20.0726432800293,0.00732940249145031,0.0120314788073301,0.0140881731666285,50.4032707214355,-121.86149597168,0.0419999999999998,3.57323018878572
3629,13.583,45.563,25,0.720377445220947,18.027172088623,37.836009979248,20.0184535980225,0.0030474835075438,0.00917106866836548,0.00966414280982159,52.2382545471191,-108.521171569824,0.0419999999999998,3.57323018878572
3630,13.583,45.563,26,0.615195155143738,16.8856105804443,37.9055023193359,20.5307655334473,0.00347268860787153,0.0363784208893776,0.0365437966359811,31.6660594940186,-426.620208740234,0.0419999999999998,3.57323018878572
3631,13.583,45.563,27,0.642860233783722,15.5074596405029,38.0444297790527,20.0731163024902,0.0114239510148764,0.0266676265746355,0.0290115315678869,32.6566696166992,-341.221374511719,0.0419999999999998,3.57323018878572
3632,13.583,45.563,28,0.777744770050049,14.2267446517944,38.1716270446777,15.8049631118774,0.0020861029624939,0.0194802545011044,0.0195916344646873,61.8195915222168,-35.2903366088867,0.0419999999999998,3.57323018878572
3633,13.583,45.563,29,0.696414828300476,13.5977115631104,38.3520660400391,20.1076984405518,0.0126112289726734,0.0226787906140089,0.0259493861182737,28.6534557342529,-296.718597412109,0.0419999999999998,3.57323018878572
3634,13.583,45.563,30,0.738380193710327,12.9606924057007,38.4087104797363,19.9671859741211,0.00116546032950282,0.0027848903555423,0.00301892564864346,26.0261974334717,-73.85205078125,0.0419999999999998,3.57323018878572
3635,13.583,45.563,31,0.410306692123413,11.2896919250488,37.389087677002,19.9886913299561,-0.0276927463710308,-0.0358415730297565,0.0452935597940547,38.6173973083496,-9.5788459777832,0.0419999999999998,3.57323018878572
3636,13.583,45.563,32,0.695137143135071,11.3150367736816,37.0806617736816,19.9054107666016,-0.0285012014210224,-7.61710834922269e-05,0.0285013032066194,27.3614768981934,7.49468088150024,0.0419999999999998,3.57323018878572
3637,13.583,45.563,33,0.935502529144287,11.8785400390625,37.8090286254883,11.553991317749,-0.0370214059948921,0.0289378613233566,0.0469891936492685,64.2718276977539,-17.8365993499756,0.0419999999999998,3.57323018878572
3638,13.583,45.563,34,0.665628492832184,11.7499837875366,38.0389595031738,11.7419080734253,-0.00141116185113788,0.0174908433109522,0.0175476772679004,32.2634735107422,-94.0902404785156,0.0419999999999998,3.57323018878572
3639,13.583,45.563,35,0.629653811454773,10.6872053146362,38.1683158874512,20.0617160797119,-0.000205968506634235,0.0179748795926571,0.0179760596181768,35.5247421264648,-98.4272766113281,0.0419999999999998,3.57323018878572
3640,13.583,45.563,36,0.668629467487335,9.86071300506592,38.2290687561035,19.9646263122559,0.00151853659190238,-0.00186001264955848,0.00240116647433368,92.7089080810547,-28.0003414154053,0.0419999999999998,3.57323018878572
3641,13.583,45.563,37,0.443815380334854,9.45074462890625,38.2630310058594,19.8140907287598,0.00547323562204838,0.0182222463190556,0.0190264702214255,105.90308380127,-181.397827148438,0.0419999999999998,3.57323018878572
3642,13.583,45.563,38,0.348925322294235,9.13551998138428,38.3483810424805,19.6024799346924,0.00750982295721769,-0.00779821490868926,0.0108263380979377,119.116188049316,28.6642990112305,0.0419999999999998,3.57323018878572
3643,13.583,45.563,39,0.248286604881287,8.80619049072266,37.4997711181641,19.7648067474365,-0.0272448658943176,-0.0130838956683874,0.0302236834859783,73.1709518432617,41.6727066040039,0.0419999999999998,3.57323018878572
3644,13.583,45.563,40,0.401005208492279,9.00335311889648,38.2883071899414,19.8551750183105,0.0184660330414772,0.0412007793784142,0.0451497353001951,139.329956054688,-142.593872070312,0.0419999999999998,3.57323018878572
3645,13.583,45.563,41,0.355629056692123,9.3341703414917,38.2774543762207,19.7911224365234,0.0403551608324051,0.0260985009372234,0.0480590340828812,102.1240234375,60.8514137268066,0.0419999999999998,3.57323018878572
3646,13.583,45.563,42,0.278047531843185,10.03271484375,38.2461929321289,15.1057147979736,0.00664738472551107,0.0829479396343231,0.0832138715195265,96.8838806152344,94.0456008911133,0.0419999999999998,3.57323018878572
3647,13.583,45.563,43,0.324875950813293,10.9204883575439,37.9850044250488,16.1557140350342,-0.0144069567322731,-0.0424886830151081,0.0448647811389282,202.435882568359,157.583312988281,0.0419999999999998,3.57323018878572
3648,13.583,45.563,44,0.600093364715576,11.2831354141235,37.7583656311035,11.4463863372803,-8.36059916764498e-05,-0.00815610866993666,0.0081565371695138,217.433578491211,66.8754501342773,0.0419999999999998,3.57323018878572
3649,13.583,45.563,45,0.624358296394348,11.5315637588501,38.0598487854004,18.780403137207,0.0010282420553267,0.0294193606823683,0.0294373243465438,233.96614074707,-121.267768859863,0.0419999999999998,3.57323018878572
3650,13.583,45.563,46,0.682100415229797,12.0126256942749,38.1081237792969,19.9188442230225,-0.000694416929036379,-0.0206730850040913,0.0206847445828493,121.286239624023,44.7959175109863,0.0419999999999998,3.57323018878572
3651,13.583,45.563,47,0.804649829864502,12.3830976486206,38.038158416748,19.9252510070801,-0.00480990391224623,-0.00956066325306892,0.0107024042851886,139.096008300781,98.8856353759766,0.0419999999999998,3.57323018878572
3652,13.583,45.563,48,0.956888198852539,13.4111700057983,37.8432922363281,11.5136022567749,-0.0237194411456585,-0.0439920760691166,0.0499791421008134,150.563140869141,57.0622940063477,0.0419999999999998,3.57323018878572
3653,13.583,45.563,49,0.719304323196411,14.1611385345459,37.872974395752,11.545389175415,-0.0834678709506989,-0.00497958110645413,0.0836162765796126,145.247848510742,93.2896499633789,0.0419999999999998,3.57323018878572
3654,13.583,45.563,50,0.644873082637787,15.5027704238892,37.9962196350098,19.9253158569336,-0.0523955076932907,0.0547754019498825,0.0757999596649555,263.508148193359,203.206100463867,0.0419999999999998,3.57323018878572
3655,13.583,45.563,51,0.389424085617065,15.4938173294067,37.8343811035156,11.6252937316895,-0.0669849440455437,0.0187360066920519,0.0695558816747314,167.651428222656,48.9451026916504,0.0419999999999998,3.57323018878572
3656,13.583,45.563,52,0.349803984165192,18.1814346313477,37.9678192138672,20.0623607635498,0.0148266050964594,-7.32328990125097e-05,0.0148267859546111,298.557800292969,263.46923828125,0.0419999999999998,3.57323018878572
3657,13.583,45.563,53,0.273273944854736,19.5944862365723,37.8863983154297,11.5529870986938,-0.0289439391344786,0.0209144465625286,0.0357094621583309,308.399353027344,144.500213623047,0.0419999999999998,3.57323018878572
3658,13.625,45.563,1,0.163839161396027,19.0746955871582,38.359992980957,14.0872402191162,-0.00993509590625763,-0.0194554571062326,0.021845387199109,266.899322509766,285.843902587891,0.0419999999999998,3.53123018878572
3659,13.625,45.563,2,0.302593767642975,23.1739253997803,38.0107002258301,11.5400056838989,-0.0187822673469782,-0.0105572203174233,0.0215459617451619,178.879913330078,63.1279144287109,0.0419999999999998,3.53123018878572
3660,13.625,45.563,3,0.311087101697922,22.0676326751709,38.2521057128906,18.4806003570557,-0.0727209895849228,0.0333630256354809,0.0800089607841784,335.622955322266,213.967697143555,0.0419999999999998,3.53123018878572
3661,13.625,45.563,4,0.367556482553482,24.7101421356201,37.8742904663086,11.5366678237915,0.0522224754095078,0.0243046227842569,0.0576012293842906,240.052200317383,153.664886474609,0.0419999999999998,3.53123018878572
3662,13.625,45.563,5,0.256243824958801,26.4300765991211,37.5302658081055,11.5538949966431,-0.0660034716129303,0.0203211717307568,0.0690609027270119,213.351776123047,120.001945495605,0.0419999999999998,3.53123018878572
3663,13.625,45.563,6,0.214913055300713,26.8930492401123,37.9107322692871,11.538724899292,-0.0585799813270569,0.00296740350313485,0.0586550909625818,310.585784912109,121.395004272461,0.0419999999999998,3.53123018878572
3664,13.625,45.563,7,0.283717930316925,24.3438339233398,38.444881439209,12.3637428283691,0.00386626226827502,-0.0128605216741562,0.0134291102333151,277.241729736328,144.000549316406,0.0419999999999998,3.53123018878572
3665,13.625,45.563,8,0.179858043789864,25.6899147033691,38.3026275634766,11.4746389389038,0.0348130315542221,-0.0116090355440974,0.036697641235635,318.361572265625,196.231018066406,0.0419999999999998,3.53123018878572
3666,13.625,45.563,9,0.201663449406624,28.0780792236328,37.4063110351562,11.5355405807495,-0.0043667433783412,0.0324231460690498,0.0327158806812109,212.472457885742,-8.49086666107178,0.0419999999999998,3.53123018878572
3667,13.625,45.563,10,0.31336510181427,27.0016841888428,38.2809867858887,11.5326080322266,-0.0194250419735909,-0.0154149271547794,0.024798230478462,249.860046386719,69.9616851806641,0.0419999999999998,3.53123018878572
3668,13.625,45.563,11,0.214823052287102,25.5932121276855,38.3938980102539,11.5327730178833,-0.0382028296589851,0.0376541577279568,0.0536403932513109,258.006072998047,42.3018531799316,0.0419999999999998,3.53123018878572
3669,13.625,45.563,12,0.362685024738312,25.2687644958496,38.0024070739746,18.6499309539795,0.0268021151423454,-0.0168558247387409,0.031661841445606,275.085876464844,110.246856689453,0.0419999999999998,3.53123018878572
3670,13.625,45.563,13,0.278153330087662,25.3707695007324,37.8836822509766,11.5687217712402,-0.0161462500691414,-0.0180423986166716,0.0242121774968325,174.8330078125,-10.6558179855347,0.0419999999999998,3.53123018878572
3671,13.625,45.563,14,0.222511485219002,25.7097682952881,37.4926223754883,11.5184707641602,0.0371890924870968,-0.0534880012273788,0.0651459505672756,207.925704956055,67.0927734375,0.0419999999999998,3.53123018878572
3672,13.625,45.563,15,0.196096181869507,25.1757049560547,37.3975601196289,18.5314044952393,0.0402857810258865,-0.0690471231937408,0.079940286302948,197.061813354492,86.2180328369141,0.0419999999999998,3.53123018878572
3673,13.625,45.563,16,0.196520119905472,24.4866027832031,36.8644256591797,11.5187339782715,0.022416839376092,-0.0069392011500895,0.0234662992441269,176.541809082031,35.9617691040039,0.0419999999999998,3.53123018878572
3674,13.625,45.563,17,0.313296765089035,24.1746578216553,37.2912979125977,18.5514850616455,0.00295549584552646,-0.00191346101928502,0.00352083637297268,196.705520629883,-259.573638916016,0.0419999999999998,3.53123018878572
3675,13.625,45.563,18,0.435102820396423,22.3737964630127,37.1612167358398,18.7299385070801,0.00294693768955767,-0.0182115752249956,0.0184484664382113,134.389495849609,-101.668807983398,0.0419999999999998,3.53123018878572
3676,13.625,45.563,19,0.877791166305542,21.4035224914551,36.9987678527832,18.5620021820068,-0.00137030403129756,0.00594074232503772,0.00609673293745797,80.7986907958984,-124.255264282227,0.0419999999999998,3.53123018878572
3677,13.625,45.563,20,0.628547668457031,20.8913898468018,37.1014289855957,18.3238582611084,-0.0172607377171516,0.01357935462147,0.0219620567906546,124.020980834961,-27.8227519989014,0.0419999999999998,3.53123018878572
3678,13.625,45.563,21,0.566511690616608,20.6602230072021,37.3217887878418,18.4284076690674,-0.00163436215370893,0.0229250155389309,0.0229831998883902,131.212158203125,-23.003568649292,0.0419999999999998,3.53123018878572
3679,13.625,45.563,22,1.08120703697205,20.2002449035645,37.3448524475098,18.5297088623047,-0.016839899122715,0.0065368372015655,0.0180641203235305,80.8514633178711,-31.9063339233398,0.0419999999999998,3.53123018878572
3680,13.625,45.563,23,0.988903045654297,19.9271087646484,37.4904861450195,18.5080051422119,0.00274756387807429,0.00926210731267929,0.00966104234209155,62.3472213745117,-55.4245376586914,0.0419999999999998,3.53123018878572
3681,13.625,45.563,24,0.84598308801651,18.8294448852539,37.548469543457,18.6190757751465,0.000375679461285472,0.00776767916977406,0.00777675862697136,50.425609588623,-106.312721252441,0.0419999999999998,3.53123018878572
3682,13.625,45.563,25,0.749121367931366,17.7769203186035,37.6053581237793,18.5654792785645,-0.00178997858893126,0.00311262835748494,0.0035906097867426,52.2003059387207,-94.4274978637695,0.0419999999999998,3.53123018878572
3683,13.625,45.563,26,0.642680108547211,16.5832614898682,37.6653671264648,19.07448387146,-0.0156665463000536,0.0137372184544802,0.0208363107060207,31.6662940979004,-395.647003173828,0.0419999999999998,3.53123018878572
3684,13.625,45.563,27,0.697390198707581,15.1656513214111,37.7628784179688,18.6187152862549,-0.00249410746619105,0.0118625992909074,0.0121219566898066,32.655574798584,-310.594360351562,0.0419999999999998,3.53123018878572
3685,13.625,45.563,28,0.78699141740799,13.9145879745483,37.9353370666504,12.1707820892334,-0.011312386021018,0.0207391958683729,0.0236238083880491,61.6688995361328,-21.729305267334,0.0419999999999998,3.53123018878572
3686,13.625,45.563,29,0.699970722198486,13.2744541168213,38.1795387268066,18.6535568237305,0.000155271496623755,0.0118550164625049,0.0118560332558544,28.656156539917,-273.078033447266,0.0419999999999998,3.53123018878572
3687,13.625,45.563,30,0.760885775089264,12.6334285736084,38.302619934082,18.5131797790527,-0.000984257087111473,0.00185158383101225,0.00209693221082494,26.0280170440674,-57.249095916748,0.0419999999999998,3.53123018878572
3688,13.625,45.563,31,0.409627109766006,11.3454704284668,37.6149711608887,18.5339469909668,-0.00174897350370884,-0.0387713685631752,0.0388107965465571,38.5170516967773,-15.4344310760498,0.0419999999999998,3.53123018878572
3689,13.625,45.563,32,0.665489256381989,11.2565231323242,36.9210243225098,18.4515113830566,-0.0179386418312788,-0.0111968042328954,0.0211462359719334,27.365348815918,8.96546173095703,0.0419999999999998,3.53123018878572
3690,13.625,45.563,33,1.04169166088104,11.7075119018555,37.6444129943848,11.5438537597656,-0.0388113893568516,0.00190317910164595,0.0388580240684221,64.2277145385742,-10.9877939224243,0.0419999999999998,3.53123018878572
3691,13.625,45.563,34,0.616824865341187,11.9012279510498,38.0253067016602,15.2720003128052,-0.0168530829250813,0.0215384177863598,0.0273483060685565,32.2595443725586,-106.775947570801,0.0419999999999998,3.53123018878572
3692,13.625,45.563,35,0.649855315685272,10.5023345947266,38.1164054870605,18.6069984436035,-0.00894585531204939,0.00398603454232216,0.00979371219899317,35.5314865112305,-89.6791763305664,0.0419999999999998,3.53123018878572
3693,13.625,45.563,36,0.692342758178711,9.63640594482422,38.1970405578613,18.5103034973145,0.00286500947549939,-0.00092009489890188,0.0030091284315706,92.7087554931641,-21.1295280456543,0.0419999999999998,3.53123018878572
3694,13.625,45.563,37,0.438757598400116,9.14931011199951,38.2314682006836,18.3585376739502,-0.00403293920680881,0.00718518625944853,0.0082396298599381,105.902923583984,-162.751556396484,0.0419999999999998,3.53123018878572
3695,13.625,45.563,38,0.34602016210556,8.91622924804688,38.3182716369629,18.1477279663086,0.00637396983802319,-0.0033449144102633,0.00719832924420774,119.116027832031,39.5342712402344,0.0419999999999998,3.53123018878572
3696,13.625,45.563,39,0.248825237154961,8.76566886901855,37.6132049560547,18.3100547790527,-0.00784618593752384,-0.0251828227192163,0.0263768306260187,73.6701278686523,42.5459403991699,0.0419999999999998,3.53123018878572
3697,13.625,45.563,40,0.404581964015961,8.78805446624756,38.2338485717773,18.3983974456787,-0.00509419618174434,0.0210468247532845,0.0216545530301035,139.219985961914,-122.611801147461,0.0419999999999998,3.53123018878572
3698,13.625,45.563,41,0.360783100128174,9.24534225463867,38.2665824890137,18.6855068206787,0.0366859063506126,0.0332621447741985,0.0495199555709177,102.329238891602,66.1177139282227,0.0419999999999998,3.53123018878572
3699,13.625,45.563,42,0.279066383838654,9.94731998443604,38.2453727722168,18.7827301025391,-0.00245626736432314,0.100987799465656,0.101017666228639,96.7954559326172,98.155647277832,0.0419999999999998,3.53123018878572
3700,13.625,45.563,43,0.307962685823441,10.9053478240967,38.1075286865234,18.4121932983398,-0.00143108959309757,-0.0377273596823215,0.037754492262812,202.435699462891,157.128890991211,0.0419999999999998,3.53123018878572
3701,13.625,45.563,44,0.628723621368408,11.2270202636719,37.7665138244629,11.4275236129761,0.00791516620665789,-0.0122274020686746,0.0145656863013058,217.68147277832,69.0920104980469,0.0419999999999998,3.53123018878572
3702,13.625,45.563,45,0.715371549129486,11.4579610824585,38.0751533508301,17.670036315918,-0.0162448585033417,0.0102435415610671,0.0192048319833031,233.849761962891,-114.543106079102,0.0419999999999998,3.53123018878572
3703,13.625,45.563,46,0.758011221885681,11.9741010665894,38.1410751342773,18.4643096923828,0.00642164656892419,-0.00563709996640682,0.00854484878084098,121.299949645996,45.2737197875977,0.0419999999999998,3.53123018878572
3704,13.625,45.563,47,0.939622163772583,12.3625612258911,38.0444145202637,18.470874786377,-0.00658572046086192,-0.0116309626027942,0.0133660392434039,139.13444519043,99.0579605102539,0.0419999999999998,3.53123018878572
3705,13.625,45.563,48,0.988337218761444,13.3390483856201,37.8600196838379,14.0349769592285,-0.0186774767935276,-0.0437098778784275,0.0475331627763166,150.93196105957,61.3554153442383,0.0419999999999998,3.53123018878572
3706,13.625,45.563,49,0.713617444038391,14.0991086959839,37.9005813598633,16.5874767303467,-0.0941732674837112,-0.0142426872625947,0.0952442042804637,145.244445800781,95.5232467651367,0.0419999999999998,3.53123018878572
3707,13.625,45.563,50,0.6251580119133,15.3458852767944,37.9973106384277,18.4706344604492,-0.0644659101963043,0.0509269088506699,0.0821547541078568,263.326354980469,209.305389404297,0.0419999999999998,3.53123018878572
3708,13.625,45.563,51,0.405939936637878,15.3899574279785,37.8606796264648,11.6193742752075,-0.0855021923780441,-0.0036150177475065,0.0855785794154522,167.541030883789,50.8114547729492,0.0419999999999998,3.53123018878572
3709,13.625,45.563,52,0.325937926769257,18.040714263916,37.958324432373,18.6080989837646,0.00811625085771084,0.0015227299882099,0.00825785895994147,299.001861572266,265.040008544922,0.0419999999999998,3.53123018878572
3710,13.625,45.563,53,0.255436956882477,19.5188789367676,37.9424324035645,14.8484811782837,-0.0323373600840569,0.019940746948123,0.0379912917134312,307.998596191406,145.7587890625,0.0419999999999998,3.53123018878572
3711,13.667,45.563,1,0.154675766825676,18.8886890411377,38.3706703186035,15.1997518539429,-0.00562211917713284,0.00287162070162594,0.00631303647192788,266.820739746094,285.835784912109,0.0579827560573012,3.48923018878572
3712,13.667,45.563,2,0.29886469244957,23.2170791625977,38.0677490234375,14.1057453155518,-0.0154558764770627,-0.013400568626821,0.0204562791630433,179.492584228516,59.4374504089355,0.0579827560573012,3.48923018878572
3713,13.667,45.563,3,0.293166279792786,21.8502807617188,38.2738647460938,15.1954545974731,-0.0791920647025108,0.00802483409643173,0.0795976197767365,335.620513916016,222.023956298828,0.0579827560573012,3.48923018878572
3714,13.667,45.563,4,0.36776340007782,24.8254165649414,38.0781097412109,12.6352005004883,0.0556897521018982,0.0397449620068073,0.0684179106235599,240.36799621582,145.522827148438,0.0579827560573012,3.48923018878572
3715,13.667,45.563,5,0.241064801812172,26.4740772247314,37.575855255127,11.4781522750854,-0.0732979103922844,-0.0112059805542231,0.0741495628311926,213.653167724609,120.763999938965,0.0579827560573012,3.48923018878572
3716,13.667,45.563,6,0.209253370761871,26.8682022094727,37.9433860778809,14.2292680740356,-0.0549630746245384,-0.0147795164957643,0.0569154959569988,310.096099853516,119.756378173828,0.0579827560573012,3.48923018878572
3717,13.667,45.563,7,0.275686979293823,24.3364810943604,38.4846611022949,15.1412963867188,0.00549080269411206,0.00324647198431194,0.00637875337119962,277.618255615234,143.213272094727,0.0579827560573012,3.48923018878572
3718,13.667,45.563,8,0.171949788928032,25.7297134399414,38.3797836303711,14.7337865829468,0.0347694717347622,0.00868776626884937,0.035838435337729,318.361358642578,191.955047607422,0.0579827560573012,3.48923018878572
3719,13.667,45.563,9,0.179881632328033,28.231388092041,37.4582290649414,11.4565286636353,-0.0103990025818348,0.0298067852854729,0.0315687140021777,212.36491394043,-24.801513671875,0.0579827560573012,3.48923018878572
3720,13.667,45.563,10,0.298613131046295,26.9990329742432,38.3263282775879,15.2105445861816,-0.0202425513416529,-0.027162367478013,0.0338755825312285,249.70085144043,70.4118499755859,0.0579827560573012,3.48923018878572
3721,13.667,45.563,11,0.213800191879272,25.6880435943604,38.3856048583984,15.1588735580444,-0.0345099866390228,-0.00363261555321515,0.0347006494691813,257.80712890625,16.5769901275635,0.0579827560573012,3.48923018878572
3722,13.667,45.563,12,0.3211430311203,25.2686767578125,38.3467636108398,15.3053302764893,0.032758317887783,0.00856274925172329,0.0338589436572515,275.085632324219,103.647727966309,0.0579827560573012,3.48923018878572
3723,13.667,45.563,13,0.251732468605042,25.4661312103271,38.0225410461426,14.0815114974976,-0.00673070922493935,-0.00213491707108915,0.00706118386470084,174.978668212891,-18.2682781219482,0.0579827560573012,3.48923018878572
3724,13.667,45.563,14,0.191948503255844,25.9905300140381,38.0023422241211,15.1869316101074,0.0477304309606552,-0.0172965787351131,0.0507677621688197,207.941299438477,37.0985717773438,0.0579827560573012,3.48923018878572
3725,13.667,45.563,15,0.140489920973778,25.4409313201904,37.9586982727051,15.1865949630737,0.0533184558153152,-0.015662768855691,0.0555713960482956,197.067337036133,57.8176765441895,0.0579827560573012,3.48923018878572
3726,13.667,45.563,16,0.173241823911667,24.4585037231445,36.9023857116699,13.145336151123,0.0262394901365042,0.019329309463501,0.0325903827372354,176.428527832031,30.0188961029053,0.0579827560573012,3.48923018878572
3727,13.667,45.563,17,0.332228899002075,24.0102119445801,37.279296875,15.207085609436,0.0015371369663626,-0.0033078205306083,0.00364752885061546,196.706085205078,-250.283309936523,0.0579827560573012,3.48923018878572
3728,13.667,45.563,18,0.475505918264389,22.1360015869141,37.1507759094238,15.3857431411743,0.00214314553886652,-0.0180174857378006,0.0181444995828656,134.487930297852,-95.3207168579102,0.0579827560573012,3.48923018878572
3729,13.667,45.563,19,1.00680494308472,21.2223777770996,36.935302734375,15.2183494567871,-0.00380325969308615,-0.0060831536538899,0.00717422767061986,80.7883605957031,-126.049438476562,0.0579827560573012,3.48923018878572
3730,13.667,45.563,20,0.723460674285889,20.7769165039062,36.9495277404785,15.1812124252319,-0.0126956971362233,-0.0137927448377013,0.0187462139092843,124.149566650391,-22.0787372589111,0.0579827560573012,3.48923018878572
3731,13.667,45.563,21,0.62298983335495,20.6190128326416,37.1400032043457,15.086178779602,-0.0035418039187789,0.00466856500133872,0.00586002339336648,131.211929321289,-22.6482677459717,0.0579827560573012,3.48923018878572
3732,13.667,45.563,22,1.16114568710327,20.1460647583008,37.282470703125,15.186206817627,-0.0183012206107378,-0.00274025765247643,0.0185052340662,81.2390213012695,-29.7320957183838,0.0579827560573012,3.48923018878572
3733,13.667,45.563,23,1.07880163192749,19.8115234375,37.348762512207,15.1653060913086,0.000417707109590992,-0.000577058061026037,0.00071237296074317,62.5126876831055,-53.2464027404785,0.0579827560573012,3.48923018878572
3734,13.667,45.563,24,0.884281158447266,18.6307239532471,37.4320487976074,15.2759094238281,-0.00252474285662174,-0.00342075922526419,0.00425157855029077,50.4483909606934,-95.4439926147461,0.0579827560573012,3.48923018878572
3735,13.667,45.563,25,0.769145965576172,17.5807971954346,37.4517784118652,15.2225980758667,-0.0032902485691011,-0.00509491795673966,0.00606497523757353,52.1621856689453,-87.029411315918,0.0579827560573012,3.48923018878572
3736,13.667,45.563,26,0.662577688694,16.3713760375977,37.5155715942383,15.7260236740112,-0.0220442805439234,-0.0301204156130552,0.0373254570153184,31.66650390625,-379.482543945312,0.0579827560573012,3.48923018878572
3737,13.667,45.563,27,0.738558888435364,14.934700012207,37.6114730834961,15.2735939025879,-0.00721243536099792,-0.00994355231523514,0.0122838697682119,32.6544723510742,-292.860778808594,0.0579827560573012,3.48923018878572
3738,13.667,45.563,28,0.793606281280518,13.5868797302246,37.6702423095703,14.1952667236328,-0.013663787394762,0.00924402009695768,0.0164969995308909,61.5134353637695,-15.869776725769,0.0579827560573012,3.48923018878572
3739,13.667,45.563,29,0.700037717819214,13.0421295166016,38.0608749389648,15.3092775344849,-0.00446329172700644,-0.00656123785302043,0.00793541525090352,28.6588954925537,-261.394683837891,0.0579827560573012,3.48923018878572
3740,13.667,45.563,30,0.774723827838898,12.3692111968994,38.1999816894531,15.1699714660645,-0.00217528222128749,-0.00185124762356281,0.00285639116823946,26.029821395874,-47.4549522399902,0.0579827560573012,3.48923018878572
3741,13.667,45.563,31,0.410115540027618,11.4850835800171,37.9682731628418,15.189679145813,0.00817287527024746,-0.0210371017456055,0.0225689064874216,38.416202545166,-27.418550491333,0.0579827560573012,3.48923018878572
3742,13.667,45.563,32,0.631178081035614,11.1929607391357,37.0547103881836,15.1081438064575,-0.0117220878601074,-0.00917528849095106,0.0148860089578186,27.3691997528076,4.39306735992432,0.0579827560573012,3.48923018878572
3743,13.667,45.563,33,1.08482825756073,11.5969486236572,37.5765609741211,13.5507774353027,-0.0380192250013351,-0.0325298458337784,0.0500365100668655,64.0848693847656,-14.4985675811768,0.0579827560573012,3.48923018878572
3744,13.667,45.563,34,0.582351446151733,11.8397874832153,37.9455795288086,14.0461874008179,-0.02363570779562,0.0066836467012763,0.0245625287018135,32.2555122375488,-111.010345458984,0.0579827560573012,3.48923018878572
3745,13.667,45.563,35,0.659232437610626,10.4632339477539,38.1007614135742,15.2624311447144,-0.011235199868679,-0.0156136024743319,0.0192357557250977,35.538257598877,-96.0933227539062,0.0579827560573012,3.48923018878572
3746,13.667,45.563,36,0.70140951871872,9.459228515625,38.1750831604004,15.1667814254761,0.00344658480025828,0.00126520381309092,0.00367146938895467,92.7085418701172,-19.5986995697021,0.0579827560573012,3.48923018878572
3747,13.667,45.563,37,0.433715879917145,8.95250034332275,38.2229118347168,15.0137891769409,-0.00723737152293324,-0.00959099270403385,0.0120152689362243,105.902702331543,-158.610229492188,0.0579827560573012,3.48923018878572
3748,13.667,45.563,38,0.343301057815552,8.71959686279297,38.2763977050781,14.8047666549683,0.00519391940906644,-0.000470091530587524,0.00521514955442384,119.115798950195,45.9340057373047,0.0579827560573012,3.48923018878572
3749,13.667,45.563,39,0.249540761113167,8.74225807189941,37.8455238342285,14.9663648605347,0.00091010332107544,-0.014517555013299,0.014546054159778,74.16943359375,39.4821281433105,0.0579827560573012,3.48923018878572
3750,13.667,45.563,40,0.407131403684616,8.6684741973877,38.2240028381348,15.0517539978027,-0.0137422103434801,-0.0177983678877354,0.0224862234399559,139.104125976562,-111.855369567871,0.0579827560573012,3.48923018878572
3751,13.667,45.563,41,0.362320363521576,9.2011022567749,38.2397842407227,15.3421220779419,0.0382101871073246,0.057613804936409,0.0691329799591146,102.534187316895,68.9678115844727,0.0579827560573012,3.48923018878572
3752,13.667,45.563,42,0.278804183006287,9.90060043334961,38.2400207519531,15.4384431838989,-0.00356323993764818,0.109534822404385,0.109592764350633,96.7075805664062,98.4281997680664,0.0579827560573012,3.48923018878572
3753,13.667,45.563,43,0.293556392192841,10.9152431488037,38.204906463623,15.068717956543,0.000871847500093281,-0.0277594141662121,0.0277731019678162,202.435470581055,153.137313842773,0.0579827560573012,3.48923018878572
3754,13.667,45.563,44,0.637158453464508,11.1809530258179,37.751293182373,12.5731868743896,0.01145123783499,-0.0161613654345274,0.0198070841029629,217.734390258789,69.9309997558594,0.0579827560573012,3.48923018878572
3755,13.667,45.563,45,0.779004395008087,11.4257822036743,38.0908203125,14.8617420196533,-0.0219654068350792,-0.0264729149639606,0.0343990453954704,233.812118530273,-114.194595336914,0.0579827560573012,3.48923018878572
3756,13.667,45.563,46,0.800168514251709,11.9535417556763,38.1471290588379,15.1208963394165,0.00715347565710545,0.00888290163129568,0.0114051810756373,121.313575744629,41.6270408630371,0.0579827560573012,3.48923018878572
3757,13.667,45.563,47,1.02108454704285,12.4075365066528,38.0572242736816,15.1273508071899,-0.00663930363953114,-0.0171224195510149,0.018364574705091,139.172882080078,94.9912414550781,0.0579827560573012,3.48923018878572
3758,13.667,45.563,48,0.993022859096527,13.2809295654297,37.8602600097656,15.1580944061279,-0.020691879093647,-0.0467214360833168,0.0510983996825102,151.30061340332,62.5669746398926,0.0579827560573012,3.48923018878572
3759,13.667,45.563,49,0.712282180786133,14.0774774551392,37.9003829956055,15.2118196487427,-0.106363125145435,-0.079271711409092,0.132654131561855,145.241027832031,93.495361328125,0.0579827560573012,3.48923018878572
3760,13.667,45.563,50,0.608012795448303,15.2539281845093,37.9981803894043,15.12668800354,-0.0737724155187607,0.0153743010014296,0.0753574045648816,263.144958496094,203.630340576172,0.0579827560573012,3.48923018878572
3761,13.667,45.563,51,0.424849033355713,15.335470199585,37.8772659301758,12.5265350341797,-0.0966041907668114,-0.0750568732619286,0.122335211192721,167.430328369141,44.7871856689453,0.0579827560573012,3.48923018878572
3762,13.667,45.563,52,0.30386409163475,17.8573970794678,37.9482765197754,15.2644987106323,0.0051521547138691,0.00164636108092964,0.00540880790973791,299.286102294922,265.744415283203,0.0579827560573012,3.48923018878572
3763,13.667,45.563,53,0.239486694335938,19.4615459442139,37.9650497436523,15.2252168655396,-0.0362443961203098,0.00340988952666521,0.0364044447383831,307.716613769531,141.394149780273,0.0579827560573012,3.48923018878572
3764,12.708,45.521,1,0.65806245803833,20.2490520477295,33.597053527832,6.18768262863159,0.0294189546257257,-0.0638577714562416,0.0703085333841355,271.75927734375,215.570404052734,0.0586941223633169,2.20900012561518
3765,12.708,45.521,2,1.2992377281189,22.7396430969238,32.4246368408203,6.20331239700317,0.0239071790128946,-0.0735722482204437,0.0773590907170267,174.175338745117,103.816162109375,0.0586941223633169,2.20900012561518
3766,12.708,45.521,3,0.976958632469177,23.7075500488281,32.248291015625,6.19671440124512,-0.0195907894521952,-0.0938589423894882,0.0958816984509219,335.713592529297,179.234375,0.0586941223633169,2.20900012561518
3767,12.708,45.521,4,0.848553895950317,25.3597660064697,32.1131591796875,6.20182991027832,0.014944831840694,-0.0480891019105911,0.0503578168839142,232.370758056641,158.526824951172,0.0586941223633169,2.20900012561518
3768,12.708,45.521,5,0.721457362174988,25.7931842803955,31.8760204315186,6.22684144973755,-0.00987780373543501,-0.0774374529719353,0.0780649097188773,197.34309387207,140.543334960938,0.0586941223633169,2.20900012561518
3769,12.708,45.521,6,0.525912702083588,26.5313968658447,32.5762252807617,6.20875787734985,0.0201801545917988,-0.0562139376997948,0.0597264215491377,317.869384765625,184.028381347656,0.0586941223633169,2.20900012561518
3770,12.708,45.521,7,0.674199819564819,26.1061267852783,32.0929260253906,6.13533544540405,0.0202310830354691,-0.0203500688076019,0.028695331001091,275.817718505859,53.5316467285156,0.0586941223633169,2.20900012561518
3771,12.708,45.521,8,0.835013508796692,26.8948783874512,32.3065948486328,6.10443687438965,0.0405874066054821,-0.040008906275034,0.0569916674285214,318.413482666016,167.617874145508,0.0586941223633169,2.20900012561518
3772,12.708,45.521,9,0.658846855163574,28.0788631439209,32.3386383056641,6.20356130599976,-0.00975389406085014,-0.0554374493658543,0.0562889797521854,216.451248168945,-5.08476734161377,0.0586941223633169,2.20900012561518
3773,12.708,45.521,10,0.78137344121933,27.7607269287109,32.8234329223633,6.20489454269409,-0.0136076686903834,-0.0785181969404221,0.0796886183715225,250.55842590332,16.5121192932129,0.0586941223633169,2.20900012561518
3774,12.708,45.521,11,0.689783155918121,27.1079406738281,33.1437759399414,6.22331190109253,0.00952471513301134,-0.0532832741737366,0.054127881032224,273.969085693359,15.2599859237671,0.0586941223633169,2.20900012561518
3775,12.708,45.521,12,0.817586898803711,26.6280136108398,32.9023475646973,6.29693555831909,0.0342317074537277,0.00405984511598945,0.0344716135039168,267.738586425781,50.6709785461426,0.0586941223633169,2.20900012561518
3776,12.708,45.521,13,1.08386445045471,26.6076393127441,33.0209579467773,6.2552924156189,0.0242626126855612,-0.00688793091103435,0.0252213791566745,190.105285644531,-0.15071813762188,0.0586941223633169,2.20900012561518
3777,12.708,45.521,14,0.887551426887512,26.6881198883057,32.6564254760742,6.16511011123657,0.0267692841589451,-0.0209169611334801,0.0339722509916824,185.094955444336,11.5710697174072,0.0586941223633169,2.20900012561518
3778,12.708,45.521,15,0.581984460353851,25.7947940826416,32.6964988708496,6.16820907592773,0.0515709929168224,-0.00298444530926645,0.051657276585501,189.377288818359,34.7440490722656,0.0586941223633169,2.20900012561518
3779,12.708,45.521,16,0.596461713314056,25.2740859985352,32.8529396057129,6.16713428497314,0.0432540960609913,-0.019907645881176,0.047615451174842,161.225845336914,-44.0225791931152,0.0586941223633169,2.20900012561518
3780,12.708,45.521,17,0.684340596199036,23.347469329834,33.1799812316895,6.19746112823486,0.00104324973654002,-0.055833924561739,0.0558436702051249,191.631011962891,-161.901473999023,0.0586941223633169,2.20900012561518
3781,12.708,45.521,18,0.792886555194855,22.571928024292,33.072998046875,6.36517238616943,-0.0154775884002447,-0.0795285701751709,0.0810206715400118,155.943176269531,-141.261810302734,0.0586941223633169,2.20900012561518
3782,12.708,45.521,19,0.80392462015152,21.9231796264648,32.9568862915039,6.20009565353394,0.0129851810634136,-0.0779125615954399,0.0789872279651138,74.3837814331055,-153.766021728516,0.0586941223633169,2.20900012561518
3783,12.708,45.521,20,0.886468768119812,20.8972110748291,32.5754547119141,6.15925073623657,0.0432018600404263,-0.0604046583175659,0.074263877204294,114.253730773926,-61.8712463378906,0.0586941223633169,2.20900012561518
3784,12.708,45.521,21,1.10283136367798,20.855785369873,31.9803447723389,6.06444549560547,0.0666971057653427,-0.0259163118898869,0.0715552872920457,131.41633605957,-107.404251098633,0.0586941223633169,2.20900012561518
3785,12.708,45.521,22,0.840018153190613,20.5417747497559,32.4864883422852,6.16794300079346,-0.00835363939404488,-0.116254240274429,0.116553986087609,90.4257278442383,-62.9452705383301,0.0586941223633169,2.20900012561518
3786,12.708,45.521,23,1.03023076057434,20.2590885162354,32.0573463439941,6.14413213729858,0.0682520121335983,-0.0217144843190908,0.0716230129883468,46.3337440490723,-124.490982055664,0.0586941223633169,2.20900012561518
3787,12.708,45.521,24,1.34662270545959,18.5656261444092,31.8081302642822,6.25830888748169,0.0551314502954483,-0.0393382348120213,0.0677271993353129,43.209358215332,-187.295303344727,0.0586941223633169,2.20900012561518
3788,12.708,45.521,25,0.964152336120605,17.4130458831787,31.9173526763916,6.20290946960449,0.053610160946846,-0.0436018221080303,0.0691025921936873,43.2198867797852,-161.835906982422,0.0586941223633169,2.20900012561518
3789,12.708,45.521,26,0.987360417842865,16.1986446380615,33.2332153320312,6.79451704025269,-0.108369126915932,-0.21720016002655,0.242733963804162,31.7557621002197,-389.468292236328,0.0586941223633169,2.20900012561518
3790,12.708,45.521,27,0.949083387851715,14.4714403152466,32.3359909057617,6.29846715927124,-0.0401819609105587,-0.140117168426514,0.145764916459626,30.3094787597656,-259.453704833984,0.0586941223633169,2.20900012561518
3791,12.708,45.521,28,0.959669232368469,13.3658208847046,33.1397972106934,6.16509962081909,0.0347845666110516,-0.0601712353527546,0.0695021124728973,46.7946472167969,-132.344940185547,0.0586941223633169,2.20900012561518
3792,12.708,45.521,29,0.876842558383942,11.6532926559448,34.1295356750488,6.30178880691528,-0.0365062803030014,-0.134786412119865,0.139642706195875,26.6343593597412,-239.243957519531,0.0586941223633169,2.20900012561518
3793,12.708,45.521,30,0.99733155965805,11.3396158218384,34.4340057373047,6.13849306106567,0.0363588854670525,-0.0557473786175251,0.0665562827622752,26.5767707824707,-69.2159271240234,0.0586941223633169,2.20900012561518
3794,12.708,45.521,31,0.469886064529419,11.4249248504639,34.1407661437988,6.16342115402222,0.02959418669343,-0.0457645878195763,0.0544996640754904,39.1037063598633,-91.6977996826172,0.0586941223633169,2.20900012561518
3795,12.708,45.521,32,0.862903654575348,11.5226449966431,34.3774185180664,6.07476902008057,0.0520468913018703,-0.0293358266353607,0.0597450384431096,27.5647087097168,-67.3567657470703,0.0586941223633169,2.20900012561518
3796,12.708,45.521,33,1.09895586967468,11.4103050231934,34.5645713806152,6.19729948043823,0.0407987497746944,-0.0461257621645927,0.061580223436122,66.7628707885742,-70.704216003418,0.0586941223633169,2.20900012561518
3797,12.708,45.521,34,0.998414814472198,10.7866630554199,35.1407012939453,6.53277254104614,-0.0475041083991528,-0.116157792508602,0.125496107809246,32.0477409362793,-113.584197998047,0.0586941223633169,2.20900012561518
3798,12.708,45.521,35,0.964856326580048,9.79966926574707,35.5350036621094,6.25676250457764,-0.0259883366525173,-0.10076642781496,0.104063762264067,35.9104309082031,-54.9499740600586,0.0586941223633169,2.20900012561518
3799,12.708,45.521,36,0.874020338058472,9.04948139190674,33.6603775024414,6.14298963546753,0.0542606636881828,-0.0275090448558331,0.0608355748946479,92.9114151000977,-57.7281608581543,0.0586941223633169,2.20900012561518
3800,12.708,45.521,37,0.566801905632019,8.71017074584961,33.3484077453613,6.02273416519165,-0.0367608889937401,-0.125250026583672,0.130533260584498,106.110366821289,-125.253623962402,0.0586941223633169,2.20900012561518
3801,12.708,45.521,38,0.524713218212128,8.75590991973877,32.9176292419434,5.77953910827637,0.0505055002868176,-0.0366931296885014,0.062427488541178,119.324043273926,-35.2018928527832,0.0586941223633169,2.20900012561518
3802,12.708,45.521,39,0.257891923189163,8.77977180480957,32.7657661437988,5.94410276412964,0.0629385784268379,-0.0180109292268753,0.0654649389063088,67.0364074707031,-31.0442028045654,0.0586941223633169,2.20900012561518
3803,12.708,45.521,40,0.779378056526184,8.53789520263672,35.3179740905762,6.0830192565918,-0.0776622667908669,-0.174554124474525,0.191051223639536,129.762756347656,-81.9778671264648,0.0586941223633169,2.20900012561518
3804,12.708,45.521,41,0.759172677993774,9.0477705001831,33.8542175292969,6.3127007484436,0.0675274282693863,-0.037514753639698,0.0772483676806465,97.8555297851562,67.0597610473633,0.0586941223633169,2.20900012561518
3805,12.708,45.521,42,0.528528153896332,10.0706787109375,34.3276138305664,6.4144172668457,0.0286977458745241,-0.0580199472606182,0.0647292429926666,100.567398071289,73.7315979003906,0.0586941223633169,2.20900012561518
3806,12.708,45.521,43,0.606923997402191,10.9903621673584,33.8962173461914,6.03920745849609,0.0515995696187019,-0.0646059215068817,0.0826827713528558,187.276107788086,181.228393554688,0.0586941223633169,2.20900012561518
3807,12.708,45.521,44,0.654033780097961,11.8596134185791,34.0224227905273,6.01712608337402,0.030380267649889,-0.0514799319207668,0.059775781492555,207.940490722656,61.793155670166,0.0586941223633169,2.20900012561518
3808,12.708,45.521,45,0.653580188751221,11.9056205749512,34.8285140991211,6.10793876647949,-0.035534493625164,-0.102396205067635,0.108386729120543,236.075866699219,-72.3650970458984,0.0586941223633169,2.20900012561518
3809,12.708,45.521,46,0.986819982528687,12.3117027282715,33.4731178283691,6.09961652755737,0.049196895211935,-0.0517839454114437,0.0714276662146363,124.632904052734,32.9451332092285,0.0586941223633169,2.20900012561518
3810,12.708,45.521,47,1.0479884147644,12.6481819152832,33.0491485595703,6.1067008972168,0.0379189141094685,-0.0793983489274979,0.087988305243674,135.995346069336,95.1380157470703,0.0586941223633169,2.20900012561518
3811,12.708,45.521,48,1.16541767120361,14.03271484375,32.6321716308594,6.14111375808716,0.0180743299424648,-0.0809036940336227,0.0828980645802731,170.326217651367,45.9914245605469,0.0586941223633169,2.20900012561518
3812,12.708,45.521,49,1.00720071792603,15.1328678131104,33.4367523193359,6.21056127548218,-0.0737113133072853,-0.170897275209427,0.186116190546366,145.228179931641,40.9453544616699,0.0586941223633169,2.20900012561518
3813,12.708,45.521,50,1.05958294868469,17.1719207763672,32.3393859863281,6.12677717208862,-0.0252167172729969,-0.11453466117382,0.117277753390096,262.615600585938,155.083221435547,0.0586941223633169,2.20900012561518
3814,12.708,45.521,51,0.711623072624207,16.4918746948242,34.2112731933594,6.36779165267944,-0.0833179950714111,-0.182022601366043,0.200185203526088,161.461715698242,-37.7222023010254,0.0586941223633169,2.20900012561518
3815,12.708,45.521,52,0.512124001979828,18.2262134552002,33.7417259216309,6.24223566055298,0.0546172372996807,-0.0642645508050919,0.0843384556440884,313.188537597656,258.627716064453,0.0586941223633169,2.20900012561518
3816,12.708,45.521,53,0.607752084732056,20.5962886810303,33.3100280761719,6.21274328231812,0.00754558015614748,-0.0997439250349998,0.100028927622366,291.597198486328,159.804122924805,0.0586941223633169,2.20900012561518
4771,13.5,45.521,1,0.125040754675865,19.735631942749,38.4924163818359,11.7206811904907,0.0223830565810204,0.00188068405259401,0.0224619276647139,266.308258056641,267.479766845703,0.0419999999999998,3.67392431114903
4772,13.5,45.521,2,0.233906656503677,23.4240951538086,38.4464492797852,11.487645149231,-0.0323816984891891,-0.00459741335362196,0.032706430661092,177.988708496094,54.2280883789062,0.0419999999999998,3.67392431114903
4773,13.5,45.521,3,0.308665931224823,22.2970352172852,38.3371047973633,13.8286151885986,-0.0394254587590694,0.0231768842786551,0.0457333003754294,335.673004150391,208.004318237305,0.0419999999999998,3.67392431114903
4774,13.5,45.521,4,0.233705252408981,24.6837825775146,37.8327026367188,11.484055519104,0.0536959767341614,0.0258929561823606,0.0596129440415188,242.813980102539,149.771896362305,0.0419999999999998,3.67392431114903
4775,13.5,45.521,5,0.226882889866829,26.4111499786377,37.7078819274902,11.5001974105835,-0.0546133704483509,0.00697941752150655,0.0550575380912398,215.698089599609,118.389785766602,0.0419999999999998,3.67392431114903
4776,13.5,45.521,6,0.175105512142181,26.9982452392578,37.9856414794922,11.4864683151245,-0.0752154290676117,-0.00052681181114167,0.0752172739502655,316.307403564453,114.341346740723,0.0419999999999998,3.67392431114903
4777,13.5,45.521,7,0.244429692625999,24.5732936859131,38.0745964050293,11.4422645568848,-0.0191893503069878,-0.0603721104562283,0.0633484244961413,277.342010498047,132.04426574707,0.0419999999999998,3.67392431114903
4778,13.5,45.521,8,0.146690681576729,25.8068294525146,38.1747207641602,11.4283714294434,-0.00490924995392561,-0.0284954588860273,0.0289152539714835,318.414184570312,194.441421508789,0.0419999999999998,3.67392431114903
4779,13.5,45.521,9,0.202532142400742,28.2477207183838,37.5288276672363,11.4842643737793,-0.00495376298204064,0.014933149330318,0.0157333631688782,211.955017089844,-14.7229633331299,0.0419999999999998,3.67392431114903
4780,13.5,45.521,10,0.277797877788544,27.1984443664551,37.9132690429688,11.4816799163818,-0.0219081770628691,-0.0441269502043724,0.0492661745679242,248.568130493164,58.4527549743652,0.0419999999999998,3.67392431114903
4781,13.5,45.521,11,0.173820346593857,25.1671104431152,38.3182601928711,11.4820976257324,-0.111639857292175,-0.0457275472581387,0.120641892866709,253.512268066406,106.605010986328,0.0419999999999998,3.67392431114903
4782,13.5,45.521,12,0.318536400794983,25.4669666290283,37.6474189758301,11.5359792709351,-0.0394676029682159,-0.0529391914606094,0.0660321866710454,275.055389404297,116.12703704834,0.0419999999999998,3.67392431114903
4783,13.5,45.521,13,0.356585204601288,25.4428215026855,37.2510757446289,11.5155429840088,-0.0984197556972504,-0.101203344762325,0.141168570519746,176.973785400391,-8.84044647216797,0.0419999999999998,3.67392431114903
4784,13.5,45.521,14,0.267010867595673,25.9117660522461,36.839714050293,11.469295501709,-0.033491812646389,-0.106382608413696,0.111530089604746,207.1923828125,75.0024032592773,0.0419999999999998,3.67392431114903
4785,13.5,45.521,15,0.213231980800629,25.2551136016846,36.8711853027344,11.4696893692017,-0.0451747179031372,-0.117839716374874,0.126202036009483,196.046127319336,104.415946960449,0.0419999999999998,3.67392431114903
4786,13.5,45.521,16,0.168912529945374,24.714319229126,36.7187385559082,11.4685621261597,-0.00472807371988893,-0.0365238972008228,0.0368286538966194,178.253082275391,34.1994552612305,0.0419999999999998,3.67392431114903
4787,13.5,45.521,17,0.151431486010551,24.162296295166,37.2960205078125,19.8936939239502,-0.00586307421326637,-0.00197045085951686,0.00618533069609377,196.882690429688,-237.662796020508,0.0419999999999998,3.67392431114903
4788,13.5,45.521,18,0.146474972367287,22.6357421875,37.3256530761719,20.3159313201904,0.00392553163692355,0.00112064753193408,0.00408235832862791,137.315231323242,-101.781455993652,0.0419999999999998,3.67392431114903
4789,13.5,45.521,19,0.183875873684883,21.6376705169678,37.3405151367188,20.1484355926514,0.002684879116714,0.0149085195735097,0.015148350792911,82.051399230957,-121.475769042969,0.0419999999999998,3.67392431114903
4790,13.5,45.521,20,0.170338004827499,21.0843296051025,37.6017570495605,20.1093215942383,0.00272697792388499,0.00570046249777079,0.00631915194356389,124.583396911621,-36.3998565673828,0.0419999999999998,3.67392431114903
4791,13.5,45.521,21,0.251629739999771,20.7545604705811,37.6765518188477,20.0145397186279,0.00146512198261917,-0.0167632699012756,0.0168271744570194,131.41716003418,-18.4474658966064,0.0419999999999998,3.67392431114903
4792,13.5,45.521,22,0.515399217605591,20.3557090759277,37.6786956787109,20.1160736083984,-0.00512115843594074,0.0108810793608427,0.0120259782048266,81.8408432006836,-28.0107612609863,0.0419999999999998,3.67392431114903
4793,13.5,45.521,23,0.507425248622894,20.1847114562988,37.8342704772949,20.0936393737793,0.00917297415435314,0.0137283112853765,0.0165109050504395,62.2191543579102,-59.7441177368164,0.0419999999999998,3.67392431114903
4794,13.5,45.521,24,0.597755134105682,19.1594009399414,37.8999290466309,20.2041988372803,0.00527343759313226,0.0106776375323534,0.0119088659124613,50.2413215637207,-122.397048950195,0.0419999999999998,3.67392431114903
4795,13.5,45.521,25,0.622790575027466,18.1570644378662,38.0339431762695,20.1504249572754,0.00601537665352225,0.00781471934169531,0.00986177441808559,50.8757133483887,-113.406921386719,0.0419999999999998,3.67392431114903
4796,13.5,45.521,26,0.533384084701538,17.0559215545654,38.121150970459,20.6727771759033,0.00705255288630724,0.040479265153408,0.0410890424514137,31.7553672790527,-434.464691162109,0.0419999999999998,3.67392431114903
4797,13.5,45.521,27,0.537298679351807,15.841588973999,38.3099632263184,20.2110443115234,0.0152590032666922,0.0318593531847,0.0353249991654689,32.6473999023438,-358.130889892578,0.0419999999999998,3.67392431114903
4798,13.5,45.521,28,0.741304993629456,14.697606086731,38.390811920166,13.3073654174805,0.0257089976221323,0.00389435631223023,0.0260022800888963,62.926399230957,-50.8200263977051,0.0419999999999998,3.67392431114903
4799,13.5,45.521,29,0.655042350292206,13.9852094650269,38.4533424377441,20.2440204620361,0.0174244940280914,0.0265665799379349,0.0317709956050118,28.4129676818848,-303.930389404297,0.0419999999999998,3.67392431114903
4800,13.5,45.521,30,0.669471681118011,13.3350143432617,38.433349609375,20.1010627746582,0.00436415197327733,0.00258113094605505,0.00507031156898109,26.0915431976318,-81.1177825927734,0.0419999999999998,3.67392431114903
4801,13.5,45.521,31,0.395020753145218,12.2144508361816,38.1665840148926,20.121467590332,-0.00277614989317954,-0.0225364286452532,0.0227067748549192,39.2549934387207,-52.6568222045898,0.0419999999999998,3.67392431114903
4802,13.5,45.521,32,0.55078649520874,12.5102815628052,38.3188743591309,20.0368347167969,0.00194375240243971,0.00444221869111061,0.00484886381553892,27.4309310913086,-48.0833778381348,0.0419999999999998,3.67392431114903
4803,13.5,45.521,33,0.559904277324677,12.1769618988037,38.2046966552734,14.3584423065186,0.00959505885839462,0.00702779414132237,0.0118934875032037,64.4413986206055,-23.9784660339355,0.0419999999999998,3.67392431114903
4804,13.5,45.521,34,0.710402131080627,11.9617624282837,38.1154174804688,11.6755867004395,0.0132871614769101,0.0109988143667579,0.0172488427898188,32.3381881713867,-92.8624725341797,0.0419999999999998,3.67392431114903
4805,13.5,45.521,35,0.540966391563416,10.8764667510986,38.2133712768555,20.1977119445801,-0.00109464954584837,0.0158265810459852,0.0158643917385245,35.5951766967773,-95.1024551391602,0.0419999999999998,3.67392431114903
4806,13.5,45.521,36,0.541872262954712,10.1983613967896,38.2773742675781,20.0979156494141,0.00389803294092417,0.00120485806837678,0.00407999310948714,92.9028778076172,-13.5469942092896,0.0419999999999998,3.67392431114903
4807,13.5,45.521,37,0.435027718544006,9.84890079498291,38.3279724121094,19.9524269104004,0.00614176737144589,0.0222098305821419,0.0230433912637095,106.111152648926,-203.005325317383,0.0419999999999998,3.67392431114903
4808,13.5,45.521,38,0.355071216821671,9.40515804290771,38.3468322753906,19.738733291626,0.011969979852438,-0.00263399723917246,0.0122563599459113,119.324851989746,21.8857898712158,0.0419999999999998,3.67392431114903
4809,13.5,45.521,39,0.260435611009598,9.46696949005127,38.3287773132324,19.8976707458496,0.00693418458104134,-0.00711946515366435,0.00993829461619006,74.7183837890625,11.5948905944824,0.0419999999999998,3.67392431114903
4810,13.5,45.521,40,0.390974074602127,9.17298889160156,38.300479888916,19.9997291564941,0.020938865840435,0.0501615032553673,0.05435634748143,138.498886108398,-151.919158935547,0.0419999999999998,3.67392431114903
4811,13.5,45.521,41,0.333004027605057,9.49957466125488,38.2497863769531,19.056661605835,0.0522740073502064,0.030851487070322,0.0606991441364677,103.133415222168,54.189998626709,0.0419999999999998,3.67392431114903
4812,13.5,45.521,42,0.259399831295013,10.241135597229,38.2223129272461,15.074390411377,0.0188266150653362,0.105027236044407,0.106701273403582,98.2774200439453,84.6465682983398,0.0419999999999998,3.67392431114903
4813,13.5,45.521,43,0.284167379140854,11.0534582138062,38.121753692627,20.0006923675537,0.00114129937719554,-0.0278987251222134,0.0279220598758975,202.616989135742,152.575347900391,0.0419999999999998,3.67392431114903
4814,13.5,45.521,44,0.388159185647964,11.4838981628418,37.9820404052734,11.3839235305786,0.0146546112373471,-0.000649630499538034,0.0146690030439601,217.877822875977,56.7138442993164,0.0419999999999998,3.67392431114903
4815,13.5,45.521,45,0.45475697517395,11.7108316421509,38.0889930725098,20.0181694030762,0.002054279204458,0.0286932289600372,0.0287666725778806,233.629974365234,-141.559906005859,0.0419999999999998,3.67392431114903
4816,13.5,45.521,46,0.408351570367813,12.0896310806274,38.1266632080078,20.0525646209717,0.0080904783681035,0.00731084495782852,0.0109043245651511,121.364418029785,46.9730033874512,0.0419999999999998,3.67392431114903
4817,13.5,45.521,47,0.437103748321533,12.4648246765137,38.0252227783203,20.0594692230225,-0.00195174384862185,-0.00684704398736358,0.00711978338262653,138.983276367188,99.5050430297852,0.0419999999999998,3.67392431114903
4818,13.5,45.521,48,0.684218168258667,13.5791397094727,37.8605155944824,11.4510593414307,-0.00949728302657604,-0.0368443317711353,0.0380486947022941,150.593994140625,48.5736312866211,0.0419999999999998,3.67392431114903
4819,13.5,45.521,49,0.551177024841309,14.2284526824951,37.935619354248,14.3237495422363,-0.0846709161996841,-0.00591651583090425,0.0848773774905379,145.344131469727,97.3651885986328,0.0419999999999998,3.67392431114903
4820,13.5,45.521,50,0.469279170036316,15.4925270080566,38.0042953491211,18.3600234985352,-0.0524642840027809,0.0539532527327538,0.0752559271843013,262.448577880859,222.272384643555,0.0419999999999998,3.67392431114903
4821,13.5,45.521,51,0.29293355345726,15.9343185424805,37.7386245727539,11.5650043487549,-0.109261602163315,0.0133726196363568,0.110076903404998,167.695831298828,35.604190826416,0.0419999999999998,3.67392431114903
4822,13.5,45.521,52,0.261221677064896,18.5335712432861,37.7994842529297,11.512092590332,0.0480892397463322,-0.00508528063073754,0.0483573681921749,299.895751953125,270.705841064453,0.0419999999999998,3.67392431114903
4823,13.5,45.521,53,0.223336160182953,19.4589805603027,37.5371170043945,11.490852355957,-0.0491353496909142,0.0222518406808376,0.0539391045803858,310.354888916016,178.436431884766,0.0419999999999998,3.67392431114903
4824,13.542,45.521,1,0.134720519185066,19.4566307067871,38.4226760864258,15.7592525482178,0.0133626339957118,0.0103977741673589,0.0169314410177855,266.301910400391,283.158996582031,0.0586941223633182,3.63192431114903
4825,13.542,45.521,2,0.250099122524261,23.4937477111816,38.4531593322754,11.3896532058716,-0.0314036570489407,-0.0223087556660175,0.0385210365308821,178.638519287109,48.4742469787598,0.0586941223633182,3.63192431114903
4826,13.542,45.521,3,0.33187872171402,22.0432567596436,38.3864402770996,15.3614492416382,-0.0505530871450901,0.00978919211775064,0.0514921635029769,335.661529541016,215.593719482422,0.0586941223633182,3.63192431114903
4827,13.542,45.521,4,0.240627586841583,24.8218307495117,38.0483703613281,11.3850421905518,0.056841429322958,0.0528570376336575,0.0776196786574301,242.639602661133,140.858963012695,0.0586941223633182,3.63192431114903
4828,13.542,45.521,5,0.24299156665802,26.4321384429932,37.7276344299316,11.4047975540161,-0.0553951114416122,-0.026232248172164,0.061292325912749,215.719970703125,117.472915649414,0.0586941223633182,3.63192431114903
4829,13.542,45.521,6,0.183225467801094,27.0264186859131,37.9975051879883,13.0592212677002,-0.0656330212950706,-0.027077479287982,0.070999178649547,315.446411132812,110.088752746582,0.0586941223633182,3.63192431114903
4830,13.542,45.521,7,0.255782574415207,24.5358409881592,38.2588233947754,11.331356048584,0.00153020978905261,-0.0246303882449865,0.0246778760653603,277.791625976562,135.306488037109,0.0586941223633182,3.63192431114903
4831,13.542,45.521,8,0.158192962408066,25.8271598815918,38.1785697937012,11.3145933151245,0.00611359486356378,-0.0224237572401762,0.0232422230202308,318.414154052734,190.168151855469,0.0586941223633182,3.63192431114903
4832,13.542,45.521,9,0.214153587818146,28.3898525238037,37.6424179077148,11.3849468231201,-0.0106956157833338,0.0171369127929211,0.0202007419927309,211.926879882812,-26.7316417694092,0.0586941223633182,3.63192431114903
4833,13.542,45.521,10,0.286094784736633,27.274585723877,38.0413665771484,12.2710886001587,-0.0086346073076129,-0.0303877256810665,0.0315906681699585,248.466156005859,50.7459831237793,0.0586941223633182,3.63192431114903
4834,13.542,45.521,11,0.189478039741516,25.1418743133545,38.3514404296875,11.381326675415,-0.102535352110863,-0.0644609332084656,0.121114451419328,253.944854736328,102.317398071289,0.0586941223633182,3.63192431114903
4835,13.542,45.521,12,0.360522091388702,25.4806842803955,37.6586074829102,11.4496812820435,-0.0178163293749094,-0.0352811850607395,0.0395244685186962,275.083953857422,109.088691711426,0.0586941223633182,3.63192431114903
4836,13.542,45.521,13,0.35175359249115,25.3962574005127,37.4083709716797,11.4233064651489,-0.0748059302568436,-0.0727163329720497,0.104324456780248,176.744766235352,-9.48650550842285,0.0586941223633182,3.63192431114903
4837,13.542,45.521,14,0.26549232006073,25.8780727386475,37.0400619506836,11.3655099868774,-0.00742938090115786,-0.0619834959506989,0.0624271533136406,207.296981811523,75.1240158081055,0.0586941223633182,3.63192431114903
4838,13.542,45.521,15,0.231292635202408,25.1800384521484,36.959300994873,11.365779876709,-0.0163028351962566,-0.0795267298817635,0.0811805592560391,196.183502197266,104.735336303711,0.0586941223633182,3.63192431114903
4839,13.542,45.521,16,0.181134417653084,24.7034149169922,36.7646293640137,11.3648338317871,0.00252562412060797,-0.0128681734204292,0.013113682334754,178.212158203125,34.0659675598145,0.0586941223633182,3.63192431114903
4840,13.542,45.521,17,0.15790981054306,24.1180839538574,37.2593078613281,15.7688179016113,-0.00589712429791689,-0.0119711421430111,0.0133448236853567,196.88346862793,-241.079940795898,0.0586941223633182,3.63192431114903
4841,13.542,45.521,18,0.163504809141159,22.5217437744141,37.2649154663086,15.9435529708862,0.00414150534197688,-0.00287086190655828,0.00503923750027228,136.916488647461,-96.8705673217773,0.0586941223633182,3.63192431114903
4842,13.542,45.521,19,0.216748610138893,21.6162586212158,37.2417945861816,15.7767286300659,-0.000587850110605359,0.00237436546012759,0.00244605377920962,81.9157562255859,-122.581504821777,0.0586941223633182,3.63192431114903
4843,13.542,45.521,20,0.186369732022285,21.0402336120605,37.5178985595703,15.7377948760986,-0.000336817669449374,3.65556297765579e-05,0.000338795596963226,124.665313720703,-34.1705322265625,0.0586941223633182,3.63192431114903
4844,13.542,45.521,21,0.25793993473053,20.7464542388916,37.7030258178711,15.6427898406982,0.00539850490167737,-0.00429127691313624,0.00689629702946811,131.417114257812,-21.1907234191895,0.0586941223633182,3.63192431114903
4845,13.542,45.521,22,0.565061211585999,20.2822551727295,37.6731567382812,15.743655204773,-0.00907391123473644,0.00178914749994874,0.0092486168626692,81.9890060424805,-27.8912811279297,0.0586941223633182,3.63192431114903
4846,13.542,45.521,23,0.541096806526184,20.1168193817139,37.7904853820801,15.7219896316528,0.0051823491230607,0.00694732693955302,0.00866730027392193,62.3909797668457,-58.5437202453613,0.0586941223633182,3.63192431114903
4847,13.542,45.521,24,0.606924891471863,19.0150127410889,37.8658103942871,15.832028388977,0.00175550859421492,0.0026604407466948,0.00318743711954235,50.2915000915527,-112.881767272949,0.0586941223633182,3.63192431114903
4848,13.542,45.521,25,0.629179775714874,17.9738063812256,37.9747276306152,15.7784080505371,0.00353745557367802,0.00461393129080534,0.0058139447788931,51.0010147094727,-102.665557861328,0.0586941223633182,3.63192431114903
4849,13.542,45.521,26,0.529803276062012,16.8188972473145,38.0333023071289,16.2948226928711,-0.00764300860464573,-0.00956298410892487,0.0122419869955101,31.7553539276123,-412.298034667969,0.0586941223633182,3.63192431114903
4850,13.542,45.521,27,0.523788154125214,15.5504446029663,38.2243041992188,15.8369178771973,0.00463568419218063,0.00688225589692593,0.00829789215164942,32.6598320007324,-331.535949707031,0.0586941223633182,3.63192431114903
4851,13.542,45.521,28,0.748814344406128,14.4142045974731,38.2576484680176,14.4139137268066,0.0246725063771009,0.0166997537016869,0.0297928572752781,62.4637641906738,-35.0852241516113,0.0586941223633182,3.63192431114903
4852,13.542,45.521,29,0.662898182868958,13.6860074996948,38.430606842041,15.8705139160156,0.00900217890739441,0.0126170758157969,0.0154993492515751,28.4521007537842,-283.506774902344,0.0586941223633182,3.63192431114903
4853,13.542,45.521,30,0.675226509571075,13.1041841506958,38.4388275146484,15.7287397384644,0.0038797352463007,0.00519316317513585,0.00648238299894221,26.095386505127,-70.9685440063477,0.0586941223633182,3.63192431114903
4854,13.542,45.521,31,0.396574229001999,11.8917827606201,38.0688323974609,15.7492446899414,-0.00955273304134607,-0.0286093484610319,0.0301620544380514,38.8587493896484,-32.6869697570801,0.0586941223633182,3.63192431114903
4855,13.542,45.521,32,0.569404125213623,12.3710994720459,38.2831268310547,15.6651401519775,0.000215682157431729,-0.00179108406882733,0.00180402354048983,27.4367046356201,-41.4720230102539,0.0586941223633182,3.63192431114903
4856,13.542,45.521,33,0.592155516147614,12.0082178115845,38.1400833129883,15.785551071167,0.00307841273024678,1.82473304448649e-05,0.00307846681041291,64.4007720947266,-18.001485824585,0.0586941223633182,3.63192431114903
4857,13.542,45.521,34,0.731580078601837,11.7417001724243,38.0531578063965,11.626823425293,0.00901697017252445,0.0215752255171537,0.0233836718076575,32.3355674743652,-80.5383148193359,0.0586941223633182,3.63192431114903
4858,13.542,45.521,35,0.556925594806671,10.7406892776489,38.2053413391113,15.8244400024414,-0.00733543466776609,-0.0100284898653626,0.0124249430881894,35.6037712097168,-88.0966644287109,0.0586941223633182,3.63192431114903
4859,13.542,45.521,36,0.561897099018097,10.0205059051514,38.2732162475586,15.7257709503174,0.00324364774860442,0.00137138494756073,0.0035216398724774,92.903205871582,-14.0161485671997,0.0586941223633182,3.63192431114903
4860,13.542,45.521,37,0.435879528522491,9.6149091720581,38.324333190918,15.5793304443359,-0.00171187520027161,-0.00194659875705838,0.00259225064804432,106.111122131348,-184.415740966797,0.0586941223633182,3.63192431114903
4861,13.542,45.521,38,0.351349115371704,9.32142639160156,38.3667144775391,15.3675079345703,0.010069933719933,0.000618812278844416,0.0100889292672857,119.324821472168,24.8651828765869,0.0586941223633182,3.63192431114903
4862,13.542,45.521,39,0.254821628332138,9.4021577835083,38.3249282836914,15.5261554718018,0.00401260843500495,-0.00911010801792145,0.00995465190505773,75.0599899291992,15.9072914123535,0.0586941223633182,3.63192431114903
4863,13.542,45.521,40,0.381121695041656,8.96356010437012,38.3211631774902,15.6247367858887,0.00373068894259632,0.00611349288374186,0.00716190164872241,138.694183349609,-131.597930908203,0.0586941223633182,3.63192431114903
4864,13.542,45.521,41,0.325971513986588,9.44681072235107,38.2634963989258,15.898606300354,0.0478109270334244,0.0599267035722733,0.0766622106701505,103.241744995117,56.7340545654297,0.0586941223633182,3.63192431114903
4865,13.542,45.521,42,0.25898352265358,10.1866455078125,38.2398567199707,15.9666156768799,0.00600958056747913,0.108676679432392,0.108842710876971,98.0467910766602,88.8114471435547,0.0586941223633182,3.63192431114903
4866,13.542,45.521,43,0.294286042451859,11.0629329681396,38.1655464172363,15.6290302276611,0.00430635269731283,-0.0232229307293892,0.0236188311568473,202.616958618164,150.033813476562,0.0586941223633182,3.63192431114903
4867,13.542,45.521,44,0.421337991952896,11.4295988082886,37.9423980712891,11.2586650848389,0.0148344486951828,-0.00190400367137045,0.0149561391431948,217.921997070312,60.1096801757812,0.0586941223633182,3.63192431114903
4868,13.542,45.521,45,0.459172457456589,11.6717472076416,38.0767822265625,15.6442060470581,-0.00945776328444481,-0.00878811534494162,0.0129104708535588,233.625854492188,-134.918640136719,0.0586941223633182,3.63192431114903
4869,13.542,45.521,46,0.440629839897156,12.1355714797974,38.1461639404297,15.6807498931885,0.00450296467170119,0.00592494243755937,0.0074418837482845,121.379837036133,43.941822052002,0.0586941223633182,3.63192431114903
4870,13.542,45.521,47,0.461381703615189,12.4522686004639,38.0244369506836,15.6875915527344,-0.00430305069312453,-0.0115978652611375,0.0123703970786349,139.044830322266,98.3843078613281,0.0586941223633182,3.63192431114903
4871,13.542,45.521,48,0.731174290180206,13.5606822967529,37.8380279541016,11.3965892791748,-0.00920235831290483,-0.0353032164275646,0.0364828793908945,150.970565795898,51.0423393249512,0.0586941223633182,3.63192431114903
4872,13.542,45.521,49,0.613205969333649,14.2023000717163,37.9212913513184,15.7740335464478,-0.099747896194458,-0.0666501298546791,0.11996617275243,145.337738037109,99.6584701538086,0.0586941223633182,3.63192431114903
4873,13.542,45.521,50,0.532775044441223,15.3668327331543,38.0055618286133,15.6882801055908,-0.0710079222917557,0.0250514391809702,0.0752974078785576,262.383819580078,226.986282348633,0.0586941223633182,3.63192431114903
4874,13.542,45.521,51,0.324745237827301,15.9188499450684,37.7419166564941,13.0631980895996,-0.118371330201626,-0.0368379019200802,0.12397097576278,167.585113525391,32.094295501709,0.0586941223633182,3.63192431114903
4875,13.542,45.521,52,0.286829829216003,18.4899768829346,37.9142532348633,15.3721857070923,0.0437298901379108,0.0174544807523489,0.0470846279565621,300.065277099609,264.340759277344,0.0586941223633182,3.63192431114903
4876,13.542,45.521,53,0.240753427147865,19.5705146789551,37.6049613952637,13.9703989028931,-0.0505187399685383,-0.00198790966533124,0.0505578369083004,309.792327880859,170.958938598633,0.0586941223633182,3.63192431114903
5990,12.5,45.438,1,1.06933510303497,20.8040447235107,35.3568382263184,7.75638103485107,0.0279497932642698,0.0219089202582836,0.0355132613314978,268.321075439453,170.892562866211,0.059396969619666,1.96661188088855
5991,12.5,45.438,2,1.272416472435,23.9772987365723,35.7970771789551,7.76619052886963,-0.0265193451195955,-0.0340204760432243,0.0431354663331674,176.854309082031,31.7129955291748,0.059396969619666,1.96661188088855
5992,12.5,45.438,3,1.05577564239502,23.9549770355225,35.3514976501465,7.75808572769165,-0.0757632330060005,-0.0390208512544632,0.0852214427720188,335.769287109375,156.043487548828,0.059396969619666,1.96661188088855
5993,12.5,45.438,4,0.985891759395599,25.8041706085205,34.6862831115723,7.76531982421875,-0.00195318437181413,0.0303865894675255,0.0304492979994323,228.043960571289,126.407669067383,0.059396969619666,1.96661188088855
5994,12.5,45.438,5,0.668590307235718,26.4425182342529,35.4518966674805,7.78810453414917,-0.0465474501252174,-0.0434996038675308,0.0637093450742645,193.903945922852,68.759391784668,0.059396969619666,1.96661188088855
5995,12.5,45.438,6,0.608553171157837,27.4610786437988,34.7768058776855,7.77137565612793,-0.0113694071769714,-0.00276740407571197,0.0117013650859221,323.697784423828,131.098617553711,0.059396969619666,1.96661188088855
5996,12.5,45.438,7,0.900464534759521,26.2446269989014,35.282299041748,7.69685077667236,0.0150478556752205,0.0381137393414974,0.040976762768841,277.89794921875,35.1070671081543,0.059396969619666,1.96661188088855
5997,12.5,45.438,8,0.899282693862915,27.2432117462158,34.7811088562012,7.66808462142944,0.00220962637104094,-0.00148071174044162,0.00265987893669641,318.518371582031,170.159744262695,0.059396969619666,1.96661188088855
5998,12.5,45.438,9,0.710825264453888,28.1866397857666,35.0486717224121,7.76811361312866,-0.0215065646916628,0.00133080570958555,0.0215476998464649,217.760162353516,-21.4227256774902,0.059396969619666,1.96661188088855
5999,12.5,45.438,10,0.862689793109894,27.9403858184814,35.2795372009277,7.77158117294312,-0.00508992513641715,-0.0245428066700697,0.0250650493145086,255.029113769531,0.681263744831085,0.059396969619666,1.96661188088855
6000,12.5,45.438,11,0.917992830276489,27.2616691589355,34.305233001709,7.79483795166016,-0.0158971454948187,-0.0206037741154432,0.0260237342186636,281.103881835938,19.614875793457,0.059396969619666,1.96661188088855
6001,12.5,45.438,12,0.953445196151733,26.7363224029541,34.9054298400879,7.8635573387146,0.0214848257601261,0.0284420624375343,0.0356447563274541,269.369995117188,55.9300308227539,0.059396969619666,1.96661188088855
6002,12.5,45.438,13,1.12448120117188,26.2746257781982,34.2909355163574,7.82197904586792,0.042535986751318,0.0594060719013214,0.073064297352765,196.84944152832,35.7284088134766,0.059396969619666,1.96661188088855
6003,12.5,45.438,14,0.981273412704468,26.2414474487305,34.2511329650879,7.72891616821289,0.0313786305487156,0.0317652858793736,0.0446503285778629,178.857894897461,51.1155548095703,0.059396969619666,1.96661188088855
6004,12.5,45.438,15,0.961903810501099,25.6173267364502,34.9222450256348,7.73197746276855,0.0281240977346897,0.0404093414545059,0.0492329132814343,184.465072631836,52.9067001342773,0.059396969619666,1.96661188088855
6005,12.5,45.438,16,0.79507964849472,24.8180141448975,34.8630752563477,7.730712890625,0.00524009857326746,0.0146250799298286,0.0155354947140874,154.271087646484,-8.72642135620117,0.059396969619666,1.96661188088855
6006,12.5,45.438,17,0.687494575977325,23.3246631622314,36.0072441101074,7.76078510284424,-0.00726949237287045,-0.00960925780236721,0.0120492055701435,187.1435546875,-166.129089355469,0.059396969619666,1.96661188088855
6007,12.5,45.438,18,0.85425591468811,21.6736888885498,35.6047821044922,7.93002796173096,-0.0259330924600363,-0.024613244459033,0.0357538401761393,154.84944152832,-75.8796844482422,0.059396969619666,1.96661188088855
6008,12.5,45.438,19,0.824423432350159,21.1460399627686,35.2889404296875,7.76295804977417,-0.00287920143455267,-0.00421586958691478,0.00510522842531097,75.5758895874023,-115.330703735352,0.059396969619666,1.96661188088855
6009,12.5,45.438,20,0.878228902816772,20.2714900970459,35.0069541931152,7.72144031524658,-0.0432703047990799,-0.0308300442993641,0.0531301318359557,112.998054504395,-22.2880859375,0.059396969619666,1.96661188088855
6010,12.5,45.438,21,1.48745274543762,20.0850410461426,35.067497253418,7.62326717376709,0.00830332934856415,0.00957903917878866,0.0126768793423103,129.337554931641,-19.9355812072754,0.059396969619666,1.96661188088855
6011,12.5,45.438,22,1.0975536108017,19.5227489471436,34.2716827392578,7.73085784912109,-0.084856241941452,-0.0474801994860172,0.0972365730559147,90.3494720458984,-1.29645979404449,0.059396969619666,1.96661188088855
6012,12.5,45.438,23,1.5242213010788,19.4451026916504,35.1847267150879,7.70240926742554,0.00369327422231436,0.0034287772141397,0.00503952256324102,46.9679412841797,-83.0609130859375,0.059396969619666,1.96661188088855
6013,12.5,45.438,24,1.49810802936554,18.0694694519043,35.6415405273438,7.81741809844971,-0.00317442370578647,-0.00483665941283107,0.00578534701980672,42.6203651428223,-151.712951660156,0.059396969619666,1.96661188088855
6014,12.5,45.438,25,1.14889967441559,16.7503337860107,34.6845779418945,7.7646222114563,0.00552808353677392,0.0086399232968688,0.0102570942359582,40.6776580810547,-133.087783813477,0.059396969619666,1.96661188088855
6015,12.5,45.438,26,1.06417965888977,15.365364074707,34.4946098327637,8.3867244720459,-0.0977412238717079,-0.121151089668274,0.155662883731959,31.9341888427734,-321.452545166016,0.059396969619666,1.96661188088855
6016,12.5,45.438,27,1.02678871154785,13.9523239135742,34.8867454528809,7.86795043945312,-0.0304186698049307,-0.0431903526186943,0.0528270956236339,30.1546936035156,-235.646331787109,0.059396969619666,1.96661188088855
6017,12.5,45.438,28,1.00038969516754,12.8985576629639,34.931453704834,7.72980737686157,0.00594949116930366,0.00829502381384373,0.0102080294496958,46.5742263793945,-149.282012939453,0.059396969619666,1.96661188088855
6018,12.5,45.438,29,1.01402282714844,10.9683876037598,35.1894493103027,7.87728023529053,-0.02124441601336,-0.0296875853091478,0.0365058616284651,26.7128829956055,-220.824279785156,0.059396969619666,1.96661188088855
6019,12.5,45.438,30,1.12672173976898,10.661958694458,35.6026763916016,7.70441961288452,0.0267431605607271,0.0257237628102303,0.0371067192014306,27.0941677093506,-48.0874824523926,0.059396969619666,1.96661188088855
6020,12.5,45.438,31,1.08314752578735,9.74029731750488,35.4698371887207,7.72610473632812,0.00219832081347704,0.01538853533566,0.0155447622746642,33.2442207336426,-20.1587238311768,0.059396969619666,1.96661188088855
6021,12.5,45.438,32,1.18997812271118,9.92115783691406,35.8896293640137,7.63561105728149,0.0230913050472736,0.021533727645874,0.0315738783666645,27.8143901824951,-4.13009691238403,0.059396969619666,1.96661188088855
6022,12.5,45.438,33,1.26222562789917,10.4289312362671,35.9623947143555,7.75902938842773,0.0255265738815069,0.0129415970295668,0.0286197642863061,68.8694152832031,-22.129207611084,0.059396969619666,1.96661188088855
6023,12.5,45.438,34,1.14737510681152,9.97200584411621,35.8127899169922,8.1041374206543,-0.0626174136996269,-0.0859182924032211,0.106315066984485,32.248104095459,-86.9290161132812,0.059396969619666,1.96661188088855
6024,12.5,45.438,35,1.11980247497559,9.70515155792236,37.05078125,7.82595205307007,-0.0245301965624094,-0.0355343595147133,0.0431789445159482,36.8485794067383,-71.8005599975586,0.059396969619666,1.96661188088855
6025,12.5,45.438,36,0.997761309146881,8.46999168395996,36.8924751281738,7.70001602172852,-0.0018372384365648,-0.00311837019398808,0.0036193476953098,92.7142868041992,-73.1220703125,0.059396969619666,1.96661188088855
6026,12.5,45.438,37,0.714236855506897,7.88102197647095,36.0205688476562,7.58497858047485,-0.0340060293674469,-0.0466472133994102,0.0577267057025583,106.527069091797,-104.671684265137,0.059396969619666,1.96661188088855
6027,12.5,45.438,38,0.641323864459991,7.81488275527954,35.916576385498,7.3342547416687,0.00351291662082076,0.0058889351785183,0.00685712335616248,119.741882324219,3.22795867919922,0.059396969619666,1.96661188088855
6028,12.5,45.438,39,0.333990275859833,7.83669567108154,36.0849685668945,7.50028562545776,0.00186726043466479,0.000620756472926587,0.00196773985311697,66.5133743286133,10.28284740448,0.059396969619666,1.96661188088855
6029,12.5,45.438,40,1.06914591789246,8.12235069274902,35.9642105102539,7.65973043441772,-0.0419086404144764,-0.0590736232697964,0.0724294629802797,125.911331176758,-79.0449600219727,0.059396969619666,1.96661188088855
6030,12.5,45.438,41,0.923490405082703,8.96066093444824,36.3776741027832,7.8746747970581,0.0217611398547888,0.0281441863626242,0.0355758687004801,97.8406829833984,60.5319213867188,0.059396969619666,1.96661188088855
6031,12.5,45.438,42,0.698996841907501,9.96745681762695,35.8347663879395,7.97822284698486,0.0109555562958121,0.00762044126167893,0.0133452365574166,100.818511962891,80.5630264282227,0.059396969619666,1.96661188088855
6032,12.5,45.438,43,0.900849640369415,11.1762323379517,36.0850715637207,7.59869909286499,0.00235206098295748,0.0059529934078455,0.0064008063071306,184.002655029297,144.439758300781,0.059396969619666,1.96661188088855
6033,12.5,45.438,44,1.11447310447693,11.8329858779907,35.8261413574219,7.57839345932007,0.00752130942419171,-0.01021150033921,0.0126824616944867,214.998931884766,80.0554809570312,0.059396969619666,1.96661188088855
6034,12.5,45.438,45,0.837889730930328,12.0522794723511,36.226375579834,7.68442821502686,-0.0220844317227602,-0.0280246678739786,0.0356805848321474,236.38134765625,-71.3058395385742,0.059396969619666,1.96661188088855
6035,12.5,45.438,46,1.12060654163361,12.1688184738159,36.0407562255859,7.66106510162354,0.00378538575023413,0.0218709576874971,0.0221961243339094,125.111755371094,42.3603477478027,0.059396969619666,1.96661188088855
6036,12.5,45.438,47,1.24487936496735,12.8599872589111,36.1512107849121,7.6666464805603,-0.000894784228876233,-0.00361566664651036,0.00372473946940362,135.252914428711,90.0309524536133,0.059396969619666,1.96661188088855
6037,12.5,45.438,48,1.30292081832886,14.3342723846436,34.8232307434082,7.70804119110107,-0.0649253353476524,-0.0163232535123825,0.0669458570430959,175.378082275391,56.3376274108887,0.059396969619666,1.96661188088855
6038,12.5,45.438,49,1.08402681350708,15.2793579101562,34.4238777160645,7.78843641281128,-0.128846988081932,-0.197644725441933,0.235934278630305,145.364685058594,25.8026351928711,0.059396969619666,1.96661188088855
6039,12.5,45.438,50,1.18484139442444,17.4094352722168,35.0654067993164,7.68940544128418,-0.117401488125324,-0.0900515168905258,0.147960755297901,255.139541625977,137.241897583008,0.059396969619666,1.96661188088855
6040,12.5,45.438,51,0.892389476299286,16.7897987365723,35.0209808349609,7.95339345932007,-0.0478966757655144,-0.0643931925296783,0.0802531917966571,160.703521728516,-57.7112197875977,0.059396969619666,1.96661188088855
6041,12.5,45.438,52,0.796723008155823,18.8148498535156,36.0355644226074,7.80645227432251,0.0273391511291265,0.00948718935251236,0.0289384855559451,317.317626953125,230.585418701172,0.059396969619666,1.96661188088855
6042,12.5,45.438,53,0.719729542732239,21.1643447875977,35.8262825012207,7.7779860496521,-0.0312563590705395,-0.0171762928366661,0.035664898961828,278.049774169922,132.668151855469,0.059396969619666,1.96661188088855
6043,12.542,45.438,1,0.97787219285965,20.5500545501709,35.6306457519531,12.4694128036499,0.0262986924499273,-0.0311044231057167,0.0407321293491429,268.833068847656,182.132415771484,0.0419999999999998,2.00861188088855
6044,12.542,45.438,2,1.2745178937912,23.8427772521973,35.7897605895996,12.2208786010742,-0.0286942161619663,-0.0171229299157858,0.0334148585220791,176.606033325195,36.4545593261719,0.0419999999999998,2.00861188088855
6045,12.542,45.438,3,1.00961995124817,23.8418579101562,35.5697135925293,12.4669551849365,-0.0750606209039688,0.0172578189522028,0.0770190179467145,335.767242431641,165.309432983398,0.0419999999999998,2.00861188088855
6046,12.542,45.438,4,0.953984379768372,25.7251892089844,34.8409957885742,12.4019107818604,0.00136277789715677,0.0561311542987823,0.0561476949349721,229.293884277344,130.711898803711,0.0419999999999998,2.00861188088855
6047,12.542,45.438,5,0.629883408546448,26.3449554443359,35.5165672302246,12.23912525177,-0.0570294074714184,-0.0146528938785195,0.0588817511250831,194.412078857422,78.6145858764648,0.0419999999999998,2.00861188088855
6048,12.542,45.438,6,0.568224787712097,27.3897933959961,34.7816352844238,12.4865922927856,-0.00574065884575248,0.0117089739069343,0.0130405227631634,323.020324707031,130.364166259766,0.0419999999999998,2.00861188088855
6049,12.542,45.438,7,0.833056092262268,25.9653930664062,35.0782051086426,12.0344762802124,0.0291178375482559,0.0727176442742348,0.078330736319026,277.402282714844,51.9977951049805,0.0419999999999998,2.00861188088855
6050,12.542,45.438,8,0.841700792312622,26.9582958221436,34.6814308166504,12.0255613327026,-0.00578509224578738,-0.0217404253780842,0.0224969639709965,318.518341064453,180.703552246094,0.0419999999999998,2.00861188088855
6051,12.542,45.438,9,0.683476686477661,28.1231002807617,35.1773223876953,12.1888275146484,-0.0163879804313183,0.0157067961990833,0.0226995451376632,217.521224975586,-18.5653381347656,0.0419999999999998,2.00861188088855
6052,12.542,45.438,10,0.812986135482788,27.7734889984131,35.3504943847656,11.9085807800293,-0.0108476895838976,-0.00766331469640136,0.0132815195457704,253.795211791992,10.7499189376831,0.0419999999999998,2.00861188088855
6053,12.542,45.438,11,0.85646653175354,27.1445770263672,34.3729515075684,11.7544116973877,-0.0370653867721558,-0.0437747351825237,0.0573591347290872,278.930053710938,26.3437747955322,0.0419999999999998,2.00861188088855
6054,12.542,45.438,12,0.915627002716064,26.6378116607666,34.9797401428223,12.579005241394,0.0263317264616489,0.0281522050499916,0.0385474573432266,269.563110351562,61.8954048156738,0.0419999999999998,2.00861188088855
6055,12.542,45.438,13,1.10275185108185,26.2706203460693,34.3308372497559,12.5379543304443,0.0635368973016739,0.0597772672772408,0.0872367984388362,195.616302490234,32.1566886901855,0.0419999999999998,2.00861188088855
6056,12.542,45.438,14,0.94905561208725,26.2666301727295,34.2916564941406,12.4439077377319,0.0407337471842766,0.0268757417798042,0.0488010620364688,180.106094360352,48.7288780212402,0.0419999999999998,2.00861188088855
6057,12.542,45.438,15,0.915089070796967,25.5006904602051,34.9726333618164,12.2941932678223,0.0368599444627762,0.0270415637642145,0.0457154424304635,184.927978515625,55.3236808776855,0.0419999999999998,2.00861188088855
6058,12.542,45.438,16,0.764290809631348,24.7338066101074,34.9115219116211,12.0345516204834,0.014885326847434,0.0245051272213459,0.0286718366256731,155.37141418457,-3.96775770187378,0.0419999999999998,2.00861188088855
6059,12.542,45.438,17,0.667668581008911,23.6526927947998,36.0609283447266,12.4749202728271,-0.00645025866106153,-0.000741090625524521,0.00649269220815522,188.967880249023,-189.325393676758,0.0419999999999998,2.00861188088855
6060,12.542,45.438,18,0.809919714927673,21.6735229492188,35.2613983154297,12.646728515625,-0.049942173063755,-0.0228443387895823,0.054918889874644,155.316787719727,-66.9791793823242,0.0419999999999998,2.00861188088855
6061,12.542,45.438,19,0.810161828994751,21.4772434234619,35.4831809997559,12.4774904251099,-8.8134896941483e-05,0.00577526073902845,0.00577593320285323,75.4170455932617,-132.121780395508,0.0419999999999998,2.00861188088855
6062,12.542,45.438,20,0.818708181381226,20.4012050628662,34.7673721313477,12.3551559448242,-0.0431662946939468,-0.014798135496676,0.0456323767930473,113.392059326172,-25.6813793182373,0.0419999999999998,2.00861188088855
6063,12.542,45.438,21,1.43753182888031,20.0246162414551,35.1575508117676,12.336594581604,0.0139219760894775,0.00102146668359637,0.0139593987127556,130.042129516602,-17.917875289917,0.0419999999999998,2.00861188088855
6064,12.542,45.438,22,1.04702997207642,19.7468891143799,33.987361907959,12.4454889297485,-0.0968847125768661,-0.0297273900359869,0.10134281054645,90.4837799072266,-12.2925662994385,0.0419999999999998,2.00861188088855
6065,12.542,45.438,23,1.44348311424255,19.1871681213379,35.1859703063965,12.4168643951416,0.014048183336854,0.0145822148770094,0.0202482701924173,46.984935760498,-66.1765670776367,0.0419999999999998,2.00861188088855
6066,12.542,45.438,24,1.4573392868042,18.3076057434082,35.5178337097168,12.5336656570435,-0.00145756651181728,0.00297993188723922,0.00331730224564423,42.762809753418,-154.291732788086,0.0419999999999998,2.00861188088855
6067,12.542,45.438,25,1.09468758106232,17.2324104309082,34.8126182556152,12.4799718856812,0.00364795350469649,-0.00195068609900773,0.00413675489113017,40.9672508239746,-160.345611572266,0.0419999999999998,2.00861188088855
6068,12.542,45.438,26,1.02973639965057,15.9863891601562,34.601806640625,13.0179595947266,-0.128661215305328,-0.100157707929611,0.163049915000154,31.934175491333,-368.014678955078,0.0419999999999998,2.00861188088855
6069,12.542,45.438,27,0.995628297328949,14.4091682434082,34.9272232055664,12.5822916030884,-0.0318751595914364,-0.0202235523611307,0.0377494088573972,30.2107963562012,-264.429290771484,0.0419999999999998,2.00861188088855
6070,12.542,45.438,28,0.976023316383362,13.2771110534668,35.1235313415527,12.4445219039917,0.00766157079488039,0.00792389828711748,0.0110221518366219,46.6963386535645,-155.35725402832,0.0419999999999998,2.00861188088855
6071,12.542,45.438,29,0.988377630710602,11.6339435577393,35.4607772827148,12.591290473938,-0.0201554968953133,-0.00784138217568398,0.0216270971126991,26.7220211029053,-256.699584960938,0.0419999999999998,2.00861188088855
6072,12.542,45.438,30,1.08872210979462,10.9025630950928,35.8532600402832,12.4184226989746,0.0324957929551601,-0.025388790294528,0.0412379343857589,27.0606422424316,-53.7854690551758,0.0419999999999998,2.00861188088855
6073,12.542,45.438,31,1.03912782669067,9.91579055786133,35.5348777770996,11.957986831665,0.0114403534680605,0.0163196548819542,0.0199301987682074,33.9733619689941,-23.2390747070312,0.0419999999999998,2.00861188088855
6074,12.542,45.438,32,1.12734627723694,9.9863920211792,35.922534942627,12.0314855575562,0.0363735184073448,0.0157135892659426,0.0396225911437932,27.7950859069824,-3.40351295471191,0.0419999999999998,2.00861188088855
6075,12.542,45.438,33,1.20558428764343,10.6446151733398,35.9565238952637,12.2084131240845,0.0216031186282635,0.00551438052207232,0.0222958096289198,68.6235046386719,-17.7180995941162,0.0419999999999998,2.00861188088855
6076,12.542,45.438,34,1.07905113697052,10.5133152008057,36.1208915710449,12.0474891662598,-0.0893741175532341,-0.0816659480333328,0.121066345268214,32.2394638061523,-112.038955688477,0.0419999999999998,2.00861188088855
6077,12.542,45.438,35,1.07015645503998,9.8957929611206,36.9180526733398,12.5408067703247,-0.0362590998411179,-0.0382224656641483,0.0526847150769097,36.7920875549316,-71.8840408325195,0.0419999999999998,2.00861188088855
6078,12.542,45.438,36,0.938342571258545,8.7643871307373,36.8501396179199,12.4149332046509,-0.00479642814025283,-0.000153401779243723,0.00479888059973202,92.7879104614258,-75.3179779052734,0.0419999999999998,2.00861188088855
6079,12.542,45.438,37,0.66113930940628,8.18691158294678,35.9007339477539,11.5553951263428,-0.0818744748830795,-0.0728436857461929,0.109588467415464,106.527038574219,-107.990409851074,0.0419999999999998,2.00861188088855
6080,12.542,45.438,38,0.604756891727448,7.9621319770813,35.9737663269043,12.045313835144,0.0107864635065198,0.019223989918828,0.0220433568989999,119.741851806641,14.0030336380005,0.0419999999999998,2.00861188088855
6081,12.542,45.438,39,0.315956830978394,7.84606838226318,36.1642608642578,12.2125835418701,0.0059953099116683,0.01090750657022,0.0124465834877022,66.666145324707,13.8603038787842,0.0419999999999998,2.00861188088855
6082,12.542,45.438,40,1.01337015628815,8.50643062591553,36.1103286743164,12.3698396682739,-0.0452325083315372,-0.0316007435321808,0.055177774526971,127.061477661133,-103.997215270996,0.0419999999999998,2.00861188088855
6083,12.542,45.438,41,0.899779558181763,8.98976898193359,36.3501930236816,12.590968132019,0.0166493467986584,0.0121636679396033,0.0206193008263357,98.2183227539062,65.3590850830078,0.0419999999999998,2.00861188088855
6084,12.542,45.438,42,0.643430411815643,9.97859382629395,36.1206932067871,12.6936368942261,-0.00130425067618489,-0.0345291160047054,0.0345537396224017,101.126518249512,77.5492782592773,0.0419999999999998,2.00861188088855
6085,12.542,45.438,43,0.825456082820892,11.1521787643433,35.7796249389648,12.3127889633179,0.0011814758181572,-0.00456707365810871,0.00471741951785939,183.953811645508,147.126556396484,0.0419999999999998,2.00861188088855
6086,12.542,45.438,44,0.982406079769135,11.7633333206177,36.1808967590332,11.7908668518066,-0.012006476521492,-0.0236801952123642,0.0265500870762567,213.962936401367,81.839599609375,0.0419999999999998,2.00861188088855
6087,12.542,45.438,45,0.784515917301178,11.9817523956299,36.5885581970215,12.0981941223145,-0.0287523008882999,-0.0280770659446716,0.04018726711824,236.382308959961,-71.1491088867188,0.0419999999999998,2.00861188088855
6088,12.542,45.438,46,1.09258222579956,12.1268167495728,35.9614372253418,12.3748607635498,0.00751679250970483,0.0243570655584335,0.0254905631999723,125.066772460938,40.272533416748,0.0419999999999998,2.00861188088855
6089,12.542,45.438,47,1.19751286506653,12.7991104125977,35.9487609863281,12.3810186386108,-0.0153881525620818,-0.000304269371554255,0.0153911604216307,135.441345214844,92.0002975463867,0.0419999999999998,2.00861188088855
6090,12.542,45.438,48,1.25145983695984,14.144983291626,34.6858024597168,12.3322010040283,-0.0723635330796242,-0.0203102771192789,0.0751597517054691,175.169799804688,60.5625648498535,0.0419999999999998,2.00861188088855
6091,12.542,45.438,49,1.01460480690002,15.1604661941528,34.5439033508301,11.7473964691162,-0.151687771081924,-0.0999813675880432,0.181674031607651,145.364669799805,35.0214996337891,0.0419999999999998,2.00861188088855
6092,12.542,45.438,50,1.07226526737213,17.2755241394043,34.864631652832,11.6544952392578,-0.142159253358841,-0.0143712144345045,0.142883816857843,256.877380371094,143.516754150391,0.0419999999999998,2.00861188088855
6093,12.542,45.438,51,0.80752968788147,16.6356868743896,35.4704246520996,12.2011594772339,-0.0897576361894608,-0.10801113396883,0.1404380230406,160.802764892578,-47.7128601074219,0.0419999999999998,2.00861188088855
6094,12.542,45.438,52,0.712922215461731,18.8323841094971,36.1297836303711,12.5215072631836,0.0253268294036388,-0.0147390244528651,0.0293033637909231,317.123291015625,224.312530517578,0.0419999999999998,2.00861188088855
6095,12.542,45.438,53,0.627781987190247,20.7988929748535,35.7785491943359,12.4417533874512,-0.057142898440361,-0.0405787974596024,0.0700853026349522,280.905029296875,148.166397094727,0.0419999999999998,2.00861188088855
6096,12.583,45.438,1,0.844772934913635,20.3522930145264,36.0525360107422,11.8274278640747,-0.00513294991105795,-0.0529576614499092,0.0532058369075483,269.279327392578,190.570175170898,0.0410000000000004,2.04961188088855
6097,12.583,45.438,2,1.26991391181946,23.8078231811523,35.55859375,11.839527130127,-0.0429352074861526,-0.0104096587747335,0.044179101820718,176.357574462891,35.4773788452148,0.0410000000000004,2.04961188088855
6098,12.583,45.438,3,0.948944389820099,23.8474597930908,35.6011581420898,11.8306179046631,-0.0721029043197632,0.0494745597243309,0.0874446160221503,335.767852783203,166.228988647461,0.0410000000000004,2.04961188088855
6099,12.583,45.438,4,0.909139335155487,25.6937770843506,35.029972076416,11.8367309570312,0.0210729371756315,0.0588261894881725,0.0624867125948109,230.638595581055,133.722702026367,0.0410000000000004,2.04961188088855
6100,12.583,45.438,5,0.586487293243408,26.3324451446533,35.3982582092285,11.8550233840942,-0.0803310722112656,0.00023165624588728,0.0803314062321071,194.922805786133,82.9023818969727,0.0410000000000004,2.04961188088855
6101,12.583,45.438,6,0.516183733940125,27.3249816894531,34.5761375427246,11.8432502746582,-0.00252369442023337,0.0205854065716267,0.020739527411344,322.107666015625,129.845962524414,0.0410000000000004,2.04961188088855
6102,12.583,45.438,7,0.749893426895142,25.8564319610596,35.0969314575195,11.7846994400024,0.0631732791662216,0.0789252072572708,0.101094270565728,276.948333740234,59.7601699829102,0.0410000000000004,2.04961188088855
6103,12.583,45.438,8,0.767973840236664,26.8165378570557,34.653133392334,11.7618713378906,-0.0221326854079962,-0.026229701936245,0.0343198634471873,318.518249511719,184.568237304688,0.0410000000000004,2.04961188088855
6104,12.583,45.438,9,0.635160207748413,28.1018314361572,35.2909889221191,11.8387832641602,0.000530332326889038,0.018028125166893,0.0180359238579593,217.281890869141,-16.2890377044678,0.0410000000000004,2.04961188088855
6105,12.583,45.438,10,0.750263333320618,27.6375598907471,35.4075736999512,11.8411931991577,-0.0182459503412247,0.0106500945985317,0.0211267417935684,252.760116577148,21.5383987426758,0.0410000000000004,2.04961188088855
6106,12.583,45.438,11,0.767555117607117,27.0979442596436,34.3923759460449,11.8581418991089,-0.0734963119029999,-0.025882463902235,0.0779205351688086,276.591491699219,25.2837619781494,0.0410000000000004,2.04961188088855
6107,12.583,45.438,12,0.85213828086853,26.5044956207275,35.0461120605469,11.9132223129272,0.037691205739975,0.028122503310442,0.0470266114299015,269.642272949219,66.6979370117188,0.0410000000000004,2.04961188088855
6108,12.583,45.438,13,1.06970691680908,26.2603549957275,34.3966445922852,11.8821039199829,0.103066384792328,0.0456990711390972,0.112743446714816,194.382781982422,29.4658603668213,0.0410000000000004,2.04961188088855
6109,12.583,45.438,14,0.891110956668854,26.2615985870361,34.382682800293,11.8100318908691,0.0588556677103043,0.0200733263045549,0.0621846287321464,181.358810424805,49.4195289611816,0.0410000000000004,2.04961188088855
6110,12.583,45.438,15,0.824430346488953,25.4017868041992,35.0571022033691,11.8115606307983,0.0447372272610664,0.00464798556640744,0.0449780310021886,185.202194213867,58.943675994873,0.0410000000000004,2.04961188088855
6111,12.583,45.438,16,0.714518427848816,24.7344017028809,35.0142211914062,11.810188293457,0.0224689655005932,0.00260746316052973,0.022619754083552,156.456100463867,-3.88427829742432,0.0410000000000004,2.04961188088855
6112,12.583,45.438,17,0.64631187915802,23.8692989349365,36.133846282959,15.4742555618286,-0.00439764373004436,0.00271319248713553,0.00516727044469778,191.00129699707,-203.140151977539,0.0410000000000004,2.04961188088855
6113,12.583,45.438,18,0.75314050912857,21.6045570373535,35.0810279846191,14.8158512115479,-0.0960095971822739,-0.0358396954834461,0.102480859302841,155.777374267578,-59.6724967956543,0.0410000000000004,2.04961188088855
6114,12.583,45.438,19,0.78876918554306,21.5890636444092,35.6111793518066,11.8353233337402,-0.00310590397566557,-0.00101319595705718,0.00326698722884743,75.2584991455078,-134.24089050293,0.0410000000000004,2.04961188088855
6115,12.583,45.438,20,0.756416857242584,20.4522552490234,34.6891174316406,11.8045225143433,-0.0390268042683601,-0.00973133556544781,0.0402217645471732,113.785972595215,-26.7179107666016,0.0410000000000004,2.04961188088855
6116,12.583,45.438,21,1.34265756607056,20.0491809844971,35.2850723266602,11.7275648117065,0.0243627950549126,0.0122413905337453,0.0272653154224803,131.826324462891,-22.1753482818604,0.0410000000000004,2.04961188088855
6117,12.583,45.438,22,0.983993411064148,19.9069843292236,33.8591041564941,11.8108015060425,-0.127984538674355,-0.078596442937851,0.150191354552019,90.6254196166992,-16.6560478210449,0.0410000000000004,2.04961188088855
6118,12.583,45.438,23,1.31722629070282,19.2422046661377,35.2372550964355,11.7896118164062,0.0342852175235748,0.0242723096162081,0.0420073940484757,47.0023803710938,-63.9270629882812,0.0410000000000004,2.04961188088855
6119,12.583,45.438,24,1.41589784622192,17.9357318878174,35.0501098632812,15.5349140167236,-0.0253353007137775,-0.0403178296983242,0.0476172747418477,42.9159202575684,-121.432388305664,0.0410000000000004,2.04961188088855
6120,12.583,45.438,25,1.04262840747833,17.353494644165,34.8660049438477,11.8371934890747,-0.0101557997986674,-0.0749826729297638,0.0756673080612925,41.2549133300781,-161.151809692383,0.0410000000000004,2.04961188088855
6121,12.583,45.438,26,0.992459774017334,16.3368339538574,34.7057266235352,13.2976522445679,-0.211440324783325,-0.134237989783287,0.25045328675331,31.934139251709,-387.0263671875,0.0410000000000004,2.04961188088855
6122,12.583,45.438,27,0.962975263595581,14.6076030731201,34.8536643981934,15.0063028335571,-0.0535286031663418,-0.024976622313261,0.0590689683261777,30.2667026519775,-272.623748779297,0.0410000000000004,2.04961188088855
6123,12.583,45.438,28,0.957843244075775,13.4709987640381,35.3433723449707,11.8098258972168,0.00922257080674171,-0.0404541119933128,0.0414920593542049,46.7195243835449,-147.277359008789,0.0410000000000004,2.04961188088855
6124,12.583,45.438,29,0.955540180206299,12.0616426467896,35.777645111084,15.5893259048462,-0.0235300846397877,-0.0175635144114494,0.0293622533473976,26.7318325042725,-274.589508056641,0.0410000000000004,2.04961188088855
6125,12.583,45.438,30,1.04038536548615,11.251633644104,36.3165588378906,11.7891311645508,0.0227274596691132,-0.0629879087209702,0.0669627812150334,27.0272064208984,-65.7607574462891,0.0410000000000004,2.04961188088855
6126,12.583,45.438,31,0.935769140720367,9.96418762207031,35.5296058654785,11.8082609176636,0.0231380742043257,0.0128218419849873,0.0264531682369591,34.7054214477539,-17.6443367004395,0.0410000000000004,2.04961188088855
6127,12.583,45.438,32,1.03921592235565,10.0524244308472,35.9699745178223,11.7380809783936,0.0520672351121902,0.0155683532357216,0.0543449224371541,27.7757701873779,-1.6287534236908,0.0410000000000004,2.04961188088855
6128,12.583,45.438,33,1.14125525951385,10.7452983856201,35.7416114807129,11.834511756897,0.0140074295923114,-0.0113480854779482,0.0180273993631466,68.1469268798828,-11.1053133010864,0.0410000000000004,2.04961188088855
6129,12.583,45.438,34,0.997734725475311,10.6488018035889,36.3212699890137,12.0962247848511,-0.167328327894211,-0.111026614904404,0.200812545755994,32.2308044433594,-108.838844299316,0.0410000000000004,2.04961188088855
6130,12.583,45.438,35,1.01696109771729,10.0053844451904,36.8245277404785,13.0707740783691,-0.0625345483422279,-0.0373891890048981,0.0728595991672369,36.7352600097656,-66.958366394043,0.0410000000000004,2.04961188088855
6131,12.583,45.438,36,0.869367003440857,8.75857925415039,36.6645202636719,14.0601024627686,-0.0171982459723949,0.00222393590956926,0.0173414404089415,92.8570175170898,-55.2891654968262,0.0410000000000004,2.04961188088855
6132,12.583,45.438,37,0.605690240859985,8.36613750457764,35.6859092712402,11.6959772109985,-0.1721001714468,-0.067048005759716,0.184699496719328,106.526947021484,-106.233222961426,0.0410000000000004,2.04961188088855
6133,12.583,45.438,38,0.557485580444336,8.06420707702637,35.9199180603027,11.5047922134399,0.0177199747413397,0.0191351398825645,0.0260797063472545,119.741752624512,26.0344753265381,0.0410000000000004,2.04961188088855
6134,12.583,45.438,39,0.29513356089592,7.93936204910278,36.146427154541,11.6329126358032,0.0142720444127917,0.0386930406093597,0.0412412735414204,66.8216018676758,15.2789030075073,0.0410000000000004,2.04961188088855
6135,12.583,45.438,40,0.943221628665924,8.66359519958496,36.3217277526855,15.3663816452026,-0.0595687106251717,-0.0417876802384853,0.0727642872930075,128.212051391602,-110.306533813477,0.0410000000000004,2.04961188088855
6136,12.583,45.438,41,0.86483883857727,9.02334880828857,36.0308074951172,11.9229602813721,0.00533513398841023,-0.00343102449551225,0.00634315250984045,98.5970458984375,70.3294219970703,0.0410000000000004,2.04961188088855
6137,12.583,45.438,42,0.575350105762482,10.0225830078125,36.490161895752,11.9996538162231,-0.0551361665129662,-0.052752036601305,0.0763071046713932,101.435111999512,74.2115173339844,0.0410000000000004,2.04961188088855
6138,12.583,45.438,43,0.72273451089859,11.1597509384155,35.4350814819336,11.7096786499023,-0.0150591945275664,-0.0341087132692337,0.0372851667651076,184.057266235352,149.865447998047,0.0410000000000004,2.04961188088855
6139,12.583,45.438,44,0.795957863330841,11.6842784881592,36.4199523925781,11.6902685165405,-0.058798149228096,-0.030892975628376,0.0664198637142902,212.698043823242,80.4268798828125,0.0410000000000004,2.04961188088855
6140,12.583,45.438,45,0.726922512054443,11.9073257446289,36.8049926757812,14.3899564743042,-0.0745208263397217,-0.0363009423017502,0.0828921707421754,236.383010864258,-70.3852615356445,0.0410000000000004,2.04961188088855
6141,12.583,45.438,46,1.05694317817688,12.0760517120361,35.8497467041016,11.7569131851196,0.0108850803226233,0.0200775098055601,0.0228383750214923,125.019790649414,40.1065406799316,0.0410000000000004,2.04961188088855
6142,12.583,45.438,47,1.12852573394775,12.7332639694214,35.6353378295898,11.7620887756348,-0.0322787202894688,-0.00903905648738146,0.0335204463828845,135.629379272461,93.1691818237305,0.0410000000000004,2.04961188088855
6143,12.583,45.438,48,1.17575335502625,13.9939451217651,34.7129440307617,11.7912015914917,-0.100394025444984,-0.0661779940128326,0.120243449869881,174.962829589844,61.4824905395508,0.0410000000000004,2.04961188088855
6144,12.583,45.438,49,0.936727046966553,15.0730657577515,34.7478256225586,11.8507661819458,-0.213891237974167,-0.156196340918541,0.264852333571866,145.364624023438,40.6106224060059,0.0410000000000004,2.04961188088855
6145,12.583,45.438,50,0.920888543128967,17.2220363616943,34.6386337280273,11.7769985198975,-0.190494269132614,-0.0237982235848904,0.191975055718615,258.58740234375,143.340301513672,0.0410000000000004,2.04961188088855
6146,12.583,45.438,51,0.710618019104004,16.5113182067871,35.7397994995117,12.396502494812,-0.166035354137421,-0.115333624184132,0.202162270691109,160.902114868164,-38.166374206543,0.0410000000000004,2.04961188088855
6147,12.583,45.438,52,0.620678663253784,18.7864837646484,36.1235466003418,11.8689651489258,0.00427481438964605,-0.0360477231442928,0.0363003082900615,316.925140380859,223.703430175781,0.0410000000000004,2.04961188088855
6148,12.583,45.438,53,0.516939163208008,20.6833972930908,35.7364044189453,11.8455991744995,-0.121426455676556,-0.0766304507851601,0.143584853399331,283.979705810547,150.984359741211,0.0410000000000004,2.04961188088855
7262,13.5,45.438,1,0.090478777885437,20.1483192443848,38.5454483032227,13.1638593673706,-0.00285490555688739,0.0196312442421913,0.0198377477611577,265.286437988281,253.496627807617,0.0829999999999984,3.75692431114903
7263,13.5,45.438,2,0.165823817253113,23.2636680603027,38.55908203125,12.0843858718872,-0.0434302538633347,-0.0462937578558922,0.0634767592671024,182.915618896484,77.2795486450195,0.0829999999999984,3.75692431114903
7264,13.5,45.438,3,0.14617708325386,21.6711273193359,38.435302734375,13.4583139419556,-0.0490268729627132,-0.0221932530403137,0.0538161198249504,335.681549072266,257.291137695312,0.0829999999999984,3.75692431114903
7265,13.5,45.438,4,0.119504183530807,24.7660140991211,38.3979759216309,11.0973739624023,0.0167590975761414,0.05195377394557,0.0545899439343366,247.634078979492,142.01123046875,0.0829999999999984,3.75692431114903
7266,13.5,45.438,5,0.0907560735940933,26.4159507751465,38.1646194458008,11.1203022003174,-0.0313754864037037,-0.0323345586657524,0.0450549090685796,221.394332885742,118.738220214844,0.0829999999999984,3.75692431114903
7267,13.5,45.438,6,0.0949785336852074,26.4619178771973,38.270622253418,13.3157997131348,-0.0445734336972237,-0.0592112801969051,0.0741132018881738,319.228790283203,167.395843505859,0.0829999999999984,3.75692431114903
7268,13.5,45.438,7,0.104088976979256,24.520133972168,38.4272842407227,12.4162425994873,0.00149509229231626,0.0311752520501614,0.0312110820279213,281.379180908203,144.882766723633,0.0829999999999984,3.75692431114903
7269,13.5,45.438,8,0.0857519805431366,26.1328144073486,38.3681449890137,12.8170480728149,0.0369402430951595,-0.0150128519162536,0.0398743938209578,318.518371582031,172.219573974609,0.0829999999999984,3.75692431114903
7270,13.5,45.438,9,0.0989589244127274,28.4374485015869,36.9781265258789,11.1008605957031,-0.00745993200689554,-0.0314439535140991,0.0323167572343565,210.358474731445,-26.7662830352783,0.0829999999999984,3.75692431114903
7271,13.5,45.438,10,0.118821896612644,27.0767097473145,37.6714477539062,12.2915935516357,-0.0220998842269182,-0.0528828799724579,0.057314953345742,245.289459228516,67.0260848999023,0.0829999999999984,3.75692431114903
7272,13.5,45.438,11,0.110364943742752,23.9666919708252,38.3458938598633,12.3021183013916,-0.0571596957743168,-0.0319764241576195,0.0654959733336366,246.443344116211,211.517425537109,0.0829999999999984,3.75692431114903
7273,13.5,45.438,12,0.0899340957403183,25.5114440917969,37.8408393859863,11.1699886322021,0.0204033646732569,0.0852837562561035,0.087690457697177,274.431671142578,122.550201416016,0.0829999999999984,3.75692431114903
7274,13.5,45.438,13,0.207521304488182,25.3468551635742,37.3329124450684,11.7805891036987,0.0407130867242813,-0.0876549109816551,0.096648532579759,181.248062133789,11.6671133041382,0.0829999999999984,3.75692431114903
7275,13.5,45.438,14,0.156900897622108,25.9527225494385,36.4537582397461,11.0748443603516,0.0880974158644676,-0.117600813508034,0.146939123516333,206.084869384766,83.1767120361328,0.0829999999999984,3.75692431114903
7276,13.5,45.438,15,0.115521535277367,25.3315105438232,36.9665260314941,11.0752668380737,0.0713820680975914,-0.0800600871443748,0.107261443209823,194.743789672852,98.1221237182617,0.0829999999999984,3.75692431114903
7277,13.5,45.438,16,0.0819148123264313,24.8412780761719,36.6615447998047,11.0750932693481,0.0480384491384029,-0.0287683606147766,0.0559938493772732,179.734970092773,30.5314235687256,0.0829999999999984,3.75692431114903
7278,13.5,45.438,17,0.139763608574867,23.5910396575928,37.1344680786133,13.4704885482788,0.00570079637691379,-0.0186870899051428,0.0195373081168804,197.240936279297,-190.720565795898,0.0829999999999984,3.75692431114903
7279,13.5,45.438,18,0.14569216966629,22.3670082092285,37.375789642334,13.6403217315674,-0.00431252876296639,0.00687731197103858,0.00811759350290485,141.511352539062,-88.405158996582,0.0829999999999984,3.75692431114903
7280,13.5,45.438,19,0.245806649327278,21.4429130554199,37.4781074523926,13.4762277603149,-0.00168718595523387,-0.000785079610068351,0.00186089936366358,83.6283187866211,-102.186180114746,0.0829999999999984,3.75692431114903
7281,13.5,45.438,20,0.186467468738556,20.9990844726562,37.6065864562988,13.4400520324707,0.000836144434288144,-0.00479910988360643,0.00487140566879007,126.887298583984,-25.3603229522705,0.0829999999999984,3.75692431114903
7282,13.5,45.438,21,0.259826600551605,20.8036575317383,37.6742935180664,13.3467702865601,0.00499274581670761,0.00014415908663068,0.00499482658683057,131.826461791992,-13.8083200454712,0.0829999999999984,3.75692431114903
7283,13.5,45.438,22,0.458720505237579,20.331729888916,37.7245635986328,13.4452924728394,-0.0291024129837751,0.0344689637422562,0.0451116382205654,86.2659530639648,-14.9101390838623,0.0829999999999984,3.75692431114903
7284,13.5,45.438,23,0.470331847667694,20.174165725708,37.8240623474121,13.4236240386963,-0.00280822650529444,0.00540712429210544,0.00609287528309213,63.647216796875,-51.709831237793,0.0829999999999984,3.75692431114903
7285,13.5,45.438,24,0.637404918670654,19.0096168518066,37.9095115661621,13.5312623977661,-0.000659751065541059,0.000752809282857925,0.00100099614626612,50.1316986083984,-104.331260681152,0.0829999999999984,3.75692431114903
7286,13.5,45.438,25,0.481762588024139,18.0779399871826,38.0244407653809,13.4796056747437,-0.00280690938234329,0.0045531396754086,0.00534881493271797,48.8819236755371,-109.310745239258,0.0829999999999984,3.75692431114903
7287,13.5,45.438,26,0.596096932888031,16.7052249908447,38.0829238891602,13.9977674484253,-0.0437012165784836,0.0608229413628578,0.0748947696870026,31.9341888427734,-378.268127441406,0.0829999999999984,3.75692431114903
7288,13.5,45.438,27,0.642571806907654,15.637993812561,38.2960510253906,13.5444478988647,-0.0261528715491295,0.037131454795599,0.0454171512261929,32.7239837646484,-312.4375,0.0829999999999984,3.75692431114903
7289,13.5,45.438,28,0.688890397548676,14.7723007202148,38.3259353637695,12.4297456741333,-0.0168768204748631,0.0274329371750355,0.0322085875410612,62.4792442321777,-62.0642700195312,0.0829999999999984,3.75692431114903
7290,13.5,45.438,29,0.587730646133423,13.8805856704712,38.428825378418,13.5752105712891,-0.0231529325246811,0.0333378836512566,0.0405890720617897,28.192720413208,-264.583282470703,0.0829999999999984,3.75692431114903
7291,13.5,45.438,30,0.583156049251556,13.3633069992065,38.3683090209961,13.4317789077759,-0.00427094800397754,0.00825936254113913,0.00929828298336052,26.2513999938965,-68.2402877807617,0.0829999999999984,3.75692431114903
7292,13.5,45.438,31,0.370273143053055,12.7752304077148,38.2895812988281,13.4520769119263,-0.00469674495980144,0.00697957538068295,0.00841272165901474,37.8899154663086,-68.6781692504883,0.0829999999999984,3.75692431114903
7293,13.5,45.438,32,0.436141848564148,12.6314725875854,38.2671318054199,13.3688688278198,-0.00373595440760255,0.00558984046801925,0.0067233675932222,27.616455078125,-45.0669975280762,0.0829999999999984,3.75692431114903
7294,13.5,45.438,33,0.420790821313858,12.2904415130615,38.148551940918,13.4867315292358,-0.00808959454298019,-0.00116355379577726,0.00817284511693955,64.2578887939453,-26.8918743133545,0.0829999999999984,3.75692431114903
7295,13.5,45.438,34,0.59611701965332,12.1013288497925,38.1137046813965,12.8647184371948,-0.0350934416055679,0.0270153135061264,0.0442874339689906,32.4521408081055,-89.5157699584961,0.0829999999999984,3.75692431114903
7296,13.5,45.438,35,0.496072560548782,10.8313446044922,38.1843528747559,13.5284967422485,-0.018041405826807,0.0212270841002464,0.0278582379845977,35.8071441650391,-82.0479431152344,0.0829999999999984,3.75692431114903
7297,13.5,45.438,36,0.491643607616425,10.2024440765381,38.2295036315918,13.4278650283813,-0.00263723963871598,0.000197667352040298,0.00264463708173304,93.1724166870117,-8.9174919128418,0.0829999999999984,3.75692431114903
7298,13.5,45.438,37,0.443693816661835,9.784987449646,38.2806663513184,13.2896203994751,-0.0183263178914785,0.0256429240107536,0.0315184625145455,106.527069091797,-191.442489624023,0.0829999999999984,3.75692431114903
7299,13.5,45.438,38,0.372332006692886,9.4827184677124,38.2678565979004,13.0787572860718,-0.00297043798491359,0.00367287360131741,0.00472371700183995,119.741882324219,25.1085071563721,0.0829999999999984,3.75692431114903
7300,13.5,45.438,39,0.322343498468399,9.62235355377197,38.2724456787109,13.233006477356,0.00221731513738632,0.00152319308836013,0.00269009360486036,80.9981231689453,10.4206380844116,0.0829999999999984,3.75692431114903
7301,13.5,45.438,40,0.298676311969757,9.18431377410889,38.2712593078613,13.3435506820679,-0.0481608882546425,0.0644858404994011,0.0804853699897712,137.91828918457,-135.846984863281,0.0829999999999984,3.75692431114903
7302,13.5,45.438,41,0.480606913566589,9.69893836975098,38.1992416381836,13.5961818695068,0.00651166448369622,0.0593609176576138,0.0597170019299548,106.345916748047,44.2786750793457,0.0829999999999984,3.75692431114903
7303,13.5,45.438,42,0.292468905448914,10.4809150695801,38.1971893310547,13.6879291534424,-0.0446829982101917,0.115010291337967,0.123385321017923,99.3738021850586,75.1795120239258,0.0829999999999984,3.75692431114903
7304,13.5,45.438,43,0.204783514142036,11.2214126586914,38.0779151916504,13.3339624404907,-0.00866778753697872,-0.0185022056102753,0.0204318905936554,202.978591918945,143.299743652344,0.0829999999999984,3.75692431114903
7305,13.5,45.438,44,0.321274697780609,11.7345190048218,37.984260559082,12.841555595398,0.00817248597741127,-0.00656151259317994,0.0104805999141959,219.910751342773,45.1707344055176,0.0829999999999984,3.75692431114903
7306,13.5,45.438,45,0.539081633090973,11.8962678909302,38.0293769836426,13.3557071685791,-0.01050332095474,0.00723279686644673,0.0127527683892386,232.567398071289,-157.135635375977,0.0829999999999984,3.75692431114903
7307,13.5,45.438,46,0.392573773860931,12.2031288146973,38.0651512145996,13.3843927383423,-0.00221066339872777,0.00423158006742597,0.00477423318759268,121.660629272461,42.5833587646484,0.0829999999999984,3.75692431114903
7308,13.5,45.438,47,0.639415264129639,12.5857124328613,37.9828033447266,13.3914709091187,-0.00713579589501023,-0.0234963875263929,0.0245560544437757,139.263214111328,100.507453918457,0.0829999999999984,3.75692431114903
7309,13.5,45.438,48,0.505226075649261,13.6603374481201,37.8914260864258,13.4204092025757,-0.0211201552301645,-0.041477806866169,0.0465453479885311,153.909759521484,45.2716369628906,0.0829999999999984,3.75692431114903
7310,13.5,45.438,49,0.233449473977089,14.3197765350342,37.9462814331055,13.4804811477661,-0.094305194914341,-0.0448180586099625,0.104413256655455,145.487640380859,101.055435180664,0.0829999999999984,3.75692431114903
7311,13.5,45.438,50,0.156449854373932,15.5991468429565,38.017032623291,13.3942384719849,-0.0751045346260071,0.0141577441245317,0.0764273042837755,259.604827880859,236.503829956055,0.0829999999999984,3.75692431114903
7312,13.5,45.438,51,0.155848979949951,16.1644973754883,37.6997871398926,13.6243333816528,-0.142730221152306,-0.0335709452629089,0.146625115161187,166.805191040039,20.5690364837646,0.0829999999999984,3.75692431114903
7313,13.5,45.438,52,0.0980339050292969,18.6105499267578,37.6486320495605,13.149715423584,0.0172717645764351,0.0118739763274789,0.0209596079498002,306.443145751953,279.672912597656,0.0829999999999984,3.75692431114903
7314,13.5,45.438,53,0.0919555202126503,18.6223392486572,37.3357543945312,13.4893484115601,-0.0778514891862869,-0.0252185165882111,0.0818341490298056,309.125152587891,269.382232666016,0.0829999999999984,3.75692431114903
8799,12.375,45.354,1,1.01695275306702,21.2766571044922,35.7904739379883,10.1852054595947,0.0156833045184612,0.0227619893848896,0.0276418921453763,263.661102294922,142.320083618164,0.0586941223633157,1.78221491126887
8800,12.375,45.354,2,1.20616006851196,24.0977764129639,35.4986228942871,10.1950540542603,-0.0289427153766155,-0.0267775058746338,0.0394298819962452,180.564056396484,47.7608642578125,0.0586941223633157,1.78221491126887
8801,12.375,45.354,3,1.11908233165741,23.8337478637695,34.7462844848633,10.1882905960083,-0.052665114402771,-0.0545546859502792,0.075827620523069,335.815551757812,183.442413330078,0.0586941223633157,1.78221491126887
8802,12.375,45.354,4,1.03828275203705,25.3474864959717,34.1980133056641,10.1924247741699,-0.0319574289023876,-0.0119313821196556,0.034112096700971,230.82096862793,165.268356323242,0.0586941223633157,1.78221491126887
8803,12.375,45.354,5,0.749192535877228,26.3548774719238,35.4242973327637,10.2166347503662,-0.0461056604981422,-0.038974579423666,0.0603717630289327,193.893844604492,70.5029144287109,0.0586941223633157,1.78221491126887
8804,12.375,45.354,6,0.656801700592041,27.7146549224854,35.3353691101074,10.1990556716919,-0.0112536447122693,0.00253295386210084,0.0115351798675841,325.317596435547,126.73323059082,0.0586941223633157,1.78221491126887
8805,12.375,45.354,7,0.981326222419739,25.4445018768311,34.1265144348145,10.1266794204712,0.0324866585433483,0.0481370985507965,0.0580737741170763,277.118286132812,100.879135131836,0.0586941223633157,1.78221491126887
8806,12.375,45.354,8,0.892868638038635,27.3090286254883,34.8651313781738,10.0939512252808,-0.0115167740732431,-0.0211495347321033,0.0240819206966257,318.621520996094,182.773681640625,0.0586941223633157,1.78221491126887
8807,12.375,45.354,9,0.83111447095871,27.8690567016602,33.9659194946289,10.1999969482422,-0.0204921290278435,0.00468692928552628,0.0210212905936174,218.788513183594,31.8277740478516,0.0586941223633157,1.78221491126887
8808,12.375,45.354,10,1.01635229587555,27.4010047912598,33.916576385498,10.2081937789917,-0.037275917828083,-0.0170152895152569,0.0409757748824108,257.312591552734,58.663948059082,0.0586941223633157,1.78221491126887
8809,12.375,45.354,11,0.874082565307617,27.2441921234131,34.2061614990234,10.2240991592407,-0.0459169782698154,-0.0598706230521202,0.0754510463683558,275.71875,21.0583381652832,0.0586941223633157,1.78221491126887
8810,12.375,45.354,12,0.949084341526031,26.2140693664551,33.8936347961426,10.294207572937,0.0118132522329688,0.0306882672011852,0.0328834711083104,275.409820556641,101.994430541992,0.0586941223633157,1.78221491126887
8811,12.375,45.354,13,1.14808678627014,25.9864082336426,33.3646659851074,10.2518148422241,0.0494402050971985,0.0568633079528809,0.0753509765789218,204.849105834961,51.9406929016113,0.0586941223633157,1.78221491126887
8812,12.375,45.354,14,0.982498526573181,25.9860725402832,33.3406372070312,10.1575813293457,0.0263677593320608,0.031455785036087,0.041045403450691,175.661544799805,66.2887496948242,0.0586941223633157,1.78221491126887
8813,12.375,45.354,15,0.956138014793396,25.384521484375,34.5140228271484,10.1601667404175,0.011810477823019,0.0174965597689152,0.0211096421133861,180.671569824219,74.8712692260742,0.0586941223633157,1.78221491126887
8814,12.375,45.354,16,0.815520644187927,24.9986705780029,35.1042404174805,10.156683921814,0.00205120118334889,0.00859024561941624,0.00883174649185945,149.077743530273,-16.064416885376,0.0586941223633157,1.78221491126887
8815,12.375,45.354,17,0.837960124015808,23.2287197113037,35.7033195495605,10.1916751861572,-0.000215296488022432,-0.00401998683810234,0.00402574797475834,185.363983154297,-184.58512878418,0.0586941223633157,1.78221491126887
8816,12.375,45.354,18,0.872386455535889,21.5772304534912,35.7017822265625,10.3576612472534,-0.00751338107511401,-0.0155043043196201,0.0172288812061397,154.274307250977,-78.5293731689453,0.0586941223633157,1.78221491126887
8817,12.375,45.354,19,0.865535795688629,20.6652774810791,35.5959815979004,10.1883926391602,-0.0065827639773488,-0.0127852940931916,0.0143804216430146,76.4973373413086,-87.5420150756836,0.0586941223633157,1.78221491126887
8818,12.375,45.354,20,1.05224776268005,20.275203704834,35.6000328063965,10.1444501876831,-0.00427009956911206,-0.00674398895353079,0.00798217622803934,112.329391479492,-28.2852725982666,0.0586941223633157,1.78221491126887
8819,12.375,45.354,21,1.46573662757874,20.1259384155273,35.6474227905273,10.045916557312,0.00295359222218394,0.00254187686368823,0.00389677366613703,129.961700439453,-17.5785655975342,0.0586941223633157,1.78221491126887
8820,12.375,45.354,22,1.34030830860138,19.6326007843018,35.593074798584,10.1529273986816,-0.0137815522029996,-0.0273854993283749,0.0306577356402658,90.7894515991211,-8.7789134979248,0.0586941223633157,1.78221491126887
8821,12.375,45.354,23,1.5787250995636,19.3743171691895,35.6201133728027,10.1258363723755,0.0030947735067457,0.00092982966452837,0.00323144027688769,47.0526962280273,-84.5308532714844,0.0586941223633157,1.78221491126887
8822,12.375,45.354,24,1.67530965805054,17.9506359100342,35.770336151123,10.243369102478,0.00126658717636019,-0.000163814635016024,0.001277136762436,42.6980247497559,-155.587799072266,0.0586941223633157,1.78221491126887
8823,12.375,45.354,25,1.29104149341583,16.5645751953125,35.2272338867188,10.1869478225708,-0.00844170618802309,-0.00560974422842264,0.0101356614817795,38.8881492614746,-120.874206542969,0.0586941223633157,1.78221491126887
8824,12.375,45.354,26,1.15736556053162,14.9012975692749,34.8828163146973,10.8355178833008,-0.10642671585083,-0.145031735301018,0.179891217382111,32.1131286621094,-281.479095458984,0.0586941223633157,1.78221491126887
8825,12.375,45.354,27,1.20023918151855,13.3104267120361,34.8486442565918,10.3013792037964,-0.0161484573036432,-0.0426989868283272,0.0456505876134497,30.0684661865234,-174.364761352539,0.0586941223633157,1.78221491126887
8826,12.375,45.354,28,1.07402324676514,12.3647727966309,34.9490127563477,10.1553945541382,0.00388659397140145,0.00433691032230854,0.00582360745949454,45.8093566894531,-134.577331542969,0.0586941223633157,1.78221491126887
8827,12.375,45.354,29,1.10327196121216,10.3676519393921,34.9475593566895,10.3136749267578,-0.0139992777258158,-0.0380808673799038,0.0405725552220999,26.7604751586914,-182.79345703125,0.0586941223633157,1.78221491126887
8828,12.375,45.354,30,1.21085095405579,10.1642646789551,35.1099433898926,10.1336364746094,0.00994617585092783,0.0148745067417622,0.0178935006320258,27.4735336303711,-32.0268669128418,0.0586941223633157,1.78221491126887
8829,12.375,45.354,31,1.17946815490723,9.92128467559814,35.4630737304688,10.1527156829834,-0.0148669332265854,-0.0110890511423349,0.0185470417803236,31.3756484985352,-32.1798934936523,0.0586941223633157,1.78221491126887
8830,12.375,45.354,32,1.41939842700958,10.063045501709,35.468391418457,10.0614013671875,0.0247538071125746,0.0220507588237524,0.0331509717997805,27.9396915435791,-13.0475654602051,0.0586941223633157,1.78221491126887
8831,12.375,45.354,33,1.79626512527466,10.6583890914917,36.057186126709,10.1832685470581,0.0271853357553482,0.0127404686063528,0.0300226917587427,69.439094543457,-55.9627723693848,0.0586941223633157,1.78221491126887
8832,12.375,45.354,34,1.40250253677368,9.47230529785156,35.9860496520996,10.535647392273,-0.0813572630286217,-0.0954681113362312,0.125431911926811,32.3845710754395,-78.2543487548828,0.0586941223633157,1.78221491126887
8833,12.375,45.354,35,1.56177246570587,9.07316493988037,36.5769462585449,10.2596616744995,-0.000528054079040885,-0.0123970285058022,0.0124082696974261,38.2061958312988,-60.2063674926758,0.0586941223633157,1.78221491126887
8834,12.375,45.354,36,1.49916505813599,8.45346069335938,35.820384979248,10.1268119812012,0.0818210020661354,0.0527024194598198,0.0973253378931988,92.7244491577148,-103.695152282715,0.0586941223633157,1.78221491126887
8835,12.375,45.354,37,1.20692944526672,7.81051349639893,36.2949867248535,10.0119066238403,-0.00534652080386877,-0.0182128828018904,0.0189814220927094,106.942733764648,-145.484451293945,0.0586941223633157,1.78221491126887
8836,12.375,45.354,38,0.79490864276886,7.31079816818237,36.3786659240723,9.7533073425293,-0.0019980245269835,1.18901953101158e-05,0.00199805990580166,120.158561706543,17.9260101318359,0.0586941223633157,1.78221491126887
8837,12.375,45.354,39,0.682531833648682,7.53490734100342,36.1670188903809,9.9228572845459,0.0139265600591898,0.00615634582936764,0.0152266105569491,65.5427780151367,26.7414722442627,0.0586941223633157,1.78221491126887
8838,12.375,45.354,40,1.17836833000183,7.68540096282959,36.2858238220215,10.0940732955933,-0.044042594730854,-0.0711008459329605,0.0836365975097555,124.659858703613,-36.6893844604492,0.0586941223633157,1.78221491126887
8839,12.375,45.354,41,0.998761832714081,8.72191333770752,36.1467590332031,10.3011064529419,0.0206246618181467,0.0224108695983887,0.0304569163125373,99.3789138793945,77.4443359375,0.0586941223633157,1.78221491126887
8840,12.375,45.354,42,0.982616782188416,10.0522518157959,36.1791610717773,10.4058218002319,-0.00555686699226499,0.0157680027186871,0.0167185131069197,103.304512023926,89.0062866210938,0.0586941223633157,1.78221491126887
8841,12.375,45.354,43,1.25059509277344,11.0140628814697,36.0385208129883,10.0225801467896,0.0217287540435791,0.0104009648784995,0.0240898074440236,179.70491027832,143.490341186523,0.0586941223633157,1.78221491126887
8842,12.375,45.354,44,1.42503023147583,12.0256471633911,35.976676940918,10.0024747848511,0.00322296726517379,0.00280395359732211,0.00427196368995775,217.2119140625,67.8858261108398,0.0586941223633157,1.78221491126887
8843,12.375,45.354,45,1.06926584243774,12.4426565170288,36.3108901977539,10.1195735931396,-0.0208518765866756,-0.0348339453339577,0.0405980849882738,236.691940307617,-93.5002670288086,0.0586941223633157,1.78221491126887
8844,12.375,45.354,46,1.314781665802,12.4666891098022,36.133544921875,10.0860824584961,0.0453084409236908,0.0391425415873528,0.0598748142448327,125.361015319824,33.0019645690918,0.0586941223633157,1.78221491126887
8845,12.375,45.354,47,1.24604833126068,12.9545087814331,36.1827583312988,10.0922861099243,0.00813748687505722,0.00507925031706691,0.00959257402500251,135.720413208008,85.0767135620117,0.0586941223633157,1.78221491126887
8846,12.375,45.354,48,1.53774738311768,14.5864868164062,35.8257255554199,10.1352453231812,-0.0574071705341339,-0.035358153283596,0.0674224163936699,181.359832763672,53.9929428100586,0.0586941223633157,1.78221491126887
8847,12.375,45.354,49,1.32456815242767,15.5477390289307,35.5575485229492,10.2262649536133,-0.141931563615799,-0.182997763156891,0.231587456635395,145.50146484375,4.66906595230103,0.0586941223633157,1.78221491126887
8848,12.375,45.354,50,1.48257803916931,17.6016216278076,35.2996482849121,10.1151561737061,-0.0744523406028748,-0.0626084879040718,0.0972778175067717,248.716354370117,133.708297729492,0.0586941223633157,1.78221491126887
8849,12.375,45.354,51,1.22429132461548,16.9131546020508,34.828857421875,10.4007682800293,-0.0886574611067772,-0.108474671840668,0.140096037919851,160.178802490234,-65.6857376098633,0.0586941223633157,1.78221491126887
8850,12.375,45.354,52,1.10325050354004,19.0368537902832,35.4896354675293,10.2353372573853,-0.00821500178426504,-0.0078374957665801,0.0113539682140932,319.312530517578,229.664703369141,0.0586941223633157,1.78221491126887
8851,12.375,45.354,53,1.09620034694672,21.2604198455811,35.9528198242188,10.2068471908569,-0.0691746771335602,-0.0441805720329285,0.0820795888250488,277.0029296875,152.667663574219,0.0586941223633157,1.78221491126887
11767,13.5,45.313,1,0.0873182788491249,20.3267936706543,38.5429534912109,11.2669887542725,0.00733638787642121,0.011357082054019,0.0135205732073393,263.563507080078,242.814926147461,0.0410000000000039,3.88192431114903
11768,13.5,45.313,2,0.108820393681526,23.029972076416,38.5128479003906,11.2806358337402,-0.0366302989423275,-0.0477049238979816,0.0601459771282876,191.830032348633,89.3775482177734,0.0410000000000039,3.88192431114903
11769,13.5,45.313,3,0.109138116240501,21.8841934204102,38.5254249572754,11.2660083770752,-0.0353263765573502,-0.00100488227326423,0.0353406659396059,334.189117431641,247.610870361328,0.0410000000000039,3.88192431114903
11770,13.5,45.313,4,0.0959608852863312,24.7817192077637,38.435920715332,11.2732524871826,0.026376461610198,0.0678224712610245,0.0727709099505203,253.563064575195,143.875289916992,0.0410000000000039,3.88192431114903
11771,13.5,45.313,5,0.0892779231071472,26.3571071624756,38.3081855773926,11.2890272140503,-0.0202722828835249,-0.0344826281070709,0.0400002136804319,229.398803710938,131.938781738281,0.0410000000000039,3.88192431114903
11772,13.5,45.313,6,0.0918400585651398,26.856954574585,38.3388786315918,11.2783918380737,-0.0487151145935059,-0.0673951879143715,0.0831581249420155,319.977508544922,162.889068603516,0.0410000000000039,3.88192431114903
11773,13.5,45.313,7,0.0953018292784691,24.9639415740967,38.4089241027832,11.2370176315308,0.0186931435018778,0.0482192039489746,0.051715812315525,288.424987792969,122.085289001465,0.0410000000000039,3.88192431114903
11774,13.5,45.313,8,0.0855993181467056,26.4113826751709,37.6832237243652,11.2259531021118,0.0734516084194183,-0.0553465187549591,0.091969429256099,318.673217773438,162.544372558594,0.0410000000000039,3.88192431114903
11775,13.5,45.313,9,0.111311092972755,28.3506717681885,36.5038604736328,11.2782325744629,-0.00185928517021239,-0.0524782948195934,0.0525112213580711,208.015686035156,-16.9717826843262,0.0410000000000039,3.88192431114903
11776,13.5,45.313,10,0.110217303037643,27.1779632568359,37.2241172790527,11.2754592895508,-0.0298995040357113,-0.0770097449421883,0.0826104179728102,239.174453735352,65.5427551269531,0.0410000000000039,3.88192431114903
11777,13.5,45.313,11,0.103101894259453,25.1819705963135,38.0501441955566,11.2751922607422,-0.00411924393847585,-0.0141929080709815,0.0147785929687505,234.616821289062,127.904930114746,0.0410000000000039,3.88192431114903
11778,13.5,45.313,12,0.0910454243421555,25.8073863983154,37.4615516662598,11.3213548660278,0.0172041077166796,0.0693785175681114,0.0714797875086087,273.862945556641,107.418228149414,0.0410000000000039,3.88192431114903
11779,13.5,45.313,13,0.134041994810104,25.3854999542236,37.7380828857422,11.3006525039673,-0.0173074901103973,-0.100813113152981,0.102287990485282,187.36328125,25.7045822143555,0.0410000000000039,3.88192431114903
11780,13.5,45.313,14,0.119978964328766,26.0106296539307,36.4687957763672,11.2587232589722,0.0228221286088228,-0.253099620342255,0.254126479084001,204.518188476562,92.7207717895508,0.0410000000000039,3.88192431114903
11781,13.5,45.313,15,0.115111291408539,25.3613567352295,36.9709510803223,11.2597732543945,0.0461390055716038,-0.166245728731155,0.172529563137711,193.546737670898,93.1775131225586,0.0410000000000039,3.88192431114903
11782,13.5,45.313,16,0.113519698381424,24.9047012329102,36.6688690185547,11.2588062286377,0.0404867827892303,-0.111964121460915,0.119059414055071,181.353088378906,29.5817165374756,0.0410000000000039,3.88192431114903
11783,13.5,45.313,17,0.117563016712666,23.5380764007568,37.3440399169922,11.2721500396729,-0.00659604137763381,-0.0579320974647999,0.058306394833899,197.777496337891,-186.602767944336,0.0410000000000039,3.88192431114903
11784,13.5,45.313,18,0.186041936278343,22.3257217407227,37.7356643676758,21.4603290557861,-0.0080031855031848,0.0186503324657679,0.0202949717733744,147.252655029297,-89.0234832763672,0.0410000000000039,3.88192431114903
11785,13.5,45.313,19,0.263705313205719,21.4647254943848,37.6943168640137,21.2968368530273,0.00455067167058587,-0.00779649522155523,0.00902739997968443,85.5684585571289,-103.260612487793,0.0410000000000039,3.88192431114903
11786,13.5,45.313,20,0.235632598400116,21.1759300231934,37.7211036682129,21.2625846862793,-0.00235518114641309,-0.0126911196857691,0.0129078037291762,131.365905761719,-30.3093509674072,0.0410000000000039,3.88192431114903
11787,13.5,45.313,21,0.235540688037872,20.99267578125,37.805362701416,21.1675109863281,-0.00285938731394708,-0.00841178931295872,0.0088844974678801,132.440155029297,-17.1393089294434,0.0410000000000039,3.88192431114903
11788,13.5,45.313,22,0.437123626470566,20.5247592926025,37.9072532653809,21.2646903991699,-0.0123538207262754,0.0423795506358147,0.0441434389080703,92.8058395385742,-17.9815139770508,0.0410000000000039,3.88192431114903
11789,13.5,45.313,23,0.463703155517578,20.3341579437256,38.000171661377,21.2434883117676,0.00215753191150725,0.00192510057240725,0.00289153180218631,66.1501541137695,-55.3150291442871,0.0410000000000039,3.88192431114903
11790,13.5,45.313,24,0.649773597717285,19.3844089508057,38.094783782959,21.3522186279297,0.00127595895901322,-0.00258432328701019,0.00288215164709792,50.1880645751953,-115.823532104492,0.0410000000000039,3.88192431114903
11791,13.5,45.313,25,0.457211643457413,18.5332489013672,38.2792434692383,21.299861907959,-0.00297915167175233,0.00854209810495377,0.00904670021156661,46.316722869873,-146.469604492188,0.0410000000000039,3.88192431114903
11792,13.5,45.313,26,0.555546581745148,17.3038845062256,38.3494338989258,21.8346748352051,-0.0186234507709742,0.0746502727270126,0.0769382618521907,32.2028503417969,-416.663391113281,0.0410000000000039,3.88192431114903
11793,13.5,45.313,27,0.612741708755493,16.2109985351562,38.4644165039062,21.3743705749512,-0.00744103034958243,0.0429976508021355,0.0436367609609809,32.8856582641602,-307.492553710938,0.0410000000000039,3.88192431114903
11794,13.5,45.313,28,0.567826747894287,15.1743879318237,38.4295082092285,17.9798946380615,-0.000916851568035781,0.0220590718090534,0.022078117353497,62.442440032959,-82.4262161254883,0.0410000000000039,3.88192431114903
11795,13.5,45.313,29,0.518483281135559,14.4557628631592,38.4350852966309,21.4031753540039,-0.00365164829418063,0.0318929105997086,0.0321012816221626,27.9847106933594,-258.66845703125,0.0410000000000039,3.88192431114903
11796,13.5,45.313,30,0.465040147304535,13.7551126480103,38.3333969116211,21.2541637420654,0.000441039475845173,0.00555247254669666,0.00556996114897347,26.503345489502,-72.7127914428711,0.0410000000000039,3.88192431114903
11797,13.5,45.313,31,0.34620213508606,13.268328666687,38.3011703491211,21.2750492095947,-0.000894265482202172,0.00609894748777151,0.00616416021946645,36.4989471435547,-78.6396865844727,0.0410000000000039,3.88192431114903
11798,13.5,45.313,32,0.384727209806442,12.9923658370972,38.2729415893555,21.1908378601074,-0.000678210752084851,0.00426137540489435,0.00431500755105736,27.9111671447754,-54.0097160339355,0.0410000000000039,3.88192431114903
11799,13.5,45.313,33,0.395861685276031,12.6305408477783,38.1992568969727,13.1649312973022,-0.00705643137916923,-0.000522074988111854,0.00707571806265174,63.6627922058105,-43.6630783081055,0.0410000000000039,3.88192431114903
11800,13.5,45.313,34,0.484486848115921,12.4076251983643,38.1835823059082,21.6309471130371,-0.0315595529973507,0.0531379543244839,0.0618032974458768,32.6116752624512,-95.9206619262695,0.0410000000000039,3.88192431114903
11801,13.5,45.313,35,0.460633605718613,11.4063262939453,38.2081680297852,21.3567543029785,-0.00589754665270448,0.0235873367637396,0.0243134430331635,36.1491928100586,-106.113037109375,0.0410000000000039,3.88192431114903
11802,13.5,45.313,36,0.488849520683289,10.6233463287354,38.2220993041992,21.2498168945312,-0.000187862111488357,-0.00113641703501344,0.00115184020176481,93.6151351928711,-12.5066823959351,0.0410000000000039,3.88192431114903
11803,13.5,45.313,37,0.468060076236725,10.2337608337402,38.2532196044922,21.1169662475586,-0.00506770191714168,0.0274643525481224,0.0279279835220619,107.151000976562,-202.584533691406,0.0410000000000039,3.88192431114903
11804,13.5,45.313,38,0.432633966207504,9.78621101379395,38.2657585144043,20.9003982543945,0.00011617764539551,0.00110176694579422,0.00110787528546059,120.367317199707,17.2795562744141,0.0410000000000039,3.88192431114903
11805,13.5,45.313,39,0.343697220087051,9.8791971206665,38.2644577026367,21.0541019439697,0.00389399076811969,0.00390466582030058,0.00551448812406238,91.0690002441406,15.3717164993286,0.0410000000000039,3.88192431114903
11806,13.5,45.313,40,0.357663124799728,9.675537109375,38.2166442871094,21.1796245574951,-0.0159857887774706,0.0676308795809746,0.0694944696773361,137.36686706543,-138.775115966797,0.0410000000000039,3.88192431114903
11807,13.5,45.313,41,0.57172679901123,9.96081733703613,38.1944427490234,21.4145069122314,0.0334176979959011,0.0389343798160553,0.0513091460755888,111.658241271973,39.1705741882324,0.0410000000000039,3.88192431114903
11808,13.5,45.313,42,0.295953720808029,10.6521224975586,38.1307258605957,15.1759576797485,-0.00561467651277781,0.15669110417366,0.156791666613707,100.352478027344,73.2444839477539,0.0410000000000039,3.88192431114903
11809,13.5,45.313,43,0.20508848130703,11.3597812652588,37.9900207519531,21.1561489105225,-0.0174212045967579,-0.0132228257134557,0.021871019396693,203.246337890625,144.040908813477,0.0410000000000039,3.88192431114903
11810,13.5,45.313,44,0.305205732584,11.7894439697266,37.9801025390625,18.2082557678223,0.00312051083892584,-0.00923871621489525,0.00975148528149543,220.414779663086,39.0912628173828,0.0410000000000039,3.88192431114903
11811,13.5,45.313,45,0.397878527641296,12.0058908462524,38.0069580078125,21.1860504150391,-0.0022550355643034,0.00208668387494981,0.00307236635026631,230.609771728516,-154.539505004883,0.0410000000000039,3.88192431114903
11812,13.5,45.313,46,0.336956143379211,12.1994295120239,38.0362701416016,21.2058849334717,-0.00191381119657308,0.00386594166047871,0.00431371976585793,122.147369384766,47.5925598144531,0.0410000000000039,3.88192431114903
11813,13.5,45.313,47,0.45353701710701,12.6277465820312,37.9876403808594,21.2142963409424,-0.0174085199832916,-0.0249002762138844,0.0303822369738701,139.859725952148,102.959007263184,0.0410000000000039,3.88192431114903
11814,13.5,45.313,48,0.355953365564346,13.7259063720703,37.9606513977051,11.2460460662842,-0.029878119006753,-0.0202675517648458,0.0361036791743224,159.783706665039,44.4030494689941,0.0410000000000039,3.88192431114903
11815,13.5,45.313,49,0.19023123383522,14.437783241272,37.9644622802734,11.2814788818359,-0.0935929790139198,-0.00809431821107864,0.093942342466016,145.684600830078,91.4910659790039,0.0410000000000039,3.88192431114903
11816,13.5,45.313,50,0.142790466547012,16.4448566436768,38.0313415527344,12.6795768737793,-0.0373495183885098,0.0482017546892166,0.0609786493698659,255.377456665039,207.422653198242,0.0410000000000039,3.88192431114903
11817,13.5,45.313,51,0.137172251939774,16.1020278930664,37.5389022827148,11.3617305755615,-0.135946482419968,0.00287635158747435,0.135976907895485,165.19889831543,23.2411136627197,0.0410000000000039,3.88192431114903
11818,13.5,45.313,52,0.100679479539394,18.6073665618896,37.5044326782227,11.3020801544189,0.00800878740847111,-0.00655721221119165,0.0103507346471971,310.378540039062,285.5390625,0.0410000000000039,3.88192431114903
11819,13.5,45.313,53,0.0923839807510376,19.2656173706055,37.3093566894531,11.2834806442261,-0.0816449373960495,-0.0180692449212074,0.0836205322539113,305.88525390625,257.659210205078,0.0410000000000039,3.88192431114903
13357,13.542,45.271,1,0.0857019796967506,20.2969760894775,38.551197052002,11.2273759841919,0.0145071679726243,0.0172663535922766,0.0225518267322064,262.767791748047,239.657363891602,0.059396969619671,3.9413212807687
13358,13.542,45.271,2,0.0862162858247757,23.0163536071777,38.6458587646484,11.2425832748413,-0.023205179721117,-0.0595015771687031,0.0638664078483554,196.634536743164,101.383697509766,0.059396969619671,3.9413212807687
13359,13.542,45.271,3,0.0937360972166061,21.4152812957764,38.5370483398438,11.2250881195068,-0.0337037928402424,-0.0180143173784018,0.0382159820288287,333.382934570312,266.024536132812,0.059396969619671,3.9413212807687
13360,13.542,45.271,4,0.0862946957349777,24.8212089538574,38.6136283874512,11.2339382171631,0.00341551122255623,0.0694475769996643,0.0695315156460415,255.936508178711,140.283569335938,0.059396969619671,3.9413212807687
13361,13.542,45.271,5,0.0899601951241493,26.4626064300537,38.5503883361816,11.2511491775513,-0.00547658745199442,-0.0225552003830671,0.0232105595460268,230.865615844727,127.264846801758,0.059396969619671,3.9413212807687
13362,13.542,45.271,6,0.0904245004057884,27.0931072235107,38.4915885925293,11.2397241592407,-0.0331544168293476,-0.0612032972276211,0.0696064576517629,319.087341308594,139.136093139648,0.059396969619671,3.9413212807687
13363,13.542,45.271,7,0.088544175028801,25.0905380249023,38.378791809082,11.1945199966431,0.0100993942469358,0.0578015856444836,0.058677261926334,289.699676513672,111.328887939453,0.059396969619671,3.9413212807687
13364,13.542,45.271,8,0.0804751664400101,26.3779163360596,37.614860534668,11.1812763214111,0.0755108967423439,-0.0687250792980194,0.102103046239336,318.724426269531,160.770843505859,0.059396969619671,3.9413212807687
13365,13.542,45.271,9,0.109140202403069,28.3478240966797,36.3925628662109,11.2393398284912,-0.00239639915525913,-0.0430653318762779,0.0431319549583054,207.673721313477,-16.935474395752,0.059396969619671,3.9413212807687
13366,13.542,45.271,10,0.0953557640314102,27.0464668273926,37.0943641662598,11.2361507415771,-0.0187021996825933,-0.0847563222050667,0.086795198177645,237.032257080078,67.2262191772461,0.059396969619671,3.9413212807687
13367,13.542,45.271,11,0.0939601138234138,25.0638122558594,38.1164932250977,11.2362947463989,-0.00523484870791435,-0.0127990832552314,0.0138282382525431,230.244186401367,130.723815917969,0.059396969619671,3.9413212807687
13368,13.542,45.271,12,0.0886183455586433,25.884349822998,37.5190620422363,11.2877645492554,0.00215901271440089,0.0655466690659523,0.065582216808693,273.634979248047,100.771026611328,0.059396969619671,3.9413212807687
13369,13.542,45.271,13,0.0966198295354843,25.3471260070801,37.8061790466309,11.2634220123291,0.00790029671043158,-0.0480706579983234,0.0487155298493677,190.23698425293,24.7639312744141,0.059396969619671,3.9413212807687
13370,13.542,45.271,14,0.108387291431427,25.9657211303711,36.6998023986816,11.2146730422974,0.0693114176392555,-0.11920066177845,0.137887165405573,204.006698608398,97.8488388061523,0.059396969619671,3.9413212807687
13371,13.542,45.271,15,0.117034569382668,25.3495845794678,37.0507164001465,11.2173166275024,0.0560262612998486,-0.0650947839021683,0.0858852306657489,193.456329345703,90.843879699707,0.059396969619671,3.9413212807687
13372,13.542,45.271,16,0.112654998898506,24.9206066131592,36.6990432739258,11.2160215377808,0.0603066049516201,-0.0475859381258488,0.0768199720652636,181.604583740234,29.2474842071533,0.059396969619671,3.9413212807687
13373,13.542,45.271,17,0.108950152993202,23.3004531860352,37.3946228027344,11.2318754196167,0.0144288977608085,-0.0529554896056652,0.054886036202003,197.956893920898,-166.36408996582,0.059396969619671,3.9413212807687
13374,13.542,45.271,18,0.1927699893713,22.3166923522949,37.7891120910645,19.115213394165,-0.00779865263029933,0.0144176287576556,0.0163916747723243,148.614303588867,-87.9743728637695,0.059396969619671,3.9413212807687
13375,13.542,45.271,19,0.26006418466568,21.4182662963867,37.7031135559082,18.9510726928711,0.00908112339675426,-0.00788271240890026,0.012025138546749,85.9940414428711,-101.146499633789,0.059396969619671,3.9413212807687
13376,13.542,45.271,20,0.235854715108871,21.1659030914307,37.7254371643066,18.9178371429443,0.00542206736281514,-0.0176048837602139,0.018420932297187,133.267654418945,-28.1687107086182,0.059396969619671,3.9413212807687
13377,13.542,45.271,21,0.223261088132858,21.0066814422607,37.8042793273926,18.822452545166,0.00785587821155787,-0.0144092254340649,0.0164115995589867,132.644622802734,-19.4279308319092,0.059396969619671,3.9413212807687
13378,13.542,45.271,22,0.456468909978867,20.5366230010986,37.9037971496582,18.9191703796387,-0.0239387825131416,0.0230021364986897,0.033198849252886,95.0604705810547,-20.5585422515869,0.059396969619671,3.9413212807687
13379,13.542,45.271,23,0.47394335269928,20.3718204498291,38.0514259338379,18.897762298584,0.00593745987862349,-0.0046598888002336,0.00754771445146186,67.8846588134766,-57.2718544006348,0.059396969619671,3.9413212807687
13380,13.542,45.271,24,0.636572599411011,19.3916931152344,38.1609992980957,19.0063381195068,0.00330261164344847,-0.00482471333816648,0.00584680275560266,50.3227157592773,-114.388961791992,0.059396969619671,3.9413212807687
13381,13.542,45.271,25,0.469014525413513,18.4439125061035,38.2470283508301,18.9548492431641,-0.00234114518389106,0.00373431597836316,0.00440750230837315,45.6493072509766,-142.263061523438,0.059396969619671,3.9413212807687
13382,13.542,45.271,26,0.564159333705902,17.0886001586914,38.2812461853027,19.4899711608887,-0.0348533354699612,0.0483054630458355,0.0595665405530171,32.292724609375,-383.819213867188,0.059396969619671,3.9413212807687
13383,13.542,45.271,27,0.623212575912476,16.0679264068604,38.4278144836426,19.0310344696045,-0.0136944158002734,0.0192782264202833,0.0236471359369901,32.9189605712891,-282.271148681641,0.059396969619671,3.9413212807687
13384,13.542,45.271,28,0.553612649440765,14.9729871749878,38.3498497009277,14.1924858093262,-0.00785318855196238,0.0201438907533884,0.0216205667159101,62.3305206298828,-67.7500152587891,0.059396969619671,3.9413212807687
13385,13.542,45.271,29,0.463466584682465,14.332766532898,38.4159393310547,19.0590038299561,-0.00911017693579197,0.0130871739238501,0.0159458284549451,27.9261054992676,-242.845169067383,0.059396969619671,3.9413212807687
13386,13.542,45.271,30,0.43589386343956,13.6810073852539,38.3264465332031,18.9090747833252,0.000423584366217256,0.00277165765874088,0.00280383842126479,26.5922966003418,-64.4198455810547,0.059396969619671,3.9413212807687
13387,13.542,45.271,31,0.327094733715057,13.1994714736938,38.278491973877,18.9302101135254,-0.00210400158539414,0.00364660075865686,0.00421004985295636,36.253002166748,-70.9190979003906,0.059396969619671,3.9413212807687
13388,13.542,45.271,32,0.269091129302979,12.9705390930176,38.2528839111328,18.8460636138916,-0.00163587962742895,0.00230093579739332,0.00282319104900166,28.0145568847656,-49.5725212097168,0.059396969619671,3.9413212807687
13389,13.542,45.271,33,0.375887632369995,12.5707731246948,38.1783866882324,18.5438537597656,-0.0062638409435749,-0.00891483668237925,0.0108954126328423,63.386116027832,-45.8234176635742,0.059396969619671,3.9413212807687
13390,13.542,45.271,34,0.461902469396591,12.3109855651855,38.1415901184082,18.9188613891602,-0.0408448874950409,0.0368019528687,0.0549789829792491,32.6633605957031,-87.7251586914062,0.059396969619671,3.9413212807687
13391,13.542,45.271,35,0.428927540779114,11.1835718154907,38.1756629943848,19.0125408172607,-0.00496277725324035,0.00164394534658641,0.00522797421262222,36.3268051147461,-88.8453369140625,0.059396969619671,3.9413212807687
13392,13.542,45.271,36,0.452022761106491,10.465579032898,38.1963424682617,18.904577255249,0.000811614328995347,-0.00683014234527946,0.0068781946959802,93.8103179931641,-0.651506960391998,0.059396969619671,3.9413212807687
13393,13.542,45.271,37,0.441687703132629,10.1035327911377,38.2365798950195,18.7729511260986,-0.00690320832654834,0.0082787973806262,0.0107792750808758,107.358955383301,-183.72932434082,0.059396969619671,3.9413212807687
13394,13.542,45.271,38,0.415961027145386,9.6966142654419,38.2487487792969,18.5562744140625,-7.20443422324024e-05,-0.00479203090071678,0.00479257243457751,120.575729370117,28.8088073730469,0.059396969619671,3.9413212807687
13395,13.542,45.271,39,0.319388747215271,9.91561603546143,38.2566909790039,18.7094287872314,0.00294460984878242,0.00804326217621565,0.00856532507245859,93.5123748779297,23.5279998779297,0.059396969619671,3.9413212807687
13396,13.542,45.271,40,0.35799515247345,9.59511566162109,38.2201614379883,18.8376407623291,-0.0234531778842211,0.0221978314220905,0.0322923407747482,137.116989135742,-120.443008422852,0.059396969619671,3.9413212807687
13397,13.542,45.271,41,0.47448718547821,9.96115398406982,38.1804962158203,15.3016481399536,0.0290214568376541,0.050775557756424,0.0584842048971837,113.465301513672,44.7409324645996,0.059396969619671,3.9413212807687
13398,13.542,45.271,42,0.271929532289505,10.7959890365601,38.1007041931152,12.9601125717163,-0.039843425154686,0.16069632768631,0.165562097896599,100.558052062988,68.6122665405273,0.059396969619671,3.9413212807687
13399,13.542,45.271,43,0.190141618251801,11.4418096542358,37.9633140563965,18.8119144439697,-0.0110007394105196,-0.0242133382707834,0.0265951502683016,203.131408691406,136.976119995117,0.059396969619671,3.9413212807687
13400,13.542,45.271,44,0.28919392824173,11.901255607605,37.9803733825684,18.6982345581055,0.00611201394349337,-0.00776649778708816,0.00988307656159268,220.582489013672,33.1533699035645,0.059396969619671,3.9413212807687
13401,13.542,45.271,45,0.346998125314713,12.057315826416,38.0081672668457,18.8416061401367,0.00406236713752151,-0.0140443220734596,0.0146200481963323,229.818252563477,-156.195617675781,0.059396969619671,3.9413212807687
13402,13.542,45.271,46,0.317465007305145,12.242995262146,38.0370559692383,18.8609027862549,-0.00312963337637484,0.00229582213796675,0.00388141782853864,122.289489746094,46.405330657959,0.059396969619671,3.9413212807687
13403,13.542,45.271,47,0.371355295181274,12.6688890457153,37.9965553283691,18.8697547912598,-0.0102400565519929,-0.0292784757912159,0.0310175418569046,140.06494140625,97.1217346191406,0.059396969619671,3.9413212807687
13404,13.542,45.271,48,0.311887145042419,13.8206844329834,37.9563484191895,11.2039890289307,-0.0307646635919809,-0.0383183062076569,0.0491401782307666,161.760452270508,41.7348175048828,0.059396969619671,3.9413212807687
13405,13.542,45.271,49,0.1740952283144,14.3331727981567,37.9647674560547,17.8219718933105,-0.110236875712872,-0.0540072172880173,0.122755644620238,145.748306274414,97.0939559936523,0.059396969619671,3.9413212807687
13406,13.542,45.271,50,0.132296144962311,16.2793464660645,38.0421447753906,18.8739948272705,-0.0343575403094292,0.0194031354039907,0.0394578539662213,253.831390380859,217.74723815918,0.059396969619671,3.9413212807687
13407,13.542,45.271,51,0.129121750593185,16.1151390075684,37.6293792724609,11.3352003097534,-0.170728698372841,-0.0648459941148758,0.182628835074944,164.625137329102,20.3884143829346,0.059396969619671,3.9413212807687
13408,13.542,45.271,52,0.095053181052208,18.7399444580078,37.6225776672363,11.2664518356323,0.017834585160017,0.00208650319837034,0.0179562224152718,311.561096191406,269.828521728516,0.059396969619671,3.9413212807687
13409,13.542,45.271,53,0.0855740234255791,18.8610725402832,37.34033203125,15.7411365509033,-0.0772656425833702,-0.0284625347703695,0.082341334755854,305.638732910156,280.247161865234,0.059396969619671,3.9413212807687
16590,12.375,45.146,1,0.787222802639008,20.7183513641357,34.0981101989746,11.9220561981201,0.102200374007225,-0.0154721178114414,0.103364901571026,256.016845703125,187.261108398438,0.0420000000000016,1.53912381928588
16591,12.375,45.146,2,1.11613976955414,20.5913200378418,33.4262161254883,11.931435585022,-0.0279296617954969,-0.0645973458886147,0.0703767227417146,191.244369506836,306.085754394531,0.0420000000000016,1.53912381928588
16592,12.375,45.146,3,1.90634667873383,20.7012577056885,33.629997253418,11.9214611053467,-0.0359070375561714,-0.0105482079088688,0.0374243241241445,335.584136962891,412.66796875,0.0420000000000016,1.53912381928588
16593,12.375,45.146,4,1.28202044963837,21.0498352050781,34.3039512634277,11.9167366027832,0.0134321348741651,-0.0183876119554043,0.0227711774113744,236.507034301758,407.186431884766,0.0420000000000016,1.53912381928588
16594,12.375,45.146,5,1.10312521457672,22.590970993042,33.911792755127,11.9468841552734,-0.042327556759119,-0.0557988882064819,0.07003669028642,193.185333251953,331.027984619141,0.0420000000000016,1.53912381928588
16595,12.375,45.146,6,0.988983035087585,24.1769638061523,33.2050399780273,11.93394947052,-0.03118478320539,-0.0222183410078287,0.03829027788757,313.984466552734,343.130096435547,0.0420000000000016,1.53912381928588
16596,12.375,45.146,7,0.938042879104614,23.9756336212158,34.0788383483887,11.8622999191284,-0.0195047128945589,0.0643975138664246,0.0672865039757269,275.928466796875,215.113388061523,0.0420000000000016,1.53912381928588
16597,12.375,45.146,8,0.763912320137024,25.2421760559082,32.8527526855469,11.840931892395,0.00105347705539316,-0.0362076126039028,0.0362229350602701,318.877838134766,314.155334472656,0.0420000000000016,1.53912381928588
16598,12.375,45.146,9,0.785098910331726,25.4891262054443,33.6717758178711,11.9301681518555,-0.0354104712605476,0.0192591175436974,0.0403089950687935,219.116287231445,226.195602416992,0.0420000000000016,1.53912381928588
16599,12.375,45.146,10,1.07719075679779,25.9322280883789,33.1017456054688,11.944465637207,-0.0886804312467575,-0.0265265926718712,0.0925628381419361,256.047454833984,193.906478881836,0.0420000000000016,1.53912381928588
16600,12.375,45.146,11,0.966776669025421,26.6150093078613,32.6164703369141,11.957447052002,0.0682290494441986,-0.0749894827604294,0.10138355740817,260.115600585938,61.9889717102051,0.0420000000000016,1.53912381928588
16601,12.375,45.146,12,1.00878942012787,25.9146423339844,33.8818321228027,12.0122995376587,-0.0208374708890915,0.0167030151933432,0.0267056344167816,275.899871826172,131.298370361328,0.0420000000000016,1.53912381928588
16602,12.375,45.146,13,1.38348031044006,25.4502696990967,34.1012420654297,11.9734344482422,0.00374749745242298,0.0859574526548386,0.0860391039241154,200.983840942383,61.149242401123,0.0420000000000016,1.53912381928588
16603,12.375,45.146,14,0.882435917854309,25.7859363555908,34.0944023132324,11.891674041748,0.0332054458558559,-0.0340862646698952,0.0475865009601707,177.451477050781,78.9991912841797,0.0420000000000016,1.53912381928588
16604,12.375,45.146,15,1.18778514862061,25.2991943359375,33.8337898254395,11.8963279724121,0.0187434982508421,0.042639747262001,0.0465775350705321,175.732681274414,69.5098648071289,0.0420000000000016,1.53912381928588
16605,12.375,45.146,16,1.28704690933228,25.1695880889893,34.210693359375,11.8915910720825,0.0594465918838978,0.0635474473237991,0.0870182472127641,151.791580200195,-28.5186347961426,0.0420000000000016,1.53912381928588
16606,12.375,45.146,17,1.4917573928833,23.8678512573242,34.4345550537109,11.9288339614868,0.0490671209990978,0.0414205715060234,0.0642125074033533,186.832901000977,-254.002532958984,0.0420000000000016,1.53912381928588
16607,12.375,45.146,18,1.02167916297913,23.165491104126,34.7012596130371,12.0714855194092,0.0633361041545868,-0.0419584661722183,0.0759735149443927,149.528030395508,-156.966857910156,0.0420000000000016,1.53912381928588
16608,12.375,45.146,19,0.966723203659058,22.7022876739502,34.7063102722168,11.9251165390015,0.0363545753061771,-0.014163133688271,0.0390160159622218,77.9277954101562,-211.848693847656,0.0420000000000016,1.53912381928588
16609,12.375,45.146,20,1.07539689540863,21.8528938293457,34.5047721862793,11.8862705230713,0.0497918836772442,-0.0385083518922329,0.0629454116324951,113.970237731934,-130.905990600586,0.0420000000000016,1.53912381928588
16610,12.375,45.146,21,1.87261986732483,21.6735134124756,34.672779083252,11.7980308532715,0.0564392693340778,0.00506738759577274,0.0566662998616494,133.22575378418,-94.3301620483398,0.0420000000000016,1.53912381928588
16611,12.375,45.146,22,1.89446187019348,20.7962913513184,34.6745185852051,11.8916149139404,0.0860243067145348,-0.0823395699262619,0.119079746898279,88.9649276733398,-102.848365783691,0.0420000000000016,1.53912381928588
16612,12.375,45.146,23,1.96135687828064,20.8089008331299,34.5292129516602,11.8681812286377,0.0399613939225674,0.0115044396370649,0.0415844338135975,49.4749183654785,-174.929321289062,0.0420000000000016,1.53912381928588
16613,12.375,45.146,24,1.90103650093079,19.2603530883789,34.1206893920898,11.9743337631226,0.0305128190666437,-0.0263103283941746,0.0402897692671855,43.4696807861328,-225.478439331055,0.0420000000000016,1.53912381928588
16614,12.375,45.146,25,1.02736794948578,18.7783946990967,34.5109443664551,11.918984413147,0.162407800555229,-0.0083898389711976,0.162624361886987,37.7882194519043,-251.705612182617,0.0420000000000016,1.53912381928588
16615,12.375,45.146,26,1.32484459877014,16.4668121337891,33.7829704284668,13.2042694091797,-0.0111185824498534,-0.167842954397202,0.168210820747285,32.570858001709,-417.129577636719,0.0420000000000016,1.53912381928588
16616,12.375,45.146,27,1.32084441184998,15.326418876648,33.2025566101074,12.0331544876099,0.0368626341223717,-0.118474639952183,0.124076968476181,30.5058650970459,-303.648986816406,0.0420000000000016,1.53912381928588
16617,12.375,45.146,28,1.10096740722656,13.593713760376,33.8940467834473,11.8949775695801,0.0840733423829079,-0.0478979721665382,0.0967602327255372,49.4952812194824,-176.052291870117,0.0420000000000016,1.53912381928588
16618,12.375,45.146,29,0.906659245491028,12.406153678894,33.636547088623,12.0430297851562,0.0488824881613255,-0.130465611815453,0.139322552069729,27.1200885772705,-270.708129882812,0.0420000000000016,1.53912381928588
16619,12.375,45.146,30,1.18503618240356,11.716890335083,34.3514137268066,11.8755121231079,0.0275675058364868,-0.0370150208473206,0.0461527804836535,28.2597484588623,-108.703163146973,0.0420000000000016,1.53912381928588
16620,12.375,45.146,31,1.10943567752838,11.9933567047119,35.0480613708496,11.8917894363403,-0.0229281466454268,4.29637730121613e-05,0.0229281868990984,28.912618637085,-141.17057800293,0.0420000000000016,1.53912381928588
16621,12.375,45.146,32,0.644445061683655,12.1162557601929,35.2875137329102,11.8113098144531,-0.0113128954544663,-0.00117495283484459,0.0113737468640635,28.3342952728271,-119.533721923828,0.0420000000000016,1.53912381928588
16622,12.375,45.146,33,1.85701131820679,12.1506757736206,35.6622009277344,11.9162521362305,0.0547883212566376,-0.0455155111849308,0.0712279573239756,69.8187026977539,-162.772399902344,0.0420000000000016,1.53912381928588
16623,12.375,45.146,34,1.34240198135376,11.6956119537354,35.2596397399902,12.2282114028931,-0.0201145559549332,-0.0911708474159241,0.093363369582518,32.8626251220703,-192.988327026367,0.0420000000000016,1.53912381928588
16624,12.375,45.146,35,1.49566531181335,9.67325782775879,33.9227066040039,12.0013484954834,0.0166646204888821,-0.13044585287571,0.131506007879905,40.893856048584,-82.0336074829102,0.0420000000000016,1.53912381928588
16625,12.375,45.146,36,1.15580785274506,9.49198722839355,34.9106292724609,11.8692531585693,0.032694760710001,0.0365940779447556,0.049072129753161,87.5788803100586,-191.572601318359,0.0420000000000016,1.53912381928588
16626,12.375,45.146,37,1.22324061393738,9.03188419342041,35.3060646057129,11.7725305557251,0.0065213511697948,-0.132049456238747,0.132210388827915,107.983596801758,-224.295791625977,0.0420000000000016,1.53912381928588
16627,12.375,45.146,38,0.769655108451843,8.69371032714844,34.819091796875,11.5445880889893,-0.0100740697234869,0.0124556180089712,0.0160196535786228,121.200706481934,-80.6719512939453,0.0420000000000016,1.53912381928588
16628,12.375,45.146,39,0.713901162147522,9.20751667022705,35.2280616760254,11.6905345916748,-0.00369784166105092,0.0222002603113651,0.022506123407699,68.8890991210938,-45.7602767944336,0.0420000000000016,1.53912381928588
16629,12.375,45.146,40,1.16864025592804,8.06210708618164,35.1141891479492,13.7118368148804,0.0354316346347332,-0.179334953427315,0.182801603531442,127.267700195312,-62.9854354858398,0.0420000000000016,1.53912381928588
16630,12.375,45.146,41,0.851822674274445,8.78308010101318,35.2932243347168,12.0149459838867,0.109064511954784,0.0190090872347355,0.110708686043296,104.168724060059,72.3448944091797,0.0420000000000016,1.53912381928588
16631,12.375,45.146,42,1.05171489715576,9.48010444641113,35.3343238830566,12.1064691543579,0.0857232883572578,0.00608138274401426,0.0859387304005637,106.663063049316,87.1556243896484,0.0420000000000016,1.53912381928588
16632,12.375,45.146,43,1.38012897968292,10.264196395874,35.1737022399902,11.7759323120117,0.00169231137260795,-0.0333395227789879,0.0333824459396329,169.119506835938,187.382110595703,0.0420000000000016,1.53912381928588
16633,12.375,45.146,44,1.18284547328949,11.193133354187,35.111026763916,11.7558641433716,0.0939060673117638,-0.0243327803909779,0.0970073898191115,220.774597167969,116.912574768066,0.0420000000000016,1.53912381928588
16634,12.375,45.146,45,1.49585127830505,11.8761682510376,34.8218536376953,12.1750936508179,0.0324209295213223,-0.0349141173064709,0.0476456950659402,237.46012878418,-109.877365112305,0.0420000000000016,1.53912381928588
16635,12.375,45.146,46,1.7676477432251,12.1084470748901,34.4508323669434,11.835277557373,-0.00249829539097846,0.048089973628521,0.0481548236779289,124.934120178223,64.0174407958984,0.0420000000000016,1.53912381928588
16636,12.375,45.146,47,1.57240033149719,12.8833751678467,34.3106307983398,11.8430557250977,0.00497253891080618,-0.00541153317317367,0.00734920638598757,135.973526000977,117.112670898438,0.0420000000000016,1.53912381928588
16637,12.375,45.146,48,1.93660449981689,13.5314598083496,34.445484161377,11.8797779083252,0.00778046296909451,-0.0315978340804577,0.0325416459723473,186.783233642578,113.955184936523,0.0420000000000016,1.53912381928588
16638,12.375,45.146,49,1.79702472686768,14.8857650756836,33.7904205322266,13.3304758071899,0.0357332825660706,-0.255724757909775,0.258209254851486,145.883056640625,55.1179466247559,0.0420000000000016,1.53912381928588
16639,12.375,45.146,50,2.11228346824646,15.8766078948975,33.5687141418457,11.8587942123413,0.033970657736063,-0.0875076502561569,0.0938700934290289,253.047653198242,267.248260498047,0.0420000000000016,1.53912381928588
16640,12.375,45.146,51,1.82837390899658,16.5099639892578,33.5293426513672,13.459469795227,0.0222266055643559,-0.234643906354904,0.235694261246222,159.561874389648,-41.0376586914062,0.0420000000000016,1.53912381928588
16641,12.375,45.146,52,1.36323308944702,17.3897972106934,34.1438636779785,11.963038444519,0.0958997681736946,0.00995013397186995,0.0964145772268205,321.916381835938,331.007080078125,0.0420000000000016,1.53912381928588
16642,12.375,45.146,53,1.59838080406189,19.3339176177979,34.1180801391602,11.9423971176147,0.0386693216860294,-0.0792620852589607,0.0881918057375876,291.989654541016,292.841613769531,0.0420000000000016,1.53912381928588
18074,13.542,45.146,1,0.0815357193350792,20.4526081085205,38.550537109375,11.1804647445679,0.00956083368510008,0.0115795880556107,0.0150165375600298,261.020141601562,228.548248291016,0.0420000000000016,4.0663212807687
18075,13.542,45.146,2,0.084501177072525,22.9088287353516,38.6251068115234,11.1951713562012,-0.0293567553162575,-0.0535963326692581,0.0611096224689074,210.916656494141,125.946357727051,0.0420000000000016,4.0663212807687
18076,13.542,45.146,3,0.0759194567799568,21.8277320861816,38.5611801147461,11.1789970397949,-0.0507223978638649,0.0476145371794701,0.0695694314758669,331.748809814453,244.718109130859,0.0420000000000016,4.0663212807687
18077,13.542,45.146,4,0.0757449045777321,24.4761524200439,38.488525390625,11.1850748062134,0.0251677297055721,0.117735914885998,0.120395848236456,260.582153320312,173.7587890625,0.0420000000000016,4.0663212807687
18078,13.542,45.146,5,0.0944249033927917,26.4774723052979,38.5078430175781,11.2022399902344,0.00205036695115268,-0.0364279225468636,0.0364855799695533,230.547729492188,130.058944702148,0.0420000000000016,4.0663212807687
18079,13.542,45.146,6,0.0912599563598633,27.3342933654785,38.4489555358887,11.1940546035767,-0.0104411756619811,-0.0388808585703373,0.0402584067291655,314.722747802734,107.407897949219,0.0420000000000016,4.0663212807687
18080,13.542,45.146,7,0.0763362944126129,25.2291469573975,38.1045227050781,11.150897026062,0.0283113829791546,-0.00115368515253067,0.0283348794884244,291.313781738281,100.496421813965,0.0420000000000016,4.0663212807687
18081,13.542,45.146,8,0.0839913114905357,26.4339275360107,37.1392059326172,11.1389608383179,0.088110439479351,-0.186631128191948,0.206384659205678,318.876708984375,160.68083190918,0.0420000000000016,4.0663212807687
18082,13.542,45.146,9,0.106444858014584,28.3419036865234,36.2953491210938,11.1927051544189,0.0176692511886358,-0.0914541706442833,0.0931454119417634,208.090881347656,-12.40212059021,0.0420000000000016,4.0663212807687
18083,13.542,45.146,10,0.100132331252098,27.3448104858398,36.8865699768066,11.1908721923828,-0.0257060956209898,-0.0824895948171616,0.0864021794006086,233.209411621094,57.2037963867188,0.0420000000000016,4.0663212807687
18084,13.542,45.146,11,0.0927659496665001,26.0175685882568,37.7115592956543,11.1928672790527,0.0223229564726353,-0.00141194323077798,0.0223675651192996,222.003601074219,39.0553016662598,0.0420000000000016,4.0663212807687
18085,13.542,45.146,12,0.085195004940033,25.9917297363281,37.3316650390625,11.2361478805542,0.0174315124750137,0.0501838438212872,0.0531250958384632,273.572418212891,91.5381393432617,0.0420000000000016,4.0663212807687
18086,13.542,45.146,13,0.0872666090726852,25.3725643157959,37.726734161377,11.2146158218384,0.0453800894320011,-0.12408260256052,0.13212056908388,193.169921875,21.6018562316895,0.0420000000000016,4.0663212807687
18087,13.542,45.146,14,0.103787533938885,25.9598503112793,36.8163604736328,11.1683731079102,0.0113192861899734,-0.17088857293129,0.171263045045752,203.205093383789,103.569747924805,0.0420000000000016,4.0663212807687
18088,13.542,45.146,15,0.119316779077053,25.3902835845947,36.9956855773926,11.1708278656006,0.0455648303031921,-0.173080593347549,0.178977779498178,193.465576171875,87.7170715332031,0.0420000000000016,4.0663212807687
18089,13.542,45.146,16,0.1082479134202,24.8795890808105,36.7016334533691,11.1681451797485,0.0464294031262398,-0.128851890563965,0.136961670465013,181.821487426758,29.8980159759521,0.0420000000000016,4.0663212807687
18090,13.542,45.146,17,0.192101061344147,23.1254959106445,37.4489784240723,11.1840581893921,-0.000122884201118723,-0.102816082537174,0.102816155971802,198.492126464844,-146.121658325195,0.0420000000000016,4.0663212807687
18091,13.542,45.146,18,0.263608545064926,22.0393581390381,37.7957344055176,20.3358631134033,0.0117403864860535,0.00820272974669933,0.0143220616581305,146.489761352539,-78.5376663208008,0.0420000000000016,4.0663212807687
18092,13.542,45.146,19,0.270501613616943,21.4440021514893,37.7543754577637,16.701135635376,-0.00839786324650049,-0.0317608714103699,0.0328523524249478,86.5375289916992,-110.437797546387,0.0420000000000016,4.0663212807687
18093,13.542,45.146,20,0.2248405367136,21.2863864898682,37.8246383666992,18.0131244659424,-0.00977717898786068,-0.048008743673563,0.0489942108628615,134.390289306641,-39.7674407958984,0.0420000000000016,4.0663212807687
18094,13.542,45.146,21,0.277890503406525,21.0108089447021,37.8827781677246,11.472864151001,-0.00345746520906687,-0.0562390685081482,0.0563452472914628,133.257888793945,-18.958854675293,0.0420000000000016,4.0663212807687
18095,13.542,45.146,22,0.533936083316803,20.5735301971436,38.3019638061523,20.1370391845703,-0.00388705683872104,0.0361908040940762,0.0363989493233424,97.5513076782227,-18.3437576293945,0.0420000000000016,4.0663212807687
18096,13.542,45.146,23,0.547454655170441,20.3724479675293,38.3381309509277,20.1177425384521,0.000716143695171922,0.00203827093355358,0.00216041898498969,72.9834442138672,-52.4972953796387,0.0420000000000016,4.0663212807687
18097,13.542,45.146,24,0.707146644592285,19.4229049682617,38.3475074768066,20.2268199920654,-0.00106748228427023,-0.00699111353605986,0.00707214160642377,50.3215980529785,-118.099418640137,0.0420000000000016,4.0663212807687
18098,13.542,45.146,25,0.585264325141907,18.4995365142822,38.4232330322266,20.1754093170166,-0.00206598616205156,0.00872922781854868,0.00897037998804469,45.2146873474121,-152.19612121582,0.0420000000000016,4.0663212807687
18099,13.542,45.146,26,0.620527982711792,17.1820774078369,38.4028091430664,20.714448928833,-0.021265733987093,0.0667836964130402,0.0700877560533858,32.5639839172363,-371.762145996094,0.0420000000000016,4.0663212807687
18100,13.542,45.146,27,0.69279146194458,16.2836322784424,38.4966697692871,20.2573947906494,-0.00208964897319674,0.019337335601449,0.0194499146783283,33.1329307556152,-278.211090087891,0.0420000000000016,4.0663212807687
18101,13.542,45.146,28,0.602796673774719,15.3388214111328,38.4078025817871,15.5734128952026,0.0144660891965032,0.00985639542341232,0.0175047498520787,62.9595260620117,-85.1127319335938,0.0420000000000016,4.0663212807687
18102,13.542,45.146,29,0.32341194152832,14.3787746429443,38.3494987487793,20.2840557098389,-9.44766361499205e-05,0.00946049019694328,0.00946096192790343,27.9469585418701,-236.817581176758,0.0420000000000016,4.0663212807687
18103,13.542,45.146,30,0.423914790153503,13.7915372848511,38.286376953125,20.1325531005859,0.00266835791990161,-0.000406143954023719,0.00269909001333628,26.8744258880615,-58.0841827392578,0.0420000000000016,4.0663212807687
18104,13.542,45.146,31,0.299689084291458,13.4395551681519,38.2866020202637,20.1537990570068,0.000685254868585616,0.00455816322937608,0.0046093845858809,35.9722213745117,-74.3471984863281,0.0420000000000016,4.0663212807687
18105,13.542,45.146,32,0.225187107920647,13.237117767334,38.2951316833496,20.0699291229248,8.75246187206358e-05,0.00240407418459654,0.00240566690211378,28.3362159729004,-54.5430679321289,0.0420000000000016,4.0663212807687
18106,13.542,45.146,33,0.386938542127609,12.7314186096191,38.1845741271973,11.9133167266846,-0.00429146736860275,-0.00392662733793259,0.00581679417091423,62.964786529541,-51.2576599121094,0.0420000000000016,4.0663212807687
18107,13.542,45.146,34,0.454200625419617,12.5169763565063,38.1438674926758,20.5088176727295,-0.0059928260743618,0.0607757791876793,0.0610705272633789,32.8562049865723,-90.9925231933594,0.0420000000000016,4.0663212807687
18108,13.542,45.146,35,0.413246214389801,11.296145439148,38.1572685241699,20.2389793395996,-0.00419989228248596,-0.00608459021896124,0.00739333032652836,37.0795593261719,-88.9597091674805,0.0420000000000016,4.0663212807687
18109,13.542,45.146,36,0.451842546463013,10.5775957107544,38.168758392334,20.1279029846191,0.00212091766297817,-0.0145050548017025,0.0146592942031165,94.3559341430664,7.55441093444824,0.0420000000000016,4.0663212807687
18110,13.542,45.146,37,0.420501857995987,10.2359571456909,38.2248382568359,20.0002632141113,-0.00486233923584223,0.00652549741789699,0.00813784119993693,107.982940673828,-179.85107421875,0.0420000000000016,4.0663212807687
18111,13.542,45.146,38,0.394166797399521,9.9526309967041,38.2505111694336,19.7831287384033,0.00369129935279489,-0.00296027748845518,0.00473169459291261,121.200973510742,20.6395740509033,0.0420000000000016,4.0663212807687
18112,13.542,45.146,39,0.270215600728989,10.3922023773193,38.1919784545898,19.0583934783936,0.0232571195811033,0.01413519307971,0.0272157545295077,96.5148391723633,8.62860298156738,0.0420000000000016,4.0663212807687
18113,13.542,45.146,40,0.332501977682114,9.95485210418701,38.1791152954102,20.0680866241455,-0.00509836105629802,0.015213193371892,0.0160447666867099,135.575469970703,-127.082542419434,0.0420000000000016,4.0663212807687
18114,13.542,45.146,41,0.415945380926132,10.2072877883911,38.1643104553223,20.2880916595459,0.041399884968996,0.0390909239649773,0.0569390095793889,117.867546081543,47.9433250427246,0.0420000000000016,4.0663212807687
18115,13.542,45.146,42,0.228371560573578,11.0478134155273,38.0380439758301,16.1438217163086,-0.0103633655235171,0.169891715049744,0.170207503323201,100.604202270508,59.4265289306641,0.0420000000000016,4.0663212807687
18116,13.542,45.146,43,0.191941320896149,11.5903854370117,37.9210777282715,20.0370292663574,-0.018882729113102,-0.0147457029670477,0.0239581554955966,203.220657348633,129.071487426758,0.0420000000000016,4.0663212807687
18117,13.542,45.146,44,0.258786588907242,11.9716129302979,37.9835243225098,20.0026741027832,0.00440664449706674,-0.0143190231174231,0.0149817535275689,221.084945678711,23.2566509246826,0.0420000000000016,4.0663212807687
18118,13.542,45.146,45,0.299869000911713,12.11940574646,38.0121612548828,20.0712375640869,-0.0101051777601242,-0.0244836527854204,0.0264870510114043,228.81852722168,-160.366546630859,0.0420000000000016,4.0663212807687
18119,13.542,45.146,46,0.302500754594803,12.3093776702881,38.0390815734863,20.0843238830566,-0.00141581962816417,0.00317361112684011,0.00347510471840754,122.66771697998,48.758716583252,0.0420000000000016,4.0663212807687
18120,13.542,45.146,47,0.293533504009247,12.7149209976196,38.0036964416504,20.0945873260498,-0.0242053586989641,-0.0286592170596123,0.0375133324594802,140.339080810547,93.0868377685547,0.0420000000000016,4.0663212807687
18121,13.542,45.146,48,0.232012093067169,13.8466835021973,37.9762725830078,11.1589527130127,-0.0294144172221422,-0.021096745505929,0.0361977984338853,166.734237670898,41.0448150634766,0.0420000000000016,4.0663212807687
18122,13.542,45.146,49,0.147003844380379,14.5306701660156,37.9358520507812,11.1998796463013,-0.0928508639335632,-0.00694574462249875,0.0931102910615687,145.919357299805,85.1266937255859,0.0420000000000016,4.0663212807687
18123,13.542,45.146,50,0.133028864860535,17.009204864502,38.007453918457,11.1462879180908,-0.0239889025688171,0.0603417158126831,0.0649352763424844,251.818374633789,175.9775390625,0.0420000000000016,4.0663212807687
18124,13.542,45.146,51,0.147590294480324,16.0875225067139,37.5016822814941,11.2865762710571,-0.121602989733219,-0.034833513200283,0.126493718239017,163.3154296875,17.2742481231689,0.0420000000000016,4.0663212807687
18125,13.542,45.146,52,0.09757961332798,18.6066646575928,37.4303932189941,11.2170352935791,0.00418159691616893,-0.00729435868561268,0.0084079379995149,314.66162109375,278.630706787109,0.0420000000000016,4.0663212807687
18126,13.542,45.146,53,0.0927922800183296,19.5829067230225,37.3337173461914,11.1985177993774,-0.0814827680587769,-0.0227278545498848,0.084593125388303,306.308776855469,245.889465332031,0.0420000000000016,4.0663212807687
18127,12.375,45.104,1,0.930685043334961,20.9784145355225,34.3898391723633,10.4890575408936,-0.0153881823644042,-0.0346891693770885,0.0379491057674947,253.566360473633,168.024780273438,0.0586941223633144,1.49712381928588
18128,12.375,45.104,2,1.24605941772461,21.6684226989746,34.1123352050781,10.5001764297485,-0.0131578734144568,-0.0404626429080963,0.0425482679306571,194.617218017578,240.708969116211,0.0586941223633144,1.49712381928588
18129,12.375,45.104,3,2.11579585075378,21.5484714508057,34.1693572998047,10.4885663986206,-0.0294273421168327,0.00818805024027824,0.030545255454791,334.865997314453,354.688446044922,0.0586941223633144,1.49712381928588
18130,12.375,45.104,4,1.38274919986725,21.5814208984375,34.7345199584961,10.4820928573608,0.0188080184161663,0.0174677297472954,0.0256683294989643,237.927505493164,377.012084960938,0.0586941223633144,1.49712381928588
18131,12.375,45.104,5,1.191077709198,23.2172203063965,34.6454429626465,10.5170431137085,-0.0263903550803661,-0.0339828953146935,0.0430265966029992,192.899459838867,299.057403564453,0.0586941223633144,1.49712381928588
18132,12.375,45.104,6,1.1506130695343,25.1131725311279,33.5163726806641,10.5040550231934,-0.00991364289075136,0.00652049155905843,0.011865796456079,311.077850341797,283.521667480469,0.0586941223633144,1.49712381928588
18133,12.375,45.104,7,1.08057451248169,24.7503433227539,34.6266555786133,10.4186019897461,-7.37176014808938e-06,0.0586082339286804,0.0586082343922915,276.858795166016,150.50910949707,0.0586941223633144,1.49712381928588
18134,12.375,45.104,8,0.842945575714111,25.7276039123535,33.0978736877441,10.3961353302002,-0.0104053039103746,0.00036841188557446,0.0104118238932807,318.928894042969,286.456604003906,0.0586941223633144,1.49712381928588
18135,12.375,45.104,9,0.904419004917145,26.2947597503662,33.8276596069336,10.4996309280396,-0.0165612325072289,0.0291496329009533,0.0335257441441474,219.191268920898,159.597381591797,0.0586941223633144,1.49712381928588
18136,12.375,45.104,10,1.22624969482422,26.410717010498,33.4082412719727,10.5163898468018,-0.0149023486301303,-0.0178056489676237,0.0232189821019825,255.751358032227,150.486557006836,0.0586941223633144,1.49712381928588
18137,12.375,45.104,11,1.0943318605423,26.7454471588135,32.7532043457031,10.5307865142822,0.0244677681475878,-0.0467976070940495,0.0528080269263408,254.754699707031,45.4940795898438,0.0586941223633144,1.49712381928588
18138,12.375,45.104,12,1.13523423671722,26.2245655059814,33.9811630249023,10.5929698944092,0.00572769297286868,0.0254257954657078,0.0260629534369276,276.003601074219,109.875518798828,0.0586941223633144,1.49712381928588
18139,12.375,45.104,13,1.56587648391724,25.8804321289062,33.8946266174316,10.5492296218872,4.70428094558883e-05,0.0965094789862633,0.0965094904515919,199.450073242188,29.2025680541992,0.0586941223633144,1.49712381928588
18140,12.375,45.104,14,1.08574676513672,26.1024856567383,34.2097549438477,10.4540061950684,0.0212168842554092,-0.0193954017013311,0.0287460916415333,178.004455566406,53.8215026855469,0.0586941223633144,1.49712381928588
18141,12.375,45.104,15,1.33186769485474,25.3802433013916,33.6366348266602,10.4601039886475,0.00549972895532846,0.0535671748220921,0.053848762632048,174.696807861328,61.4859008789062,0.0586941223633144,1.49712381928588
18142,12.375,45.104,16,1.51505863666534,25.1442756652832,33.9394760131836,10.4539632797241,0.0155415181070566,0.0656346902251244,0.0674496207996754,152.817581176758,-27.5600700378418,0.0586941223633144,1.49712381928588
18143,12.375,45.104,17,1.76298069953918,23.3913249969482,34.5172080993652,10.4959259033203,-0.0019219892565161,0.00436251750215888,0.0047671376798668,186.936004638672,-218.070953369141,0.0586941223633144,1.49712381928588
18144,12.375,45.104,18,1.17852067947388,22.7053661346436,34.5639038085938,10.660927772522,0.0274390932172537,-0.0356825888156891,0.045012786863009,150.258895874023,-123.873634338379,0.0586941223633144,1.49712381928588
18145,12.375,45.104,19,1.05581593513489,22.2646102905273,34.7021560668945,10.4921455383301,0.000114988157292828,-0.0155613394454122,0.0155617642833857,78.1628494262695,-177.141372680664,0.0586941223633144,1.49712381928588
18146,12.375,45.104,20,1.1803320646286,21.6762218475342,34.324390411377,10.4489965438843,0.0165760591626167,-0.0237703248858452,0.028979200860983,114.244216918945,-125.030578613281,0.0586941223633144,1.49712381928588
18147,12.375,45.104,21,2.03174734115601,21.2773113250732,34.4865303039551,10.3462924957275,0.0154570965096354,0.0194610115140676,0.0248526216254716,133.463958740234,-70.4599227905273,0.0586941223633144,1.49712381928588
18148,12.375,45.104,22,2.29011416435242,20.8961982727051,34.8292465209961,10.4543313980103,0.0323947668075562,-0.0780556127429008,0.0845109436533852,88.8283538818359,-115.31713104248,0.0586941223633144,1.49712381928588
18149,12.375,45.104,23,2.21153593063354,19.9753494262695,34.1852226257324,10.4270830154419,0.0148437842726707,0.0305015053600073,0.0339216709606137,50.1669311523438,-124.327651977539,0.0586941223633144,1.49712381928588
18150,12.375,45.104,24,1.9861958026886,18.7331085205078,34.2621879577637,10.5480728149414,0.0105198426172137,-0.0217119064182043,0.0241262091718489,43.6872291564941,-193.956115722656,0.0586941223633144,1.49712381928588
18151,12.375,45.104,25,1.02175033092499,18.2156925201416,34.003101348877,10.4866514205933,0.0529239177703857,0.00722282892093062,0.0534145142240158,37.7587280273438,-215.62956237793,0.0586941223633144,1.49712381928588
18152,12.375,45.104,26,1.41774344444275,16.3426551818848,33.7403907775879,11.1719570159912,0.0221708454191685,-0.104971081018448,0.107286878213425,32.6644248962402,-400.836029052734,0.0586941223633144,1.49712381928588
18153,12.375,45.104,27,1.49868655204773,14.9065074920654,33.0777244567871,10.6207294464111,0.0223965533077717,-0.105284631252289,0.107640416099151,30.6141662597656,-266.089904785156,0.0586941223633144,1.49712381928588
18154,12.375,45.104,28,1.19153618812561,13.2533941268921,33.8014984130859,10.4581441879272,0.0285777654498816,-0.0408952496945858,0.0498909824085572,51.0583229064941,-151.487289428711,0.0586941223633144,1.49712381928588
18155,12.375,45.104,29,0.841648101806641,12.2091417312622,33.4981918334961,10.6319723129272,0.0277271028608084,-0.109795778989792,0.113242683282537,27.1928558349609,-238.4208984375,0.0586941223633144,1.49712381928588
18156,12.375,45.104,30,1.28270196914673,11.2559404373169,34.2046165466309,10.4356203079224,0.0110878953710198,-0.022091967985034,0.024718342849197,28.4658699035645,-81.3254852294922,0.0586941223633144,1.49712381928588
18157,12.375,45.104,31,1.16443228721619,11.2828178405762,34.8127784729004,10.454683303833,0.0110357953235507,0.0334230214357376,0.0351978286307136,29.1251945495605,-104.268493652344,0.0586941223633144,1.49712381928588
18158,12.375,45.104,32,0.616707742214203,11.6436080932617,35.0887413024902,10.3616533279419,0.0201629418879747,0.0222205054014921,0.0300049176948644,28.4242172241211,-91.5921401977539,0.0586941223633144,1.49712381928588
18159,12.375,45.104,33,2.17683792114258,11.944432258606,35.972038269043,10.4808855056763,0.0141001623123884,-0.0413723587989807,0.0437091140361744,69.7819137573242,-150.472503662109,0.0586941223633144,1.49712381928588
18160,12.375,45.104,34,1.46033525466919,11.2664527893066,35.1990509033203,10.8430366516113,0.0129842069000006,-0.0669445693492889,0.0681921182702501,32.9730072021484,-158.990661621094,0.0586941223633144,1.49712381928588
18161,12.375,45.104,35,1.58575320243835,9.55147361755371,34.2034912109375,10.582278251648,0.0189559254795313,-0.114520750939846,0.116078979607041,41.4095230102539,-72.7706451416016,0.0586941223633144,1.49712381928588
18162,12.375,45.104,36,1.24313974380493,8.65506267547607,34.5026779174805,10.4287576675415,0.0155160203576088,0.0602402724325657,0.0622064089181128,87.3660736083984,-144.785247802734,0.0586941223633144,1.49712381928588
18163,12.375,45.104,37,1.32714319229126,8.88378429412842,35.8380012512207,10.3160533905029,0.0370804332196712,-0.148349434137344,0.152913417124295,108.192047119141,-213.582992553711,0.0586941223633144,1.49712381928588
18164,12.375,45.104,38,0.848756670951843,8.03124904632568,34.657356262207,10.0541362762451,0.00908675044775009,0.027399480342865,0.0288669457469738,121.409088134766,-48.5353202819824,0.0586941223633144,1.49712381928588
18165,12.375,45.104,39,0.728240072727203,8.70023250579834,35.1135063171387,10.222110748291,0.0090369014069438,0.052780743688345,0.0535487860864613,70.0911483764648,-16.8844566345215,0.0586941223633144,1.49712381928588
18166,12.375,45.104,40,1.24291276931763,8.12481117248535,35.2208061218262,10.4086074829102,0.0440898425877094,-0.184415578842163,0.189612815861953,128.096313476562,-65.651008605957,0.0586941223633144,1.49712381928588
18167,12.375,45.104,41,0.91291606426239,8.66911029815674,35.2027015686035,10.5948820114136,0.0523709803819656,0.0264505837112665,0.0586715686242915,105.088165283203,80.0732498168945,0.0586941223633144,1.49712381928588
18168,12.375,45.104,42,1.16434073448181,9.66457939147949,35.2891578674316,10.7005290985107,0.0400858744978905,0.0170683190226555,0.043568392769527,107.004402160645,73.1988143920898,0.0586941223633144,1.49712381928588
18169,12.375,45.104,43,1.73144245147705,10.4955368041992,35.292106628418,10.3204765319824,0.0111751416698098,-0.000932935217861086,0.0112140162056707,167.636871337891,176.046157836914,0.0586941223633144,1.49712381928588
18170,12.375,45.104,44,1.28279972076416,11.234299659729,35.350227355957,10.2963714599609,0.0262607503682375,-0.0295358840376139,0.0395220882012358,220.824676513672,110.636444091797,0.0586941223633144,1.49712381928588
18171,12.375,45.104,45,1.68324673175812,11.8536920547485,35.1999740600586,10.4296617507935,-0.00144029431976378,-0.0405635796487331,0.0405891419180877,237.613342285156,-121.811141967773,0.0586941223633144,1.49712381928588
18172,12.375,45.104,46,1.97677874565125,12.2336521148682,34.692024230957,10.3876285552979,-0.00629090331494808,0.0340776666998863,0.0346534678239648,124.908874511719,57.4008140563965,0.0586941223633144,1.49712381928588
18173,12.375,45.104,47,1.68377900123596,13.0454254150391,34.3291053771973,10.3988628387451,-0.00993902329355478,0.0117337079718709,0.0153773888160172,136.064041137695,109.76774597168,0.0586941223633144,1.49712381928588
18174,12.375,45.104,48,2.0569167137146,13.7957601547241,34.6454010009766,10.4415674209595,-0.029563270509243,-0.0229655764997005,0.037435339816359,187.152191162109,95.7876663208008,0.0586941223633144,1.49712381928588
18175,12.375,45.104,49,2.2304949760437,14.7567462921143,33.8483200073242,10.5675315856934,0.0497443713247776,-0.236128285527229,0.241311147078883,145.967224121094,65.0721588134766,0.0586941223633144,1.49712381928588
18176,12.375,45.104,50,2.56367015838623,16.2705593109131,33.8448905944824,10.4170198440552,-0.00124661438167095,-0.0646021217107773,0.0646141484270332,253.958282470703,243.684005737305,0.0586941223633144,1.49712381928588
18177,12.375,45.104,51,2.00094652175903,16.5514907836914,33.5124969482422,10.7484512329102,0.0488536171615124,-0.209675312042236,0.215291459165878,159.521835327148,-46.907356262207,0.0586941223633144,1.49712381928588
18178,12.375,45.104,52,1.63032507896423,17.839771270752,34.0141487121582,10.5375156402588,0.02987408824265,0.0368901565670967,0.0474694090954854,322.250854492188,310.298370361328,0.0586941223633144,1.49712381928588
18179,12.375,45.104,53,1.98904836177826,19.7293643951416,34.1133575439453,10.5155382156372,-0.0226447395980358,-0.0563178844749928,0.0606999863525642,295.224548339844,267.05712890625,0.0586941223633144,1.49712381928588
19717,12.417,45.063,1,1.01215410232544,20.8933620452881,34.3044624328613,10.7690563201904,0.0497798435389996,-0.0239116083830595,0.0552249747689583,250.874420166016,175.127243041992,0.0410000000000004,1.43842969692257
19718,12.417,45.063,2,1.29623353481293,21.7762393951416,33.9939231872559,10.7812051773071,0.0319343656301498,-0.0825515389442444,0.0885130515249768,197.972152709961,232.562713623047,0.0410000000000004,1.43842969692257
19719,12.417,45.063,3,1.89758217334747,21.6621379852295,33.8626594543457,10.7692527770996,-0.0242278389632702,0.0279085300862789,0.0369577357586594,333.657501220703,341.170806884766,0.0410000000000004,1.43842969692257
19720,12.417,45.063,4,1.46541571617126,21.4798412322998,34.402271270752,10.7618589401245,0.0112593164667487,0.00138317747041583,0.0113439581810347,239.439086914062,386.535766601562,0.0410000000000004,1.43842969692257
19721,12.417,45.063,5,1.06383323669434,23.2940673828125,34.528621673584,10.7969331741333,-0.00500458013266325,-0.0215236805379391,0.0220978425689818,192.414413452148,295.259765625,0.0410000000000004,1.43842969692257
19722,12.417,45.063,6,1.21353220939636,25.5060062408447,33.4431571960449,10.7855100631714,0.0306784231215715,-0.059968750923872,0.0673603498550562,306.520599365234,251.787460327148,0.0410000000000004,1.43842969692257
19723,12.417,45.063,7,1.21579670906067,24.3470439910889,34.7429161071777,10.6957511901855,-0.010958643630147,0.0132369725033641,0.0171845660773666,276.575775146484,183.386276245117,0.0410000000000004,1.43842969692257
19724,12.417,45.063,8,0.813045918941498,25.9382781982422,33.2474708557129,10.675705909729,0.0200451482087374,-0.0387000516057014,0.0435832761617825,318.979217529297,276.043731689453,0.0410000000000004,1.43842969692257
19725,12.417,45.063,9,0.9101881980896,26.3872051239014,33.6368293762207,10.780366897583,-0.0239616632461548,0.00624513579532504,0.0247621288790802,219.208847045898,154.531845092773,0.0410000000000004,1.43842969692257
19726,12.417,45.063,10,1.17822313308716,26.4350757598877,33.3482513427734,10.7963733673096,0.00948731787502766,-0.0488839186728001,0.0497960511011742,254.825927734375,148.622436523438,0.0410000000000004,1.43842969692257
19727,12.417,45.063,11,1.09504270553589,26.9254665374756,33.1270561218262,10.8092012405396,0.0405103303492069,-0.0679754689335823,0.0791312279807554,247.146362304688,24.0995445251465,0.0410000000000004,1.43842969692257
19728,12.417,45.063,12,1.12036979198456,26.2736911773682,34.1196937561035,10.8722372055054,-0.00255032838322222,-0.0117380628362298,0.0120119229938236,276.065368652344,107.822731018066,0.0410000000000004,1.43842969692257
19729,12.417,45.063,13,1.49209523200989,25.8769512176514,33.9741439819336,10.8288669586182,-0.0167188253253698,0.0299358759075403,0.0342881289459177,196.903701782227,28.4287128448486,0.0410000000000004,1.43842969692257
19730,12.417,45.063,14,1.16981649398804,26.1632404327393,34.2682800292969,10.7338552474976,0.0219384972006083,-0.017131058499217,0.0278347054003575,178.835083007812,50.9913902282715,0.0410000000000004,1.43842969692257
19731,12.417,45.063,15,1.32054007053375,25.3678913116455,33.5882377624512,10.7400732040405,-0.00216780789196491,0.031366229057312,0.031441051450806,173.372161865234,60.8295135498047,0.0410000000000004,1.43842969692257
19732,12.417,45.063,16,1.60183954238892,25.1362018585205,33.9688835144043,10.7327795028687,0.000527408032212406,0.0393145680427551,0.0393181054937908,153.937088012695,-27.9954681396484,0.0410000000000004,1.43842969692257
19733,12.417,45.063,17,1.88527417182922,23.3403263092041,34.5397682189941,10.7746782302856,0.00571706751361489,0.0232095345854759,0.0239032917530125,188.271469116211,-209.220520019531,0.0410000000000004,1.43842969692257
19734,12.417,45.063,18,1.27021980285645,22.490406036377,34.5205154418945,10.9401140213013,0.0646278411149979,-0.0610789060592651,0.0889235098980126,148.935119628906,-110.586647033691,0.0410000000000004,1.43842969692257
19735,12.417,45.063,19,1.11127507686615,22.0503063201904,34.6884002685547,10.7714824676514,0.0523847825825214,-0.0356729067862034,0.0633776121733471,78.3492965698242,-150.144760131836,0.0410000000000004,1.43842969692257
19736,12.417,45.063,20,1.29249608516693,21.4342002868652,34.2588958740234,10.7293405532837,0.059906393289566,-0.0658873617649078,0.0890501004901398,114.700416564941,-116.242118835449,0.0410000000000004,1.43842969692257
19737,12.417,45.063,21,2.10906934738159,21.0839385986328,34.3351593017578,10.626259803772,0.0583881065249443,-0.0255376193672419,0.0637286512215218,133.667953491211,-61.2285346984863,0.0410000000000004,1.43842969692257
19738,12.417,45.063,22,2.64285612106323,20.7693252563477,34.7753143310547,10.7339324951172,0.0670146644115448,-0.0899250581860542,0.112149370644499,88.8007431030273,-118.020706176758,0.0410000000000004,1.43842969692257
19739,12.417,45.063,23,2.44077014923096,19.9409408569336,34.0480918884277,10.7075061798096,0.0548071190714836,-0.0188897270709276,0.0579710452702892,50.953929901123,-121.871337890625,0.0410000000000004,1.43842969692257
19740,12.417,45.063,24,2.0362114906311,18.5148944854736,34.4073600769043,10.8271322250366,0.05525266751647,-0.0496396459639072,0.0742761854103159,43.957576751709,-177.957077026367,0.0410000000000004,1.43842969692257
19741,12.417,45.063,25,1.04543590545654,17.9852447509766,33.8738632202148,10.7673177719116,0.0831562951207161,-0.0436542220413685,0.0939183715800095,37.7344818115234,-199.950561523438,0.0410000000000004,1.43842969692257
19742,12.417,45.063,26,1.41855478286743,16.1870613098145,33.6584625244141,11.4508256912231,0.0141751011833549,-0.0611676909029484,0.0627886924848494,32.7589302062988,-367.823760986328,0.0410000000000004,1.43842969692257
19743,12.417,45.063,27,1.62366127967834,14.5193166732788,33.0768928527832,10.9004287719727,0.0448684766888618,-0.0734760537743568,0.0860924542490869,30.7222270965576,-229.886276245117,0.0410000000000004,1.43842969692257
19744,12.417,45.063,28,1.24713027477264,13.2339200973511,33.761116027832,10.7386846542358,0.0824290812015533,-0.0818502306938171,0.116163736563367,53.6275291442871,-136.765884399414,0.0410000000000004,1.43842969692257
19745,12.417,45.063,29,0.739030480384827,12.0598201751709,33.6890678405762,10.9109830856323,0.0469319671392441,-0.085357315838337,0.0974088338226297,27.2670192718506,-204.007598876953,0.0410000000000004,1.43842969692257
19746,12.417,45.063,30,1.29388868808746,11.2197971343994,34.3393745422363,10.7148485183716,0.0668304562568665,-0.0877684727311134,0.110315976581151,28.7592620849609,-72.0725555419922,0.0410000000000004,1.43842969692257
19747,12.417,45.063,31,1.18449926376343,11.1376905441284,34.6871337890625,10.7353038787842,0.0102916387841105,-0.0398480333387852,0.0411556021682534,29.420560836792,-96.4021606445312,0.0410000000000004,1.43842969692257
19748,12.417,45.063,32,0.614939212799072,11.5889196395874,34.9398765563965,10.6422491073608,0.0112605346366763,-0.0173950269818306,0.0207216457841167,28.5144577026367,-84.2468109130859,0.0410000000000004,1.43842969692257
19749,12.417,45.063,33,2.614985704422,11.8427286148071,35.8962593078613,10.7616214752197,0.056239053606987,-0.0546241626143456,0.0784004482890756,69.6294860839844,-140.755432128906,0.0410000000000004,1.43842969692257
19750,12.417,45.063,34,1.54969811439514,11.0121755599976,35.0691375732422,11.1233072280884,0.02816510386765,-0.0748296976089478,0.0799547166846464,33.082820892334,-131.379196166992,0.0410000000000004,1.43842969692257
19751,12.417,45.063,35,1.47270572185516,9.63118553161621,34.638256072998,10.8610801696777,0.0381831116974354,-0.0661093294620514,0.0763439156765022,41.9284286499023,-76.1237716674805,0.0410000000000004,1.43842969692257
19752,12.417,45.063,36,1.28550493717194,8.54500484466553,34.455680847168,10.7091093063354,0.0266161281615496,0.00884249247610569,0.0280465318979374,85.2109680175781,-136.919326782227,0.0410000000000004,1.43842969692257
19753,12.417,45.063,37,1.42076671123505,8.9481782913208,36.3098182678223,10.5926961898804,0.02024189196527,-0.04639458283782,0.0506180946602004,108.399894714355,-216.307540893555,0.0410000000000004,1.43842969692257
19754,12.417,45.063,38,0.885230183601379,7.96061515808105,34.548942565918,10.3339719772339,0.0393830500543118,-0.0231576226651669,0.0456869797544407,121.617614746094,-47.4947395324707,0.0410000000000004,1.43842969692257
19755,12.417,45.063,39,0.759706020355225,8.62094116210938,34.9754371643066,10.5018539428711,0.0348876304924488,0.000963313039392233,0.0349009274001352,71.711067199707,-8.72333145141602,0.0410000000000004,1.43842969692257
19756,12.417,45.063,40,1.40275895595551,8.19046878814697,35.1664924621582,10.6880779266357,0.034984402358532,-0.0609318688511848,0.0702609496810401,129.665237426758,-66.7615737915039,0.0410000000000004,1.43842969692257
19757,12.417,45.063,41,0.988227844238281,8.66437244415283,35.108470916748,10.8741798400879,0.101704567670822,-0.0114947129040956,0.102352076236178,106.278274536133,83.3841400146484,0.0410000000000004,1.43842969692257
19758,12.417,45.063,42,1.22869992256165,9.63507080078125,35.1570930480957,10.9791021347046,0.0785573050379753,0.0271389149129391,0.083113000652613,107.65064239502,69.0177841186523,0.0410000000000004,1.43842969692257
19759,12.417,45.063,43,2.05793523788452,10.4533338546753,35.0331840515137,10.6011714935303,0.0590559989213943,-0.0310678333044052,0.0667294633189421,164.9228515625,182.663619995117,0.0410000000000004,1.43842969692257
19760,12.417,45.063,44,1.43990278244019,11.2732696533203,35.1465950012207,10.5763273239136,0.067772202193737,-0.00566286081448197,0.0680083772986312,220.801681518555,107.687629699707,0.0410000000000004,1.43842969692257
19761,12.417,45.063,45,1.76738882064819,11.7536144256592,34.8486671447754,10.7092161178589,-0.00735130673274398,0.0229555331170559,0.0241039044838619,237.765472412109,-125.35523223877,0.0410000000000004,1.43842969692257
19762,12.417,45.063,46,2.20171809196472,12.0822353363037,34.4635620117188,10.6676368713379,0.0243499539792538,0.0430370792746544,0.0494480581143958,124.905891418457,70.0563735961914,0.0410000000000004,1.43842969692257
19763,12.417,45.063,47,1.79574429988861,12.9406261444092,33.8778114318848,10.6811761856079,0.0285619739443064,0.017555445432663,0.0335258112494604,136.181564331055,118.606376647949,0.0410000000000004,1.43842969692257
19764,12.417,45.063,48,2.16699743270874,13.756986618042,34.2405967712402,10.7227621078491,-0.0197485033422709,0.0170483849942684,0.0260892854477174,187.973754882812,98.8230438232422,0.0410000000000004,1.43842969692257
19765,12.417,45.063,49,2.62348794937134,14.6741333007812,33.7907371520996,10.8510580062866,0.0514694452285767,-0.151069611310959,0.159596777078303,146.049865722656,73.3581619262695,0.0410000000000004,1.43842969692257
19766,12.417,45.063,50,3.25632119178772,16.3969249725342,33.6160659790039,10.697262763977,0.0340884067118168,-0.0407696887850761,0.0531430804129964,255.751449584961,238.703796386719,0.0410000000000004,1.43842969692257
19767,12.417,45.063,51,1.89165890216827,16.5233726501465,33.7464714050293,11.0305471420288,0.0612954944372177,-0.135351866483688,0.148584203059818,159.476425170898,-42.4884643554688,0.0410000000000004,1.43842969692257
19768,12.417,45.063,52,1.90027594566345,17.7531318664551,33.7628860473633,10.8184480667114,0.0486638583242893,-0.00485168164595962,0.0489051114077071,322.524658203125,315.562255859375,0.0410000000000004,1.43842969692257
19769,12.417,45.063,53,2.33635950088501,19.7137851715088,33.7428398132324,10.7977313995361,-0.00497858179733157,-0.0489661358296871,0.0492185811945457,298.914367675781,274.657928466797,0.0410000000000004,1.43842969692257
19770,12.458,45.063,1,0.906745553016663,20.9209766387939,34.5484466552734,12.141414642334,0.105334095656872,-0.0840554162859917,0.13476121368874,250.55534362793,175.981674194336,0.059396969619671,1.39742969692257
19771,12.458,45.063,2,1.16571044921875,22.7438659667969,34.2582740783691,12.1508350372314,0.0580439530313015,-0.121821776032448,0.134943119866112,197.952224731445,170.249114990234,0.059396969619671,1.39742969692257
19772,12.458,45.063,3,1.71074509620667,22.3570690155029,34.0172843933105,12.1428937911987,-0.0162547789514065,0.0128053557127714,0.0206928725335487,333.312316894531,288.476806640625,0.059396969619671,1.39742969692257
19773,12.458,45.063,4,1.39062178134918,22.618537902832,34.3593482971191,12.1385259628296,0.0280295182019472,0.0127600757405162,0.0307972957179198,239.529403686523,333.673095703125,0.059396969619671,1.39742969692257
19774,12.458,45.063,5,0.885446429252625,24.0110530853271,34.7025032043457,12.1610708236694,0.00718907220289111,-0.0334671847522259,0.0342306180834936,192.224884033203,255.295150756836,0.059396969619671,1.39742969692257
19775,12.458,45.063,6,1.04292118549347,26.1544151306152,33.8091659545898,12.1538848876953,0.0523761585354805,-0.0820905640721321,0.0973761916107557,304.8232421875,203.008880615234,0.059396969619671,1.39742969692257
19776,12.458,45.063,7,1.18188953399658,24.137659072876,34.9242362976074,12.0943078994751,-0.00374200963415205,0.0320040658116341,0.0322220865956488,276.357757568359,203.411499023438,0.059396969619671,1.39742969692257
19777,12.458,45.063,8,0.716696739196777,26.4035701751709,33.5293960571289,12.0811443328857,0.0525052361190319,-0.082969181239605,0.0981869892373002,318.977996826172,249.481658935547,0.059396969619671,1.39742969692257
19778,12.458,45.063,9,0.800227761268616,26.8902854919434,33.681224822998,12.1509704589844,-0.0215449407696724,-0.00252537569031119,0.0216924409679018,219.15007019043,115.266632080078,0.059396969619671,1.39742969692257
19779,12.458,45.063,10,1.05566835403442,26.6366310119629,33.7302589416504,12.1593437194824,0.00838535279035568,-0.0478481389582157,0.0485773459874399,254.400787353516,131.416961669922,0.059396969619671,1.39742969692257
19780,12.458,45.063,11,0.994919061660767,26.9474487304688,33.4827842712402,12.1673622131348,0.0824019089341164,-0.12108801305294,0.146466315243797,244.818817138672,21.6015357971191,0.059396969619671,1.39742969692257
19781,12.458,45.063,12,0.998572945594788,26.2301902770996,34.2037811279297,12.2108879089355,0.00361430598422885,-0.00821223855018616,0.00897240601805313,276.052307128906,112.837936401367,0.059396969619671,1.39742969692257
19782,12.458,45.063,13,1.33960604667664,25.8206672668457,34.1008834838867,12.1829957962036,-0.0231521613895893,0.0318103469908237,0.0393436240410845,195.892593383789,37.3887329101562,0.059396969619671,1.39742969692257
19783,12.458,45.063,14,1.06632792949677,26.1864681243896,34.4449806213379,12.1201000213623,0.0231393165886402,-0.007005725055933,0.0241766034783352,179.283966064453,53.5411529541016,0.059396969619671,1.39742969692257
19784,12.458,45.063,15,1.20311045646667,25.2824687957764,33.6507911682129,12.1244258880615,-0.00238379812799394,0.022412272170186,0.0225386875692779,172.992919921875,68.873420715332,0.059396969619671,1.39742969692257
19785,12.458,45.063,16,1.53183269500732,24.8626003265381,33.9159469604492,12.1195163726807,0.0120988925918937,0.0225678943097591,0.0256065041645016,154.457168579102,-5.88141679763794,0.059396969619671,1.39742969692257
19786,12.458,45.063,17,1.76706099510193,23.1630115509033,34.960750579834,12.145450592041,0.0063879918307066,-0.0062234872020781,0.0089184209691853,189.403610229492,-188.191375732422,0.059396969619671,1.39742969692257
19787,12.458,45.063,18,1.19187617301941,22.2803516387939,34.5736503601074,12.2549123764038,0.0979459211230278,-0.118916049599648,0.154059827070603,147.951095581055,-94.1721038818359,0.059396969619671,1.39742969692257
19788,12.458,45.063,19,1.0450667142868,21.7755527496338,34.8661193847656,12.1437253952026,0.0854281336069107,-0.0981721580028534,0.130137383631674,78.3005294799805,-125.625297546387,0.059396969619671,1.39742969692257
19789,12.458,45.063,20,1.23195385932922,21.1942481994629,34.5766944885254,12.115818977356,0.0993125960230827,-0.129534125328064,0.163224021986197,115.05850982666,-100.041130065918,0.059396969619671,1.39742969692257
19790,12.458,45.063,21,2.01634454727173,20.8710269927979,34.4729995727539,12.0486497879028,0.0875276997685432,-0.0872940570116043,0.123617760116892,133.666549682617,-48.4062957763672,0.059396969619671,1.39742969692257
19791,12.458,45.063,22,2.53457164764404,20.5997829437256,34.911548614502,12.1188154220581,0.104299254715443,-0.131914988160133,0.16816628269509,88.8924560546875,-107.422134399414,0.059396969619671,1.39742969692257
19792,12.458,45.063,23,2.32439136505127,19.601770401001,34.180004119873,12.1025648117065,0.0719819217920303,-0.0804057791829109,0.107918888017274,51.0466918945312,-94.9518432617188,0.059396969619671,1.39742969692257
19793,12.458,45.063,24,1.95712184906006,18.2339096069336,34.7602348327637,12.180419921875,0.0808301642537117,-0.0788944959640503,0.112950683692944,44.0097198486328,-156.421203613281,0.059396969619671,1.39742969692257
19794,12.458,45.063,25,1.06208562850952,17.7400665283203,34.1020698547363,12.1409044265747,0.140135020017624,-0.139902174472809,0.198016267658897,37.7406196594238,-183.909622192383,0.059396969619671,1.39742969692257
19795,12.458,45.063,26,1.33906018733978,16.128963470459,34.0001525878906,12.5851774215698,0.0515605770051479,-0.106841810047626,0.118632480692924,32.759765625,-351.549072265625,0.059396969619671,1.39742969692257
19796,12.458,45.063,27,1.53437113761902,14.5597448348999,33.6099853515625,12.2259101867676,0.0859680324792862,-0.113716334104538,0.142554927135243,30.7213973999023,-231.071243286133,0.059396969619671,1.39742969692257
19797,12.458,45.063,28,1.20768213272095,12.9162282943726,33.9193916320801,12.1224298477173,0.127943992614746,-0.150103554129601,0.197232710797525,54.5463943481445,-103.105796813965,0.059396969619671,1.39742969692257
19798,12.458,45.063,29,0.701424837112427,12.0371837615967,34.1213569641113,12.2333726882935,0.0940815731883049,-0.107019364833832,0.142493813420173,27.2684650421143,-192.843719482422,0.059396969619671,1.39742969692257
19799,12.458,45.063,30,1.25040698051453,10.9913997650146,34.5851020812988,12.1063146591187,0.118545390665531,-0.133339449763298,0.178416418838689,28.8457736968994,-54.6755638122559,0.059396969619671,1.39742969692257
19800,12.458,45.063,31,1.18229794502258,10.518759727478,34.6196823120117,12.121169090271,0.0284030064940453,-0.0768009424209595,0.0818847698576989,29.5028476715088,-57.9010124206543,0.059396969619671,1.39742969692257
19801,12.458,45.063,32,0.647150158882141,10.8960647583008,34.8584060668945,12.0601358413696,0.0193794816732407,-0.0424750931560993,0.0466872343209874,28.5147457122803,-44.2402534484863,0.059396969619671,1.39742969692257
19802,12.458,45.063,33,2.54979133605957,11.6706123352051,36.0309562683105,12.1385974884033,0.0767863392829895,-0.0695071965456009,0.10357312524063,69.467414855957,-124.064918518066,0.059396969619671,1.39742969692257
19803,12.458,45.063,34,1.5145435333252,10.7736368179321,35.1333351135254,12.375111579895,0.0484489277005196,-0.10298715531826,0.113814114923755,33.0820121765137,-115.926414489746,0.059396969619671,1.39742969692257
19804,12.458,45.063,35,1.35232198238373,9.84232425689697,35.3289108276367,12.200385093689,0.0593840479850769,-0.0869067534804344,0.10525801136067,41.9299430847168,-91.2755355834961,0.059396969619671,1.39742969692257
19805,12.458,45.063,36,1.25363171100616,8.2216682434082,34.6038589477539,12.10426902771,0.0342497676610947,-0.0193414650857449,0.0393336860273996,85.0488967895508,-103.167495727539,0.059396969619671,1.39742969692257
19806,12.458,45.063,37,1.37108731269836,9.08916187286377,36.7030410766602,12.0248746871948,-0.00126923061907291,-0.000615716155152768,0.00141069229391399,108.398956298828,-224.522079467773,0.059396969619671,1.39742969692257
19807,12.458,45.063,38,0.836360216140747,7.79996919631958,34.6982612609863,11.8568515777588,0.060182012617588,-0.08126200735569,0.101120662983288,121.617713928223,-30.5667419433594,0.059396969619671,1.39742969692257
19808,12.458,45.063,39,0.795005261898041,8.47890377044678,34.9270782470703,11.9675168991089,0.0508780181407928,-0.0414756387472153,0.0656414605217187,72.1831817626953,4.02362012863159,0.059396969619671,1.39742969692257
19809,12.458,45.063,40,1.33237838745117,8.2650785446167,35.5733947753906,12.085976600647,0.0501577779650688,-0.080926351249218,0.0952096477091736,130.572708129883,-70.9990386962891,0.059396969619671,1.39742969692257
19810,12.458,45.063,41,0.984915494918823,8.68434047698975,35.0899429321289,12.2120819091797,0.140918880701065,-0.0821685492992401,0.163125109753167,106.547882080078,85.2051010131836,0.059396969619671,1.39742969692257
19811,12.458,45.063,42,1.20101451873779,9.69108200073242,35.1150588989258,12.2803821563721,0.109087258577347,-0.0134518276900053,0.109913518968881,107.955390930176,67.5457763671875,0.059396969619671,1.39742969692257
19812,12.458,45.063,43,1.88118720054626,10.7595167160034,35.1294288635254,12.0325651168823,0.0842988938093185,-0.098036952316761,0.1292963553896,163.507629394531,172.509262084961,0.059396969619671,1.39742969692257
19813,12.458,45.063,44,1.37882125377655,11.3807382583618,35.3854827880859,12.0155324935913,0.108047991991043,-0.0484805442392826,0.118426060236054,220.77018737793,103.074295043945,0.059396969619671,1.39742969692257
19814,12.458,45.063,45,1.68749272823334,11.6628980636597,35.5878486633301,12.099009513855,-0.0155242560431361,0.00211608037352562,0.0156678116480914,237.765579223633,-118.327110290527,0.059396969619671,1.39742969692257
19815,12.458,45.063,46,2.1653733253479,12.1679563522339,34.6089782714844,12.0766181945801,0.0245819687843323,0.0205575730651617,0.0320450776195557,124.928077697754,70.9452819824219,0.059396969619671,1.39742969692257
19816,12.458,45.063,47,1.76199233531952,13.0448503494263,34.2697296142578,12.0852994918823,0.01994688808918,-0.0273706652224064,0.0338678558394138,136.208343505859,111.377014160156,0.059396969619671,1.39742969692257
19817,12.458,45.063,48,2.18519639968872,13.7979888916016,34.473014831543,12.1113910675049,-0.00257661240175366,-0.00436579389497638,0.00506942677255366,188.419967651367,97.2410278320312,0.059396969619671,1.39742969692257
19818,12.458,45.063,49,2.50691556930542,14.6762704849243,34.1968994140625,12.1912460327148,0.0563992895185947,-0.129017218947411,0.140805975168408,146.048355102539,73.0077819824219,0.059396969619671,1.39742969692257
19819,12.458,45.063,50,3.11280560493469,16.6086921691895,33.988338470459,12.0940418243408,0.0832429230213165,-0.0772246643900871,0.113547492369028,256.623504638672,226.719116210938,0.059396969619671,1.39742969692257
19820,12.458,45.063,51,1.72497248649597,16.4361934661865,34.5917091369629,12.3060531616211,0.0856761783361435,-0.178803563117981,0.19827032485466,159.471206665039,-33.4883613586426,0.059396969619671,1.39742969692257
19821,12.458,45.063,52,1.77530324459076,18.3430347442627,33.8209533691406,12.1753730773926,0.089929848909378,-0.0817297399044037,0.121520072867428,322.569915771484,289.865692138672,0.059396969619671,1.39742969692257
19822,12.458,45.063,53,2.14905333518982,20.1568946838379,34.1250038146973,12.1607179641724,0.0254498664289713,-0.0814581289887428,0.0853412120818491,299.98974609375,246.699920654297,0.059396969619671,1.39742969692257
21254,12.5,45.021,1,0.878593325614929,20.6623058319092,34.6947441101074,11.9156684875488,0.0736386254429817,-0.090587429702282,0.116742149959634,246.554275512695,202.60563659668,0.0420000000000016,1.3380327273029
21255,12.5,45.021,2,1.00632643699646,21.0757999420166,34.1884574890137,11.9274797439575,0.010763868689537,-0.147259637713432,0.147652503428343,201.639068603516,269.409484863281,0.0420000000000016,1.3380327273029
21256,12.5,45.021,3,1.24271547794342,20.259578704834,34.0581893920898,11.9150104522705,-0.0673216432332993,0.0038383980281651,0.0674309791346251,331.705749511719,427.039459228516,0.0420000000000016,1.3380327273029
21257,12.5,45.021,4,1.26919496059418,20.1113910675049,34.440975189209,11.9090604782104,-0.0283696912229061,-0.017582681030035,0.0333764895141324,241.209075927734,469.491943359375,0.0420000000000016,1.3380327273029
21258,12.5,45.021,5,0.714409172534943,22.2512283325195,34.7817535400391,11.9384984970093,-0.0424435287714005,-0.050950363278389,0.0663128392754262,191.835159301758,354.879852294922,0.0420000000000016,1.3380327273029
21259,12.5,45.021,6,0.982465624809265,25.5093536376953,34.1034545898438,11.9306726455688,0.0314423255622387,-0.148951187729836,0.152233623627931,298.961120605469,247.095413208008,0.0420000000000016,1.3380327273029
21260,12.5,45.021,7,1.28421819210052,22.540319442749,35.0450477600098,11.8501234054565,-0.0405277572572231,0.0208894703537226,0.0455946167870666,275.291839599609,316.228942871094,0.0420000000000016,1.3380327273029
21261,12.5,45.021,8,0.686659038066864,25.5358867645264,33.7566757202148,11.8366146087646,-0.0145704010501504,-0.079313650727272,0.0806408815579909,319.029266357422,305.683288574219,0.0420000000000016,1.3380327273029
21262,12.5,45.021,9,0.677936971187592,25.8389892578125,34.1058502197266,11.9254722595215,-0.0537547096610069,-0.0192926805466413,0.057111963137454,219.333786010742,204.160079956055,0.0420000000000016,1.3380327273029
21263,12.5,45.021,10,0.970060706138611,26.1422595977783,34.3921127319336,12.210015296936,-0.00977024808526039,-0.0855273529887199,0.0860835980713204,254.610733032227,179.732360839844,0.0420000000000016,1.3380327273029
21264,12.5,45.021,11,0.917893648147583,26.9848365783691,33.9071044921875,12.257227897644,0.0442901961505413,-0.143762186169624,0.150430009131566,237.218521118164,10.4042530059814,0.0420000000000016,1.3380327273029
21265,12.5,45.021,12,0.906926929950714,26.0068950653076,34.7512016296387,12.0032596588135,-0.0146788228303194,-0.0262578763067722,0.0300822856150535,276.117797851562,123.057800292969,0.0420000000000016,1.3380327273029
21266,12.5,45.021,13,1.17104125022888,25.4437808990479,34.4880676269531,11.9673280715942,-0.0171541962772608,0.0561356917023659,0.058698231087673,193.834884643555,67.5939254760742,0.0420000000000016,1.3380327273029
21267,12.5,45.021,14,0.941268801689148,25.7757453918457,34.3880271911621,11.8879842758179,-0.00229938887059689,0.0201259385794401,0.0202568653271334,179.669906616211,87.3247375488281,0.0420000000000016,1.3380327273029
21268,12.5,45.021,15,1.01379799842834,25.2534866333008,34.0017700195312,11.8923807144165,-0.0151397297158837,0.0316238030791283,0.0350610373072089,171.313980102539,71.6267776489258,0.0420000000000016,1.3380327273029
21269,12.5,45.021,16,1.38036179542542,25.041296005249,34.405158996582,11.8854961395264,-0.00441640289500356,0.0735030695796013,0.0736356289587772,154.801971435547,-20.2140769958496,0.0420000000000016,1.3380327273029
21270,12.5,45.021,17,1.67276978492737,23.6066741943359,34.8984794616699,11.9209060668945,0.0408784821629524,0.0547741837799549,0.068346627661554,189.967849731445,-213.538482666016,0.0420000000000016,1.3380327273029
21271,12.5,45.021,18,1.17621374130249,22.4012126922607,34.7603340148926,12.0616073608398,0.123017579317093,-0.106312237679958,0.162590333973324,145.405609130859,-101.557716369629,0.0420000000000016,1.3380327273029
21272,12.5,45.021,19,0.956956148147583,21.9673690795898,34.9870834350586,11.9184923171997,0.0829341188073158,-0.0540909841656685,0.0990146586640411,78.5883178710938,-130.387939453125,0.0420000000000016,1.3380327273029
21273,12.5,45.021,20,1.25076413154602,21.2498188018799,34.5407447814941,11.8837480545044,0.0712574124336243,-0.102024994790554,0.124445644314087,115.378128051758,-107.04305267334,0.0420000000000016,1.3380327273029
21274,12.5,45.021,21,1.77263069152832,21.001932144165,34.6001319885254,11.7956447601318,0.0701900646090508,-0.0642706081271172,0.0951701436315622,133.530395507812,-58.9463233947754,0.0420000000000016,1.3380327273029
21275,12.5,45.021,22,2.296715259552,20.6739158630371,34.9725227355957,11.8860597610474,0.106208860874176,-0.144997835159302,0.179735067054468,88.6009521484375,-117.640510559082,0.0420000000000016,1.3380327273029
21276,12.5,45.021,23,2.16745281219482,20.1776351928711,34.4253921508789,11.8650846481323,0.0886616259813309,-0.063493549823761,0.10905189035902,51.6572723388672,-130.312622070312,0.0420000000000016,1.3380327273029
21277,12.5,45.021,24,1.79176962375641,19.1810092926025,34.620044708252,11.9678497314453,0.0977367162704468,-0.0142680564895272,0.0987726841961792,44.2839393615723,-218.389953613281,0.0420000000000016,1.3380327273029
21278,12.5,45.021,25,1.00188004970551,18.0266494750977,34.312370300293,11.915732383728,0.141032934188843,-0.113781072199345,0.181208225301025,37.6276664733887,-209.849975585938,0.0420000000000016,1.3380327273029
21279,12.5,45.021,26,1.28090977668762,16.9977893829346,34.4059677124023,13.0940113067627,0.00887520890682936,-0.0451001413166523,0.0459651180779716,32.8548278808594,-432.291229248047,0.0420000000000016,1.3380327273029
21280,12.5,45.021,27,1.39597368240356,14.837929725647,33.854736328125,12.6780633926392,0.0699325874447823,-0.201415568590164,0.21321068935966,30.8024158477783,-243.864685058594,0.0420000000000016,1.3380327273029
21281,12.5,45.021,28,1.06312799453735,13.6098489761353,34.2407760620117,11.89075756073,0.140663281083107,-0.17954994738102,0.228088452687969,60.4959487915039,-134.303924560547,0.0420000000000016,1.3380327273029
21282,12.5,45.021,29,0.595422983169556,12.405834197998,34.38671875,12.0338163375854,0.0522073432803154,-0.165605902671814,0.173640207590682,27.3369216918945,-194.732391357422,0.0420000000000016,1.3380327273029
21283,12.5,45.021,30,1.1102374792099,11.595911026001,34.992359161377,11.8695783615112,0.0911812856793404,-0.155865237116814,0.18057685067477,29.1604900360107,-75.2870635986328,0.0420000000000016,1.3380327273029
21284,12.5,45.021,31,1.06291270256042,11.5416631698608,35.148868560791,11.8885097503662,0.0525301098823547,-0.102668546140194,0.115326678660202,29.7370128631592,-126.672370910645,0.0420000000000016,1.3380327273029
21285,12.5,45.021,32,0.57738584280014,12.1208868026733,35.4559288024902,11.8097867965698,-0.00711818877607584,-0.0320866033434868,0.0328666810854718,28.5974273681641,-102.999702453613,0.0420000000000016,1.3380327273029
21286,12.5,45.021,33,2.3239426612854,11.98011302948,35.9092788696289,12.2109613418579,0.124581590294838,-0.0695240572094917,0.142668031356922,69.3827133178711,-147.903137207031,0.0420000000000016,1.3380327273029
21287,12.5,45.021,34,1.31209230422974,11.1489515304565,35.3191375732422,12.2178163528442,0.0417906679213047,-0.107720836997032,0.115543232812008,33.1939735412598,-126.26830291748,0.0420000000000016,1.3380327273029
21288,12.5,45.021,35,1.17504680156708,10.3049507141113,35.271240234375,12.5818929672241,0.0608867108821869,-0.0818167552351952,0.101986141211769,42.6415023803711,-113.132362365723,0.0420000000000016,1.3380327273029
21289,12.5,45.021,36,1.14543986320496,9.03674983978271,35.0615119934082,11.8662710189819,0.0893359407782555,-0.047795545309782,0.101317937534256,82.0399322509766,-142.836868286133,0.0420000000000016,1.3380327273029
21290,12.5,45.021,37,1.48894715309143,9.41726112365723,36.3896179199219,11.8862686157227,-0.0486161671578884,0.0204164329916239,0.0527291422765933,108.607002258301,-245.728317260742,0.0420000000000016,1.3380327273029
21291,12.5,45.021,38,0.783717274665833,8.36251544952393,35.0494003295898,11.5460777282715,0.0703385397791862,-0.0940117985010147,0.117412641719976,121.82608795166,-50.0890579223633,0.0420000000000016,1.3380327273029
21292,12.5,45.021,39,0.714677095413208,8.83257961273193,35.3396453857422,11.689206123352,0.0353251434862614,-0.0395092032849789,0.0529985179654935,73.6812973022461,-6.78333711624146,0.0420000000000016,1.3380327273029
21293,12.5,45.021,40,1.2527928352356,8.35007190704346,35.0767784118652,13.92982006073,0.066687561571598,-0.151202097535133,0.165255272737028,131.478271484375,-72.0675354003906,0.0420000000000016,1.3380327273029
21294,12.5,45.021,41,0.888302981853485,8.80168914794922,35.5074234008789,12.0055646896362,0.159622997045517,-0.0799568220973015,0.178528974078979,107.62540435791,80.2905807495117,0.0420000000000016,1.3380327273029
21295,12.5,45.021,42,1.09333324432373,9.52801322937012,35.5394744873047,12.0934963226318,0.0944000259041786,0.0197262987494469,0.0964390571970818,108.736343383789,78.537841796875,0.0420000000000016,1.3380327273029
21296,12.5,45.021,43,2.04712533950806,10.3391275405884,35.2341575622559,11.7750339508057,0.0420410521328449,-0.0690591409802437,0.0808493352932834,161.139205932617,200.316680908203,0.0420000000000016,1.3380327273029
21297,12.5,45.021,44,1.49823260307312,11.16295337677,35.2658157348633,11.7529392242432,0.100692398846149,-0.0300726238638163,0.105087210884325,220.677124023438,115.042404174805,0.0420000000000016,1.3380327273029
21298,12.5,45.021,45,1.58493447303772,11.4250040054321,35.0736198425293,12.6135396957397,-0.0367347188293934,0.0497513599693775,0.0618436527565858,237.918701171875,-100.962997436523,0.0420000000000016,1.3380327273029
21299,12.5,45.021,46,2.07443809509277,11.8058061599731,34.4365921020508,11.8320837020874,0.033654473721981,0.0551203712821007,0.0645823422599408,124.856079101562,93.2643814086914,0.0420000000000016,1.3380327273029
21300,12.5,45.021,47,1.52445781230927,12.5439891815186,34.0415840148926,11.843897819519,0.0456344000995159,-0.0179356634616852,0.0490325044868557,136.328552246094,134.808990478516,0.0420000000000016,1.3380327273029
21301,12.5,45.021,48,1.88199615478516,13.4159002304077,34.385082244873,11.8775472640991,-0.0463487841188908,0.0408373139798641,0.0617729390784472,189.59016418457,127.407623291016,0.0420000000000016,1.3380327273029
21302,12.5,45.021,49,2.654545545578,14.3116693496704,33.8996887207031,13.7521677017212,0.0112848747521639,-0.200687736272812,0.201004765835235,146.129776000977,111.894668579102,0.0420000000000016,1.3380327273029
21303,12.5,45.021,50,3.44485712051392,16.0617027282715,33.9923095703125,11.8538188934326,0.0214954242110252,-0.0900702401995659,0.0925996837555044,257.378051757812,263.407043457031,0.0420000000000016,1.3380327273029
21304,12.5,45.021,51,1.44201350212097,16.3292541503906,34.4752197265625,13.8925762176514,0.0664443895220757,-0.234256029129028,0.243496907746816,159.37419128418,-21.8044261932373,0.0420000000000016,1.3380327273029
21305,12.5,45.021,52,1.65007495880127,17.5927696228027,34.2699203491211,11.9587421417236,0.0549907311797142,-0.0929552540183067,0.108003054425732,323.470794677734,317.077911376953,0.0420000000000016,1.3380327273029
21306,12.5,45.021,53,2.0266969203949,19.5020790100098,34.1451072692871,11.9409322738647,-0.0195627361536026,-0.131200939416885,0.132651374473425,301.361511230469,287.445556640625,0.0420000000000016,1.3380327273029
