"","0","0.0410000000000004","0.100396969619671","0.15979393923934","0.217776695296633","0.27717366491631","0.319173664916304","0.377867787279625","0.419867787279626","0.461867787279628","0.519850543336926","0.561850543336928","0.603850543336923","0.644850543336919","0.686850543336928","0.728850543336923","0.769850543336919","0.811850543336921","0.852850543336921","0.894850543336925","0.936850543336921","0.977850543336923","1.0372475129566","1.07824751295659","1.13764448257626","1.19633860493958","1.23733860493958","1.2960327273029","1.3380327273029","1.39742969692257","1.43842969692257","1.49712381928588","1.53912381928588","1.59852078890556","1.63952078890555","1.68152078890555","1.72352078890556","1.78221491126887","1.82421491126888","1.86621491126888","1.90721491126888","1.96661188088855","2.00861188088855","2.04961188088855","2.10830600325187","2.15030600325187","2.20900012561518","2.25100012561519","2.29300012561519","2.3516942479785","2.3936942479785","2.45238837034182","2.49338837034182","2.53538837034182","2.57738837034182","2.61838837034182","2.67778533996149","2.73718230958116","2.77818230958117","2.82018230958117","2.86218230958117","2.92087643194449","2.96287643194449","3.00487643194449","3.06357055430781","3.10557055430781","3.16426467667112","3.20526467667112","3.24726467667112","3.28926467667112","3.34724743272841","3.38924743272842","3.43124743272842","3.48923018878572","3.53123018878572","3.57323018878572","3.63192431114903","3.67392431114903","3.75692431114903","3.79892431114903","3.84092431114903","3.88192431114903","3.9413212807687","3.98332128076871","4.0243212807687","4.0663212807687","4.12501540313202","4.16601540313202","4.2254123727517","4.2674123727517","4.32610649511502","4.36710649511502","4.40910649511502","4.46850346473469","4.527197587098","4.56819758709801","4.62759455671768"
"19143",0.960771441459656,0.998302936553955,1.0259518623352,1.12136030197144,1.17001247406006,1.14560890197754,1.17505431175232,1.26141011714935,1.38007092475891,1.53081297874451,1.91659426689148,1.94915378093719,1.99176001548767,2.03857278823853,2.27523708343506,2.65252447128296,3.21050024032593,3.69070768356323,3.38030743598938,2.82652902603149,2.25608587265015,1.85628533363342,1.61650955677032,1.82763504981995,1.6549357175827,0.972103357315063,0.747114360332489,0.814883589744568,0.878593325614929,0.906745553016663,1.01215410232544,0.930685043334961,0.787222802639008,0.915389060974121,0.906691789627075,0.918660283088684,0.955683350563049,1.01695275306702,1.14743399620056,1.09409201145172,1.01964807510376,1.06933510303497,0.97787219285965,0.844772934913635,0.824378967285156,0.718477368354797,0.65806245803833,0.574857831001282,0.475476235151291,0.56076568365097,0.534489512443542,0.67417448759079,0.602014541625977,0.505125284194946,0.427929073572159,0.390588462352753,0.509549975395203,0.626628518104553,0.605595946311951,0.573227643966675,0.542548179626465,0.34195351600647,0.303666234016418,0.291983485221863,0.379422426223755,0.367607951164246,0.377363741397858,0.353305459022522,0.317415088415146,0.290553629398346,0.200019299983978,0.181764379143715,0.166242063045502,0.154675766825676,0.163839161396027,0.172866269946098,0.134720519185066,0.125040754675865,0.090478777885437,0.0927126184105873,0.0913983806967735,0.0873182788491249,0.0857019796967506,0.0834429860115051,0.0819495916366577,0.0815357193350792,0.082404226064682,0.0786387324333191,0.07253847271204,0.0721215009689331,0.0758838951587677,0.078469805419445,0.0823496356606483,0.0862223580479622,0.0874266624450684,0.0876179113984108,0.0871007889509201
"19144",0.67448627948761,0.682669460773468,0.722605228424072,0.759278416633606,0.777233362197876,0.801002740859985,0.836549520492554,0.914990484714508,0.990629255771637,1.0769110918045,1.25054287910461,1.30660700798035,1.40686500072479,1.53619611263275,1.72505366802216,2.02168369293213,2.45150399208069,2.76597213745117,2.61729860305786,2.34656453132629,1.99559199810028,1.66525888442993,1.29409503936768,1.5750230550766,1.56850910186768,0.8989217877388,0.588173985481262,0.583046913146973,0.59065181016922,0.654893398284912,0.69647890329361,0.666411280632019,0.597694039344788,0.691867291927338,0.688785791397095,0.66932737827301,0.672577142715454,0.709713339805603,0.764784097671509,0.754263401031494,0.739719033241272,0.765782594680786,0.734204769134521,0.665814161300659,0.561389923095703,0.50987046957016,0.456768423318863,0.442559540271759,0.411523699760437,0.395225167274475,0.386588513851166,0.449417978525162,0.431801676750183,0.402890503406525,0.378316819667816,0.365709900856018,0.401033997535706,0.470252990722656,0.464783847332001,0.454320520162582,0.443280518054962,0.307876765727997,0.278107434511185,0.266343712806702,0.302923679351807,0.30088809132576,0.28663232922554,0.289557844400406,0.286139369010925,0.279212027788162,0.214910238981247,0.186709612607956,0.161873027682304,0.155511632561684,0.164356037974358,0.171052157878876,0.120453134179115,0.115966133773327,0.0837210118770599,0.0853734612464905,0.0843918174505234,0.081284373998642,0.0792517140507698,0.0780583247542381,0.0771928802132607,0.0764967799186707,0.0759344473481178,0.0740876123309135,0.072023019194603,0.0718993842601776,0.0746987015008926,0.077702708542347,0.0813688039779663,0.0844300761818886,0.084623284637928,0.0848070532083511,0.0843186601996422
"19145",0.494603246450424,0.496726810932159,0.521632373332977,0.542490363121033,0.556251287460327,0.583897173404694,0.607544004917145,0.658865332603455,0.696176052093506,0.749897837638855,0.853907704353333,0.916632652282715,1.02626216411591,1.15053701400757,1.27899384498596,1.5512923002243,1.95302069187164,2.29980993270874,2.1494631767273,1.94445288181305,1.65087270736694,1.33941185474396,1.06860709190369,1.35895562171936,1.42082846164703,0.896642506122589,0.566870450973511,0.439081251621246,0.437313258647919,0.511783301830292,0.533652484416962,0.523849725723267,0.482414603233337,0.567572712898254,0.572378635406494,0.551226913928986,0.533257842063904,0.533746480941772,0.560219943523407,0.55487072467804,0.552873969078064,0.589293301105499,0.578884363174438,0.545290052890778,0.44468355178833,0.41109025478363,0.371657431125641,0.365827262401581,0.349870145320892,0.31456845998764,0.308060348033905,0.348042964935303,0.346820712089539,0.341182708740234,0.333043575286865,0.325287193059921,0.328198820352554,0.373601257801056,0.373699635267258,0.370748549699783,0.366422653198242,0.285863727331161,0.263018578290939,0.248399257659912,0.257638990879059,0.254099875688553,0.235164776444435,0.241889700293541,0.247323662042618,0.248909205198288,0.216917335987091,0.194177269935608,0.17092627286911,0.159811198711395,0.165163338184357,0.167746409773827,0.118420548737049,0.114489026367664,0.076750285923481,0.0782980099320412,0.0786587446928024,0.0772650465369225,0.0749267414212227,0.0741453319787979,0.0734629034996033,0.0728177577257156,0.0714491456747055,0.0708535015583038,0.0708199813961983,0.0706876069307327,0.07317915558815,0.0756899565458298,0.0785615891218185,0.0810992196202278,0.0817095637321472,0.0818804502487183,0.081798829138279
"19146",0.381370484828949,0.38391238451004,0.399017930030823,0.416169106960297,0.43015906214714,0.45932149887085,0.467048704624176,0.496017515659332,0.513320744037628,0.552078425884247,0.63725483417511,0.697691082954407,0.807389736175537,0.932626783847809,1.05915641784668,1.32597148418427,1.67742264270782,1.96445453166962,1.83803951740265,1.6132960319519,1.32337355613708,1.03556728363037,0.956107437610626,1.23503994941711,1.28413224220276,0.844848453998566,0.538260102272034,0.367728263139725,0.371261864900589,0.42793744802475,0.453364759683609,0.453510701656342,0.430828839540482,0.537974178791046,0.515276372432709,0.468046724796295,0.438138246536255,0.421001225709915,0.434090495109558,0.430025517940521,0.428813755512238,0.452164888381958,0.442330718040466,0.416052609682083,0.347548961639404,0.33169037103653,0.322362244129181,0.312903016805649,0.294882625341415,0.269537478685379,0.267182260751724,0.291875809431076,0.2915158867836,0.289408981800079,0.285449028015137,0.280100494623184,0.282632380723953,0.31142595410347,0.309598624706268,0.305847197771072,0.301791846752167,0.241202563047409,0.223971337080002,0.213157266378403,0.222707062959671,0.218049347400665,0.202006638050079,0.208027422428131,0.213371694087982,0.215583026409149,0.197357624769211,0.18203829228878,0.166064977645874,0.153033226728439,0.154856771230698,0.154257878661156,0.114375032484531,0.109019190073013,0.0718095451593399,0.0732709094882011,0.0740438997745514,0.0735349133610725,0.0716687440872192,0.0710716545581818,0.0704785585403442,0.0699333250522614,0.0688508898019791,0.0690781325101852,0.0699331685900688,0.0695912390947342,0.0712853968143463,0.0734232738614082,0.0759776160120964,0.0783589631319046,0.079412005841732,0.079611212015152,0.0793406069278717
"19147",0.306933552026749,0.312112212181091,0.3233442902565,0.336672246456146,0.349304616451263,0.377288371324539,0.369976609945297,0.379402875900269,0.397579580545425,0.428025156259537,0.49663782119751,0.565170764923096,0.686626076698303,0.812491416931152,0.918632507324219,1.13903903961182,1.47157335281372,1.77301204204559,1.61646020412445,1.3871705532074,1.09949898719788,0.840327024459839,0.886468708515167,1.16052484512329,1.20211124420166,0.809117794036865,0.528153538703918,0.339211612939835,0.34138485789299,0.392577111721039,0.412105202674866,0.420222878456116,0.406031787395477,0.534176707267761,0.522274732589722,0.456385225057602,0.398144125938416,0.347322285175323,0.345372021198273,0.340366303920746,0.335302352905273,0.34696751832962,0.34198060631752,0.328904420137405,0.291433423757553,0.283934473991394,0.288016587495804,0.281640321016312,0.267296433448792,0.241717308759689,0.238069027662277,0.251570582389832,0.251900196075439,0.250864505767822,0.24811777472496,0.243903338909149,0.245538949966431,0.263804107904434,0.262320905923843,0.258975505828857,0.255507379770279,0.208696842193604,0.194031357765198,0.184729307889938,0.192641273140907,0.190120652318001,0.176436483860016,0.181458279490471,0.186718195676804,0.189797952771187,0.180457577109337,0.168674647808075,0.155044361948967,0.142963200807571,0.14277894794941,0.139781326055527,0.104573681950569,0.0999355763196945,0.0687109082937241,0.0700003504753113,0.0710558295249939,0.071195088326931,0.0693635195493698,0.0689388364553452,0.0683447644114494,0.0678829029202461,0.0671458393335342,0.0677696764469147,0.068517692387104,0.0681181252002716,0.0694144517183304,0.0711525529623032,0.0733258351683617,0.075668603181839,0.0770999491214752,0.0773929953575134,0.0768941938877106
"19148",0.257702767848969,0.26316824555397,0.26938533782959,0.276068508625031,0.289843201637268,0.30975878238678,0.305592000484467,0.312567710876465,0.328303515911102,0.35909104347229,0.430881261825562,0.506991267204285,0.607376337051392,0.718020081520081,0.818415343761444,1.02307057380676,1.34705567359924,1.62469100952148,1.46880125999451,1.23298358917236,0.95982813835144,0.746501564979553,0.809317171573639,1.05034494400024,1.12988817691803,0.824491679668427,0.551720380783081,0.327661842107773,0.326805472373962,0.365988373756409,0.381304949522018,0.392306923866272,0.384074687957764,0.525322020053864,0.532101094722748,0.478001356124878,0.413277506828308,0.314856022596359,0.284596502780914,0.280404537916183,0.274359613656998,0.270613759756088,0.270449668169022,0.268730074167252,0.256703525781631,0.255138367414474,0.26230052113533,0.258915930986404,0.24907648563385,0.221957862377167,0.215821593999863,0.21934112906456,0.219627052545547,0.219311773777008,0.217691004276276,0.214524522423744,0.215628102421761,0.226763799786568,0.226003795862198,0.224139451980591,0.22196564078331,0.186870321631432,0.173707127571106,0.163923323154449,0.168457686901093,0.166469037532806,0.157174900174141,0.161626726388931,0.166205406188965,0.168755605816841,0.162692591547966,0.15337248146534,0.143363639712334,0.12882761657238,0.127383261919022,0.122989915311337,0.0903886184096336,0.0871049910783768,0.0669509619474411,0.0682353600859642,0.0700596570968628,0.0712491422891617,0.0690401270985603,0.0686566531658173,0.0678899511694908,0.0670832023024559,0.0669803246855736,0.0673604533076286,0.0683378726243973,0.0681311562657356,0.069250799715519,0.0705839097499847,0.0722429975867271,0.0739680826663971,0.0748833045363426,0.0752280801534653,0.0744058787822723
"19149",0.691344261169434,0.722873091697693,0.747136414051056,0.934156954288483,1.05616116523743,0.964273810386658,1.12786555290222,1.21622014045715,1.18988966941833,1.0828275680542,1.6519113779068,1.70384538173676,1.51511216163635,1.36164534091949,1.34563612937927,1.71511805057526,2.51687860488892,3.17992925643921,2.85178518295288,2.35887312889099,1.79620850086212,1.36937880516052,1.45011639595032,1.7065954208374,1.48804366588593,1.00849413871765,0.805119633674622,0.830295503139496,0.918337464332581,0.992312908172607,1.15224850177765,1.19481801986694,0.97047233581543,1.24779748916626,1.24995350837708,1.21352648735046,1.16082167625427,1.0957567691803,1.21456217765808,1.13169622421265,1.03228986263275,1.06623995304108,1.06045770645142,1.05288803577423,1.08317840099335,1.03970348834991,1.09575569629669,1.00261688232422,0.825620412826538,0.698114156723022,0.565189480781555,0.659073412418365,0.534271597862244,0.401262223720551,0.300006210803986,0.266256511211395,0.344551980495453,0.460601717233658,0.434214293956757,0.415104746818542,0.404590904712677,0.331499099731445,0.278207421302795,0.268487751483917,0.334101259708405,0.351548194885254,0.385443210601807,0.355763494968414,0.317644059658051,0.298881620168686,0.282252371311188,0.278694540262222,0.266078144311905,0.220164775848389,0.217547461390495,0.22206999361515,0.18715488910675,0.173453286290169,0.140945732593536,0.12370853126049,0.104085080325603,0.0915132164955139,0.0806318074464798,0.0793621987104416,0.0783089846372604,0.0779067352414131,0.0732200890779495,0.074528306722641,0.0749636813998222,0.074219673871994,0.0781170278787613,0.0825535207986832,0.0845678225159645,0.077014334499836,0.0785252302885056,0.079625315964222,0.083270937204361
"19150",0.836809515953064,0.882580518722534,0.974841237068176,1.11122059822083,1.19883680343628,1.25622463226318,1.26653265953064,1.34312307834625,1.27150321006775,1.28076720237732,1.56559872627258,1.4437837600708,1.36896920204163,1.41983222961426,1.62742137908936,2.10034847259521,2.75756692886353,3.36378908157349,3.022127866745,2.43667268753052,1.85303854942322,1.45896410942078,1.72183513641357,1.98879778385162,1.60852980613708,1.0813467502594,0.873210489749908,0.920302391052246,1.00632643699646,1.16571044921875,1.29623353481293,1.24605941772461,1.11613976955414,1.58387470245361,1.52159214019775,1.36553931236267,1.19895482063293,1.20616006851196,1.30638039112091,1.25838971138,1.20523738861084,1.272416472435,1.2745178937912,1.26991391181946,1.30066967010498,1.25397324562073,1.2992377281189,1.17729675769806,0.949705243110657,0.715861678123474,0.640895307064056,0.667026102542877,0.591081261634827,0.483291327953339,0.40336200594902,0.378157019615173,0.447234034538269,0.566901981830597,0.560806930065155,0.546165823936462,0.530426502227783,0.398291409015656,0.387671768665314,0.402011722326279,0.477401673793793,0.467289865016937,0.446448534727097,0.446760833263397,0.433829307556152,0.419137746095657,0.360032737255096,0.342994630336761,0.325067579746246,0.29886469244957,0.302593767642975,0.304468780755997,0.250099122524261,0.233906656503677,0.165823817253113,0.152800187468529,0.130248174071312,0.108820393681526,0.0862162858247757,0.0853079035878181,0.0852295607328415,0.084501177072525,0.0790768265724182,0.0802064910531044,0.0807207599282265,0.0795714184641838,0.085553914308548,0.0895403027534485,0.0906272009015083,0.0838319137692451,0.08461132645607,0.085090771317482,0.0864073857665062
"19151",0.603964447975159,0.627970278263092,0.685421586036682,0.742655158042908,0.77824729681015,0.806197285652161,0.802255094051361,0.855694770812988,0.829478681087494,0.832594037055969,0.929898619651794,0.938178896903992,1.01041853427887,1.132319688797,1.32830262184143,1.61482656002045,1.99219608306885,2.37198638916016,2.12730884552002,1.73293399810791,1.38674736022949,1.23019909858704,1.61635899543762,1.75868821144104,1.40569067001343,0.943095505237579,0.733057618141174,0.728469610214233,0.794343590736389,0.89665412902832,0.98666250705719,0.962018966674805,0.909795165061951,1.3590350151062,1.31728291511536,1.10501074790955,0.915154874324799,0.78854238986969,0.818992495536804,0.790604293346405,0.764731526374817,0.800871014595032,0.804687440395355,0.81005859375,0.856002449989319,0.84071695804596,0.862038433551788,0.799350619316101,0.676980555057526,0.518425583839417,0.473727941513062,0.444495975971222,0.419088125228882,0.384532243013382,0.358011215925217,0.346633702516556,0.370172202587128,0.436016619205475,0.429987221956253,0.419332325458527,0.40964087843895,0.337214112281799,0.336619704961777,0.345499098300934,0.387471139431,0.373660773038864,0.32470428943634,0.337818026542664,0.348392605781555,0.352852374315262,0.316680371761322,0.298062980175018,0.280346989631653,0.260562092065811,0.263554006814957,0.263545274734497,0.218257397413254,0.206795901060104,0.127147555351257,0.122140467166901,0.113864630460739,0.103160679340363,0.084233932197094,0.0826096162199974,0.0813888236880302,0.0802024081349373,0.0760467574000359,0.0774727016687393,0.0789792388677597,0.0783287212252617,0.0824860706925392,0.084717757999897,0.0852523669600487,0.0831317827105522,0.0818188637495041,0.081721119582653,0.0803289264440536
"19152",0.46286803483963,0.474788546562195,0.502602517604828,0.526730895042419,0.541235744953156,0.5578293800354,0.566756010055542,0.604101240634918,0.611653685569763,0.634188652038574,0.732994735240936,0.755247414112091,0.822513937950134,0.925294041633606,1.08212566375732,1.30403113365173,1.59173631668091,1.8040429353714,1.67858707904816,1.44171190261841,1.28150773048401,1.2703366279602,1.4626852273941,1.50972664356232,1.21824514865875,0.787347435951233,0.611432611942291,0.614540219306946,0.668976783752441,0.740092992782593,0.813175976276398,0.806300103664398,0.771506905555725,1.20043766498566,1.17619323730469,1.01731824874878,0.833390712738037,0.627959370613098,0.59864616394043,0.576873004436493,0.555642604827881,0.549331724643707,0.553646922111511,0.562731862068176,0.614424049854279,0.61613130569458,0.631762862205505,0.617968320846558,0.567880809307098,0.435493290424347,0.403029531240463,0.358072191476822,0.345999538898468,0.328749477863312,0.313508778810501,0.30241447687149,0.293795228004456,0.33675879240036,0.335827589035034,0.331257432699203,0.325615167617798,0.281552374362946,0.278879106044769,0.28590339422226,0.306645929813385,0.296300828456879,0.239749372005463,0.251036703586578,0.26353645324707,0.27147763967514,0.27185982465744,0.26304891705513,0.252517640590668,0.234447136521339,0.235692918300629,0.236119508743286,0.20820464193821,0.201365128159523,0.105576850473881,0.101836420595646,0.0990819409489632,0.095282532274723,0.0831210315227509,0.0812221989035606,0.0787994042038918,0.0763467997312546,0.071044035255909,0.0723730996251106,0.0756653249263763,0.0753791332244873,0.0789188295602798,0.0805956795811653,0.081254705786705,0.0800168737769127,0.0788565874099731,0.078920878469944,0.0784691646695137
"19153",0.36956512928009,0.374551653862,0.387352585792542,0.400341629981995,0.410216182470322,0.423999786376953,0.433329612016678,0.465453505516052,0.476185441017151,0.500008463859558,0.590882062911987,0.622339963912964,0.692578077316284,0.795783281326294,0.955387234687805,1.17285132408142,1.43319249153137,1.60494148731232,1.52990138530731,1.37225139141083,1.23679673671722,1.16073060035706,1.21645295619965,1.33437621593475,1.1434166431427,0.743286907672882,0.600643873214722,0.558612823486328,0.597208857536316,0.646185994148254,0.709421277046204,0.704139709472656,0.65236359834671,1.02528715133667,1.04049324989319,0.96653801202774,0.843340516090393,0.592643439769745,0.524531543254852,0.495538175106049,0.463462263345718,0.40934807062149,0.406685143709183,0.406996488571167,0.445310354232788,0.449418604373932,0.481442660093307,0.482167422771454,0.465497851371765,0.394949346780777,0.370200753211975,0.318428307771683,0.307531982660294,0.292613655328751,0.27726212143898,0.263414919376373,0.246309608221054,0.26910400390625,0.26467889547348,0.256553649902344,0.253374636173248,0.239168971776962,0.238050043582916,0.240380227565765,0.247011318802834,0.237671867012978,0.195807099342346,0.202224537730217,0.209260195493698,0.213499635457993,0.221439450979233,0.221165090799332,0.217745810747147,0.200631484389305,0.203807577490807,0.205003082752228,0.183748215436935,0.180782407522202,0.093600757420063,0.089705117046833,0.0882794037461281,0.0873958170413971,0.0807188078761101,0.0799782499670982,0.0776966735720634,0.0747808963060379,0.0688317939639091,0.0701565071940422,0.0734145864844322,0.0730323418974876,0.076073631644249,0.0775234922766685,0.0780030786991119,0.077353797852993,0.0768380835652351,0.077175073325634,0.0771629959344864
"19154",0.293837487697601,0.296014100313187,0.30239674448967,0.310653746128082,0.317839294672012,0.329205214977264,0.340940773487091,0.367485225200653,0.383073806762695,0.408851832151413,0.480742931365967,0.510088860988617,0.569234371185303,0.659487843513489,0.809816658496857,1.01805770397186,1.30530345439911,1.52856433391571,1.46468591690063,1.3331013917923,1.1944352388382,1.09732508659363,1.03657960891724,1.19506406784058,1.13431143760681,0.816408812999725,0.667180955410004,0.543423533439636,0.570610404014587,0.586246490478516,0.640118598937988,0.627297639846802,0.565712213516235,0.824230790138245,0.844816029071808,0.82245683670044,0.788407385349274,0.572667002677917,0.499358981847763,0.469464629888535,0.430196523666382,0.339764952659607,0.332429260015488,0.32424795627594,0.322734892368317,0.325933694839478,0.358797252178192,0.363176167011261,0.361292839050293,0.344500511884689,0.331011027097702,0.29292818903923,0.283369898796082,0.269406139850616,0.253847718238831,0.238466188311577,0.217124164104462,0.219914108514786,0.216337308287621,0.211690425872803,0.209722772240639,0.204662218689919,0.204168453812599,0.204257518053055,0.206167936325073,0.199781745672226,0.171669855713844,0.17557518184185,0.179951876401901,0.182930946350098,0.191306471824646,0.191095530986786,0.186843574047089,0.167632848024368,0.169992536306381,0.171988368034363,0.159063145518303,0.156756639480591,0.0883156433701515,0.0849749818444252,0.0833829194307327,0.0829064771533012,0.0788538977503777,0.0784762874245644,0.076682448387146,0.0739242285490036,0.0683678835630417,0.0688285082578659,0.0713647305965424,0.0714763551950455,0.0743550509214401,0.0751020535826683,0.0748020336031914,0.0739677846431732,0.0738433748483658,0.0743163153529167,0.0740789026021957
"19155",0.237008422613144,0.238087385892868,0.242248773574829,0.248503848910332,0.254099607467651,0.26445209980011,0.276210337877274,0.300747036933899,0.315012276172638,0.333065688610077,0.391512870788574,0.41140028834343,0.448651015758514,0.515920042991638,0.623499929904938,0.837243556976318,1.14505660533905,1.41198360919952,1.36013317108154,1.24941098690033,1.13173127174377,1.07628321647644,0.950177431106567,1.04667687416077,1.04514169692993,0.863560676574707,0.727014422416687,0.566399216651917,0.57932585477829,0.568807065486908,0.604691207408905,0.578424036502838,0.520532011985779,0.71357923746109,0.712477445602417,0.662655830383301,0.622136414051056,0.467119008302689,0.412795066833496,0.393507122993469,0.363490402698517,0.298577845096588,0.289065480232239,0.277406424283981,0.250896334648132,0.251213490962982,0.268851548433304,0.271893709897995,0.274157822132111,0.284989595413208,0.282028168439865,0.267399579286575,0.262431114912033,0.253803372383118,0.24194361269474,0.22697576880455,0.193626642227173,0.189508140087128,0.187841609120369,0.185713648796082,0.183948829770088,0.178245693445206,0.176974639296532,0.176093876361847,0.177000239491463,0.1724933385849,0.150223106145859,0.153258621692657,0.15682215988636,0.159398749470711,0.167976796627045,0.168326362967491,0.165746867656708,0.1565782725811,0.156360954046249,0.156321033835411,0.148200020194054,0.144981414079666,0.0871755853295326,0.0828657895326614,0.0801600813865662,0.0791760459542274,0.0768038779497147,0.0763402357697487,0.0749835148453712,0.0726248770952225,0.0675754323601723,0.0672907754778862,0.0691913813352585,0.0696095451712608,0.0720380619168282,0.0718964412808418,0.0712285563349724,0.0704883560538292,0.0707948133349419,0.0712914764881134,0.0712009519338608
"19156",0.865349411964417,0.917729139328003,0.860447645187378,0.947979152202606,1.0295193195343,0.93944263458252,0.978021621704102,1.09046518802643,1.1851327419281,1.26813101768494,1.57361197471619,1.55812859535217,1.37531280517578,1.29085659980774,1.61683917045593,2.41181182861328,3.08571910858154,3.39323377609253,3.09524154663086,2.58309531211853,2.01855039596558,1.69484710693359,1.65980863571167,1.79663789272308,1.54142093658447,1.32254946231842,1.0284469127655,0.957359731197357,1.08149456977844,1.35082042217255,1.45844995975494,1.79162096977234,1.70016431808472,2.01580476760864,1.59894335269928,1.28204917907715,1.25779211521149,1.05883610248566,1.11694264411926,1.07310044765472,0.989391803741455,0.957570374011993,0.923401057720184,0.876974105834961,0.862668335437775,0.796061038970947,0.87473738193512,0.844253420829773,0.781769871711731,0.828713893890381,0.756934940814972,0.900153279304504,0.817881226539612,0.667113900184631,0.493938505649567,0.397768437862396,0.536510229110718,0.746836304664612,0.67587685585022,0.612673878669739,0.566637396812439,0.518005192279816,0.411713749170303,0.373491883277893,0.453557401895523,0.469935715198517,0.482433438301086,0.454359620809555,0.40616774559021,0.370813637971878,0.301155507564545,0.292824804782867,0.278492122888565,0.255425870418549,0.266597032546997,0.289635241031647,0.276551306247711,0.26403135061264,0.132679224014282,0.12094259262085,0.104836076498032,0.0940438285470009,0.0867791250348091,0.08331748098135,0.0781565308570862,0.074844591319561,0.0743828192353249,0.0718049928545952,0.0664689466357231,0.0677518844604492,0.0787655264139175,0.0745212063193321,0.0701712295413017,0.0707964822649956,0.0720560774207115,0.0723037421703339,0.0716065838932991
"19157",0.936248004436493,0.982366323471069,0.971176743507385,1.03577649593353,1.07669484615326,1.06343483924866,1.04719495773315,1.16485619544983,1.21835708618164,1.29867577552795,1.54989314079285,1.50665020942688,1.46436870098114,1.57110285758972,1.96258699893951,2.55929088592529,3.23161816596985,3.87723565101624,3.43122577667236,2.67883634567261,1.95706653594971,1.46689534187317,1.66873669624329,1.95477437973022,1.71756792068481,1.36503469944,1.17420291900635,1.16556763648987,1.24271547794342,1.71074509620667,1.89758217334747,2.11579585075378,1.90634667873383,2.3900146484375,1.99839913845062,1.49564433097839,1.28561842441559,1.11908233165741,1.14224314689636,1.10203242301941,1.02084600925446,1.05577564239502,1.00961995124817,0.948944389820099,0.962873041629791,0.927527785301208,0.976958632469177,0.937081098556519,0.86895215511322,0.864430665969849,0.845616221427917,0.955243587493896,0.89722752571106,0.793207347393036,0.684950709342957,0.620706617832184,0.74825930595398,0.89918315410614,0.882230162620544,0.852487146854401,0.821017742156982,0.572791159152985,0.531572341918945,0.528113901615143,0.614096820354462,0.591059565544128,0.550593137741089,0.556404888629913,0.545971155166626,0.531805157661438,0.416140288114548,0.370173633098602,0.326160967350006,0.293166279792786,0.311087101697922,0.340691983699799,0.33187872171402,0.308665931224823,0.14617708325386,0.138677522540092,0.124863475561142,0.109138116240501,0.0937360972166061,0.088349886238575,0.0815787613391876,0.0759194567799568,0.0720526576042175,0.0682320669293404,0.0683009475469589,0.0698299184441566,0.0751276537775993,0.073052816092968,0.0710669681429863,0.0715374052524567,0.0724899172782898,0.0725628957152367,0.0690072327852249
"19158",0.571935832500458,0.590651512145996,0.600609660148621,0.632392108440399,0.64007830619812,0.644017457962036,0.657137274742126,0.724858820438385,0.749118268489838,0.771156251430511,0.884604811668396,0.889536440372467,0.941641390323639,1.08197224140167,1.32097017765045,1.6591055393219,2.09230518341064,2.50855112075806,2.24516582489014,1.77391278743744,1.27973520755768,0.912791788578033,1.03296685218811,1.41572451591492,1.39189696311951,1.18867754936218,1.08346307277679,1.1040301322937,1.16156363487244,1.41321563720703,1.55026233196259,1.6017472743988,1.47378122806549,1.91020333766937,1.63128900527954,1.17958796024323,0.895992517471313,0.675218820571899,0.653342068195343,0.630248785018921,0.591889798641205,0.606513023376465,0.581327974796295,0.550203144550323,0.594913303852081,0.58531904220581,0.637468159198761,0.624604344367981,0.595337748527527,0.592876076698303,0.581433355808258,0.609680593013763,0.591144561767578,0.559702813625336,0.52642834186554,0.503898203372955,0.548743009567261,0.617440462112427,0.606216907501221,0.58888828754425,0.571729063987732,0.424214363098145,0.401917695999146,0.397574722766876,0.442705273628235,0.427367180585861,0.388280510902405,0.400632500648499,0.409828960895538,0.414011240005493,0.353400826454163,0.308901369571686,0.267188131809235,0.234039679169655,0.242621779441833,0.256686985492706,0.243791341781616,0.233548805117607,0.118191614747047,0.116135269403458,0.111780174076557,0.103171296417713,0.0887809842824936,0.0826586484909058,0.0758994296193123,0.0700652226805687,0.0653978139162064,0.0646287500858307,0.0669476613402367,0.0679682940244675,0.0692460313439369,0.0689994692802429,0.0688078328967094,0.0686857029795647,0.0671876668930054,0.0671928003430367,0.064013883471489
"19159",0.392526060342789,0.401673376560211,0.409866273403168,0.426751762628555,0.432465195655823,0.439614057540894,0.450441479682922,0.487222403287888,0.497761219739914,0.506387114524841,0.565957307815552,0.583140909671783,0.624984622001648,0.707818627357483,0.836548089981079,1.06479239463806,1.39612245559692,1.71479272842407,1.57793939113617,1.30528342723846,0.988535046577454,0.721699833869934,0.69938588142395,0.961925983428955,1.06267905235291,1.00705921649933,0.971851408481598,1.02274334430695,1.06993556022644,1.20308792591095,1.29732084274292,1.29388117790222,1.20081472396851,1.6162474155426,1.45542907714844,1.0946159362793,0.788392841815948,0.486858069896698,0.413873255252838,0.402990281581879,0.385688662528992,0.38716471195221,0.371542453765869,0.351506799459457,0.390797436237335,0.38874614238739,0.45531839132309,0.45229634642601,0.441644549369812,0.439566195011139,0.432627260684967,0.44712969660759,0.442414253950119,0.433813154697418,0.423139482736588,0.413499414920807,0.420961797237396,0.457249224185944,0.453868627548218,0.447295546531677,0.440068125724792,0.361861139535904,0.339896023273468,0.327494740486145,0.344709545373917,0.335883617401123,0.302310436964035,0.315479278564453,0.329177737236023,0.336923360824585,0.309697031974792,0.278519332408905,0.244995221495628,0.215275973081589,0.219855338335037,0.225937828421593,0.203084170818329,0.200755208730698,0.105341330170631,0.102058410644531,0.100364051759243,0.0964547917246819,0.0853917226195335,0.079050600528717,0.0718336701393127,0.0662214383482933,0.0623564831912518,0.0622458085417747,0.064430296421051,0.065292090177536,0.0664033517241478,0.0663769915699959,0.0663168579339981,0.0658595710992813,0.0638311952352524,0.0637218058109283,0.061747845262289
"19160",0.292942821979523,0.298379153013229,0.304594397544861,0.31281840801239,0.317623972892761,0.32476618885994,0.331842601299286,0.351204037666321,0.35687392950058,0.362102389335632,0.403956055641174,0.418190628290176,0.453760415315628,0.516025125980377,0.612929046154022,0.78434818983078,1.03035473823547,1.27867126464844,1.18928337097168,1.00193643569946,0.778188407421112,0.582253575325012,0.554717242717743,0.72460412979126,0.825107514858246,0.852351546287537,0.873693227767944,0.953917503356934,1.00163745880127,1.05647087097168,1.12961781024933,1.10266709327698,1.03479897975922,1.43891310691833,1.31714618206024,1.03353428840637,0.77589750289917,0.435130774974823,0.32167860865593,0.311951100826263,0.295340329408646,0.270781368017197,0.260903596878052,0.246989026665688,0.268834322690964,0.27142733335495,0.338843464851379,0.335855901241302,0.329012274742126,0.347693115472794,0.346268445253372,0.35162764787674,0.348440945148468,0.343967169523239,0.339629560709,0.336460173130035,0.343163132667542,0.362868964672089,0.36216151714325,0.358687043190002,0.355332911014557,0.303074091672897,0.284617245197296,0.272482454776764,0.27916020154953,0.273473352193832,0.251174539327621,0.262144684791565,0.273500144481659,0.280054718255997,0.268000423908234,0.24795663356781,0.224216178059578,0.195781081914902,0.19765716791153,0.200247973203659,0.181022301316261,0.180059462785721,0.0979010239243507,0.0925129801034927,0.0899851322174072,0.0877560451626778,0.0811447724699974,0.0758889466524124,0.0692826807498932,0.0639160498976707,0.0601152814924717,0.060361310839653,0.0624581873416901,0.0630339756608009,0.063953697681427,0.0641056299209595,0.0641979426145554,0.063704252243042,0.0618624426424503,0.0615191087126732,0.060131873935461
"19161",0.232666045427322,0.236422181129456,0.240374386310577,0.245471775531769,0.249545738101006,0.255460888147354,0.259243845939636,0.269686102867126,0.273338168859482,0.277750730514526,0.3135626912117,0.330305516719818,0.364394426345825,0.424089074134827,0.512534022331238,0.655982315540314,0.857708990573883,1.06659305095673,0.987160682678223,0.827816486358643,0.644899725914001,0.490943402051926,0.454882353544235,0.575338065624237,0.652885556221008,0.71670252084732,0.776846051216125,0.901162981987,0.958813309669495,0.960644841194153,1.02239418029785,0.979254603385925,0.922839045524597,1.30262041091919,1.22138285636902,0.993342518806458,0.76894861459732,0.431655913591385,0.301659405231476,0.289139330387115,0.267245382070541,0.211254417896271,0.202852994203568,0.191342234611511,0.200216919183731,0.202969685196877,0.258132070302963,0.256562739610672,0.252792447805405,0.282049119472504,0.284476816654205,0.288141667842865,0.285768330097198,0.28261524438858,0.279916644096375,0.27846896648407,0.284566700458527,0.298821926116943,0.299050986766815,0.296753257513046,0.294124484062195,0.25657719373703,0.242435693740845,0.232889205217361,0.235750943422318,0.232165306806564,0.213490933179855,0.221649125218391,0.230533719062805,0.236145809292793,0.23199300467968,0.219200327992439,0.20317368209362,0.180301249027252,0.180889248847961,0.181879952549934,0.166178107261658,0.166031241416931,0.0946116298437119,0.0871046036481857,0.0825151428580284,0.0802891552448273,0.0772654116153717,0.0737116560339928,0.0683747828006744,0.0632542967796326,0.0588002875447273,0.0589110255241394,0.0604409985244274,0.060922909528017,0.0618246421217918,0.062248982489109,0.0625421926379204,0.0620584972202778,0.0602927282452583,0.0599637031555176,0.0590579397976398
"19162",0.18859401345253,0.191480204463005,0.193744957447052,0.196717590093613,0.19937664270401,0.203376710414886,0.205371513962746,0.210416212677956,0.212947577238083,0.217277109622955,0.249031811952591,0.265971183776855,0.295938432216644,0.344810366630554,0.412706136703491,0.530068814754486,0.70760440826416,0.899042129516602,0.824842751026154,0.700249075889587,0.551569700241089,0.420428931713104,0.35137152671814,0.439062178134918,0.491664439439774,0.567291498184204,0.652329564094543,0.836726427078247,0.905132472515106,0.883636057376862,0.932624161243439,0.867242336273193,0.807976245880127,1.11715173721313,1.09066796302795,0.948405385017395,0.783666968345642,0.467103183269501,0.314503073692322,0.308352112770081,0.286693692207336,0.192600190639496,0.180862456560135,0.166040897369385,0.15275464951992,0.152948677539825,0.196913421154022,0.194405302405357,0.191884696483612,0.226757749915123,0.232076853513718,0.238556772470474,0.236624598503113,0.234429597854614,0.232212156057358,0.230847805738449,0.235359460115433,0.245438233017921,0.245973989367485,0.245342165231705,0.24417245388031,0.224981755018234,0.216362237930298,0.208379149436951,0.204591557383537,0.201356008648872,0.183196634054184,0.188776090741158,0.195245519280434,0.199707165360451,0.200856104493141,0.192472636699677,0.181560412049294,0.165675178170204,0.166107669472694,0.166768223047256,0.153502076864243,0.154570132493973,0.094229944050312,0.0847722291946411,0.0776987373828888,0.0742730051279068,0.0734623670578003,0.0712194442749023,0.0675615593791008,0.0633288994431496,0.0583437606692314,0.0579772852361202,0.0585853680968285,0.0589604116976261,0.0600336827337742,0.0603099167346954,0.0605394951999187,0.0602520778775215,0.058443084359169,0.0581761188805103,0.057857908308506
"19163",0.518904983997345,0.55505907535553,0.548549830913544,0.618327021598816,0.682580411434174,0.620811879634857,0.571340680122375,0.686649799346924,0.675911068916321,0.736381113529205,0.94254732131958,0.963693559169769,0.943037629127502,0.864545822143555,0.899087488651276,1.10699665546417,1.55589580535889,2.03090620040894,1.78482389450073,1.48763692378998,1.18361353874207,0.930884957313538,0.76296204328537,0.909255743026733,0.849488317966461,0.851101279258728,0.925194799900055,1.10317969322205,1.15261054039001,1.29502439498901,1.35252499580383,1.31445789337158,1.15757071971893,1.49983537197113,1.43344712257385,1.32783663272858,1.2709469795227,1.06051051616669,1.07196450233459,1.01191103458405,0.923485994338989,0.927841246128082,0.896007299423218,0.841930389404297,0.703414082527161,0.669879913330078,0.656489253044128,0.656281590461731,0.611722767353058,0.716941833496094,0.632829546928406,0.787133455276489,0.690791368484497,0.563283085823059,0.430140256881714,0.356502652168274,0.513302564620972,0.762910544872284,0.73917943239212,0.722655832767487,0.709511280059814,0.731687545776367,0.584602117538452,0.45376193523407,0.423406600952148,0.45366570353508,0.550935566425323,0.523899853229523,0.480391323566437,0.449904233217239,0.373347908258438,0.35958594083786,0.337587833404541,0.287972420454025,0.286750167608261,0.28984123468399,0.237584203481674,0.219331875443459,0.124168165028095,0.110681086778641,0.0949891656637192,0.0857404246926308,0.0814757496118546,0.0782411471009254,0.0752743482589722,0.0717619433999062,0.0636007338762283,0.0635058283805847,0.0643951669335365,0.0642285421490669,0.064285971224308,0.0623513795435429,0.0616071596741676,0.0652906224131584,0.0674345716834068,0.0681010633707047,0.069783478975296
"19164",0.58979856967926,0.611932098865509,0.659019649028778,0.707151055335999,0.728017151355743,0.701855063438416,0.674152970314026,0.74366557598114,0.769615054130554,0.846131145954132,1.00079560279846,1.00253641605377,0.957472562789917,0.911759078502655,0.939380884170532,1.20034623146057,1.61495685577393,2.03169655799866,1.86076831817627,1.58235120773315,1.2480833530426,0.966340661048889,0.826381862163544,0.969744563102722,0.937559008598328,0.925272285938263,0.985691487789154,1.21545660495758,1.26919496059418,1.39062178134918,1.46541571617126,1.38274919986725,1.28202044963837,1.70666003227234,1.48695278167725,1.23928308486938,1.09899818897247,1.03828275203705,1.08112895488739,1.01974070072174,0.946970701217651,0.985891759395599,0.953984379768372,0.909139335155487,0.874209225177765,0.849410772323608,0.848553895950317,0.80632209777832,0.739875674247742,0.693643808364868,0.669610977172852,0.826526999473572,0.787279903888702,0.713881611824036,0.619095265865326,0.534915447235107,0.626699447631836,0.81664627790451,0.851790547370911,0.901187419891357,0.939043641090393,0.841425657272339,0.790773153305054,0.699458837509155,0.589195728302002,0.590374052524567,0.653100967407227,0.660673916339874,0.650783121585846,0.633730411529541,0.50871479511261,0.461237847805023,0.418303191661835,0.36776340007782,0.367556482553482,0.35981759428978,0.240627586841583,0.233705252408981,0.119504183530807,0.116314329206944,0.106837272644043,0.0959608852863312,0.0862946957349777,0.0829437598586082,0.0793671756982803,0.0757449045777321,0.0710445120930672,0.0708569213747978,0.0694207772612572,0.0691170170903206,0.066881500184536,0.0659078508615494,0.0664363950490952,0.0709573775529861,0.0766068175435066,0.0780875459313393,0.0778912082314491
"19165",0.408641040325165,0.420032680034637,0.445861458778381,0.462171316146851,0.467920064926147,0.468265652656555,0.472057312726974,0.506213307380676,0.537676274776459,0.572706341743469,0.642248630523682,0.629120111465454,0.618963479995728,0.638929426670074,0.701905786991119,0.893448948860168,1.17593514919281,1.43600833415985,1.33976721763611,1.16897642612457,0.95547080039978,0.761531472206116,0.670052647590637,0.792090892791748,0.843130111694336,0.898722529411316,0.948664426803589,1.08688879013062,1.15632820129395,1.11871457099915,1.20493566989899,1.17935717105865,1.14622354507446,1.50915729999542,1.0974634885788,0.749738216400146,0.614481389522552,0.615189552307129,0.619386792182922,0.603527545928955,0.572725832462311,0.578516125679016,0.562712669372559,0.541167199611664,0.557026147842407,0.557314395904541,0.606757521629333,0.591154098510742,0.559525370597839,0.493506252765656,0.481749325990677,0.538521766662598,0.525040805339813,0.497252196073532,0.459833055734634,0.42405554652214,0.46184515953064,0.53569620847702,0.551129221916199,0.57485842704773,0.593393087387085,0.559581279754639,0.549809575080872,0.519002854824066,0.477487236261368,0.47022020816803,0.476285010576248,0.48825678229332,0.495195299386978,0.495207875967026,0.423960655927658,0.381655156612396,0.341153234243393,0.296144872903824,0.296707183122635,0.294911980628967,0.213208973407745,0.223923176527023,0.0948361530900002,0.0938632413744926,0.0938465967774391,0.0900379046797752,0.081032432615757,0.0779924094676971,0.0753200799226761,0.0733606144785881,0.0713170543313026,0.0706378370523453,0.0683017522096634,0.0678079500794411,0.0660664737224579,0.065614864230156,0.0656926184892654,0.0682973340153694,0.0732529833912849,0.0747733041644096,0.0746653452515602
"19166",0.310431361198425,0.316894233226776,0.329288959503174,0.337731420993805,0.343224108219147,0.347566306591034,0.355895191431046,0.376976400613785,0.397437274456024,0.415347516536713,0.455381482839584,0.453966498374939,0.464597940444946,0.502336859703064,0.565404295921326,0.697370886802673,0.895292639732361,1.09831202030182,1.03490030765533,0.92527425289154,0.781191647052765,0.645872473716736,0.614549398422241,0.738081693649292,0.857247114181519,0.916706740856171,0.902937054634094,0.928595781326294,0.997568905353546,0.952871263027191,1.04099225997925,1.0432984828949,0.980005204677582,1.19648623466492,0.903727650642395,0.575178623199463,0.412835597991943,0.384517967700958,0.391103535890579,0.385381937026978,0.374196887016296,0.381717920303345,0.372052013874054,0.358944892883301,0.373822450637817,0.378538697957993,0.440655708312988,0.440227925777435,0.432108044624329,0.389753699302673,0.378943085670471,0.392222344875336,0.385895729064941,0.372285544872284,0.353209257125854,0.334265321493149,0.352287292480469,0.386336982250214,0.39199087023735,0.400753706693649,0.407438576221466,0.398333072662354,0.398962497711182,0.389984101057053,0.378821492195129,0.374129474163055,0.370505839586258,0.379973530769348,0.387573421001434,0.390012681484222,0.34726345539093,0.314513027667999,0.281537532806396,0.247850954532623,0.252259790897369,0.257072001695633,0.213250160217285,0.221266940236092,0.0885642468929291,0.0824635773897171,0.0822268053889275,0.0825285986065865,0.0788828060030937,0.0761991813778877,0.073604129254818,0.071885496377945,0.0706678107380867,0.0701667964458466,0.068145290017128,0.0676413401961327,0.0660279765725136,0.0654746294021606,0.0649411007761955,0.0654783695936203,0.0699679404497147,0.0714413151144981,0.0728515312075615
"19167",0.244066089391708,0.248605996370316,0.253526985645294,0.258813500404358,0.264135122299194,0.268556952476501,0.27447110414505,0.289443612098694,0.299801111221313,0.311092585325241,0.341158866882324,0.34408038854599,0.361389368772507,0.396216928958893,0.444132089614868,0.541789531707764,0.697884261608124,0.858312845230103,0.810917139053345,0.735361337661743,0.633483290672302,0.539525806903839,0.582461476325989,0.726670920848846,0.862856507301331,0.858187913894653,0.788655996322632,0.763309359550476,0.809641063213348,0.801627278327942,0.867541611194611,0.85482519865036,0.782638669013977,0.911144852638245,0.735219478607178,0.498959928750992,0.352635264396667,0.261444956064224,0.249850451946259,0.247801318764687,0.245538026094437,0.252666562795639,0.247923016548157,0.241048917174339,0.250694453716278,0.256335377693176,0.318406939506531,0.318746268749237,0.317029118537903,0.309533685445786,0.304282486438751,0.304766118526459,0.299740135669708,0.289566099643707,0.276103645563126,0.263562887907028,0.278639227151871,0.290183067321777,0.290977120399475,0.292975276708603,0.29473277926445,0.293073356151581,0.2968430519104,0.298151940107346,0.305112212896347,0.302363008260727,0.302511364221573,0.306656956672668,0.308719098567963,0.308118641376495,0.275533139705658,0.253373712301254,0.232016488909721,0.212383478879929,0.216992154717445,0.222193688154221,0.195363596081734,0.197162210941315,0.0843346565961838,0.0771312341094017,0.0750318318605423,0.0757809430360794,0.075862430036068,0.0742218792438507,0.0723292008042336,0.0708655416965485,0.0696061700582504,0.0688701048493385,0.0674064606428146,0.0674347430467606,0.066224716603756,0.0655409172177315,0.0647145137190819,0.0641274154186249,0.067095123231411,0.0683218091726303,0.069875918328762
"19168",0.196650981903076,0.19927105307579,0.201545670628548,0.204992517828941,0.209681183099747,0.213415533304214,0.21596160531044,0.227212324738503,0.232660502195358,0.2411038428545,0.267200410366058,0.273211658000946,0.288580238819122,0.314803600311279,0.356524735689163,0.44435852766037,0.573761165142059,0.706823825836182,0.673045992851257,0.620796084403992,0.546357154846191,0.478966951370239,0.568601429462433,0.72103750705719,0.836631894111633,0.775712609291077,0.677228331565857,0.61835777759552,0.653230667114258,0.658735513687134,0.710486173629761,0.699719607830048,0.639439105987549,0.729524493217468,0.608856081962585,0.433016955852509,0.311830371618271,0.21203938126564,0.186396703124046,0.18456082046032,0.18217471241951,0.185653820633888,0.182329773902893,0.177922576665878,0.183390706777573,0.190268486738205,0.24168136715889,0.242349073290825,0.242463022470474,0.249992847442627,0.247943550348282,0.247810751199722,0.242841213941574,0.233818352222443,0.223374798893929,0.214863166213036,0.229048848152161,0.232659012079239,0.231073126196861,0.229612231254578,0.228897035121918,0.227859258651733,0.232707619667053,0.237929001450539,0.254706531763077,0.253131210803986,0.257090538740158,0.257660984992981,0.255421310663223,0.252291947603226,0.223395466804504,0.208002880215645,0.193873420357704,0.182351499795914,0.185186743736267,0.187869444489479,0.165442079305649,0.163878187537193,0.0765917748212814,0.071729265153408,0.0699424594640732,0.0706676989793777,0.0724786594510078,0.0720297545194626,0.0711386725306511,0.0701752528548241,0.0684094130992889,0.0677416771650314,0.0659569054841995,0.0660129263997078,0.0654412508010864,0.064903236925602,0.0641203820705414,0.0629647150635719,0.0647613555192947,0.0656587034463882,0.0667154639959335
"19169",0.162648379802704,0.164071410894394,0.164970174431801,0.167414605617523,0.171598583459854,0.174806773662567,0.175330072641373,0.1844781935215,0.187729507684708,0.194381415843964,0.217652648687363,0.224695205688477,0.237706363201141,0.259539365768433,0.301095724105835,0.387873888015747,0.509559154510498,0.629927158355713,0.607309699058533,0.562061905860901,0.501644134521484,0.446841239929199,0.570329546928406,0.722181022167206,0.812122642993927,0.729912638664246,0.612473726272583,0.513164758682251,0.539540946483612,0.548191428184509,0.59296703338623,0.58833122253418,0.542539179325104,0.623519420623779,0.531808257102966,0.393023908138275,0.288590908050537,0.185225158929825,0.154615432024002,0.153362154960632,0.150144308805466,0.141884028911591,0.139615699648857,0.13747401535511,0.146702706813812,0.15537303686142,0.196290656924248,0.19704532623291,0.197776466608047,0.207689195871353,0.205805629491806,0.203423738479614,0.198156446218491,0.190284267067909,0.182389929890633,0.177225679159164,0.19178181886673,0.192059725522995,0.18999445438385,0.187619298696518,0.186159372329712,0.185530483722687,0.190033838152885,0.195813551545143,0.215087532997131,0.214515000581741,0.218951508402824,0.218963548541069,0.216125696897507,0.212632656097412,0.186682775616646,0.174762576818466,0.164223581552505,0.155516490340233,0.157221421599388,0.158531978726387,0.138897523283958,0.136881440877914,0.0707439705729485,0.0668717175722122,0.0655013844370842,0.0664958655834198,0.0693233832716942,0.0696776360273361,0.06980299949646,0.0696908310055733,0.0681111067533493,0.0673262923955917,0.064849428832531,0.0646985918283463,0.063831627368927,0.0633009150624275,0.0626833140850067,0.0619086213409901,0.0629679262638092,0.0634922981262207,0.0641673058271408
"19170",0.435987383127213,0.402953386306763,0.332463532686234,0.352871686220169,0.407754808664322,0.497279703617096,0.534340560436249,0.578492045402527,0.596437096595764,0.678647875785828,0.698454022407532,0.83665144443512,0.9735506772995,1.12122941017151,1.179802775383,1.22683954238892,1.32957005500793,1.65868353843689,1.6337628364563,1.43966794013977,1.14605975151062,0.876114249229431,0.950446009635925,1.2264997959137,1.21118450164795,1.00481128692627,0.765549898147583,0.607426822185516,0.683927893638611,0.780480325222015,0.939408898353577,1.16700232028961,0.977858066558838,1.1926600933075,1.18295574188232,1.07655489444733,0.935726642608643,0.69458281993866,0.69412100315094,0.66126275062561,0.616748154163361,0.58030104637146,0.552254378795624,0.504165172576904,0.574149489402771,0.543985068798065,0.685349345207214,0.618056952953339,0.501832067966461,0.487663626670837,0.466340780258179,0.63403582572937,0.527188181877136,0.382733106613159,0.279590994119644,0.262252151966095,0.438339322805405,0.639283120632172,0.578327417373657,0.520272970199585,0.48563826084137,0.407120585441589,0.332837283611298,0.318311482667923,0.413390070199966,0.425638973712921,0.46440914273262,0.43944925069809,0.391358464956284,0.351247817277908,0.252401471138,0.235294833779335,0.217019587755203,0.206053197383881,0.222859084606171,0.243018627166748,0.206022381782532,0.199308797717094,0.0852513164281845,0.0837284997105598,0.0799133479595184,0.0777054131031036,0.0797079205513,0.0821600705385208,0.0844704508781433,0.0849324688315392,0.0868124961853027,0.0846985578536987,0.0764322429895401,0.0767022669315338,0.0829320773482323,0.084079384803772,0.0804690569639206,0.0740828067064285,0.0759454667568207,0.0779196694493294,0.0752431228756905
"19171",0.486737489700317,0.466539621353149,0.41374871134758,0.434297859668732,0.507518291473389,0.584681391716003,0.615121960639954,0.716263890266418,0.77274739742279,0.85848730802536,1.03010630607605,1.07842814922333,1.13765037059784,1.183589220047,1.25321209430695,1.40157341957092,1.66752457618713,1.98892724514008,1.8283212184906,1.52107620239258,1.17032861709595,0.865829467773438,1.00522255897522,1.36033248901367,1.36804890632629,1.07641053199768,0.865386366844177,0.660867691040039,0.714409172534943,0.885446429252625,1.06383323669434,1.191077709198,1.10312521457672,1.48176574707031,1.21999168395996,0.992846071720123,0.888084769248962,0.749192535877228,0.797617197036743,0.737185835838318,0.663894057273865,0.668590307235718,0.629883408546448,0.586487293243408,0.649841964244843,0.631639838218689,0.721457362174988,0.665960311889648,0.575015783309937,0.542104840278625,0.521758377552032,0.615075707435608,0.535248816013336,0.441556096076965,0.39556959271431,0.410165131092072,0.606248676776886,0.720448553562164,0.687929093837738,0.640986442565918,0.60515433549881,0.424181699752808,0.4152412712574,0.433595657348633,0.53554368019104,0.516483545303345,0.526149034500122,0.504937469959259,0.468045294284821,0.438080459833145,0.305025666952133,0.270754724740982,0.244503319263458,0.241064801812172,0.256243824958801,0.275905609130859,0.24299156665802,0.226882889866829,0.0907560735940933,0.0914124399423599,0.0908669978380203,0.0892779231071472,0.0899601951241493,0.091939739882946,0.0937729477882385,0.0944249033927917,0.0971350222826004,0.0950491577386856,0.088948205113411,0.0886308401823044,0.0928159058094025,0.0921535417437553,0.0897166803479195,0.0863652601838112,0.086814358830452,0.0876813605427742,0.081565335392952
"19172",0.32432097196579,0.32744836807251,0.3248570561409,0.355930864810944,0.4009989798069,0.440603405237198,0.474309176206589,0.544127285480499,0.579385757446289,0.623072504997253,0.712316930294037,0.716966986656189,0.735482454299927,0.771053314208984,0.84221076965332,0.970362186431885,1.18272352218628,1.41108798980713,1.29530465602875,1.09404873847961,0.873926043510437,0.713682293891907,0.935312986373901,1.11964702606201,1.14061117172241,0.905462563037872,0.709180772304535,0.588834583759308,0.673243463039398,0.779297471046448,0.913896799087524,0.985680282115936,0.938309907913208,1.11199617385864,0.833210110664368,0.599213421344757,0.512398362159729,0.454139828681946,0.477438122034073,0.450555264949799,0.415030807256699,0.426433682441711,0.413075000047684,0.405035048723221,0.458210170269012,0.449747264385223,0.469077229499817,0.43752846121788,0.387978196144104,0.384571015834808,0.363082885742188,0.379446864128113,0.359912276268005,0.341121196746826,0.338033318519592,0.347950756549835,0.439156293869019,0.472270518541336,0.446175038814545,0.409078598022461,0.386560320854187,0.318921357393265,0.329145729541779,0.343166917562485,0.397387951612473,0.38097470998764,0.371466159820557,0.369806468486786,0.359959185123444,0.352833807468414,0.271703720092773,0.237433344125748,0.208913654088974,0.196180373430252,0.202831909060478,0.213002577424049,0.195082947611809,0.186464294791222,0.0792824625968933,0.0802471041679382,0.0825940519571304,0.0841824114322662,0.0860089436173439,0.0868146494030952,0.087752178311348,0.0888044908642769,0.0911267101764679,0.0908049866557121,0.0884115770459175,0.0882154256105423,0.088042676448822,0.0871767774224281,0.0859389454126358,0.0854439958930016,0.0839690491557121,0.0837199687957764,0.0788984298706055
"19173",0.253634452819824,0.253921896219254,0.269591748714447,0.296993464231491,0.322768777608871,0.34544050693512,0.36711996793747,0.406094312667847,0.420559644699097,0.436666190624237,0.488847881555557,0.497869074344635,0.515903353691101,0.548919320106506,0.594939649105072,0.692683100700378,0.840007305145264,0.983817636966705,0.911190569400787,0.807695984840393,0.710566639900208,0.642317056655884,0.833704352378845,0.964063465595245,0.924398362636566,0.72731077671051,0.5652996301651,0.526538252830505,0.598618626594543,0.69296532869339,0.798036813735962,0.830786526203156,0.738988161087036,0.737822651863098,0.552347898483276,0.384275108575821,0.320914387702942,0.295689761638641,0.31294396519661,0.301622331142426,0.288063526153564,0.307333260774612,0.304977208375931,0.306874871253967,0.343622833490372,0.337812960147858,0.33351743221283,0.317433476448059,0.288676112890244,0.280026078224182,0.267092972993851,0.275955259799957,0.270926177501678,0.265935838222504,0.264147073030472,0.265652269124985,0.309925973415375,0.335145056247711,0.326327562332153,0.311488926410675,0.302010774612427,0.258511900901794,0.261321693658829,0.26879620552063,0.300123929977417,0.292496502399445,0.268045604228973,0.275119543075562,0.280907154083252,0.284224152565002,0.247960329055786,0.220292553305626,0.193096905946732,0.172368377447128,0.177291601896286,0.184708327054977,0.169767171144485,0.16664332151413,0.075163222849369,0.0733600854873657,0.0752193927764893,0.0780901983380318,0.0814007148146629,0.082203172147274,0.0831838324666023,0.0845047160983086,0.0867351591587067,0.0868077650666237,0.0857615023851395,0.085866704583168,0.0848589241504669,0.0837251543998718,0.082509346306324,0.0825703144073486,0.0814041271805763,0.0811597481369972,0.0774516090750694
"19174",0.21309269964695,0.212345004081726,0.2271628677845,0.245433807373047,0.258975654840469,0.271948248147964,0.284471273422241,0.306911647319794,0.316593170166016,0.324610352516174,0.371645390987396,0.38537609577179,0.405277281999588,0.433984577655792,0.456329047679901,0.538622915744781,0.657827138900757,0.778566598892212,0.744761765003204,0.705118060112,0.663557171821594,0.594203352928162,0.689659416675568,0.853874623775482,0.786975860595703,0.636396884918213,0.497913211584091,0.456311881542206,0.50525176525116,0.589481711387634,0.667994976043701,0.688826441764832,0.600308418273926,0.561677098274231,0.436433672904968,0.303874135017395,0.240938425064087,0.212689444422722,0.223139524459839,0.218552395701408,0.213617250323296,0.231964439153671,0.231179475784302,0.233601212501526,0.261240869760513,0.261806815862656,0.26565146446228,0.256675899028778,0.238657027482986,0.219155132770538,0.209418535232544,0.215470016002655,0.211665242910385,0.207016468048096,0.203818470239639,0.203143745660782,0.228279203176498,0.251879125833511,0.24982813000679,0.247169032692909,0.244955629110336,0.216641813516617,0.214516818523407,0.216112792491913,0.235504537820816,0.231760948896408,0.215522617101669,0.221375912427902,0.22724749147892,0.230382800102234,0.212904945015907,0.194284111261368,0.174233481287956,0.155791535973549,0.159495621919632,0.164718419313431,0.15292863547802,0.151079460978508,0.0751096978783607,0.0705258920788765,0.0701268836855888,0.0726891458034515,0.0772222205996513,0.0785103663802147,0.0800394266843796,0.0815834477543831,0.0834676325321198,0.08301942050457,0.0822901725769043,0.082634948194027,0.081452451646328,0.0802667960524559,0.0793182551860809,0.0795388594269753,0.0782136619091034,0.0779417529702187,0.074321061372757
"19175",0.185012891888618,0.184637933969498,0.193910926580429,0.204820200800896,0.213218718767166,0.222717463970184,0.231758087873459,0.248618453741074,0.260412752628326,0.274473607540131,0.315309703350067,0.328996777534485,0.348016858100891,0.377263307571411,0.400600135326385,0.474304407835007,0.582819223403931,0.693835496902466,0.67676591873169,0.661258697509766,0.633320212364197,0.566507756710052,0.630342483520508,0.742483258247375,0.691044867038727,0.547626852989197,0.419595032930374,0.38173508644104,0.434387445449829,0.498515427112579,0.569796442985535,0.58634740114212,0.508939981460571,0.484072864055634,0.371918559074402,0.255641281604767,0.198486909270287,0.16389599442482,0.167846381664276,0.165378957986832,0.162898972630501,0.180867373943329,0.182497903704643,0.187341466546059,0.212852403521538,0.214702978730202,0.221486046910286,0.213584989309311,0.197827979922295,0.18176206946373,0.174011960625648,0.176945388317108,0.173493206501007,0.169439822435379,0.167428776621819,0.168031722307205,0.187457486987114,0.20306883752346,0.20136933028698,0.199619650840759,0.198309868574142,0.180159866809845,0.179729372262955,0.180550068616867,0.19429886341095,0.190393626689911,0.185179203748703,0.189154744148254,0.192074552178383,0.193438857793808,0.179639801383018,0.168047398328781,0.155507132411003,0.139707535505295,0.140959888696671,0.142646998167038,0.133727565407753,0.131858214735985,0.069955475628376,0.0668084397912025,0.0664640739560127,0.0688482522964478,0.0731958746910095,0.0749832093715668,0.0768860429525375,0.0785542502999306,0.0797456353902817,0.0794821381568909,0.0786241963505745,0.0789141803979874,0.0780393853783607,0.0772838965058327,0.0766826421022415,0.076681025326252,0.0750448703765869,0.0746583268046379,0.0703166127204895
"19176",0.16064541041851,0.16153758764267,0.166559651494026,0.173514366149902,0.180067643523216,0.189870223402977,0.198917120695114,0.217363759875298,0.22979262471199,0.245673984289169,0.285141140222549,0.298673868179321,0.317669361829758,0.348183870315552,0.359666466712952,0.418929576873779,0.52684223651886,0.649992108345032,0.635208249092102,0.621352434158325,0.584429204463959,0.4914730489254,0.511072158813477,0.628774046897888,0.595978260040283,0.461959600448608,0.350587517023087,0.329737633466721,0.385174006223679,0.42942351102829,0.50258219242096,0.514495015144348,0.442364990711212,0.43169030547142,0.32195109128952,0.213396161794662,0.163219124078751,0.127472206950188,0.129132479429245,0.128197401762009,0.128505140542984,0.147690519690514,0.151369109749794,0.158236056566238,0.180131405591965,0.179620891809464,0.179930418729782,0.172610267996788,0.158700600266457,0.151706784963608,0.146194845438004,0.149042949080467,0.146590188145638,0.144403755664825,0.143748998641968,0.144547939300537,0.15899071097374,0.168670877814293,0.166864231228828,0.164816975593567,0.163281142711639,0.150815635919571,0.150694832205772,0.151303976774216,0.162587389349937,0.159931749105453,0.155837178230286,0.159209251403809,0.161749467253685,0.16327029466629,0.153416663408279,0.145176202058792,0.136764317750931,0.124030783772469,0.123824998736382,0.12342669069767,0.11342791467905,0.111117772758007,0.0637571513652802,0.0619688406586647,0.0625462457537651,0.0651107802987099,0.0690239742398262,0.0707846581935883,0.0726480782032013,0.0742998346686363,0.0756008327007294,0.0757520794868469,0.0748770236968994,0.0749377608299255,0.0744817033410072,0.0741255506873131,0.0738137066364288,0.0736144036054611,0.0706431791186333,0.0698462501168251,0.0641744062304497
"19177",0.290156453847885,0.299395501613617,0.294209808111191,0.32031524181366,0.453153133392334,0.532447934150696,0.508693039417267,0.520052313804626,0.592039585113525,0.691379547119141,1.019047498703,0.930793941020966,0.937895476818085,0.955920934677124,0.969340443611145,1.08696174621582,1.32476115226746,1.58046984672546,1.4293007850647,1.26116907596588,1.09093070030212,0.946854054927826,0.996760606765747,1.16070294380188,1.19976699352264,0.983618855476379,0.7942795753479,0.779749870300293,0.94080775976181,1.00175285339355,1.2104058265686,1.13788056373596,0.885367035865784,1.25399494171143,1.10295557975769,0.893769025802612,0.749264061450958,0.532527267932892,0.542645037174225,0.530446648597717,0.507983863353729,0.605338215827942,0.539437115192413,0.442919820547104,0.566614508628845,0.494841277599335,0.55085027217865,0.455295383930206,0.333135783672333,0.356700271368027,0.332472920417786,0.513922035694122,0.420154303312302,0.30481743812561,0.225723251700401,0.222530141472816,0.389349818229675,0.538179039955139,0.459282696247101,0.394738703966141,0.358033776283264,0.331813842058182,0.272103786468506,0.239082157611847,0.279294371604919,0.295942962169647,0.349339962005615,0.336742073297501,0.309203863143921,0.287066429853439,0.231424286961555,0.21702928841114,0.20002469420433,0.16947403550148,0.174403950572014,0.183846265077591,0.159781768918037,0.149332255125046,0.0866083577275276,0.083158329129219,0.0788869932293892,0.077754557132721,0.0805658400058746,0.0815623700618744,0.0821534767746925,0.0828220248222351,0.082927480340004,0.0809229612350464,0.0793804004788399,0.0799765065312386,0.0813091695308685,0.0807422995567322,0.0779484137892723,0.0747468397021294,0.068322092294693,0.0680207684636116,0.0626735538244247
"19178",0.348597288131714,0.349379777908325,0.378070026636124,0.44542270898819,0.523946583271027,0.579868614673615,0.608681201934814,0.675518751144409,0.729453563690186,0.797186851501465,0.966331303119659,0.925619542598724,0.905578970909119,0.926149129867554,0.970583260059357,1.12105906009674,1.35511100292206,1.58503592014313,1.5030529499054,1.36904466152191,1.21461415290833,1.06720757484436,1.13884520530701,1.31603240966797,1.32253980636597,1.06410360336304,0.839499175548553,0.837926149368286,0.982465624809265,1.04292118549347,1.21353220939636,1.1506130695343,0.988983035087585,1.30755662918091,1.18228805065155,0.986602902412415,0.860476016998291,0.656801700592041,0.662508368492126,0.62897539138794,0.577921867370605,0.608553171157837,0.568224787712097,0.516183733940125,0.563173353672028,0.5301633477211,0.525912702083588,0.485035598278046,0.408591777086258,0.352691113948822,0.346005976200104,0.470446527004242,0.434609889984131,0.38353431224823,0.350748062133789,0.356660574674606,0.491419434547424,0.579864859580994,0.562840700149536,0.539220571517944,0.517059922218323,0.366121113300323,0.329594284296036,0.317954391241074,0.371999680995941,0.373963534832001,0.38713064789772,0.398218154907227,0.399042010307312,0.394983768463135,0.31388047337532,0.27828773856163,0.243619561195374,0.209253370761871,0.214913055300713,0.221231997013092,0.183225467801094,0.175105512142181,0.0949785336852074,0.0957054123282433,0.0941937193274498,0.0918400585651398,0.0904245004057884,0.0914930328726768,0.0917685329914093,0.0912599563598633,0.0875873193144798,0.0851936936378479,0.0826282873749733,0.0831609293818474,0.0852879881858826,0.0838577896356583,0.080474004149437,0.0733701586723328,0.0671947672963142,0.0668221637606621,0.0611861944198608
"19179",0.292650014162064,0.290044724941254,0.325202792882919,0.369693517684937,0.400892555713654,0.430461376905441,0.450229525566101,0.497396290302277,0.50324946641922,0.517898797988892,0.575891315937042,0.571797788143158,0.585710287094116,0.637490570545197,0.722185969352722,0.839110136032104,0.965476453304291,1.07648527622223,1.03598403930664,0.950490295886993,0.839347302913666,0.719470977783203,0.787653505802155,0.932678639888763,0.979992151260376,0.815751075744629,0.627658009529114,0.600948929786682,0.680367231369019,0.722831130027771,0.821380257606506,0.839533269405365,0.765831470489502,0.946275651454926,0.847288370132446,0.694144010543823,0.591679632663727,0.460212826728821,0.429079532623291,0.414461463689804,0.382209032773972,0.374992728233337,0.362552255392075,0.344699293375015,0.37006813287735,0.354669034481049,0.346746474504471,0.319590449333191,0.277127206325531,0.255853235721588,0.250981271266937,0.298370629549026,0.289408713579178,0.279427766799927,0.278510719537735,0.285619050264359,0.348841786384583,0.395723432302475,0.390008062124252,0.382268726825714,0.374255955219269,0.277626693248749,0.259773194789886,0.255354464054108,0.286066800355911,0.286361902952194,0.281549274921417,0.293153911828995,0.303136318922043,0.309106886386871,0.278469622135162,0.250375986099243,0.223656371235847,0.18650010228157,0.186815783381462,0.185974851250648,0.154470011591911,0.148054927587509,0.0804090723395348,0.0823597833514214,0.0851208791136742,0.0865227729082108,0.0864416509866714,0.0867455005645752,0.0868338197469711,0.0864454880356789,0.0834679678082466,0.0820565074682236,0.0793893337249756,0.0792677253484726,0.0800126865506172,0.0790673494338989,0.0756638497114182,0.0677541792392731,0.061121117323637,0.0604752004146576,0.0552274025976658
"19180",0.252728998661041,0.252065688371658,0.278272062540054,0.305314153432846,0.319849133491516,0.333702445030212,0.341643214225769,0.365554392337799,0.368718981742859,0.384956359863281,0.418220192193985,0.431942999362946,0.462917625904083,0.51285707950592,0.579808533191681,0.659414052963257,0.74095094203949,0.811051249504089,0.758357524871826,0.662673830986023,0.558549761772156,0.473366767168045,0.582695424556732,0.701492071151733,0.75723397731781,0.604192912578583,0.463944911956787,0.459175050258636,0.51617568731308,0.554293394088745,0.62826406955719,0.687451362609863,0.646803617477417,0.781763434410095,0.680693566799164,0.539632439613342,0.436051338911057,0.330661058425903,0.310378819704056,0.29777592420578,0.278540909290314,0.275504648685455,0.270875930786133,0.266845107078552,0.281648188829422,0.265422135591507,0.24302077293396,0.227941945195198,0.207424715161324,0.209815263748169,0.206915110349655,0.229729786515236,0.225215047597885,0.220432385802269,0.221372842788696,0.227701112627983,0.273802071809769,0.300068378448486,0.29425910115242,0.287542819976807,0.281682074069977,0.220132231712341,0.210356652736664,0.207016140222549,0.226939380168915,0.225250765681267,0.227399915456772,0.235188201069832,0.241331741213799,0.244433477520943,0.222071275115013,0.201911345124245,0.185687705874443,0.149468451738358,0.149006590247154,0.147658437490463,0.12036544084549,0.117644533514977,0.0710051879286766,0.0730719566345215,0.0768890082836151,0.0800058022141457,0.081758625805378,0.0820358246564865,0.082312174141407,0.0821572244167328,0.080163948237896,0.0791991651058197,0.076723575592041,0.0763926804065704,0.0758534967899323,0.0741483867168427,0.0698764696717262,0.0617609992623329,0.0560363717377186,0.0555302165448666,0.0522904805839062
"19181",0.218661963939667,0.219456568360329,0.235406398773193,0.251732856035233,0.259543865919113,0.267604827880859,0.275253772735596,0.292251825332642,0.298525214195251,0.316303312778473,0.348363727331161,0.361064791679382,0.386071085929871,0.422374784946442,0.469927579164505,0.526151180267334,0.590776681900024,0.650446057319641,0.602298200130463,0.517125427722931,0.428988456726074,0.368279606103897,0.467391699552536,0.56321918964386,0.610077381134033,0.489745497703552,0.383739978075027,0.378254115581512,0.41962343454361,0.469854295253754,0.524873614311218,0.590427100658417,0.560284972190857,0.666111171245575,0.586686193943024,0.462081283330917,0.350154399871826,0.247082889080048,0.229820519685745,0.223727777600288,0.215140774846077,0.215486258268356,0.215175539255142,0.216019704937935,0.225922390818596,0.213959336280823,0.192683458328247,0.185291200876236,0.174741074442863,0.182708784937859,0.179337233304977,0.194063037633896,0.191508129239082,0.188964769244194,0.188401564955711,0.190469577908516,0.221130281686783,0.240931496024132,0.236357241868973,0.230951845645905,0.226103618741035,0.182239085435867,0.174876660108566,0.171967625617981,0.195175752043724,0.191468119621277,0.199258998036385,0.200917556881905,0.199944525957108,0.197341352701187,0.173544123768806,0.157436519861221,0.138680383563042,0.101372949779034,0.100575372576714,0.101462662220001,0.0879364013671875,0.0877899676561356,0.0662248730659485,0.0683274939656258,0.0720015913248062,0.075425773859024,0.0777001604437828,0.0784526839852333,0.0789671540260315,0.0789889618754387,0.0775674730539322,0.0768274888396263,0.0745876431465149,0.0740880444645882,0.0725337788462639,0.0708405449986458,0.0667242556810379,0.0587121397256851,0.0534172058105469,0.0530723407864571,0.0509002208709717
"19182",0.18816927075386,0.18899804353714,0.197837650775909,0.209463849663734,0.215893864631653,0.222363352775574,0.230721086263657,0.244886234402657,0.252050817012787,0.2678342461586,0.295904159545898,0.306275725364685,0.324542552232742,0.349769800901413,0.386499047279358,0.434526592493057,0.496074467897415,0.55345231294632,0.515133142471313,0.44522899389267,0.368828773498535,0.310174852609634,0.343316435813904,0.425057053565979,0.50157630443573,0.492792874574661,0.420691817998886,0.343073695898056,0.361692756414413,0.401135444641113,0.445107221603394,0.498388409614563,0.474839001893997,0.597395062446594,0.55608057975769,0.460404634475708,0.36151659488678,0.236140877008438,0.190570086240768,0.188055217266083,0.183529809117317,0.176917165517807,0.176220864057541,0.176479429006577,0.187684923410416,0.183975607156754,0.169252157211304,0.165373876690865,0.158403128385544,0.156604096293449,0.15359765291214,0.164886429905891,0.163042575120926,0.160523444414139,0.15916083753109,0.159792229533195,0.177654147148132,0.194763720035553,0.192418336868286,0.189958795905113,0.188432052731514,0.159140005707741,0.153144478797913,0.149308890104294,0.166999444365501,0.164348110556602,0.170709058642387,0.172211095690727,0.171745896339417,0.17016090452671,0.14797368645668,0.133135765790939,0.114250093698502,0.0816363915801048,0.0808335021138191,0.0825201272964478,0.0783886387944221,0.0811416953802109,0.063469648361206,0.0643293559551239,0.0669650882482529,0.0702190771698952,0.0734068155288696,0.0745356678962708,0.0753735825419426,0.075853630900383,0.075386106967926,0.0747900158166885,0.0727149024605751,0.0721974298357964,0.070165641605854,0.0678918808698654,0.0635340660810471,0.0550255663692951,0.0504920706152916,0.0500789694488049,0.0496338084340096
"19183",0.164113700389862,0.165211975574493,0.171652212738991,0.180952653288841,0.186247199773788,0.190943777561188,0.196553528308868,0.210377514362335,0.21627938747406,0.227325528860092,0.253275364637375,0.260760426521301,0.273661702871323,0.29210776090622,0.325389355421066,0.375877499580383,0.444541901350021,0.503773927688599,0.475786507129669,0.422584444284439,0.356836318969727,0.295036911964417,0.253553152084351,0.30152639746666,0.356898128986359,0.427050054073334,0.436443001031876,0.3641557097435,0.356759250164032,0.345351010560989,0.364970594644547,0.396069228649139,0.380521953105927,0.5179802775383,0.527380704879761,0.496792554855347,0.440501630306244,0.283378005027771,0.200905248522758,0.199282929301262,0.193690180778503,0.157267138361931,0.154001027345657,0.150296300649643,0.154815465211868,0.154929742217064,0.155878156423569,0.155398860573769,0.151809960603714,0.139366507530212,0.136075094342232,0.142018914222717,0.140688225626945,0.138575077056885,0.137029975652695,0.136912181973457,0.148930430412292,0.162201061844826,0.160883709788322,0.159134164452553,0.15797932446003,0.139702558517456,0.135636985301971,0.132366612553596,0.141780212521553,0.140893504023552,0.146868422627449,0.149087518453598,0.149977922439575,0.149720698595047,0.127378597855568,0.116156928241253,0.102381624281406,0.0782680809497833,0.078041672706604,0.0799086838960648,0.0766917765140533,0.0797925069928169,0.0624084025621414,0.0612850189208984,0.0622406825423241,0.0649571642279625,0.0692142397165298,0.0706211775541306,0.0718114078044891,0.0725279226899147,0.072758786380291,0.0720843151211739,0.0703104808926582,0.069829672574997,0.0672764703631401,0.0651277080178261,0.061683788895607,0.0545237734913826,0.0497892647981644,0.0491869784891605,0.04857262596488
"19184",0.688002228736877,0.706779360771179,0.665546178817749,0.693314552307129,0.788253843784332,0.790623784065247,0.803589761257172,0.873390793800354,0.869863390922546,0.865962743759155,1.07672548294067,1.10358881950378,1.07528257369995,0.975513517856598,0.975116968154907,1.1286027431488,1.36373209953308,1.59924972057343,1.47231841087341,1.253258228302,1.0209709405899,0.833036005496979,0.700034022331238,0.818529486656189,0.879874110221863,0.905152916908264,0.976283073425293,1.03756725788116,1.09509861469269,0.969552516937256,1.02726137638092,0.927511215209961,0.786102771759033,1.06880939006805,1.0120462179184,1.01014792919159,1.06221961975098,0.901505947113037,0.929157495498657,0.893703043460846,0.792951583862305,0.813116431236267,0.744659304618835,0.648241996765137,0.655190050601959,0.600699126720428,0.633698105812073,0.545940279960632,0.431430011987686,0.53668874502182,0.49151486158371,0.594347894191742,0.505850970745087,0.380485564470291,0.283228695392609,0.271258890628815,0.457430899143219,0.642691969871521,0.610929489135742,0.582885384559631,0.562149882316589,0.49705183506012,0.374273300170898,0.290025651454926,0.298508882522583,0.32516598701477,0.408483743667603,0.402547180652618,0.383943051099777,0.365358799695969,0.277350008487701,0.25524315237999,0.225744336843491,0.182768076658249,0.189194604754448,0.199747145175934,0.173893719911575,0.161834746599197,0.0921325758099556,0.0874288305640221,0.0831022188067436,0.0811505392193794,0.0811438411474228,0.0788900777697563,0.0765710324048996,0.0748275145888329,0.0754839405417442,0.0735379159450531,0.0734875276684761,0.075338639318943,0.0783376842737198,0.0763424634933472,0.0708101019263268,0.0629605054855347,0.0578973069787025,0.0576997324824333,0.0578753650188446
"19185",0.760682106018066,0.777007877826691,0.76491779088974,0.781037211418152,0.828583717346191,0.868718028068542,0.878002166748047,0.939418911933899,0.941962957382202,0.954264521598816,1.10978627204895,1.10581958293915,1.07029497623444,1.0225875377655,1.04213953018188,1.17400360107422,1.39442026615143,1.5991837978363,1.50201725959778,1.33128356933594,1.1460816860199,0.98991733789444,0.836021780967712,0.919929385185242,0.931155920028687,0.893116354942322,0.972395062446594,1.21304321289062,1.28421819210052,1.18188953399658,1.21579670906067,1.08057451248169,0.938042879104614,1.15006899833679,1.09019231796265,1.07110226154327,1.11299824714661,0.981326222419739,1.05046725273132,0.98372608423233,0.882810473442078,0.900464534759521,0.833056092262268,0.749893426895142,0.755089581012726,0.707135915756226,0.674199819564819,0.633206486701965,0.565209984779358,0.536507546901703,0.514789402484894,0.611872315406799,0.570972084999084,0.514330983161926,0.461773604154587,0.443932831287384,0.608938157558441,0.757467269897461,0.765495121479034,0.768125236034393,0.762965798377991,0.588792264461517,0.509833753108978,0.448542982339859,0.412440180778503,0.430181264877319,0.483803540468216,0.499795973300934,0.504268169403076,0.500174999237061,0.40121579170227,0.360382676124573,0.317469745874405,0.275686979293823,0.283717930316925,0.294880509376526,0.255782574415207,0.244429692625999,0.104088976979256,0.102776765823364,0.100062265992165,0.0953018292784691,0.088544175028801,0.0842494964599609,0.079589918255806,0.0763362944126129,0.0744297802448273,0.0738414078950882,0.0755447000265121,0.0773236528038979,0.0822346583008766,0.0806059911847115,0.0770538225769997,0.0708129927515984,0.0655558779835701,0.0648510456085205,0.0647333785891533
"19186",0.486060351133347,0.491273283958435,0.497876167297363,0.513357996940613,0.524635493755341,0.538114786148071,0.545809507369995,0.577252864837646,0.583622217178345,0.594130516052246,0.655045926570892,0.645734310150146,0.627931892871857,0.618281245231628,0.651219606399536,0.740841627120972,0.875399470329285,0.994184136390686,0.959922194480896,0.889181137084961,0.806193709373474,0.729201316833496,0.621140480041504,0.663000047206879,0.642774522304535,0.604902863502502,0.675577759742737,0.892503678798676,0.961258471012115,0.847383499145508,0.865319788455963,0.782115459442139,0.713207006454468,0.867301940917969,0.821137368679047,0.793220281600952,0.795045495033264,0.667693018913269,0.677593946456909,0.637039661407471,0.587385535240173,0.58901035785675,0.550673961639404,0.5071981549263,0.509275913238525,0.486708581447601,0.458476513624191,0.447164952754974,0.42272612452507,0.360626757144928,0.34910660982132,0.385573774576187,0.379661738872528,0.372385263442993,0.363588929176331,0.359702110290527,0.421109735965729,0.503034055233002,0.509075105190277,0.51360946893692,0.51396256685257,0.411382853984833,0.381300508975983,0.361974030733109,0.343530088663101,0.346670299768448,0.347758233547211,0.36417281627655,0.379850447177887,0.387981027364731,0.3473140001297,0.307817488908768,0.270529270172119,0.245727270841599,0.253127545118332,0.265427112579346,0.246718883514404,0.244020566344261,0.0929223746061325,0.0885830968618393,0.0885337367653847,0.087351955473423,0.0819747671484947,0.0791499763727188,0.0760500952601433,0.0737475901842117,0.0706312656402588,0.0709483176469803,0.0718253329396248,0.0724841505289078,0.0753903388977051,0.0754726305603981,0.0747581124305725,0.0731489732861519,0.0685793161392212,0.0672167092561722,0.0647439211606979
"19187",0.35235384106636,0.355857998132706,0.360888004302979,0.367602825164795,0.371554434299469,0.377758264541626,0.380576491355896,0.39508044719696,0.399092078208923,0.401849806308746,0.431638866662979,0.425651431083679,0.41785940527916,0.41869381070137,0.445487052202225,0.510159373283386,0.599071860313416,0.678079307079315,0.665126442909241,0.63461035490036,0.595501661300659,0.550750315189362,0.485271871089935,0.52860951423645,0.497472405433655,0.46136337518692,0.517299354076385,0.693760991096497,0.757276475429535,0.638192653656006,0.661706447601318,0.615941643714905,0.576948523521423,0.719653248786926,0.679422855377197,0.633127927780151,0.604561567306519,0.498010009527206,0.494185268878937,0.470301449298859,0.438949018716812,0.428239852190018,0.408871173858643,0.383874475955963,0.3746737241745,0.362690448760986,0.352372407913208,0.347454011440277,0.335638105869293,0.289170444011688,0.280389845371246,0.285207033157349,0.28322896361351,0.281644761562347,0.280570536851883,0.282643735408783,0.317231893539429,0.366439372301102,0.371190130710602,0.37427169084549,0.374760031700134,0.315749526023865,0.300024271011353,0.291602551937103,0.284410685300827,0.284964054822922,0.272781103849411,0.283127397298813,0.294782549142838,0.302179664373398,0.289091169834137,0.26491990685463,0.240968197584152,0.224097549915314,0.230785831809044,0.240652903914452,0.236202359199524,0.235328629612923,0.0904737189412117,0.080123133957386,0.0780092477798462,0.0790276974439621,0.07777389138937,0.0763766244053841,0.0744432955980301,0.0727718248963356,0.0688935220241547,0.0693599879741669,0.0690163299441338,0.0687495023012161,0.0703359544277191,0.0707938969135284,0.0709874704480171,0.0715776830911636,0.0703125894069672,0.0698538944125175,0.0682828277349472
"19188",0.269659101963043,0.272945374250412,0.274015605449677,0.277078449726105,0.279684245586395,0.284169912338257,0.28389447927475,0.289803743362427,0.291436433792114,0.29065129160881,0.308743417263031,0.304804682731628,0.302930414676666,0.309964597225189,0.335733562707901,0.384933650493622,0.451961547136307,0.50992625951767,0.502741992473602,0.484093189239502,0.457374483346939,0.422256112098694,0.39586877822876,0.43764591217041,0.407106846570969,0.368058383464813,0.405196905136108,0.55727481842041,0.616579532623291,0.524567604064941,0.542769074440002,0.51306027173996,0.48780757188797,0.620858132839203,0.586828947067261,0.531770944595337,0.47017428278923,0.402245104312897,0.394841462373734,0.375087082386017,0.347048997879028,0.319602400064468,0.309133410453796,0.296344041824341,0.285885512828827,0.278115808963776,0.280985563993454,0.276819229125977,0.268256664276123,0.244458109140396,0.237759530544281,0.232309401035309,0.230645149946213,0.228623032569885,0.227223783731461,0.22914707660675,0.252104759216309,0.28481137752533,0.28740331530571,0.289075255393982,0.289449453353882,0.260552048683167,0.251933068037033,0.246625304222107,0.240001529455185,0.237525716423988,0.226172134280205,0.231923401355743,0.236353725194931,0.240843236446381,0.240141078829765,0.230283498764038,0.216747015714645,0.207829922437668,0.2118169516325,0.217005148530006,0.216490849852562,0.215183362364769,0.0888386219739914,0.076241634786129,0.0712974146008492,0.0722345262765884,0.0740920677781105,0.0742309093475342,0.0737451687455177,0.0729487091302872,0.0689654797315598,0.0692831575870514,0.0676201805472374,0.0664853304624557,0.0666179805994034,0.0671850517392159,0.0676063522696495,0.067815326154232,0.0681337341666222,0.0684285089373589,0.0686410814523697
"19189",0.213684901595116,0.215615034103394,0.213131710886955,0.214869678020477,0.218225538730621,0.222170352935791,0.219730883836746,0.221971705555916,0.222228080034256,0.223261088132858,0.234023749828339,0.232981711626053,0.239039614796638,0.256100356578827,0.287781953811646,0.328463912010193,0.378447502851486,0.421976149082184,0.411713451147079,0.387752115726471,0.352407515048981,0.309542536735535,0.32352751493454,0.363807052373886,0.330977469682693,0.305151224136353,0.345542132854462,0.464773714542389,0.510365009307861,0.438956618309021,0.449012964963913,0.44141036272049,0.435640394687653,0.563252568244934,0.514245748519897,0.466137766838074,0.420373320579529,0.336592257022858,0.317286610603333,0.307193696498871,0.286148548126221,0.259271144866943,0.243212103843689,0.225641086697578,0.220294296741486,0.215894162654877,0.227620184421539,0.222902372479439,0.215063542127609,0.206000506877899,0.201571404933929,0.197390168905258,0.195844933390617,0.194341957569122,0.194947868585587,0.197524443268776,0.212635815143585,0.232221752405167,0.23157200217247,0.230665370821953,0.229535415768623,0.204497039318085,0.200428083539009,0.200153648853302,0.203984037041664,0.199779823422432,0.193875432014465,0.194762423634529,0.193884640932083,0.193364277482033,0.182559669017792,0.181985050439835,0.181419536471367,0.182041600346565,0.183618873357773,0.186334758996964,0.187532365322113,0.182222470641136,0.073902390897274,0.068508468568325,0.0668494701385498,0.0681553855538368,0.0700597763061523,0.0710281059145927,0.0716507062315941,0.07202909886837,0.0693904235959053,0.0699809342622757,0.067728191614151,0.0660218223929405,0.0647606179118156,0.0654686689376831,0.0660529881715775,0.0654966831207275,0.0653606951236725,0.0653933212161064,0.0655764117836952
"19190",0.174302563071251,0.175296276807785,0.171941846609116,0.17343208193779,0.177918538451195,0.179970368742943,0.177369177341461,0.179456681013107,0.178693413734436,0.183317318558693,0.194515511393547,0.200571075081825,0.216149717569351,0.240058332681656,0.271550178527832,0.304810285568237,0.343071669340134,0.380795955657959,0.360072672367096,0.32239043712616,0.279354125261307,0.241799563169479,0.266549587249756,0.29842871427536,0.271949231624603,0.274915099143982,0.327846705913544,0.41025310754776,0.436051368713379,0.370435416698456,0.381113052368164,0.41037729382515,0.415516018867493,0.524290680885315,0.459212422370911,0.387141734361649,0.332171738147736,0.266643285751343,0.256017208099365,0.246663242578506,0.229238122701645,0.206651449203491,0.19372433423996,0.17939592897892,0.187641620635986,0.180925846099854,0.188042342662811,0.185719862580299,0.180906623601913,0.178565561771393,0.175027146935463,0.172151640057564,0.171360969543457,0.170651629567146,0.170429542660713,0.171185836195946,0.181939885020256,0.193756058812141,0.19260086119175,0.191238522529602,0.189994975924492,0.174445867538452,0.170891940593719,0.167796239256859,0.174034908413887,0.170457452535629,0.169824793934822,0.170457676053047,0.169974073767662,0.16899973154068,0.151437923312187,0.145911693572998,0.141702547669411,0.138048246502876,0.139221891760826,0.144182965159416,0.143970519304276,0.136506780982018,0.0616696327924728,0.0620017312467098,0.0636697709560394,0.0657881200313568,0.06684410572052,0.0676945149898529,0.0684413313865662,0.0693983510136604,0.0685030221939087,0.0695648491382599,0.0679904744029045,0.0662405267357826,0.0645418241620064,0.0652695670723915,0.0659085065126419,0.0648194625973701,0.063498891890049,0.062862791121006,0.0618268214166164
"19191",0.500714242458344,0.557122349739075,0.49570244550705,0.556756973266602,0.686397910118103,0.625400722026825,0.610799908638,0.682645618915558,0.694761395454407,0.716691851615906,0.880697250366211,0.851877868175507,0.787530422210693,0.750748991966248,0.76608669757843,0.816200017929077,0.915357112884521,1.06979990005493,0.942083716392517,0.719444036483765,0.480598360300064,0.321990936994553,0.409190714359283,0.549647808074951,0.533445239067078,0.545349299907684,0.556590676307678,0.592024266719818,0.698452472686768,0.665368676185608,0.773114323616028,0.854422569274902,0.733879327774048,0.937829971313477,0.883511781692505,0.804092407226562,0.789495229721069,0.821501195430756,0.912039279937744,0.890795707702637,0.830927014350891,0.827659368515015,0.763870716094971,0.683987855911255,0.815913558006287,0.754533648490906,0.798267006874084,0.726572871208191,0.612742185592651,0.697903752326965,0.639876902103424,0.704123198986053,0.585144996643066,0.413805902004242,0.290976792573929,0.274858593940735,0.488905191421509,0.692016780376434,0.610826194286346,0.556554079055786,0.531509220600128,0.459189713001251,0.350588649511337,0.262249529361725,0.290335029363632,0.292903214693069,0.338854312896729,0.313346266746521,0.268180996179581,0.244476959109306,0.175199702382088,0.167311802506447,0.154093056917191,0.144105449318886,0.153064861893654,0.164599269628525,0.149999767541885,0.140220984816551,0.0780220851302147,0.0767880454659462,0.0748174265027046,0.0740759149193764,0.0733529701828957,0.0732719004154205,0.0728298798203468,0.0728540793061256,0.0728635787963867,0.0741053372621536,0.0737303644418716,0.0735073462128639,0.0745304599404335,0.0747005790472031,0.0725484937429428,0.071942463517189,0.0693584308028221,0.068588525056839,0.0659453570842743
"19192",0.563046991825104,0.597888112068176,0.610396981239319,0.647896766662598,0.688286900520325,0.693123757839203,0.687840700149536,0.755037665367126,0.775703310966492,0.794918417930603,0.893142461776733,0.851481795310974,0.806473612785339,0.770594716072083,0.754552364349365,0.765401482582092,0.874203681945801,1.02989304065704,0.901050508022308,0.701181888580322,0.51405918598175,0.418267130851746,0.549938559532166,0.620042741298676,0.634920597076416,0.590023159980774,0.606271147727966,0.624030470848083,0.686659038066864,0.716696739196777,0.813045918941498,0.842945575714111,0.763912320137024,0.973989605903625,0.886611461639404,0.819493651390076,0.826218366622925,0.892868638038635,0.987829744815826,0.949487626552582,0.878095626831055,0.899282693862915,0.841700792312622,0.767973840236664,0.85992169380188,0.81136292219162,0.835013508796692,0.785509288311005,0.702172935009003,0.675740301609039,0.635761857032776,0.674828231334686,0.60270631313324,0.49587282538414,0.40990424156189,0.386327803134918,0.573497593402863,0.73793888092041,0.734502494335175,0.725463330745697,0.711611926555634,0.510856568813324,0.432191073894501,0.358711689710617,0.345170855522156,0.338987857103348,0.366083204746246,0.35502889752388,0.328806847333908,0.308592110872269,0.20344789326191,0.185164466500282,0.170207887887955,0.171949788928032,0.179858043789864,0.187763124704361,0.158192962408066,0.146690681576729,0.0857519805431366,0.0866880938410759,0.0858716368675232,0.0855993181467056,0.0804751664400101,0.0815654620528221,0.0823632553219795,0.0839913114905357,0.0789995193481445,0.0804991349577904,0.0783718675374985,0.0770896822214127,0.0780176669359207,0.077525220811367,0.075936883687973,0.0743706151843071,0.0742515921592712,0.0741352513432503,0.0696082338690758
"19193",0.376134634017944,0.389518171548843,0.404260367155075,0.417664051055908,0.427909731864929,0.441895186901093,0.450506806373596,0.483178675174713,0.490834832191467,0.495722711086273,0.535683214664459,0.517272233963013,0.498617678880692,0.477260887622833,0.459546864032745,0.462906837463379,0.546038627624512,0.661028563976288,0.600461840629578,0.517691075801849,0.438666939735413,0.394996553659439,0.463647723197937,0.502807438373566,0.474949479103088,0.439612329006195,0.474371671676636,0.501216113567352,0.543721139431,0.529215097427368,0.595335483551025,0.622618198394775,0.584798157215118,0.726393401622772,0.647177934646606,0.563144445419312,0.540860772132874,0.543330788612366,0.583319246768951,0.565788745880127,0.532474517822266,0.554341316223145,0.524889588356018,0.48734039068222,0.513252913951874,0.496657371520996,0.530853986740112,0.51984304189682,0.491926670074463,0.435506939888,0.416522443294525,0.413001656532288,0.391993999481201,0.358891993761063,0.332196086645126,0.322387546300888,0.386658161878586,0.479351550340652,0.482553899288177,0.483540236949921,0.481155961751938,0.367942750453949,0.33217665553093,0.303924113512039,0.281917363405228,0.277988940477371,0.271789014339447,0.274208605289459,0.268976837396622,0.259365856647491,0.190873593091965,0.171136662364006,0.157112777233124,0.159055411815643,0.167719215154648,0.17802107334137,0.146435871720314,0.141315251588821,0.0737617462873459,0.0778369531035423,0.0838985815644264,0.0896495431661606,0.0860167443752289,0.0882577896118164,0.0906441956758499,0.093841940164566,0.0885894298553467,0.0902784019708633,0.084251843392849,0.080184318125248,0.0764596909284592,0.0772429704666138,0.0774067118763924,0.0747203156352043,0.0722716525197029,0.0714716017246246,0.0685369521379471
"19194",0.276307016611099,0.282358407974243,0.292085826396942,0.301239490509033,0.307371884584427,0.31677582859993,0.323116719722748,0.340782403945923,0.343995839357376,0.346602261066437,0.371273785829544,0.364359974861145,0.357925295829773,0.349090099334717,0.336597681045532,0.359131515026093,0.427644908428192,0.511336922645569,0.480356156826019,0.438587367534637,0.39235907793045,0.355467975139618,0.383443802595139,0.420582354068756,0.387481451034546,0.344379514455795,0.365390717983246,0.424664795398712,0.469885140657425,0.436298996210098,0.479788690805435,0.498006343841553,0.471147477626801,0.590940415859222,0.527827501296997,0.444485366344452,0.402717471122742,0.365214109420776,0.385630071163177,0.373744785785675,0.358107358217239,0.378534644842148,0.365216732025146,0.345403730869293,0.348273128271103,0.342057466506958,0.379105925559998,0.37780100107193,0.368578195571899,0.335044384002686,0.323690533638,0.309985905885696,0.304333567619324,0.293741822242737,0.28086045384407,0.271871536970139,0.290775388479233,0.346323549747467,0.350772947072983,0.353031098842621,0.353438168764114,0.288764715194702,0.272893100976944,0.259716600179672,0.242318019270897,0.238229066133499,0.222059145569801,0.226628467440605,0.229625180363655,0.229678332805634,0.189689099788666,0.168520152568817,0.15296958386898,0.154596641659737,0.162183538079262,0.171153828501701,0.145160377025604,0.140971675515175,0.0688451007008553,0.0744778215885162,0.0839390829205513,0.0926656946539879,0.0921303406357765,0.0946888700127602,0.0973248481750488,0.0998265519738197,0.0966409593820572,0.0975599363446236,0.0924083143472672,0.0891230776906013,0.0829613953828812,0.0832343250513077,0.083223395049572,0.0804740116000175,0.075627788901329,0.07344651222229,0.0706955641508102
"19195",0.214389383792877,0.217254102230072,0.223416388034821,0.229691356420517,0.233491599559784,0.239399790763855,0.243941277265549,0.254200339317322,0.258000254631042,0.261967927217484,0.282606661319733,0.28404900431633,0.287400633096695,0.288170218467712,0.284519702196121,0.311980187892914,0.369421005249023,0.436424136161804,0.415471911430359,0.386817634105682,0.35052490234375,0.314705908298492,0.325023174285889,0.359582722187042,0.327179431915283,0.281493842601776,0.28813561797142,0.355286478996277,0.409358978271484,0.378201514482498,0.411413431167603,0.411940455436707,0.39043390750885,0.497108280658722,0.443480044603348,0.368754208087921,0.31601470708847,0.270252197980881,0.276793122291565,0.265276044607162,0.252884030342102,0.260905295610428,0.256226301193237,0.248155012726784,0.254161030054092,0.251088291406631,0.27908992767334,0.278499156236649,0.274162650108337,0.266216456890106,0.26054260134697,0.251196146011353,0.248184278607368,0.242670789361,0.235754132270813,0.230077803134918,0.235222578048706,0.266141772270203,0.269978582859039,0.27265852689743,0.273559868335724,0.245621472597122,0.236143425107002,0.22620801627636,0.211838945746422,0.207309186458588,0.190128937363625,0.194373175501823,0.198290854692459,0.199937790632248,0.179329350590706,0.164903149008751,0.151335269212723,0.149751991033554,0.15537391602993,0.160962551832199,0.137597143650055,0.13306850194931,0.0685208663344383,0.0749683231115341,0.0848023295402527,0.0932126045227051,0.0946787372231483,0.0967973545193672,0.098673939704895,0.100209057331085,0.0986666902899742,0.0991040766239166,0.095734104514122,0.094204343855381,0.0898438692092896,0.0895532220602036,0.0891546010971069,0.0873742699623108,0.0830861404538155,0.080838717520237,0.0776046961545944
"19196",0.176598608493805,0.178290635347366,0.182429134845734,0.186936929821968,0.189729124307632,0.194281846284866,0.198491513729095,0.206808805465698,0.212734535336494,0.221596390008926,0.241863608360291,0.248755902051926,0.258252590894699,0.263292342424393,0.268434643745422,0.296913087368011,0.353181332349777,0.415178507566452,0.396573901176453,0.369917690753937,0.33515015244484,0.301739186048508,0.30122971534729,0.329697817564011,0.294270992279053,0.250635266304016,0.255067050457001,0.323627650737762,0.372243463993073,0.356876075267792,0.38578474521637,0.37485009431839,0.356374561786652,0.465049207210541,0.420176088809967,0.353117525577545,0.297696948051453,0.230366706848145,0.22378171980381,0.211924880743027,0.197287082672119,0.190578609704971,0.185207277536392,0.179188966751099,0.190239369869232,0.188361823558807,0.215209484100342,0.213118761777878,0.209299564361572,0.215839982032776,0.214125245809555,0.212070003151894,0.209016606211662,0.204667508602142,0.200021654367447,0.196469247341156,0.199830204248428,0.214602619409561,0.217736810445786,0.221544355154037,0.222333520650864,0.206376165151596,0.201065927743912,0.194860622286797,0.186130493879318,0.182379201054573,0.168072357773781,0.17121085524559,0.17430704832077,0.175839155912399,0.164745450019836,0.155122384428978,0.14655876159668,0.143664494156837,0.146255344152451,0.148177742958069,0.125455364584923,0.120509564876556,0.070797935128212,0.0771590992808342,0.0856307297945023,0.0924284309148788,0.0951798856258392,0.0969296470284462,0.0985271632671356,0.0997390151023865,0.0995936840772629,0.0995006114244461,0.0968957245349884,0.0967710092663765,0.0939849838614464,0.0927460119128227,0.0916146039962769,0.0909673273563385,0.0882995799183846,0.0880439803004265,0.0855907499790192
"19197",0.150786012411118,0.151687532663345,0.154307886958122,0.157535403966904,0.160545244812965,0.164693877100945,0.169483006000519,0.177355289459229,0.186063826084137,0.200144052505493,0.218972504138947,0.228268817067146,0.238842144608498,0.245808869600296,0.257465422153473,0.28533262014389,0.335655361413956,0.389874219894409,0.370537281036377,0.341679692268372,0.305167645215988,0.268351286649704,0.272235244512558,0.296346932649612,0.258044183254242,0.220529869198799,0.229209065437317,0.288889586925507,0.335134834051132,0.327353090047836,0.360743880271912,0.35109755396843,0.334394812583923,0.432673931121826,0.378005683422089,0.318908512592316,0.274915426969528,0.206680983304977,0.198551267385483,0.186012029647827,0.169052481651306,0.149486735463142,0.144699648022652,0.139506116509438,0.14803010225296,0.148745745420456,0.172190085053444,0.171106368303299,0.168693050742149,0.180033668875694,0.17971496284008,0.183290809392929,0.179948478937149,0.175753682851791,0.172064572572708,0.169858545064926,0.173149704933167,0.181569322943687,0.18358139693737,0.186041757464409,0.186465919017792,0.174693077802658,0.170948997139931,0.166858717799187,0.164658725261688,0.16146694123745,0.15194633603096,0.154201656579971,0.156234934926033,0.15710175037384,0.14946311712265,0.143536388874054,0.138383120298386,0.134432956576347,0.135106146335602,0.134877607226372,0.113456949591637,0.109417878091335,0.0707520842552185,0.07566137611866,0.0819395408034325,0.0873711183667183,0.0910006910562515,0.0926489979028702,0.094019465148449,0.0951354801654816,0.0961432158946991,0.0966620966792107,0.0957118198275566,0.0957542359828949,0.0935889706015587,0.0924880504608154,0.091244749724865,0.0906692743301392,0.0888305455446243,0.0890826359391212,0.0873855277895927
"19198",0.476162821054459,0.527526497840881,0.508904576301575,0.582604885101318,0.671363592147827,0.63787567615509,0.624631404876709,0.696980178356171,0.65901243686676,0.640288770198822,0.737351059913635,0.637684106826782,0.62097954750061,0.605625212192535,0.588050305843353,0.65799355506897,0.891303896903992,1.22981786727905,1.03351747989655,0.77785313129425,0.509690046310425,0.322920083999634,0.297236621379852,0.440696269273758,0.470977306365967,0.461696654558182,0.4474016726017,0.527933239936829,0.674217700958252,0.732540488243103,0.905050873756409,0.942962050437927,0.731489300727844,0.927217185497284,0.859133243560791,0.787244319915771,0.756450593471527,0.766234993934631,0.854862093925476,0.795082449913025,0.699248313903809,0.59239387512207,0.55880081653595,0.514250457286835,0.550782561302185,0.513213515281677,0.631871700286865,0.56977242231369,0.475419253110886,0.58960098028183,0.548263490200043,0.697570562362671,0.596988141536713,0.440857470035553,0.305777221918106,0.257495105266571,0.453439176082611,0.669069886207581,0.617091357707977,0.565595626831055,0.536255478858948,0.51874840259552,0.413083016872406,0.329524040222168,0.320708423852921,0.32290455698967,0.342885673046112,0.321444809436798,0.283753126859665,0.253749489784241,0.171571865677834,0.15751788020134,0.14556585252285,0.147441685199738,0.163210555911064,0.188182830810547,0.177894309163094,0.171757087111473,0.0885837152600288,0.0921156033873558,0.0961918458342552,0.0996922329068184,0.100821673870087,0.0997039079666138,0.0981682315468788,0.0974492952227592,0.0955003052949905,0.0945035815238953,0.0881826877593994,0.0877510234713554,0.0863547846674919,0.0856844112277031,0.0856442227959633,0.0867654457688332,0.0851199477910995,0.0858415812253952,0.0845242366194725
"19199",0.531748592853546,0.565248012542725,0.603794813156128,0.664114952087402,0.698436617851257,0.698084592819214,0.687367916107178,0.734528303146362,0.70109498500824,0.665749907493591,0.736743867397308,0.683044850826263,0.633360505104065,0.603795528411865,0.618300557136536,0.71702653169632,0.914461970329285,1.12738084793091,0.990377187728882,0.762442827224731,0.522722005844116,0.354206740856171,0.358169823884964,0.452082246541977,0.481171548366547,0.446839034557343,0.466411381959915,0.594738662242889,0.677936971187592,0.800227761268616,0.9101881980896,0.904419004917145,0.785098910331726,1.00647270679474,0.94044840335846,0.872208714485168,0.839290201663971,0.83111447095871,0.886688351631165,0.840182662010193,0.773436725139618,0.710825264453888,0.683476686477661,0.635160207748413,0.617089927196503,0.597356617450714,0.658846855163574,0.623498320579529,0.568741679191589,0.580919742584229,0.564232528209686,0.681899070739746,0.631229102611542,0.547805786132812,0.462272673845291,0.41834881901741,0.556820511817932,0.711848974227905,0.71240234375,0.710957169532776,0.707432806491852,0.570586919784546,0.509413659572601,0.444966793060303,0.406766295433044,0.390265762805939,0.380333572626114,0.36969929933548,0.342325985431671,0.318243831396103,0.206660717725754,0.178593263030052,0.159414425492287,0.179881632328033,0.201663449406624,0.228820458054543,0.214153587818146,0.202532142400742,0.0989589244127274,0.104411967098713,0.10920150578022,0.111311092972755,0.109140202403069,0.108314923942089,0.107255443930626,0.106444858014584,0.102386228740215,0.101597726345062,0.0930967032909393,0.0894107446074486,0.0814134478569031,0.0803102850914001,0.0790299996733665,0.0777838751673698,0.0786494463682175,0.0796495825052261,0.0800653398036957
"19200",0.37135374546051,0.384325444698334,0.410709530115128,0.430332601070404,0.437242388725281,0.444975852966309,0.442598581314087,0.464991360902786,0.447468996047974,0.434308141469955,0.487802743911743,0.455834448337555,0.435382068157196,0.438641935586929,0.473918795585632,0.540205657482147,0.638445019721985,0.751260995864868,0.669260501861572,0.532167077064514,0.392413556575775,0.295926511287689,0.330297648906708,0.38406777381897,0.367680191993713,0.33587858080864,0.365887463092804,0.51453685760498,0.564410507678986,0.614314913749695,0.670376121997833,0.679614901542664,0.651994943618774,0.856460928916931,0.802819967269897,0.725341379642487,0.671317338943481,0.576818704605103,0.567354619503021,0.551993191242218,0.520190715789795,0.49276739358902,0.471024572849274,0.43827748298645,0.434839338064194,0.41969045996666,0.438057482242584,0.426588982343674,0.406060755252838,0.410752862691879,0.400626420974731,0.425419986248016,0.403380751609802,0.374504625797272,0.351960033178329,0.344453513622284,0.403328657150269,0.46645376086235,0.465447843074799,0.465133666992188,0.462480306625366,0.361460536718369,0.334694474935532,0.312040209770203,0.313927590847015,0.296429187059402,0.284754902124405,0.273812353610992,0.258108049631119,0.247085362672806,0.181969970464706,0.163608938455582,0.150308325886726,0.156254068017006,0.165886119008064,0.180792644619942,0.170180752873421,0.162055283784866,0.0877014696598053,0.0938436836004257,0.100602500140667,0.104377694427967,0.103764265775681,0.103356800973415,0.102660678327084,0.101844310760498,0.100121878087521,0.100317895412445,0.0979468375444412,0.0960801541805267,0.0893520191311836,0.0889528840780258,0.087941437959671,0.0829687118530273,0.0785434693098068,0.0770019069314003,0.0755442306399345
"19201",0.285486578941345,0.291558027267456,0.304842323064804,0.313494980335236,0.315788507461548,0.320182025432587,0.317000031471252,0.328891634941101,0.321501106023788,0.319525420665741,0.360789000988007,0.344519853591919,0.341488361358643,0.353872448205948,0.381648063659668,0.423954725265503,0.487617611885071,0.564749002456665,0.504968523979187,0.408959686756134,0.316685080528259,0.25850310921669,0.291312575340271,0.319034963846207,0.297989040613174,0.288029223680496,0.328587174415588,0.476476311683655,0.511082887649536,0.521750509738922,0.557077527046204,0.593092083930969,0.591736674308777,0.748960494995117,0.685749173164368,0.580016374588013,0.497432678937912,0.412847608327866,0.402389049530029,0.387786895036697,0.361655563116074,0.339179128408432,0.325917035341263,0.310991704463959,0.331305235624313,0.321489214897156,0.328858733177185,0.324116498231888,0.314301192760468,0.320532590150833,0.31068280339241,0.310097187757492,0.299587666988373,0.287376970052719,0.280337423086166,0.278728663921356,0.323540389537811,0.357409954071045,0.353502720594406,0.347613990306854,0.340585857629776,0.26407378911972,0.245834410190582,0.233981192111969,0.247203528881073,0.235617533326149,0.230421021580696,0.223348274827003,0.213623970746994,0.206389665603638,0.154750689864159,0.138699144124985,0.12582078576088,0.118947744369507,0.124697953462601,0.136556074023247,0.138230428099632,0.13455756008625,0.0803968906402588,0.085847795009613,0.0926249325275421,0.0967627763748169,0.097782775759697,0.0973224863409996,0.096308134496212,0.095296286046505,0.0943088009953499,0.0948160886764526,0.0945545807480812,0.0940870493650436,0.0913925468921661,0.0912285223603249,0.090414471924305,0.0882527232170105,0.0819503143429756,0.0788843259215355,0.0725618451833725
"19202",0.226220965385437,0.229394227266312,0.235221922397614,0.2398811429739,0.240709841251373,0.243298470973969,0.242514118552208,0.252212166786194,0.251924693584442,0.256049305200577,0.290517926216125,0.285117566585541,0.288806438446045,0.300905108451843,0.320149451494217,0.349653780460358,0.403449892997742,0.469561874866486,0.42896556854248,0.364150822162628,0.296533703804016,0.247327253222466,0.259238660335541,0.280996918678284,0.26715412735939,0.268638581037521,0.30959016084671,0.434016644954681,0.467649608850479,0.467800974845886,0.503059506416321,0.548599123954773,0.54273796081543,0.672350406646729,0.58827418088913,0.476293504238129,0.397105902433395,0.309739053249359,0.294741928577423,0.284380942583084,0.266482084989548,0.252117186784744,0.244318544864655,0.235535025596619,0.256089776754379,0.252191305160522,0.263812929391861,0.262329816818237,0.256991118192673,0.258705079555511,0.252200305461884,0.248948648571968,0.244207501411438,0.237945765256882,0.233503997325897,0.232244193553925,0.259906560182571,0.284463763237,0.281385123729706,0.276740044355392,0.271931260824203,0.220107540488243,0.207999169826508,0.198793813586235,0.204095110297203,0.196020543575287,0.193293616175652,0.190345481038094,0.185717448592186,0.181075766682625,0.139184385538101,0.125252187252045,0.112787052989006,0.104687407612801,0.109597653150558,0.118350602686405,0.122642748057842,0.122994124889374,0.078283965587616,0.0806933268904686,0.0856435224413872,0.0896095111966133,0.0914302095770836,0.0909868329763412,0.0898996070027351,0.0889996588230133,0.088320828974247,0.0894406586885452,0.089778944849968,0.0893201529979706,0.0883795768022537,0.0882126539945602,0.0873387306928635,0.0869049802422523,0.0840794444084167,0.0824621617794037,0.0764587298035622
"19203",0.185449406504631,0.187098667025566,0.189282983541489,0.192824453115463,0.194216534495354,0.196655482053757,0.198345810174942,0.208939701318741,0.212730467319489,0.220633566379547,0.251837372779846,0.251112461090088,0.256365835666656,0.266456425189972,0.283241808414459,0.311352849006653,0.362914711236954,0.424513638019562,0.391248822212219,0.340449064970016,0.284233808517456,0.241184398531914,0.243801698088646,0.258676558732986,0.246761903166771,0.242580339312553,0.273273795843124,0.382913887500763,0.421888500452042,0.423141539096832,0.46541965007782,0.501485705375671,0.48660746216774,0.608991265296936,0.52199512720108,0.421306163072586,0.347544461488724,0.251056909561157,0.233803778886795,0.22708922624588,0.213279366493225,0.202516317367554,0.194193810224533,0.185836121439934,0.199602916836739,0.198712572455406,0.215709641575813,0.215898215770721,0.213412180542946,0.216896265745163,0.212731003761292,0.21120747923851,0.208542287349701,0.204643219709396,0.201588958501816,0.200376376509666,0.214574038982391,0.23293824493885,0.230932354927063,0.227825433015823,0.224460601806641,0.188555642962456,0.180422931909561,0.173658102750778,0.177051320672035,0.172379791736603,0.16957750916481,0.169012740254402,0.165901854634285,0.161334186792374,0.125994488596916,0.113946862518787,0.10346569865942,0.0954125747084618,0.0999343246221542,0.107850022614002,0.1121671423316,0.114181317389011,0.076643779873848,0.0764641463756561,0.0791642889380455,0.082633949816227,0.0852198898792267,0.0851504281163216,0.0842585563659668,0.0833728909492493,0.0825782418251038,0.0840069800615311,0.0849454551935196,0.0843179821968079,0.084362156689167,0.0848047137260437,0.0847097486257553,0.0840651243925095,0.0824159234762192,0.0823532268404961,0.0812419876456261
"19204",0.156302571296692,0.157472342252731,0.158096253871918,0.16112032532692,0.163311928510666,0.165957152843475,0.168749243021011,0.17928546667099,0.185134619474411,0.194526523351669,0.222800940275192,0.225392460823059,0.231524288654327,0.242736309766769,0.26253280043602,0.293789386749268,0.345100939273834,0.397892743349075,0.371188282966614,0.327436804771423,0.277931332588196,0.234059393405914,0.223610758781433,0.239453420042992,0.2227623462677,0.199718177318573,0.215249970555305,0.327051281929016,0.368347346782684,0.390033572912216,0.429021000862122,0.452131271362305,0.435750097036362,0.556623101234436,0.499876499176025,0.416784942150116,0.342091590166092,0.238718032836914,0.206897497177124,0.199070036411285,0.185075029730797,0.170316770672798,0.162332832813263,0.153617277741432,0.156760200858116,0.155522406101227,0.174364969134331,0.174241781234741,0.173140972852707,0.182201355695724,0.180059462785721,0.181900396943092,0.179908886551857,0.177297085523605,0.174975261092186,0.173442602157593,0.180404260754585,0.193891406059265,0.192777305841446,0.190880596637726,0.18873243033886,0.164295583963394,0.158745855093002,0.153936997056007,0.15582287311554,0.152597203850746,0.149402514100075,0.149695217609406,0.147831588983536,0.144337609410286,0.117223434150219,0.105994254350662,0.0956424251198769,0.0865370407700539,0.0907424539327621,0.0979175865650177,0.103189431130886,0.10528326779604,0.0749620497226715,0.0730445832014084,0.0739126726984978,0.0764434933662415,0.0795576870441437,0.079635001718998,0.078994944691658,0.0780898183584213,0.0772205516695976,0.0781487077474594,0.0793469026684761,0.0788550451397896,0.0793564468622208,0.0802585706114769,0.0811565816402435,0.0818391814827919,0.0803554505109787,0.0804251134395599,0.0800014063715935
"19205",0.620405375957489,0.641899585723877,0.665712118148804,0.682458639144897,0.691977262496948,0.712642788887024,0.731028318405151,0.765884459018707,0.76373940706253,0.759554326534271,0.911000192165375,0.897490739822388,0.811031877994537,0.783275604248047,0.814522743225098,0.980662703514099,1.35359680652618,1.81634104251862,1.66886842250824,1.4166374206543,1.11342334747314,0.808823823928833,0.518576741218567,0.656772077083588,0.742026209831238,0.736009240150452,0.697656214237213,0.799758911132812,0.966615676879883,0.991573214530945,1.20392608642578,1.29491114616394,1.07769799232483,1.26430916786194,1.24071264266968,1.22067165374756,1.19357860088348,0.980667412281036,1.00245475769043,0.936738014221191,0.841992318630219,0.784666776657104,0.728799045085907,0.661886394023895,0.654880940914154,0.632033705711365,0.718074679374695,0.690942466259003,0.636288821697235,0.668912470340729,0.614865243434906,0.739332139492035,0.672189176082611,0.574704110622406,0.467908293008804,0.418939232826233,0.567479491233826,0.755740404129028,0.72762656211853,0.697197616100311,0.679336726665497,0.556338131427765,0.444086581468582,0.352940291166306,0.312545239925385,0.340307652950287,0.393765598535538,0.390674561262131,0.367404401302338,0.339994639158249,0.24665966629982,0.226306065917015,0.204052105545998,0.200560092926025,0.222983881831169,0.245024800300598,0.208579033613205,0.196446508169174,0.107431203126907,0.102553769946098,0.0971996709704399,0.093349888920784,0.0881038680672646,0.0879279375076294,0.0894618034362793,0.0923890769481659,0.092844545841217,0.0954292416572571,0.0963236466050148,0.0944502130150795,0.092993788421154,0.0953694880008698,0.0965597108006477,0.0958952605724335,0.0951081216335297,0.0952049866318703,0.0947293117642403
"19206",0.686743080615997,0.706010282039642,0.722523331642151,0.729903101921082,0.739740490913391,0.779634356498718,0.783056795597076,0.824766755104065,0.827389419078827,0.831174850463867,0.919563055038452,0.896206498146057,0.856926500797272,0.845427751541138,0.920304894447327,1.11351156234741,1.40629553794861,1.69032740592957,1.54394054412842,1.28318619728088,0.980348348617554,0.704461693763733,0.593146979808807,0.708981037139893,0.800886273384094,0.764106214046478,0.750075936317444,0.87169474363327,0.970060706138611,1.05566835403442,1.17822313308716,1.22624969482422,1.07719075679779,1.32595753669739,1.29935741424561,1.24518084526062,1.17157340049744,1.01635229587555,1.03463339805603,0.98148500919342,0.901065945625305,0.862689793109894,0.812986135482788,0.750263333320618,0.751782178878784,0.72626256942749,0.78137344121933,0.751306891441345,0.694740056991577,0.655659914016724,0.638607025146484,0.742281913757324,0.71359384059906,0.675576329231262,0.632006466388702,0.602102041244507,0.675937175750732,0.815137147903442,0.806419134140015,0.79440188407898,0.787695169448853,0.601913094520569,0.532894968986511,0.480821967124939,0.435926467180252,0.44684910774231,0.470189273357391,0.481884181499481,0.48129877448082,0.473076701164246,0.368266731500626,0.330407023429871,0.291071593761444,0.298613131046295,0.31336510181427,0.331600725650787,0.286094784736633,0.277797877788544,0.118821896612644,0.11822023242712,0.115915536880493,0.110217303037643,0.0953557640314102,0.0944722816348076,0.096167616546154,0.100132331252098,0.104494772851467,0.106834314763546,0.107327841222286,0.106179118156433,0.104008078575134,0.104848183691502,0.105520650744438,0.105811558663845,0.103510491549969,0.103124544024467,0.102312065660954
"19207",0.437187790870667,0.443062841892242,0.449113816022873,0.454372406005859,0.463020324707031,0.485887289047241,0.493199169635773,0.519145011901855,0.523084878921509,0.530067682266235,0.566375553607941,0.562400579452515,0.574817895889282,0.612763285636902,0.674070298671722,0.762033820152283,0.897792994976044,1.03835237026215,0.943278670310974,0.779087066650391,0.60677969455719,0.472773849964142,0.485661208629608,0.549214363098145,0.557962000370026,0.506057620048523,0.501742541790009,0.611858904361725,0.665534555912018,0.692975282669067,0.754738569259644,0.787391006946564,0.737183094024658,0.912395060062408,0.872301518917084,0.811953365802765,0.733766198158264,0.627022862434387,0.613537430763245,0.59338104724884,0.558730781078339,0.53653210401535,0.511237680912018,0.478485882282257,0.468327522277832,0.454950630664825,0.475965738296509,0.465229243040085,0.442394882440567,0.439206779003143,0.431187689304352,0.457521855831146,0.449760526418686,0.441032767295837,0.431194186210632,0.422787755727768,0.446693807840347,0.50221174955368,0.497004866600037,0.490849226713181,0.4885393679142,0.399291008710861,0.372806817293167,0.358604192733765,0.352453649044037,0.351992070674896,0.345734030008316,0.352737098932266,0.356003671884537,0.354926347732544,0.30576279759407,0.273366898298264,0.238264933228493,0.246284171938896,0.25436532497406,0.267286747694016,0.246861353516579,0.249510526657104,0.114688374102116,0.108880303800106,0.108311399817467,0.106949508190155,0.0951782688498497,0.0916473492980003,0.0889899581670761,0.0892978310585022,0.091776080429554,0.0948351249098778,0.0979431942105293,0.0973037332296371,0.0974099561572075,0.0985037907958031,0.0993741676211357,0.0996422618627548,0.0984733328223228,0.0982606559991837,0.0975453704595566
"19208",0.313311636447906,0.315811485052109,0.318838834762573,0.322678834199905,0.329472035169601,0.342231869697571,0.347781330347061,0.363605201244354,0.367237091064453,0.376645982265472,0.403101921081543,0.412284314632416,0.430273950099945,0.453475773334503,0.482471883296967,0.536954641342163,0.628575563430786,0.736554026603699,0.687112808227539,0.597537696361542,0.501563966274261,0.419182896614075,0.412936627864838,0.450615078210831,0.432465434074402,0.38746964931488,0.384769558906555,0.46641731262207,0.509243130683899,0.507784962654114,0.550049185752869,0.575086712837219,0.547682166099548,0.688886642456055,0.643442809581757,0.593883395195007,0.54322350025177,0.45504367351532,0.43378758430481,0.421359956264496,0.402606427669525,0.382960379123688,0.370734572410583,0.353638917207718,0.331706076860428,0.323665767908096,0.335263252258301,0.330283373594284,0.32018518447876,0.322988212108612,0.316827178001404,0.32723605632782,0.323624461889267,0.319905906915665,0.316545993089676,0.313831746578217,0.32360166311264,0.353197574615479,0.351142823696136,0.348285853862762,0.346343874931335,0.299397170543671,0.285188436508179,0.280910164117813,0.28518995642662,0.284478038549423,0.276752531528473,0.281452566385269,0.285037815570831,0.285910487174988,0.256823062896729,0.232769504189491,0.207010865211487,0.211169496178627,0.218403652310371,0.228557139635086,0.222126811742783,0.226005777716637,0.126289919018745,0.111724577844143,0.103165917098522,0.099459819495678,0.092965379357338,0.0897965356707573,0.0856634974479675,0.0832215845584869,0.0808376297354698,0.084469623863697,0.0889327004551888,0.0876729637384415,0.0888155028223991,0.0908466428518295,0.0929092317819595,0.0933293029665947,0.092321515083313,0.0920745953917503,0.0918784365057945
"19209",0.238288417458534,0.239271879196167,0.240942358970642,0.243878468871117,0.248659744858742,0.25626015663147,0.259761691093445,0.269087553024292,0.273914515972137,0.284477949142456,0.305785536766052,0.31603467464447,0.33037543296814,0.346740424633026,0.369044482707977,0.412925839424133,0.487568378448486,0.574211835861206,0.547637164592743,0.498605370521545,0.441684544086456,0.38805428147316,0.361045271158218,0.389039993286133,0.363649308681488,0.317710995674133,0.308705896139145,0.366857290267944,0.400445222854614,0.412477374076843,0.439480870962143,0.457094192504883,0.43391153216362,0.538946509361267,0.519542872905731,0.490045011043549,0.449232280254364,0.377831190824509,0.355312943458557,0.346376746892929,0.327784478664398,0.29470431804657,0.288131326436996,0.279261648654938,0.260834395885468,0.256543695926666,0.258677363395691,0.255025535821915,0.249294191598892,0.255180597305298,0.251485735177994,0.253881007432938,0.251203268766403,0.24768078327179,0.244176596403122,0.241561442613602,0.247966200113297,0.268494963645935,0.26927325129509,0.269426286220551,0.268353283405304,0.235852360725403,0.227893099188805,0.22646027803421,0.235861524939537,0.236014872789383,0.232257053256035,0.23569643497467,0.238352447748184,0.239398658275604,0.219699412584305,0.204805254936218,0.187777012586594,0.18811309337616,0.193306669592857,0.201329529285431,0.205386519432068,0.20731782913208,0.1417655646801,0.123911701142788,0.107773378491402,0.0973102524876595,0.0886095389723778,0.0860876888036728,0.0829432085156441,0.0802856534719467,0.0753261223435402,0.077940545976162,0.0811367034912109,0.0794671773910522,0.0811753943562508,0.0844407677650452,0.0883410573005676,0.0903365761041641,0.089187890291214,0.0883092507719994,0.0874113216996193
"19210",0.190125748515129,0.190107494592667,0.191069543361664,0.193731784820557,0.197906583547592,0.203053057193756,0.206015855073929,0.211517214775085,0.217555791139603,0.228488445281982,0.246743574738503,0.257048487663269,0.270492911338806,0.286740154027939,0.311211675405502,0.357596069574356,0.428441792726517,0.492632508277893,0.473212897777557,0.435297578573227,0.386176824569702,0.337596416473389,0.320354074239731,0.346471697092056,0.313084840774536,0.266698092222214,0.251736491918564,0.291977018117905,0.322921961545944,0.344423174858093,0.369763016700745,0.392371773719788,0.374735832214355,0.458287954330444,0.451525330543518,0.444406926631927,0.427479088306427,0.352667391300201,0.327524244785309,0.319968402385712,0.299592107534409,0.262988179922104,0.254607856273651,0.243142262101173,0.21862319111824,0.215532377362251,0.212882965803146,0.210669293999672,0.207128301262856,0.213802576065063,0.21034437417984,0.210134044289589,0.207141071557999,0.202888146042824,0.199162513017654,0.196998536586761,0.202832579612732,0.216903805732727,0.216011479496956,0.215023905038834,0.214052975177765,0.193617582321167,0.191414013504982,0.189961016178131,0.202423572540283,0.201439291238785,0.20407372713089,0.205572172999382,0.206428274512291,0.206485524773598,0.190041527152061,0.17557555437088,0.159509479999542,0.147983536124229,0.153569802641869,0.160903722047806,0.168233424425125,0.168034791946411,0.136777222156525,0.124789200723171,0.110304124653339,0.0976880192756653,0.0838920697569847,0.0816809311509132,0.0786437839269638,0.0762403085827827,0.0710836052894592,0.0733445286750793,0.0752967223525047,0.0733852684497833,0.0745475217700005,0.0772724524140358,0.0818208083510399,0.0865075439214706,0.0892376750707626,0.0885573625564575,0.0881507992744446
"19211",0.158993169665337,0.158017590641975,0.159355416893959,0.16246785223484,0.16655744612217,0.170727103948593,0.174489095807076,0.179099947214127,0.1872239112854,0.200118631124496,0.218158140778542,0.229809880256653,0.24530054628849,0.266214162111282,0.297488659620285,0.34399801492691,0.402605295181274,0.45520231127739,0.429443120956421,0.382477700710297,0.329227417707443,0.287127375602722,0.286781758069992,0.301910132169724,0.261342346668243,0.217575401067734,0.208364009857178,0.253357529640198,0.279542773962021,0.303304135799408,0.327494114637375,0.3586106300354,0.353773593902588,0.431851893663406,0.414218366146088,0.392914950847626,0.373199194669724,0.318043351173401,0.300944745540619,0.295814514160156,0.280563831329346,0.247005999088287,0.236669600009918,0.220013976097107,0.200749978423119,0.196117356419563,0.182512477040291,0.183641240000725,0.183071076869965,0.185769885778427,0.182479754090309,0.180879533290863,0.177823603153229,0.173938244581223,0.170395016670227,0.168110191822052,0.171179071068764,0.180075004696846,0.17888742685318,0.177656576037407,0.176771149039268,0.167457088828087,0.167383372783661,0.166442483663559,0.179789632558823,0.177890330553055,0.184301942586899,0.18457305431366,0.184280693531036,0.183948442339897,0.171049848198891,0.156436607241631,0.141802921891212,0.113542124629021,0.115908570587635,0.119534492492676,0.118646405637264,0.120210081338882,0.117746353149414,0.113498002290726,0.105839401483536,0.0971460044384003,0.0856057032942772,0.0827355161309242,0.0781182870268822,0.0747709050774574,0.0698517858982086,0.072480596601963,0.072278805077076,0.0702083334326744,0.0704434290528297,0.0725532621145248,0.0768142119050026,0.0825733318924904,0.0869238302111626,0.087159737944603,0.0852210596203804
"19212",0.646404325962067,0.666926085948944,0.672949373722076,0.693715393543243,0.716631829738617,0.723053753376007,0.727359533309937,0.780346870422363,0.808234572410583,0.849815249443054,0.969231605529785,0.910747706890106,0.861873030662537,0.891966223716736,0.955844402313232,1.10123133659363,1.49327516555786,1.9970383644104,1.75170183181763,1.34268629550934,0.938847541809082,0.674198627471924,0.677871763706207,0.798025965690613,0.792568862438202,0.699827969074249,0.60865068435669,0.695880770683289,0.826859712600708,0.862968444824219,1.02144157886505,1.07295894622803,0.884469747543335,1.10831797122955,0.9885014295578,0.931970059871674,0.918411076068878,0.855599999427795,0.971956551074982,0.884301543235779,0.781732082366943,0.950619399547577,0.859601676464081,0.729281902313232,0.794540047645569,0.685129821300507,0.72356379032135,0.627763152122498,0.515992760658264,0.676436007022858,0.611412763595581,0.670538008213043,0.557723164558411,0.413710027933121,0.310052841901779,0.273479223251343,0.496853232383728,0.693041920661926,0.642565310001373,0.618794202804565,0.608609557151794,0.452602833509445,0.3649842441082,0.299179255962372,0.373277693986893,0.38732972741127,0.478430867195129,0.43551042675972,0.39700049161911,0.380308300256729,0.301804035902023,0.273854613304138,0.254151940345764,0.185483083128929,0.200021371245384,0.205790430307388,0.190239757299423,0.161621749401093,0.11682290583849,0.116766832768917,0.110297575592995,0.102011360228062,0.0930987298488617,0.0900407806038857,0.0870195105671883,0.084698460996151,0.0819270685315132,0.0847606211900711,0.0871222764253616,0.0855363309383392,0.0845982357859612,0.0869020000100136,0.0881034359335899,0.0908198952674866,0.0961733087897301,0.0961133912205696,0.0888882875442505
"19213",0.739374577999115,0.75858610868454,0.770227611064911,0.784647166728973,0.801696360111237,0.819534718990326,0.821428716182709,0.880763590335846,0.896188974380493,0.919884204864502,1.01163446903229,0.978788137435913,0.937775433063507,0.95465886592865,1.02947068214417,1.19660723209381,1.49091720581055,1.80452024936676,1.61930346488953,1.31198811531067,1.01472961902618,0.839441776275635,0.871533811092377,0.917657971382141,0.857888340950012,0.667764663696289,0.665917158126831,0.843505144119263,0.917893648147583,0.994919061660767,1.09504270553589,1.0943318605423,0.966776669025421,1.10076904296875,1.0153443813324,0.91462630033493,0.873976290225983,0.874082565307617,0.944825768470764,0.905787408351898,0.84984564781189,0.917992830276489,0.85646653175354,0.767555117607117,0.755638480186462,0.696728229522705,0.689783155918121,0.652391910552979,0.606297492980957,0.676496267318726,0.64115297794342,0.628432750701904,0.55917751789093,0.466900885105133,0.396183460950851,0.362502485513687,0.565596461296082,0.750895023345947,0.745572507381439,0.735979080200195,0.72180825471878,0.480019450187683,0.422944456338882,0.391637206077576,0.464697510004044,0.461484998464584,0.534027755260468,0.516169250011444,0.496335357427597,0.483788132667542,0.399754405021667,0.350528091192245,0.314539313316345,0.213800191879272,0.214823052287102,0.216533347964287,0.189478039741516,0.173820346593857,0.110364943742752,0.112115398049355,0.108935706317425,0.103101894259453,0.0939601138234138,0.0929114520549774,0.0926881283521652,0.0927659496665001,0.0907171592116356,0.0926771983504295,0.0952140614390373,0.0953310281038284,0.0957090780138969,0.0962098762392998,0.0960318148136139,0.0982830226421356,0.103088565170765,0.10267523676157,0.0891964957118034
"19214",0.476944863796234,0.483271986246109,0.489005595445633,0.497536659240723,0.510391712188721,0.526057302951813,0.535496234893799,0.566084086894989,0.575373470783234,0.59044337272644,0.634520530700684,0.631847023963928,0.635922312736511,0.671197295188904,0.734487473964691,0.828210592269897,0.954492807388306,1.07766807079315,0.982174158096313,0.833057284355164,0.695080816745758,0.613632917404175,0.589335083961487,0.592299163341522,0.52640175819397,0.457368403673172,0.481048256158829,0.621740221977234,0.670217156410217,0.712621688842773,0.769000172615051,0.788622379302979,0.724533021450043,0.767541527748108,0.699211120605469,0.618191361427307,0.567273676395416,0.555519044399261,0.580120325088501,0.565733432769775,0.540127813816071,0.556443452835083,0.530750334262848,0.49141252040863,0.474986553192139,0.454751670360565,0.445441544055939,0.436168909072876,0.420682728290558,0.432051062583923,0.416739463806152,0.394209921360016,0.371970534324646,0.339497625827789,0.309958517551422,0.290974587202072,0.372852742671967,0.47591045498848,0.476731270551682,0.474485009908676,0.46887931227684,0.351239711046219,0.327753841876984,0.316738098859787,0.36131477355957,0.358628690242767,0.389990419149399,0.386413633823395,0.3820441365242,0.379067838191986,0.333252757787704,0.293765097856522,0.255834132432938,0.169997200369835,0.171300560235977,0.178818464279175,0.159364476799965,0.156267270445824,0.100933276116848,0.101848982274532,0.100659385323524,0.0972795709967613,0.089139997959137,0.0874113664031029,0.0868704989552498,0.087934672832489,0.085848480463028,0.0885553807020187,0.08930853754282,0.0887396484613419,0.0887851044535637,0.0892386883497238,0.0897867009043694,0.0936899185180664,0.09294593334198,0.0915161743760109,0.080837793648243
"19215",0.341541230678558,0.342719882726669,0.346016258001328,0.352114617824554,0.362058967351913,0.372913300991058,0.382339924573898,0.399420738220215,0.411064565181732,0.428845584392548,0.457355797290802,0.473808884620667,0.501758813858032,0.541412532329559,0.590198993682861,0.648173809051514,0.713331818580627,0.773119568824768,0.710840463638306,0.6105797290802,0.51711106300354,0.460313022136688,0.44400417804718,0.452245324850082,0.412846744060516,0.361897498369217,0.363703191280365,0.467343240976334,0.515924632549286,0.564566731452942,0.607789695262909,0.629801273345947,0.585044384002686,0.617253661155701,0.563877403736115,0.497525691986084,0.439447909593582,0.405016660690308,0.402886211872101,0.397024810314178,0.38580647110939,0.390917420387268,0.376630336046219,0.354720294475555,0.351718366146088,0.341208696365356,0.33645111322403,0.332856893539429,0.325207859277725,0.324383080005646,0.316191375255585,0.30156409740448,0.291973501443863,0.27698227763176,0.260952770709991,0.247342854738235,0.276379555463791,0.337926894426346,0.34089320898056,0.342578440904617,0.341674208641052,0.278572261333466,0.267560541629791,0.263113915920258,0.294100344181061,0.294128775596619,0.313250035047531,0.313231378793716,0.312319546937943,0.311488032341003,0.281760275363922,0.251253664493561,0.218304678797722,0.150762617588043,0.150424152612686,0.161660805344582,0.156075894832611,0.155306339263916,0.092382937669754,0.0912952721118927,0.0913549736142159,0.0902797281742096,0.0834040641784668,0.0821416079998016,0.0823142156004906,0.084477573633194,0.0832509472966194,0.086708091199398,0.0856121480464935,0.0839226618409157,0.0820739716291428,0.0824485644698143,0.0837121307849884,0.0872465744614601,0.0852305740118027,0.084478460252285,0.0779640972614288
"19216",0.261336922645569,0.260495483875275,0.263441145420074,0.268610417842865,0.275457799434662,0.282405197620392,0.293575465679169,0.3075792491436,0.323767125606537,0.346450328826904,0.372887343168259,0.395587027072906,0.429000616073608,0.464977741241455,0.499488413333893,0.536982178688049,0.580360472202301,0.624319553375244,0.578036487102509,0.498037040233612,0.419440358877182,0.36612805724144,0.365305960178375,0.379302173852921,0.342554092407227,0.288749694824219,0.285223990678787,0.373978912830353,0.41652375459671,0.471198439598083,0.510426819324493,0.530940413475037,0.498834043741226,0.548609972000122,0.5074662566185,0.444680869579315,0.384064793586731,0.329929411411285,0.307736456394196,0.305034935474396,0.300245106220245,0.295439183712006,0.287170916795731,0.274126410484314,0.274134635925293,0.265497535467148,0.270398318767548,0.267940700054169,0.262469857931137,0.263999491930008,0.258343279361725,0.247693434357643,0.242536798119545,0.234367087483406,0.225316092371941,0.216755628585815,0.225379079580307,0.259764909744263,0.261811137199402,0.263254106044769,0.263127595186234,0.2275530397892,0.221847340464592,0.221067488193512,0.249582633376122,0.250136941671371,0.26659694314003,0.266966581344604,0.266141593456268,0.265735954046249,0.243868052959442,0.220109820365906,0.193552553653717,0.141317680478096,0.137442976236343,0.143725752830505,0.147207289934158,0.146931126713753,0.0865092650055885,0.0832092836499214,0.0824054628610611,0.0823077782988548,0.0787060931324959,0.0787433609366417,0.0799549743533134,0.0827376395463943,0.0820496678352356,0.0859373956918716,0.0836796164512634,0.0812162458896637,0.0776708200573921,0.0780459493398666,0.079120360314846,0.0815485417842865,0.0815865099430084,0.0812866762280464,0.0775182470679283
"19217",0.210820600390434,0.208778142929077,0.212239563465118,0.217349112033844,0.222810626029968,0.22854071855545,0.242469236254692,0.258173763751984,0.278132915496826,0.303930789232254,0.330542653799057,0.353160440921783,0.38380628824234,0.413343697786331,0.437359392642975,0.464218080043793,0.500866651535034,0.543629348278046,0.50245988368988,0.430944204330444,0.359625339508057,0.311174094676971,0.309849858283997,0.319836020469666,0.286566942930222,0.240508764982224,0.245019376277924,0.331621468067169,0.365959614515305,0.418619394302368,0.45380312204361,0.474053710699081,0.452485978603363,0.515151619911194,0.477785289287567,0.415716379880905,0.356129765510559,0.288832694292068,0.259638607501984,0.256923258304596,0.252347648143768,0.238888099789619,0.234143674373627,0.227162152528763,0.226440578699112,0.221168249845505,0.227238804101944,0.225165039300919,0.220365718007088,0.22516468167305,0.220394372940063,0.214802324771881,0.21086448431015,0.204997360706329,0.199024617671967,0.193618386983871,0.196190029382706,0.214598819613457,0.215411856770515,0.215685442090034,0.215230017900467,0.193838611245155,0.190378725528717,0.190515756607056,0.218359366059303,0.21841424703598,0.234012275934219,0.234279185533524,0.233861565589905,0.233776643872261,0.216092392802238,0.197605907917023,0.176982283592224,0.136070474982262,0.13264524936676,0.135038778185844,0.132831990718842,0.13171398639679,0.0797293856739998,0.0762633830308914,0.075182668864727,0.0760333761572838,0.0754988417029381,0.0775981917977333,0.080635204911232,0.0840425938367844,0.0827850475907326,0.0862305462360382,0.0832364931702614,0.0806683972477913,0.0761589333415031,0.0761768072843552,0.0765842273831367,0.0777511969208717,0.0794337093830109,0.0794780254364014,0.0767437741160393
"19218",0.17706198990345,0.174695894122124,0.178157791495323,0.183417290449142,0.18870598077774,0.19416156411171,0.208236902952194,0.22659258544445,0.245144605636597,0.26856929063797,0.297461986541748,0.314491331577301,0.338859111070633,0.364510238170624,0.384586215019226,0.410025298595428,0.448439091444016,0.49082487821579,0.459077596664429,0.401744306087494,0.339916855096817,0.290826827287674,0.267110049724579,0.281810790300369,0.257359683513641,0.214465782046318,0.21816873550415,0.29147943854332,0.319361656904221,0.373425543308258,0.40472936630249,0.429394066333771,0.414430618286133,0.493223071098328,0.464596211910248,0.415297448635101,0.361654549837112,0.277815610170364,0.237648546695709,0.233952790498734,0.228349775075912,0.207382470369339,0.204834699630737,0.20110572874546,0.198419257998466,0.19447223842144,0.196899741888046,0.19574724137783,0.192511945962906,0.195139527320862,0.191637873649597,0.18990683555603,0.187463134527206,0.183687955141068,0.179565459489822,0.175432190299034,0.172897666692734,0.183431386947632,0.184189930558205,0.184364557266235,0.183966770768166,0.170168995857239,0.166786685585976,0.166155710816383,0.187612876296043,0.189430311322212,0.205153718590736,0.207592532038689,0.209162771701813,0.209559038281441,0.195166617631912,0.180405661463737,0.163382634520531,0.132655277848244,0.131032943725586,0.133054688572884,0.127808228135109,0.125775590538979,0.0735422819852829,0.0697199553251266,0.0692938938736916,0.0717054679989815,0.073849581182003,0.0771261975169182,0.0811725854873657,0.0849660411477089,0.0844418480992317,0.0869247540831566,0.0843796357512474,0.0816967934370041,0.0764274448156357,0.0762392058968544,0.0761558264493942,0.0748539417982101,0.077003963291645,0.0774538516998291,0.0767227038741112
"19219",0.639303684234619,0.684989273548126,0.680974006652832,0.724175333976746,0.793567359447479,0.794368922710419,0.781955659389496,0.8635413646698,0.830212950706482,0.819179773330688,1.01023638248444,0.979233980178833,0.921016454696655,0.925187349319458,0.987843036651611,1.17808520793915,1.64580821990967,2.19396328926086,1.91414761543274,1.46888267993927,1.04934728145599,0.795704901218414,0.770229279994965,0.927559316158295,0.906896352767944,0.848438739776611,0.733125567436218,0.695849657058716,0.854865610599518,0.880982637405396,1.06438291072845,1.1177294254303,0.955684542655945,1.19569778442383,1.09279632568359,1.00182676315308,0.973642110824585,0.876415491104126,0.870960891246796,0.840641260147095,0.810019373893738,0.87558901309967,0.804453313350677,0.698354125022888,0.736926794052124,0.664533138275146,0.775837540626526,0.725664436817169,0.634450078010559,0.617581963539124,0.547048568725586,0.644878566265106,0.534160733222961,0.410266101360321,0.298646539449692,0.240821346640587,0.377657979726791,0.650177419185638,0.594940781593323,0.527605295181274,0.4675552546978,0.327741950750351,0.263792723417282,0.213978141546249,0.289307534694672,0.355692923069,0.513886511325836,0.513654708862305,0.477753609418869,0.42938956618309,0.309988260269165,0.285650134086609,0.261947453022003,0.236326768994331,0.280714988708496,0.314543962478638,0.25276917219162,0.217042520642281,0.0850344151258469,0.0815293341875076,0.0789821892976761,0.0795868560671806,0.081309586763382,0.0841913521289825,0.0874114781618118,0.0888383314013481,0.0878890305757523,0.0881064683198929,0.0868959352374077,0.0859757214784622,0.0819313824176788,0.0819212421774864,0.0821110382676125,0.0846503525972366,0.0861118510365486,0.0863495320081711,0.0864452570676804
"19220",0.733616173267365,0.752200126647949,0.766925156116486,0.800901770591736,0.840802073478699,0.860158801078796,0.848365426063538,0.905205130577087,0.889031052589417,0.885662198066711,1.0014396905899,1.00117194652557,0.986145973205566,0.995559334754944,1.07346498966217,1.29600238800049,1.69464731216431,2.05866146087646,1.8852002620697,1.55508279800415,1.19619059562683,0.935232579708099,0.903545558452606,1.01696765422821,1.0584100484848,0.934420228004456,0.836707055568695,0.81227308511734,0.906926929950714,0.998572945594788,1.12036979198456,1.13523423671722,1.00878942012787,1.22262454032898,1.14115583896637,1.01098680496216,0.974554300308228,0.949084341526031,0.986371517181396,0.971555531024933,0.939827799797058,0.953445196151733,0.915627002716064,0.85213828086853,0.792941749095917,0.760012686252594,0.817586898803711,0.797759115695953,0.74333667755127,0.637165248394012,0.597021520137787,0.637573838233948,0.593814969062805,0.53214693069458,0.453452795743942,0.377659052610397,0.380982726812363,0.597834646701813,0.62061870098114,0.63399875164032,0.62111759185791,0.395449221134186,0.335367947816849,0.285007238388062,0.32668861746788,0.377105057239532,0.570352971553802,0.593008577823639,0.592301905155182,0.572607934474945,0.425773471593857,0.385459959506989,0.349149376153946,0.3211430311203,0.362685024738312,0.389593541622162,0.360522091388702,0.318536400794983,0.0899340957403183,0.0921304300427437,0.0927030071616173,0.0910454243421555,0.0886183455586433,0.08892422914505,0.0879003778100014,0.085195004940033,0.0840040445327759,0.0814509838819504,0.0817600563168526,0.0834627896547318,0.0828589051961899,0.0818785801529884,0.080934077501297,0.082237496972084,0.0862145647406578,0.0890008360147476,0.0918116867542267
"19221",0.478038847446442,0.484620809555054,0.491950064897537,0.504657030105591,0.522352397441864,0.538991987705231,0.541902303695679,0.570132315158844,0.573185205459595,0.578569710254669,0.629110813140869,0.643769979476929,0.666526317596436,0.71167516708374,0.78955340385437,0.919666290283203,1.10718584060669,1.26301121711731,1.18591821193695,1.02490508556366,0.839948892593384,0.693091988563538,0.66413277387619,0.733590960502625,0.741749882698059,0.657853841781616,0.61755645275116,0.621448993682861,0.670185923576355,0.727560639381409,0.789770007133484,0.792635917663574,0.73744535446167,0.893979251384735,0.847322106361389,0.76926064491272,0.692173838615417,0.657212257385254,0.666942715644836,0.656834483146667,0.633475363254547,0.628302454948425,0.611028790473938,0.585440278053284,0.553116202354431,0.53553968667984,0.528245568275452,0.51954597234726,0.497732937335968,0.443175405263901,0.425349742174149,0.42695289850235,0.416425347328186,0.401938498020172,0.378629863262177,0.3451187312603,0.285462290048599,0.353154450654984,0.370702147483826,0.397868871688843,0.420019865036011,0.331413894891739,0.296914011240005,0.258043169975281,0.264536470174789,0.288476139307022,0.391353875398636,0.413033068180084,0.434077560901642,0.444344341754913,0.377492904663086,0.347385764122009,0.317540466785431,0.28442108631134,0.294697999954224,0.298700928688049,0.292111605405807,0.273747026920319,0.0851218923926353,0.0843052789568901,0.0858379378914833,0.0854483991861343,0.0824654698371887,0.08063093572855,0.0790969580411911,0.0789428204298019,0.0771232768893242,0.0772953703999519,0.075648732483387,0.0757754370570183,0.0765987858176231,0.0762393176555634,0.0756561383605003,0.0751134157180786,0.0757104456424713,0.0769191160798073,0.0793318971991539
"19222",0.348171919584274,0.351304084062576,0.356003969907761,0.363094806671143,0.373857915401459,0.384969651699066,0.38845705986023,0.405461251735687,0.410373628139496,0.418563932180405,0.450163066387177,0.475991606712341,0.516385734081268,0.572714567184448,0.64870011806488,0.741465926170349,0.850081562995911,0.943981230258942,0.894084095954895,0.792528033256531,0.668837428092957,0.571951925754547,0.557306885719299,0.611541748046875,0.611321806907654,0.559010088443756,0.53714656829834,0.53780072927475,0.559567213058472,0.587338626384735,0.621801495552063,0.627848267555237,0.602561235427856,0.755954027175903,0.740638136863708,0.694376111030579,0.632027864456177,0.537489235401154,0.503427982330322,0.496894240379333,0.481101870536804,0.472352981567383,0.457438230514526,0.43955135345459,0.427511215209961,0.415947377681732,0.402839571237564,0.395311117172241,0.379855155944824,0.349422812461853,0.339085757732391,0.334470272064209,0.331137180328369,0.324922263622284,0.313800275325775,0.295924246311188,0.253483235836029,0.273462146520615,0.278106838464737,0.285297930240631,0.290827125310898,0.253157734870911,0.243608057498932,0.233662635087967,0.230566963553429,0.247212991118431,0.308469355106354,0.324703931808472,0.341706871986389,0.35199299454689,0.332625776529312,0.309640109539032,0.285669565200806,0.266077846288681,0.264305114746094,0.259173631668091,0.246946603059769,0.238572522997856,0.0881846472620964,0.0797536075115204,0.0773869156837463,0.0769260823726654,0.0746499225497246,0.0742488503456116,0.0755530893802643,0.0797178149223328,0.0792321786284447,0.0822756737470627,0.0782473683357239,0.0753588750958443,0.0731511265039444,0.073021650314331,0.0727454349398613,0.0720140039920807,0.071349747478962,0.0713432878255844,0.0711211934685707
"19223",0.270139366388321,0.270962625741959,0.274449229240417,0.279457747936249,0.286473959684372,0.293437600135803,0.297815799713135,0.307165443897247,0.314482182264328,0.328383773565292,0.355866968631744,0.386638641357422,0.432878255844116,0.49045667052269,0.55903160572052,0.627068340778351,0.696835458278656,0.760624170303345,0.726625204086304,0.653316617012024,0.556128621101379,0.478142201900482,0.486588537693024,0.534037172794342,0.528600513935089,0.484587788581848,0.468397557735443,0.470970988273621,0.495740592479706,0.501705408096313,0.531505107879639,0.547688782215118,0.537114024162292,0.669968008995056,0.644945979118347,0.597214818000793,0.544243276119232,0.449362456798553,0.414585620164871,0.408882021903992,0.396028757095337,0.373757243156433,0.362887561321259,0.349004477262497,0.334792256355286,0.328830569982529,0.325640052556992,0.32057535648346,0.30989745259285,0.293987810611725,0.287093311548233,0.280664622783661,0.276584953069687,0.270693302154541,0.262479811906815,0.251085668802261,0.22766076028347,0.230271086096764,0.228621035814285,0.227057918906212,0.225852862000465,0.199358060956001,0.192809790372849,0.191098943352699,0.208370685577393,0.221815600991249,0.262161821126938,0.273592054843903,0.285374820232391,0.292589634656906,0.285507500171661,0.273251473903656,0.260014295578003,0.241854101419449,0.238553106784821,0.231898754835129,0.219013318419456,0.212811425328255,0.097302220761776,0.0825913920998573,0.073978066444397,0.0711809322237968,0.0685349330306053,0.0693617090582848,0.0724111273884773,0.078908309340477,0.0819563791155815,0.0865067541599274,0.0845902264118195,0.0810614824295044,0.0760583728551865,0.0759500935673714,0.0757179781794548,0.0733872577548027,0.0703922733664513,0.0691947340965271,0.0682186335325241
"19224",0.218702703714371,0.218753263354301,0.221605390310287,0.225429579615593,0.230436652898788,0.235369771718979,0.239881753921509,0.24721959233284,0.257845550775528,0.277573078870773,0.308982104063034,0.338484287261963,0.380449622869492,0.427576065063477,0.480154156684875,0.537859261035919,0.602896094322205,0.65569543838501,0.630494594573975,0.569962024688721,0.491430521011353,0.425958693027496,0.434365332126617,0.469891428947449,0.457571387290955,0.408698379993439,0.400190353393555,0.411602854728699,0.441368341445923,0.440980136394501,0.472114145755768,0.489891767501831,0.472415685653687,0.577467441558838,0.547312617301941,0.50073254108429,0.459597527980804,0.373707830905914,0.349086046218872,0.342840939760208,0.329153418540955,0.310255527496338,0.299910008907318,0.286828130483627,0.273284673690796,0.268545210361481,0.271275103092194,0.268235951662064,0.261865496635437,0.256173640489578,0.250872254371643,0.24310277402401,0.239447250962257,0.233913749456406,0.227267563343048,0.219019785523415,0.200608506798744,0.199295178055763,0.196663990616798,0.193377882242203,0.190713971853256,0.167982369661331,0.161924034357071,0.161819383502007,0.184311985969543,0.195895090699196,0.227120071649551,0.235925883054733,0.245229423046112,0.250990003347397,0.250551521778107,0.242236092686653,0.23238730430603,0.218931332230568,0.215143889188766,0.207976073026657,0.19421660900116,0.188792005181313,0.111744537949562,0.0951503366231918,0.0807847008109093,0.072319783270359,0.0644968003034592,0.0650127455592155,0.0675819367170334,0.0741445943713188,0.0797198414802551,0.0848856866359711,0.0870326012372971,0.0847903713583946,0.0807158574461937,0.0808648765087128,0.0808790773153305,0.0782501697540283,0.0722433850169182,0.069703683257103,0.067196436226368
"19225",0.181959703564644,0.181704789400101,0.184052020311356,0.187084332108498,0.191166549921036,0.19529889523983,0.199835076928139,0.207068711519241,0.21884086728096,0.240296125411987,0.272580593824387,0.297918856143951,0.333260267972946,0.373984456062317,0.421841144561768,0.478769719600677,0.544267535209656,0.59465628862381,0.576610863208771,0.526897966861725,0.459437400102615,0.397721499204636,0.3968505859375,0.425647377967834,0.400731831789017,0.342531055212021,0.339361011981964,0.365128636360168,0.397102952003479,0.390658050775528,0.421750873327255,0.430761098861694,0.406563401222229,0.492351770401001,0.459288090467453,0.42628538608551,0.408091455698013,0.318460464477539,0.305075258016586,0.29484236240387,0.278844147920609,0.264093339443207,0.254204094409943,0.241219282150269,0.225143194198608,0.220901399850845,0.229056268930435,0.225752770900726,0.221191078424454,0.226140305399895,0.221953496336937,0.214666157960892,0.211307749152184,0.206108182668686,0.200543850660324,0.194195702672005,0.178809329867363,0.174932405352592,0.172474756836891,0.169063374400139,0.166190341114998,0.149146184325218,0.14241199195385,0.141309052705765,0.159912079572678,0.170076489448547,0.198677361011505,0.205408617854118,0.212971359491348,0.217944443225861,0.223159953951836,0.217100545763969,0.209424927830696,0.196947187185287,0.193139001727104,0.185829475522041,0.172457382082939,0.167618691921234,0.122566178441048,0.108973048627377,0.0931882336735725,0.0797870829701424,0.063789613544941,0.0622387640178204,0.063227079808712,0.0686726868152618,0.0744413286447525,0.0796851813793182,0.083893321454525,0.0827566683292389,0.0816630423069,0.0825513228774071,0.0832646191120148,0.0816205143928528,0.0734729915857315,0.069906584918499,0.0658913478255272
"19226",0.670854806900024,0.710234642028809,0.690964162349701,0.700820982456207,0.790453374385834,0.799527704715729,0.793881773948669,0.847858190536499,0.868113040924072,0.930109024047852,1.16772389411926,1.23914623260498,1.25004816055298,1.29551076889038,1.36130678653717,1.65033435821533,2.2844820022583,2.79185676574707,2.41368389129639,1.76844012737274,1.16492927074432,0.79423177242279,0.84966766834259,1.16936135292053,1.33048033714294,1.11048376560211,0.958009839057922,0.990431487560272,1.2712813615799,1.31241595745087,1.67981684207916,1.82305955886841,1.52930653095245,1.69814968109131,1.4116290807724,1.24305653572083,1.24949419498444,1.0960510969162,1.22395348548889,1.1586446762085,1.06827855110168,1.06428205966949,1.00634849071503,0.921863198280334,0.933248162269592,0.912683367729187,0.997840404510498,0.959858953952789,0.873041570186615,0.777968406677246,0.639946520328522,0.779048323631287,0.63813316822052,0.483993947505951,0.343921780586243,0.268903017044067,0.389493316411972,0.617571711540222,0.548969924449921,0.507817149162292,0.498349875211716,0.519797921180725,0.447095423936844,0.365822523832321,0.319113820791245,0.346765607595444,0.396185159683228,0.382482290267944,0.351350218057632,0.32382732629776,0.268683612346649,0.260385692119598,0.25061497092247,0.228854149580002,0.250849038362503,0.280469119548798,0.274241477251053,0.263791263103485,0.146918013691902,0.133582308888435,0.117489032447338,0.100818134844303,0.0783161744475365,0.0743340030312538,0.0730697587132454,0.0766151174902916,0.0804156586527824,0.0850818157196045,0.10039671510458,0.103565759956837,0.106260888278484,0.107746139168739,0.10501915961504,0.0996301397681236,0.0899933129549026,0.0852976143360138,0.0788257643580437
"19227",0.76342636346817,0.796705007553101,0.794654965400696,0.802731215953827,0.845796704292297,0.886565566062927,0.871033012866974,0.927974820137024,0.938050448894501,0.992900729179382,1.20943164825439,1.26670908927917,1.31494271755219,1.37364840507507,1.51606380939484,1.80172002315521,2.23082375526428,2.61702013015747,2.37945437431335,1.91271078586578,1.37753629684448,0.976897060871124,0.925438046455383,1.16136956214905,1.29056167602539,1.12685430049896,1.03709554672241,1.05602777004242,1.17104125022888,1.33960604667664,1.49209523200989,1.56587648391724,1.38348031044006,1.58895456790924,1.41717147827148,1.26086449623108,1.2196044921875,1.14808678627014,1.24372208118439,1.19221448898315,1.13221454620361,1.12448120117188,1.10275185108185,1.06970691680908,1.0437798500061,1.0223023891449,1.08386445045471,1.04574239253998,0.965743899345398,0.769933819770813,0.712751626968384,0.728694200515747,0.674355268478394,0.605616450309753,0.519242525100708,0.435835003852844,0.451941430568695,0.634579420089722,0.642444849014282,0.652431190013885,0.661057472229004,0.568608582019806,0.552472472190857,0.523907840251923,0.449064910411835,0.443350464105606,0.4411441385746,0.443658500909805,0.4347765147686,0.422217696905136,0.314240276813507,0.296859264373779,0.27865195274353,0.251732468605042,0.278153330087662,0.31823393702507,0.35175359249115,0.356585204601288,0.207521304488182,0.180985778570175,0.156864121556282,0.134041994810104,0.0966198295354843,0.0909342914819717,0.087404690682888,0.0872666090726852,0.0852833539247513,0.0866410359740257,0.0953273251652718,0.100829668343067,0.113558769226074,0.113958112895489,0.11419191211462,0.115899577736855,0.104577824473381,0.0993985310196877,0.0885342806577682
"19228",0.486809611320496,0.500495553016663,0.498829871416092,0.500844836235046,0.516357898712158,0.539596557617188,0.539603412151337,0.57142186164856,0.585758626461029,0.62505829334259,0.724308967590332,0.771929621696472,0.835337519645691,0.91616415977478,1.02500438690186,1.17061030864716,1.37486839294434,1.55957698822021,1.45039737224579,1.2149692773819,0.927279949188232,0.68352222442627,0.635553359985352,0.744590163230896,0.791683316230774,0.723399341106415,0.684830009937286,0.706081807613373,0.76496434211731,0.821491122245789,0.882005929946899,0.887081146240234,0.827180504798889,0.976491868495941,0.894254207611084,0.797279596328735,0.717850089073181,0.699592769145966,0.750067472457886,0.717235088348389,0.682595610618591,0.67004656791687,0.662567496299744,0.651566565036774,0.640648484230042,0.63473117351532,0.653292536735535,0.637844979763031,0.607535481452942,0.530147433280945,0.507759749889374,0.468371033668518,0.451498836278915,0.430259346961975,0.400968670845032,0.366002976894379,0.340527951717377,0.410178482532501,0.415429800748825,0.423173069953918,0.430131196975708,0.370090395212173,0.370053619146347,0.371913224458694,0.362382382154465,0.353007376194,0.334348231554031,0.337632447481155,0.33814924955368,0.337648808956146,0.276942729949951,0.260164380073547,0.237889692187309,0.212595373392105,0.22578701376915,0.254477322101593,0.297309845685959,0.305756509304047,0.226264014840126,0.204978585243225,0.186901777982712,0.169161736965179,0.121331855654716,0.108262822031975,0.0963808372616768,0.0898292660713196,0.0815605670213699,0.0827051624655724,0.0824774652719498,0.0812386646866798,0.0867212787270546,0.0880740582942963,0.0907741859555244,0.0973295420408249,0.0950076878070831,0.0920692160725594,0.080581821501255
"19229",0.346630752086639,0.353329449892044,0.351875811815262,0.353886127471924,0.362923204898834,0.374510109424591,0.378305166959763,0.400209963321686,0.417631357908249,0.449886828660965,0.516728341579437,0.561619520187378,0.621762871742249,0.687037348747253,0.758373379707336,0.843289911746979,0.969576299190521,1.08511543273926,1.00652611255646,0.840604603290558,0.644418954849243,0.482813656330109,0.499048680067062,0.560068011283875,0.571564018726349,0.536728024482727,0.520072340965271,0.541514873504639,0.575047850608826,0.593556106090546,0.629597306251526,0.633966684341431,0.604362964630127,0.712681412696838,0.661503911018372,0.589429497718811,0.529151380062103,0.4870465695858,0.507462382316589,0.482749164104462,0.457080394029617,0.438258856534958,0.43440967798233,0.429681658744812,0.42508190870285,0.425561398267746,0.446893066167831,0.440273284912109,0.428273528814316,0.40463262796402,0.393160313367844,0.354434281587601,0.345044493675232,0.332056373357773,0.315900444984436,0.296280235052109,0.269436240196228,0.297688215970993,0.298624724149704,0.300416171550751,0.302280277013779,0.265635401010513,0.265601187944412,0.271201938390732,0.285567492246628,0.280625075101852,0.265977114439011,0.269208818674088,0.271785020828247,0.273116290569305,0.241158917546272,0.228552952408791,0.21042089164257,0.186982065439224,0.193347126245499,0.211055040359497,0.245995670557022,0.250940024852753,0.206068933010101,0.193911507725716,0.182971373200417,0.171746388077736,0.145486727356911,0.135751202702522,0.120613500475883,0.104897320270538,0.0820978805422783,0.0817892476916313,0.0775139406323433,0.073102705180645,0.0730350911617279,0.076145201921463,0.0808197855949402,0.0833551734685898,0.0828398391604424,0.0810443311929703,0.073129415512085
"19230",0.264283299446106,0.268099963665009,0.267293900251389,0.268579840660095,0.274087309837341,0.281859695911407,0.287272274494171,0.304935097694397,0.32066011428833,0.348991721868515,0.406292676925659,0.446810275316238,0.498353660106659,0.547638773918152,0.595969080924988,0.644933342933655,0.737904071807861,0.827835083007812,0.770762801170349,0.653684616088867,0.517211019992828,0.409135460853577,0.427176594734192,0.467961579561234,0.457109272480011,0.428048729896545,0.423714399337769,0.447947442531586,0.469859808683395,0.46328392624855,0.490589052438736,0.499992579221725,0.484835505485535,0.586113691329956,0.54327380657196,0.476642727851868,0.41798985004425,0.365917354822159,0.366627156734467,0.352248221635818,0.334278762340546,0.309930980205536,0.307583153247833,0.304660320281982,0.30190509557724,0.304761439561844,0.328032493591309,0.324601829051971,0.31965646147728,0.325951099395752,0.318943053483963,0.290355265140533,0.283360660076141,0.273097455501556,0.261313885450363,0.247573167085648,0.223242521286011,0.23356057703495,0.232483774423599,0.231371492147446,0.230709001421928,0.206729024648666,0.205948814749718,0.209386914968491,0.227719783782959,0.227062091231346,0.221161916851997,0.224894538521767,0.228289142251015,0.229753822088242,0.212442979216576,0.202354460954666,0.187930643558502,0.167367085814476,0.172583445906639,0.183542340993881,0.202903673052788,0.204128533601761,0.179273352026939,0.172697842121124,0.163793131709099,0.154007524251938,0.141530513763428,0.140340387821198,0.135702341794968,0.123482272028923,0.0919223055243492,0.0893533751368523,0.0786519944667816,0.0710576623678207,0.067132793366909,0.071942426264286,0.0781692937016487,0.0778716281056404,0.075875349342823,0.0737178847193718,0.0689598247408867
"19231",0.211937606334686,0.214198768138885,0.2137051820755,0.214643552899361,0.218762636184692,0.22487023472786,0.230496630072594,0.245436951518059,0.260520309209824,0.287964284420013,0.338986277580261,0.375532448291779,0.421041756868362,0.462710618972778,0.500502467155457,0.541757941246033,0.625226497650146,0.693753600120544,0.660971403121948,0.579618573188782,0.477812349796295,0.398130238056183,0.399015605449677,0.424730390310287,0.39439731836319,0.356300532817841,0.360863536596298,0.392920970916748,0.4145587682724,0.389061570167542,0.414785236120224,0.425046801567078,0.417778730392456,0.528680801391602,0.48374405503273,0.428173124790192,0.373863488435745,0.301649749279022,0.280695080757141,0.274448305368423,0.263982892036438,0.241577863693237,0.238687977194786,0.235150933265686,0.232731312513351,0.235378623008728,0.258081138134003,0.25592502951622,0.253421008586884,0.273133277893066,0.268222540616989,0.25013479590416,0.244379878044128,0.235232979059219,0.225536718964577,0.215459540486336,0.1962760835886,0.197024717926979,0.195003986358643,0.192398011684418,0.190412536263466,0.173464819788933,0.170415192842484,0.171748295426369,0.187584966421127,0.189371377229691,0.190502315759659,0.193866685032845,0.197142034769058,0.198871254920959,0.190028756856918,0.181481346487999,0.170191660523415,0.151606529951096,0.157064229249954,0.163905024528503,0.172639086842537,0.171738252043724,0.156632781028748,0.153738722205162,0.149818435311317,0.142413705587387,0.134178400039673,0.132810562849045,0.131232500076294,0.126270845532417,0.103631787002087,0.100152753293514,0.0879717618227005,0.0786374732851982,0.0705763474106789,0.0761101841926575,0.0830553248524666,0.0811057463288307,0.0753905177116394,0.0712323486804962,0.0668526589870453
"19232",0.17595386505127,0.177267923951149,0.17694790661335,0.177669778466225,0.180886015295982,0.185736373066902,0.191261440515518,0.204150557518005,0.217992067337036,0.243186935782433,0.288708090782166,0.321064949035645,0.363506436347961,0.405232012271881,0.440674781799316,0.485856890678406,0.562071204185486,0.629563689231873,0.603191494941711,0.536123871803284,0.451475203037262,0.380548030138016,0.371119022369385,0.396699637174606,0.353352129459381,0.304760277271271,0.313174337148666,0.361508011817932,0.383577466011047,0.349211156368256,0.371054470539093,0.380523681640625,0.376059502363205,0.488142818212509,0.447598814964294,0.406457424163818,0.358085781335831,0.279352843761444,0.245140075683594,0.239239454269409,0.22888945043087,0.200281322002411,0.196860194206238,0.19306206703186,0.190009087324142,0.192014649510384,0.21442648768425,0.212639212608337,0.211117714643478,0.235649928450584,0.232289671897888,0.223373591899872,0.218710705637932,0.210534676909447,0.202230483293533,0.194413110613823,0.180683612823486,0.176980242133141,0.174657106399536,0.171539679169655,0.169044300913811,0.157080173492432,0.152517780661583,0.151478916406631,0.160690933465958,0.163679644465446,0.169563323259354,0.172693178057671,0.175909087061882,0.177825376391411,0.17431378364563,0.167417019605637,0.157954320311546,0.140659630298615,0.145128160715103,0.149497956037521,0.151632249355316,0.150622218847275,0.142426371574402,0.141836300492287,0.140740349888802,0.138419896364212,0.132108867168427,0.130168899893761,0.12766370177269,0.123826682567596,0.109725937247276,0.107480622828007,0.0983690097928047,0.0912981480360031,0.0825745686888695,0.087222009897232,0.0931489169597626,0.0910341814160347,0.0832925587892532,0.0773651525378227,0.0709963589906693
"19233",0.685379326343536,0.720583975315094,0.730361819267273,0.745277881622314,0.757450103759766,0.767065227031708,0.76933366060257,0.839894771575928,0.881120085716248,0.946159720420837,1.21284890174866,1.24050068855286,1.20433807373047,1.32949447631836,1.61476969718933,2.07704591751099,2.65756702423096,3.18399667739868,2.90112352371216,2.2723560333252,1.52659618854523,1.03012180328369,1.03803718090057,1.34310829639435,1.36676669120789,0.947570085525513,0.714850842952728,0.731843054294586,0.949289321899414,0.931596040725708,1.18097877502441,1.21061635017395,0.886791169643402,1.11151242256165,1.03315556049347,1.01746225357056,1.0373899936676,0.931421518325806,0.965040564537048,0.912481129169464,0.839874267578125,0.872815608978271,0.850205659866333,0.796623587608337,0.777832627296448,0.720314264297485,0.851880311965942,0.806151807308197,0.735887169837952,0.774492502212524,0.685035884380341,0.806307435035706,0.644522190093994,0.465753257274628,0.319552481174469,0.251052528619766,0.397429138422012,0.636879742145538,0.566835701465607,0.522321224212646,0.506627976894379,0.483244299888611,0.399728089570999,0.31764942407608,0.26316699385643,0.276751101016998,0.330257892608643,0.323832273483276,0.303219854831696,0.282507300376892,0.226599723100662,0.21179673075676,0.193621382117271,0.169514819979668,0.195447593927383,0.21851059794426,0.208341002464294,0.200236558914185,0.128229066729546,0.125736862421036,0.123890772461891,0.122510619461536,0.119735307991505,0.119558081030846,0.11793415248394,0.11383530497551,0.104420334100723,0.103080905973911,0.0971652567386627,0.0930710509419441,0.0870070457458496,0.0882447212934494,0.0907075628638268,0.0927648767828941,0.0909310057759285,0.0856233835220337,0.0803196802735329
"19234",0.775112569332123,0.807958900928497,0.799784421920776,0.804856419563293,0.830967545509338,0.861991763114929,0.84318220615387,0.927089333534241,0.933777213096619,0.967169046401978,1.1836359500885,1.24527931213379,1.35038113594055,1.5306887626648,1.71689653396606,2.00861191749573,2.49822568893433,2.97147130966187,2.71849346160889,2.21095848083496,1.62808775901794,1.19932734966278,1.25267326831818,1.44396579265594,1.34634673595428,0.886591672897339,0.753515481948853,0.8112713098526,0.941268801689148,1.06632792949677,1.16981649398804,1.08574676513672,0.882435917854309,1.09012174606323,1.04246425628662,1.03905344009399,1.05040335655212,0.982498526573181,1.02014374732971,0.989578902721405,0.94726037979126,0.981273412704468,0.94905561208725,0.891110956668854,0.848276972770691,0.815831899642944,0.887551426887512,0.874005973339081,0.839623630046844,0.78050434589386,0.74817967414856,0.762175559997559,0.698039352893829,0.609318733215332,0.501531481742859,0.405830770730972,0.437242686748505,0.646437466144562,0.656050443649292,0.666984796524048,0.675256371498108,0.54984176158905,0.517812430858612,0.468062192201614,0.353009343147278,0.342206001281738,0.353383928537369,0.366968810558319,0.374666601419449,0.376583456993103,0.30996298789978,0.268508404493332,0.218984365463257,0.191948503255844,0.222511485219002,0.254208296537399,0.26549232006073,0.267010867595673,0.156900897622108,0.141801118850708,0.129223272204399,0.119978964328766,0.108387291431427,0.106852889060974,0.105800703167915,0.103787533938885,0.094623863697052,0.0904229357838631,0.0863735228776932,0.084626629948616,0.0817170217633247,0.0837554261088371,0.0873551368713379,0.0842290073633194,0.0852758139371872,0.0831964388489723,0.085170142352581
"19235",0.485769093036652,0.500057816505432,0.491049438714981,0.489603698253632,0.503586828708649,0.523941397666931,0.521346569061279,0.562703132629395,0.573657393455505,0.602212727069855,0.71525228023529,0.784997522830963,0.894262611865997,1.0229344367981,1.12222576141357,1.25085043907166,1.4947452545166,1.70574712753296,1.59845924377441,1.36384153366089,1.07007908821106,0.835546314716339,0.827330708503723,0.95122766494751,0.856325745582581,0.5961092710495,0.529580354690552,0.628260731697083,0.698504507541656,0.763702511787415,0.807412505149841,0.733406186103821,0.644285798072815,0.77399754524231,0.75903707742691,0.74883508682251,0.738478541374207,0.683713316917419,0.675668954849243,0.66432535648346,0.646910667419434,0.643190979957581,0.626321792602539,0.597704529762268,0.568333268165588,0.55154013633728,0.559365570545197,0.547800123691559,0.526454865932465,0.524185419082642,0.510081768035889,0.495486795902252,0.472156971693039,0.435810923576355,0.388016909360886,0.334829717874527,0.312873393297195,0.412356436252594,0.416498124599457,0.424966335296631,0.432355672121048,0.322989016771317,0.317403495311737,0.306903034448624,0.300008863210678,0.287506133317947,0.269969999790192,0.271320343017578,0.273523271083832,0.27685272693634,0.247488617897034,0.222234636545181,0.191845148801804,0.165208950638771,0.177685663104057,0.193938180804253,0.218618303537369,0.214827299118042,0.166665241122246,0.151313543319702,0.138494193553925,0.128901243209839,0.115693420171738,0.110766634345055,0.104878112673759,0.100651927292347,0.0910425633192062,0.0871777161955833,0.0771059617400169,0.0750238299369812,0.074270211160183,0.0780679509043694,0.0846361741423607,0.0932275131344795,0.0920249596238136,0.0869313180446625,0.084154486656189
"19236",0.346560925245285,0.353226453065872,0.345855683088303,0.345919579267502,0.355453729629517,0.368724793195724,0.374472826719284,0.404483705759048,0.422827780246735,0.457231432199478,0.544054210186005,0.60037899017334,0.680222511291504,0.75611686706543,0.817669630050659,0.896385848522186,1.0196715593338,1.12514328956604,1.03351211547852,0.860356688499451,0.676385641098022,0.567056834697723,0.649900615215302,0.70458447933197,0.612860679626465,0.450557798147202,0.428447514772415,0.548994719982147,0.593352437019348,0.624538362026215,0.651479005813599,0.612355053424835,0.569763541221619,0.667559027671814,0.651663243770599,0.625372529029846,0.59484601020813,0.542823374271393,0.527902960777283,0.5142862200737,0.492937296628952,0.467909574508667,0.452335178852081,0.429803669452667,0.41616702079773,0.403087764978409,0.399093955755234,0.393195867538452,0.382219135761261,0.393878012895584,0.382876098155975,0.362909138202667,0.341582000255585,0.3090540766716,0.275475949048996,0.244605049490929,0.23192772269249,0.294480502605438,0.293152004480362,0.290996819734573,0.28814685344696,0.216941714286804,0.212252408266068,0.210773006081581,0.23330120742321,0.22482942044735,0.222120761871338,0.219331979751587,0.216233596205711,0.214878097176552,0.196302533149719,0.182347193360329,0.167245909571648,0.136848896741867,0.133743897080421,0.136530697345734,0.139971569180489,0.139757320284843,0.120967634022236,0.115787997841835,0.111619390547276,0.107630953192711,0.102647975087166,0.100380592048168,0.0965753644704819,0.0941335335373878,0.0869570448994637,0.0827042236924171,0.069666288793087,0.0663747116923332,0.0648002550005913,0.069225013256073,0.0767370164394379,0.0887749865651131,0.0923759266734123,0.0903354436159134,0.0839251726865768
"19237",0.264658808708191,0.268339663743973,0.264243692159653,0.265887051820755,0.274245709180832,0.286686599254608,0.296593606472015,0.326603651046753,0.351955890655518,0.393418610095978,0.471462488174438,0.51640510559082,0.570935726165771,0.618252038955688,0.659130454063416,0.70690655708313,0.77065646648407,0.829520106315613,0.76940131187439,0.659744262695312,0.551367044448853,0.495870888233185,0.552816271781921,0.560452580451965,0.447852224111557,0.356388688087463,0.376668244600296,0.507211863994598,0.541847229003906,0.553645491600037,0.579417765140533,0.576934397220612,0.541819274425507,0.59379506111145,0.54748547077179,0.495078295469284,0.450977295637131,0.402246326208115,0.395409971475601,0.385132789611816,0.368700921535492,0.347732603549957,0.337406039237976,0.322460830211639,0.315999537706375,0.309386998414993,0.310152739286423,0.307240009307861,0.300695836544037,0.307021617889404,0.296803176403046,0.276626944541931,0.261767953634262,0.24117748439312,0.222307980060577,0.206739082932472,0.204466134309769,0.235859349370003,0.234318375587463,0.231672987341881,0.228823810815811,0.188608437776566,0.184580504894257,0.182412758469582,0.19611020386219,0.191550835967064,0.191998690366745,0.191683650016785,0.190827831625938,0.190483763813972,0.178202569484711,0.165797337889671,0.150929912924767,0.118388205766678,0.113771222531796,0.115029416978359,0.115448832511902,0.118831388652325,0.103517673909664,0.100870862603188,0.0985420420765877,0.096261627972126,0.0931490659713745,0.09223822504282,0.0903966426849365,0.0894680917263031,0.0868163108825684,0.0845539718866348,0.070389874279499,0.0653722882270813,0.0639872699975967,0.0685795247554779,0.0743466541171074,0.081708088517189,0.0820956230163574,0.0807201713323593,0.0720181465148926
"19238",0.210784107446671,0.212617337703705,0.210434257984161,0.211847484111786,0.219844773411751,0.232494354248047,0.24321785569191,0.27154415845871,0.294566422700882,0.329651415348053,0.397201836109161,0.430992782115936,0.475476324558258,0.516498982906342,0.549495935440063,0.587554335594177,0.643908262252808,0.691961288452148,0.663869142532349,0.597523927688599,0.517167568206787,0.457584023475647,0.466078966856003,0.474566519260406,0.373070687055588,0.319402486085892,0.347420305013657,0.47896820306778,0.508193492889404,0.527079880237579,0.551126420497894,0.552529811859131,0.508683979511261,0.530138611793518,0.468463480472565,0.40710374712944,0.363015711307526,0.317209154367447,0.307657837867737,0.301474511623383,0.291167616844177,0.276643693447113,0.27049919962883,0.260417997837067,0.257008373737335,0.252951830625534,0.252708047628403,0.251742154359818,0.247540578246117,0.25048440694809,0.244039788842201,0.229799658060074,0.221488416194916,0.209448114037514,0.198022782802582,0.188191890716553,0.181791141629219,0.198121160268784,0.197543352842331,0.196076706051826,0.194252222776413,0.167609557509422,0.162772700190544,0.159665286540985,0.169902235269547,0.16795626282692,0.170745715498924,0.171930536627769,0.172469779849052,0.172638118267059,0.162894636392593,0.15193347632885,0.13839253783226,0.111731007695198,0.109631009399891,0.111910037696362,0.11125536262989,0.113984681665897,0.1044827029109,0.102143928408623,0.0994962230324745,0.0968853458762169,0.0916473791003227,0.0899893641471863,0.0878373086452484,0.0863306298851967,0.0857378020882607,0.0851683914661407,0.0742493346333504,0.06973747164011,0.0670721307396889,0.0696506947278976,0.0726535245776176,0.0759172290563583,0.0747675448656082,0.0736052989959717,0.0667989253997803
"19239",0.17365388572216,0.174247071146965,0.172768324613571,0.174775496125221,0.182481601834297,0.194246843457222,0.204572215676308,0.228598922491074,0.247264593839645,0.277717769145966,0.333657205104828,0.367048263549805,0.411399871110916,0.456992566585541,0.493612349033356,0.532695055007935,0.590379118919373,0.639096021652222,0.618717432022095,0.561146020889282,0.481666803359985,0.411849081516266,0.404921561479568,0.4205302298069,0.336660385131836,0.295704305171967,0.316300451755524,0.443886339664459,0.475009083747864,0.50224757194519,0.534352719783783,0.527662634849548,0.473752915859222,0.47227418422699,0.40289843082428,0.339802801609039,0.303044945001602,0.264491230249405,0.252477526664734,0.247213304042816,0.239046573638916,0.228741705417633,0.223782554268837,0.215446084737778,0.214128777384758,0.210439518094063,0.211188584566116,0.211046293377876,0.20828515291214,0.211375311017036,0.207048982381821,0.199522271752357,0.194955095648766,0.187883108854294,0.180525466799736,0.173537343740463,0.164675399661064,0.173085495829582,0.172626242041588,0.171293944120407,0.169633284211159,0.150856673717499,0.146884575486183,0.144439309835434,0.15003128349781,0.149693608283997,0.154037162661552,0.155825555324554,0.157317206263542,0.158029362559319,0.149888515472412,0.140686094760895,0.12919744849205,0.10878973454237,0.107964925467968,0.111100859940052,0.106953762471676,0.109267681837082,0.10602056235075,0.104474857449532,0.102183647453785,0.0997309982776642,0.0937608778476715,0.0917937010526657,0.0895155221223831,0.0875289067626,0.0845136344432831,0.0839134007692337,0.0760875791311264,0.0726123005151749,0.0687661170959473,0.0701524987816811,0.0718047767877579,0.072163037955761,0.0720729380846024,0.0713816657662392,0.0675786659121513
"19240",0.633349657058716,0.680147588253021,0.693867444992065,0.734554767608643,0.761688888072968,0.787148058414459,0.80800598859787,0.953640222549438,1.02011251449585,1.09335052967072,1.40271759033203,1.52566874027252,1.62710916996002,1.73922324180603,1.89363479614258,2.11845302581787,2.58068656921387,3.17746615409851,2.68219709396362,1.84857821464539,1.12782192230225,0.758933544158936,0.910090684890747,1.14877068996429,1.1004421710968,0.891250491142273,0.791113972663879,0.833684206008911,0.971695840358734,1.02355074882507,1.18308877944946,1.24722588062286,1.09366083145142,1.1827392578125,1.03588163852692,0.940456092357635,0.949605822563171,0.857338547706604,0.904586672782898,0.856621026992798,0.811255037784576,0.888442754745483,0.819894075393677,0.696183323860168,0.605612695217133,0.532088935375214,0.575644850730896,0.514222860336304,0.435930490493774,0.527233719825745,0.464881420135498,0.625161051750183,0.528733134269714,0.418512314558029,0.314980447292328,0.246890723705292,0.374167501926422,0.564676403999329,0.489325046539307,0.451235979795456,0.445122182369232,0.33289235830307,0.292116105556488,0.249361768364906,0.309838533401489,0.334540396928787,0.441339671611786,0.441819459199905,0.415926694869995,0.382649570703506,0.208712264895439,0.18436174094677,0.156274542212486,0.118502698838711,0.160638108849525,0.196394115686417,0.164901256561279,0.153427675366402,0.112376615405083,0.112833470106125,0.113405644893646,0.114671930670738,0.109382100403309,0.10738717764616,0.105805039405823,0.105702020227909,0.09818484634161,0.0993580296635628,0.0942332893610001,0.0894267484545708,0.0861997455358505,0.0895266532897949,0.0913006961345673,0.0892945900559425,0.0874740406870842,0.0843804255127907,0.0805379375815392
"19241",0.717320263385773,0.748226046562195,0.750378608703613,0.78821724653244,0.834753453731537,0.888018727302551,0.91533088684082,1.0759117603302,1.09659564495087,1.14178538322449,1.41701817512512,1.54641628265381,1.69625115394592,1.84600234031677,1.98170781135559,2.17705154418945,2.53284168243408,2.94960737228394,2.57232713699341,1.90673339366913,1.26293230056763,0.910670459270477,1.16433143615723,1.31080687046051,1.198481798172,0.890392184257507,0.774793028831482,0.872352957725525,1.01379799842834,1.20311045646667,1.32054007053375,1.33186769485474,1.18778514862061,1.31250262260437,1.17971134185791,1.05358219146729,1.03546035289764,0.956138014793396,0.998249888420105,0.966971755027771,0.925273299217224,0.961903810501099,0.915089070796967,0.824430346488953,0.677008152008057,0.615776777267456,0.581984460353851,0.568103671073914,0.525177597999573,0.453696727752686,0.439152747392654,0.599527478218079,0.562040328979492,0.489763826131821,0.408007740974426,0.335690975189209,0.391168236732483,0.571236968040466,0.567910969257355,0.563141882419586,0.556532442569733,0.363333314657211,0.335525244474411,0.311899363994598,0.353320986032486,0.370355844497681,0.464473038911819,0.510662734508514,0.545873403549194,0.554001927375793,0.2878378033638,0.223249733448029,0.173752024769783,0.140489920973778,0.196096181869507,0.242185115814209,0.231292635202408,0.213231980800629,0.115521535277367,0.112249538302422,0.112026184797287,0.115111291408539,0.117034569382668,0.11862601339817,0.119089841842651,0.119316779077053,0.112609580159187,0.113823734223843,0.109317623078823,0.105320461094379,0.102328419685364,0.105584278702736,0.109227314591408,0.108597069978714,0.105265147984028,0.102418579161167,0.102049052715302
"19242",0.45953357219696,0.468701750040054,0.46614146232605,0.48710834980011,0.527088522911072,0.5712930560112,0.588780999183655,0.658784627914429,0.681579291820526,0.722285568714142,0.864577770233154,0.972047448158264,1.10155498981476,1.2202445268631,1.31262505054474,1.40714454650879,1.5538547039032,1.76582944393158,1.58305788040161,1.25347113609314,0.928532004356384,0.743744790554047,0.903092384338379,0.993666768074036,0.850372850894928,0.634039342403412,0.565120279788971,0.663707256317139,0.749553680419922,0.947791337966919,1.03692960739136,1.03640675544739,0.950744986534119,1.03550708293915,0.890875518321991,0.75814163684845,0.707487344741821,0.638479113578796,0.645293235778809,0.632909655570984,0.611010789871216,0.614041745662689,0.594547152519226,0.556403875350952,0.475363522768021,0.439250946044922,0.40556588768959,0.391178280115128,0.364679843187332,0.311385154724121,0.306223601102829,0.381406843662262,0.372168302536011,0.351412206888199,0.323342502117157,0.297058016061783,0.303526759147644,0.386115312576294,0.3905308842659,0.392962157726288,0.391265511512756,0.279164522886276,0.260290026664734,0.248390942811966,0.280640929937363,0.285925686359406,0.315121948719025,0.34318482875824,0.376934260129929,0.395541697740555,0.290909498929977,0.220984801650047,0.17932453751564,0.156791046261787,0.186779916286469,0.213705509901047,0.220192849636078,0.210660994052887,0.122053325176239,0.112717874348164,0.106063105165958,0.103624746203423,0.10461650788784,0.106755509972572,0.109627082943916,0.11273530870676,0.113003738224506,0.113834254443645,0.108943946659565,0.105778105556965,0.102293223142624,0.104144692420959,0.106693588197231,0.106987588107586,0.104315176606178,0.102468647062778,0.104232117533684
"19243",0.334436684846878,0.337042808532715,0.335755109786987,0.348991721868515,0.377365171909332,0.4072305560112,0.417953729629517,0.451911926269531,0.479355692863464,0.519949197769165,0.607315182685852,0.689833045005798,0.792451977729797,0.88683694601059,0.978705286979675,1.05789852142334,1.15588307380676,1.30469954013824,1.20130681991577,1.00666832923889,0.811196804046631,0.702778935432434,0.788959801197052,0.823633551597595,0.662775635719299,0.499764829874039,0.470119118690491,0.600063443183899,0.659297585487366,0.842988431453705,0.908532440662384,0.917414903640747,0.856276869773865,0.912561535835266,0.770151615142822,0.619263172149658,0.534896016120911,0.470271676778793,0.463481456041336,0.454697102308273,0.438909471035004,0.438696384429932,0.423238694667816,0.395439386367798,0.350123018026352,0.32806196808815,0.309219866991043,0.293517261743546,0.270410150289536,0.253230303525925,0.251336187124252,0.29118812084198,0.286539286375046,0.277250200510025,0.263905376195908,0.248976826667786,0.264154642820358,0.306399792432785,0.30893748998642,0.308890461921692,0.307159155607224,0.234713152050972,0.220449551939964,0.214376375079155,0.236223608255386,0.239112719893456,0.255133658647537,0.268280386924744,0.282850176095963,0.29148006439209,0.257420778274536,0.226700350642204,0.196265786886215,0.17874351143837,0.185728698968887,0.193723246455193,0.198482319712639,0.190702825784683,0.120909430086613,0.110929921269417,0.102560639381409,0.0979874059557915,0.0962166786193848,0.0973736792802811,0.0998993068933487,0.102778159081936,0.106589846313,0.107136979699135,0.106376588344574,0.105018690228462,0.103349894285202,0.104618161916733,0.106410384178162,0.106138668954372,0.103479094803333,0.10212168097496,0.102420747280121
"19244",0.262512266635895,0.262480527162552,0.264391362667084,0.274803757667542,0.292468726634979,0.309810668230057,0.322789520025253,0.339227735996246,0.367604494094849,0.407789885997772,0.467986166477203,0.536706209182739,0.619772434234619,0.695505976676941,0.770400881767273,0.847115278244019,0.962159872055054,1.10396122932434,1.03169012069702,0.895080268383026,0.757442831993103,0.654126822948456,0.606851041316986,0.618305802345276,0.491663813591003,0.423373878002167,0.45539653301239,0.636998414993286,0.686086773872375,0.805289268493652,0.856882929801941,0.843514919281006,0.754250943660736,0.736782252788544,0.599469065666199,0.474136650562286,0.403486847877502,0.348137676715851,0.342095464468002,0.337288320064545,0.328336715698242,0.318834751844406,0.305777668952942,0.284006118774414,0.257020205259323,0.244063556194305,0.235256940126419,0.227828532457352,0.21675942838192,0.218270346522331,0.216848939657211,0.239450424909592,0.23434242606163,0.22556571662426,0.21487620472908,0.206476673483849,0.230743527412415,0.262326925992966,0.260298490524292,0.2568678855896,0.253471702337265,0.198329970240593,0.189296618103981,0.186102315783501,0.206993132829666,0.21008126437664,0.221502780914307,0.229105800390244,0.236612543463707,0.240810096263885,0.223175078630447,0.205341517925262,0.187175333499908,0.172176033258438,0.174549072980881,0.177388608455658,0.175250679254532,0.169069856405258,0.111296847462654,0.103813499212265,0.0973847731947899,0.0939203202724457,0.0907164588570595,0.0922616943717003,0.0943528264760971,0.0962141454219818,0.0975180342793465,0.0994946658611298,0.1012914031744,0.100103802978992,0.100894160568714,0.102882653474808,0.104952663183212,0.104690082371235,0.101728320121765,0.100261993706226,0.0990851297974586
"19245",0.21700319647789,0.216520950198174,0.220927551388741,0.229541823267937,0.240566954016685,0.25039541721344,0.263721704483032,0.278988748788834,0.309678584337234,0.35181313753128,0.406889259815216,0.469523847103119,0.542314171791077,0.607344210147858,0.669411659240723,0.733821868896484,0.872453808784485,0.998975694179535,0.931106507778168,0.79765260219574,0.641540229320526,0.499891340732574,0.434570729732513,0.458099156618118,0.421371698379517,0.433721959590912,0.501356899738312,0.678536295890808,0.716093957424164,0.744354486465454,0.790390610694885,0.739830791950226,0.617747187614441,0.538269519805908,0.434670269489288,0.351673901081085,0.299425661563873,0.264927059412003,0.266321212053299,0.263407349586487,0.257535576820374,0.243158608675003,0.233116179704666,0.217291191220284,0.204830884933472,0.196151107549667,0.193063884973526,0.190910428762436,0.186349108815193,0.192428007721901,0.18948170542717,0.201223447918892,0.197166189551353,0.190859824419022,0.183680534362793,0.17859297990799,0.199700385332108,0.224103763699532,0.221309781074524,0.217320054769516,0.21346515417099,0.172864824533463,0.1671352237463,0.165164306759834,0.18372468650341,0.186865776777267,0.194681599736214,0.199596747756004,0.203402042388916,0.205278605222702,0.191046848893166,0.180119648575783,0.171578243374825,0.162524819374084,0.163488164544106,0.164081737399101,0.158033937215805,0.153333485126495,0.104265831410885,0.0984085872769356,0.0933041647076607,0.0903340727090836,0.0857061147689819,0.0863457769155502,0.0873812511563301,0.0888032242655754,0.0887999385595322,0.0918591022491455,0.0952187925577164,0.0938564240932465,0.0950805842876434,0.0971175655722618,0.099087581038475,0.0999818295240402,0.0988999679684639,0.0977334603667259,0.0956333503127098
"19246",0.187182247638702,0.186384260654449,0.192508324980736,0.200234070420265,0.206961497664452,0.212130486965179,0.226609408855438,0.244982287287712,0.277210712432861,0.326387345790863,0.37901908159256,0.43884402513504,0.507158994674683,0.566823244094849,0.628996968269348,0.693823218345642,0.811244249343872,0.927855730056763,0.844224691390991,0.696138322353363,0.540398001670837,0.419244766235352,0.387463808059692,0.415686935186386,0.419058442115784,0.451256662607193,0.516440510749817,0.661687254905701,0.696436047554016,0.662741780281067,0.706446886062622,0.63651716709137,0.513977408409119,0.418948352336884,0.339890420436859,0.276409268379211,0.239560768008232,0.218464970588684,0.216099977493286,0.215023577213287,0.21163521707058,0.202673375606537,0.196110397577286,0.185414895415306,0.176469132304192,0.17065118253231,0.167542964220047,0.167023211717606,0.164787024259567,0.169325277209282,0.166396915912628,0.173198729753494,0.170227497816086,0.165830820798874,0.161078974604607,0.157661184668541,0.173732429742813,0.19339357316494,0.191787093877792,0.189191415905952,0.186320871114731,0.154810279607773,0.150840297341347,0.149869441986084,0.164672717452049,0.166753232479095,0.17179000377655,0.174946382641792,0.176775589585304,0.177113547921181,0.163826107978821,0.158151999115944,0.154116347432137,0.150228798389435,0.150779753923416,0.15071003139019,0.144667148590088,0.140647187829018,0.0989266932010651,0.0939998850226402,0.0899426937103271,0.0873718336224556,0.0815751552581787,0.080846481025219,0.0802981108427048,0.0807620212435722,0.0803698897361755,0.0828811898827553,0.0868067666888237,0.0861833170056343,0.0880565270781517,0.0896750018000603,0.0912567153573036,0.0925883874297142,0.0934472233057022,0.093074306845665,0.0920506492257118
"19247",0.451911807060242,0.520749032497406,0.478650391101837,0.510162770748138,0.687803268432617,0.777112722396851,0.75056791305542,0.983054876327515,1.03355526924133,1.12640571594238,1.64961552619934,1.7609965801239,1.77704811096191,1.95214056968689,2.14843273162842,2.62333512306213,3.59720849990845,4.68204593658447,3.94652676582336,2.79138970375061,1.79728698730469,1.23793959617615,1.24099397659302,1.49391293525696,1.45398199558258,1.22598898410797,1.09144711494446,1.20641875267029,1.35488986968994,1.30631041526794,1.46281337738037,1.41006278991699,1.12994515895844,1.05387449264526,0.923834025859833,0.81341540813446,0.79566353559494,0.690307199954987,0.77197265625,0.7148756980896,0.640521883964539,0.71136087179184,0.654724180698395,0.57757306098938,0.600110828876495,0.535998940467834,0.536554932594299,0.492972433567047,0.412002921104431,0.401940375566483,0.349435597658157,0.524283766746521,0.43440505862236,0.341224431991577,0.266921371221542,0.237211272120476,0.373348504304886,0.612499833106995,0.535597622394562,0.49595719575882,0.485720485448837,0.33661150932312,0.295140326023102,0.258591860532761,0.39281702041626,0.414668321609497,0.470115751028061,0.446817874908447,0.387406885623932,0.329281479120255,0.176971510052681,0.167507335543633,0.151132524013519,0.153886571526527,0.171623095870018,0.188209891319275,0.166699141263962,0.155323430895805,0.10015769302845,0.102878272533417,0.104919202625751,0.105740457773209,0.0975535213947296,0.0955842137336731,0.0964033305644989,0.101381331682205,0.103540875017643,0.107099547982216,0.111900225281715,0.109634563326836,0.107490703463554,0.110986143350601,0.112695381045341,0.110228218138218,0.102194719016552,0.0983701199293137,0.0918498784303665
"19248",0.520860910415649,0.557355225086212,0.556132435798645,0.60052216053009,0.707256197929382,0.803539395332336,0.811977028846741,0.986433267593384,1.04035651683807,1.17793715000153,1.55436897277832,1.65830135345459,1.73387384414673,1.81465816497803,2.01633024215698,2.5198655128479,3.40458345413208,4.20161533355713,3.75205564498901,2.99437999725342,2.27440690994263,1.84098434448242,1.56804132461548,1.6615161895752,1.54895353317261,1.28519642353058,1.22864985466003,1.35770320892334,1.38036179542542,1.53183269500732,1.60183954238892,1.51505863666534,1.28704690933228,1.27898216247559,1.16575479507446,0.993144035339355,0.911585211753845,0.815520644187927,0.845972299575806,0.81314080953598,0.766432285308838,0.79507964849472,0.764290809631348,0.714518427848816,0.673325896263123,0.623330175876617,0.596461713314056,0.555161833763123,0.476085364818573,0.407575786113739,0.391049057245255,0.504970490932465,0.461045563220978,0.391409426927567,0.329302877187729,0.295691013336182,0.415433973073959,0.631972074508667,0.627923548221588,0.6214799284935,0.611547529697418,0.382415056228638,0.350515753030777,0.32854813337326,0.462946832180023,0.471520811319351,0.493281900882721,0.507673740386963,0.49205482006073,0.45622593164444,0.209364548325539,0.184900850057602,0.153738990426064,0.173241823911667,0.196520119905472,0.21821640431881,0.181134417653084,0.168912529945374,0.0819148123264313,0.090826503932476,0.102771930396557,0.113519698381424,0.112654998898506,0.111069060862064,0.108434088528156,0.1082479134202,0.113707311451435,0.119338937103748,0.12923564016819,0.129620537161827,0.130071848630905,0.131155490875244,0.13251043856144,0.132354333996773,0.116679787635803,0.108629889786243,0.0925684198737144
"19249",0.379410237073898,0.394130676984787,0.399589896202087,0.420601308345795,0.464930355548859,0.517548024654388,0.540011882781982,0.627907454967499,0.681930780410767,0.76666122674942,0.923112034797668,0.980474412441254,1.03921484947205,1.1055965423584,1.23805391788483,1.51940262317657,2.01297903060913,2.45427751541138,2.3206992149353,2.05985260009766,1.78104257583618,1.66850757598877,1.23398387432098,1.14999675750732,1.03041422367096,0.927862167358398,0.940187454223633,1.0871741771698,1.0860960483551,1.18472838401794,1.21101891994476,1.11787486076355,0.981440544128418,1.01221323013306,0.934229254722595,0.784652948379517,0.682177484035492,0.580090999603271,0.569069266319275,0.554993152618408,0.534413874149323,0.538243174552917,0.530956089496613,0.515104055404663,0.461841344833374,0.446541786193848,0.406892240047455,0.39766189455986,0.366002798080444,0.318020701408386,0.308683753013611,0.344106942415237,0.325577616691589,0.293279141187668,0.260346829891205,0.242788851261139,0.312186658382416,0.431521713733673,0.437702983617783,0.4405337870121,0.436881840229034,0.296370059251785,0.274546593427658,0.25751718878746,0.312093496322632,0.311796456575394,0.336760938167572,0.353618502616882,0.367013186216354,0.370246767997742,0.228672817349434,0.197378292679787,0.167844042181969,0.181657820940018,0.193753331899643,0.202200680971146,0.16305273771286,0.149798586964607,0.0699536949396133,0.0793886557221413,0.0930434837937355,0.106197819113731,0.108551107347012,0.108625188469887,0.105553202331066,0.103459075093269,0.0976047441363335,0.107095800340176,0.118646264076233,0.115612864494324,0.120671324431896,0.126092746853828,0.131640896201134,0.130602478981018,0.117667198181152,0.109698407351971,0.0965776741504669
"19250",0.301704555749893,0.309003710746765,0.311606645584106,0.322658449411392,0.345755189657211,0.374858766794205,0.392094850540161,0.45056363940239,0.489386051893234,0.535220146179199,0.614280343055725,0.643168449401855,0.685291349887848,0.743151783943176,0.826379179954529,0.98545777797699,1.27940893173218,1.57046818733215,1.51968109607697,1.40664505958557,1.28102350234985,1.30719244480133,1.04341650009155,0.897184133529663,0.80831778049469,0.777468264102936,0.803844451904297,0.937232851982117,0.944505572319031,0.977184414863586,1.00344467163086,0.903821110725403,0.79477322101593,0.835168361663818,0.752986311912537,0.637199640274048,0.553385019302368,0.453881978988647,0.433728992938995,0.424244284629822,0.410561442375183,0.404472768306732,0.401260733604431,0.392395287752151,0.341778725385666,0.337922990322113,0.299759089946747,0.296765923500061,0.28659725189209,0.260649502277374,0.25358635187149,0.272318780422211,0.261996865272522,0.243494808673859,0.225860729813576,0.216459736227989,0.26427236199379,0.338295370340347,0.343100488185883,0.344559401273727,0.340801179409027,0.2410708963871,0.22182434797287,0.206432104110718,0.235990956425667,0.240907996892929,0.275617897510529,0.283864498138428,0.291587442159653,0.297268748283386,0.241965383291245,0.210669577121735,0.180952981114388,0.181102782487869,0.182902753353119,0.179746299982071,0.13846193253994,0.128271594643593,0.0748228281736374,0.08528071641922,0.0992015674710274,0.110337935388088,0.107195436954498,0.10606799274683,0.103299401700497,0.103403478860855,0.0953259840607643,0.109371915459633,0.117671392858028,0.112259149551392,0.115966238081455,0.123762466013432,0.132508724927902,0.133520066738129,0.121606349945068,0.1134287789464,0.103499427437782
"19251",0.253511369228363,0.256026744842529,0.257552683353424,0.263864636421204,0.276614874601364,0.294393450021744,0.311269760131836,0.344061076641083,0.36950147151947,0.401990950107574,0.443710803985596,0.465770065784454,0.499898970127106,0.549096882343292,0.624984860420227,0.751711964607239,0.931737303733826,1.0929708480835,1.07409739494324,1.01860976219177,0.9364253282547,0.861414313316345,0.741788804531097,0.750255346298218,0.727967441082001,0.711790561676025,0.706113457679749,0.771979331970215,0.813119769096375,0.786563098430634,0.843105256557465,0.764274418354034,0.657877683639526,0.655632376670837,0.559161007404327,0.476832211017609,0.417979836463928,0.354825675487518,0.346274971961975,0.338243961334229,0.327106416225433,0.317039012908936,0.306358605623245,0.29017761349678,0.266667932271957,0.254875063896179,0.240533575415611,0.233374521136284,0.222246736288071,0.221285820007324,0.214162662625313,0.226593181490898,0.217945724725723,0.206257045269012,0.19736123085022,0.193856656551361,0.240251138806343,0.288197040557861,0.285599052906036,0.28067883849144,0.274708449840546,0.196338623762131,0.183059528470039,0.176932573318481,0.212331146001816,0.214895516633987,0.244694322347641,0.243060186505318,0.239403411746025,0.2368134111166,0.200724318623543,0.184427544474602,0.171170726418495,0.155387416481972,0.150257110595703,0.143324121832848,0.110768899321556,0.104853972792625,0.0823373571038246,0.0932506695389748,0.104666128754616,0.109859593212605,0.102374747395515,0.101004116237164,0.101091645658016,0.105446875095367,0.102322809398174,0.116745442152023,0.119263410568237,0.112212650477886,0.11297944933176,0.120307639241219,0.129432067275047,0.132550001144409,0.119858041405678,0.113769359886646,0.102762952446938
"19252",0.2215266674757,0.222336173057556,0.225194454193115,0.231514036655426,0.240428596735001,0.252927839756012,0.271207273006439,0.295408099889755,0.322002053260803,0.356778085231781,0.380016326904297,0.418253898620605,0.47491529583931,0.544992089271545,0.627897918224335,0.710117816925049,0.800326824188232,0.881909787654877,0.833439350128174,0.744009733200073,0.650412082672119,0.588115215301514,0.618926823139191,0.654743731021881,0.622251391410828,0.548973917961121,0.520389676094055,0.56508469581604,0.611916840076447,0.592723786830902,0.642885267734528,0.58595073223114,0.488282978534698,0.457112491130829,0.394646942615509,0.345611780881882,0.309695422649384,0.279649674892426,0.277214527130127,0.272541224956512,0.265017926692963,0.252604246139526,0.243742242455482,0.231128871440887,0.217201188206673,0.208793237805367,0.199462875723839,0.194851070642471,0.186874523758888,0.189862266182899,0.183681607246399,0.191112145781517,0.186347931623459,0.181383699178696,0.178984880447388,0.179608419537544,0.219984605908394,0.249457612633705,0.243210420012474,0.234507665038109,0.22647525370121,0.164572611451149,0.15643298625946,0.15581576526165,0.195149660110474,0.193516075611115,0.210733324289322,0.20727202296257,0.202823102474213,0.200049102306366,0.17663936316967,0.164019986987114,0.151957333087921,0.12976086139679,0.122919209301472,0.113297134637833,0.0839539021253586,0.0816308259963989,0.0883366167545319,0.0953887775540352,0.100704334676266,0.101237937808037,0.0934373661875725,0.0940429866313934,0.0972893014550209,0.104976236820221,0.106992542743683,0.118044756352901,0.120452009141445,0.115937188267708,0.112741105258465,0.117257475852966,0.122007183730602,0.111337296664715,0.089580662548542,0.090095266699791,0.0711605846881866
"19253",0.19984570145607,0.19750189781189,0.203337132930756,0.210614532232285,0.217748045921326,0.22869661450386,0.252217411994934,0.276142716407776,0.309295356273651,0.352216780185699,0.381254076957703,0.427559524774551,0.491747558116913,0.558453798294067,0.618839383125305,0.66499662399292,0.720067858695984,0.778201580047607,0.747181534767151,0.690268039703369,0.632738709449768,0.58434009552002,0.55961811542511,0.596527934074402,0.5412957072258,0.447897613048553,0.427270293235779,0.476454854011536,0.515561282634735,0.502840995788574,0.537533938884735,0.483133286237717,0.405844867229462,0.356681883335114,0.315725922584534,0.283484041690826,0.25966739654541,0.237802773714066,0.235172241926193,0.232417985796928,0.227567002177238,0.217942968010902,0.212230280041695,0.203741565346718,0.191571369767189,0.186001002788544,0.176540419459343,0.174249351024628,0.169306889176369,0.168908894062042,0.164831832051277,0.170441806316376,0.168472155928612,0.166308954358101,0.165033712983131,0.164999917149544,0.192083731293678,0.215173274278641,0.210713982582092,0.204025894403458,0.197620287537575,0.149090498685837,0.141292631626129,0.139970645308495,0.171669974923134,0.172041460871696,0.18571101129055,0.185948476195335,0.184813722968102,0.183639079332352,0.167286723852158,0.156324446201324,0.14451976120472,0.12332771718502,0.118758969008923,0.111507341265678,0.0822591930627823,0.0814506858587265,0.0902314558625221,0.094332180917263,0.0969960987567902,0.0977836325764656,0.0912135615944862,0.0919724032282829,0.094543345272541,0.102351889014244,0.105791255831718,0.114500939846039,0.122327528893948,0.121065892279148,0.121232949197292,0.123363889753819,0.11727075278759,0.0863791555166245,0.0708488374948502,0.0709030032157898,0.0691551566123962
"19254",0.848648011684418,0.889584839344025,0.872673094272614,0.923020541667938,1.01958644390106,1.00130653381348,0.955975592136383,0.93011337518692,0.956218957901001,1.03531467914581,1.2672815322876,1.2650887966156,1.26849293708801,1.37295317649841,1.4849511384964,1.72499418258667,2.21677446365356,2.79233336448669,2.456050157547,1.96912837028503,1.58749055862427,1.4285660982132,1.50527334213257,1.60161054134369,1.57441329956055,1.46803545951843,1.28822374343872,1.33311533927917,1.43262672424316,1.53931760787964,1.64608693122864,1.55421686172485,1.33097243309021,1.26675617694855,1.10872721672058,0.907875418663025,0.854519188404083,0.687685906887054,0.756233215332031,0.688161075115204,0.603884279727936,0.587782561779022,0.538548946380615,0.496062606573105,0.498032987117767,0.471620738506317,0.574837684631348,0.544965744018555,0.495421767234802,0.512771487236023,0.467437148094177,0.637448608875275,0.554157912731171,0.465241134166718,0.394950091838837,0.360844314098358,0.54501074552536,0.794506788253784,0.713851451873779,0.686517834663391,0.691316485404968,0.522664248943329,0.455921530723572,0.39563924074173,0.607833802700043,0.639163851737976,0.803596138954163,0.73125296831131,0.600085079669952,0.545982956886292,0.372162699699402,0.337004572153091,0.318779975175858,0.253677397966385,0.233719319105148,0.203905940055847,0.138534441590309,0.124831475317478,0.12834469974041,0.123568423092365,0.117129974067211,0.112182892858982,0.108609855175018,0.118226483464241,0.139186292886734,0.163666814565659,0.168025806546211,0.172468528151512,0.17253789305687,0.167837962508202,0.168420359492302,0.175605356693268,0.168425604701042,0.132547214627266,0.112503282725811,0.110366277396679,0.0989684835076332
"19255",1.05609226226807,1.08784508705139,1.10220646858215,1.14625883102417,1.19801378250122,1.21149468421936,1.16642236709595,1.17099761962891,1.18212711811066,1.22635817527771,1.43239855766296,1.42112565040588,1.42404890060425,1.48991417884827,1.69399857521057,2.04985094070435,2.56928634643555,3.04690551757812,2.77181720733643,2.35641670227051,2.01819801330566,1.87252306938171,1.99628031253815,2.10523891448975,2.05748915672302,1.73353791236877,1.53011500835419,1.57840657234192,1.67276978492737,1.76706099510193,1.88527417182922,1.76298069953918,1.4917573928833,1.42845368385315,1.26842761039734,1.05551314353943,0.952005743980408,0.837960124015808,0.846240162849426,0.804796934127808,0.74941873550415,0.687494575977325,0.667668581008911,0.64631187915802,0.629502058029175,0.630088448524475,0.684340596199036,0.672872364521027,0.642923295497894,0.63945996761322,0.617588996887207,0.678540825843811,0.636956870555878,0.580384969711304,0.536548674106598,0.516788244247437,0.677734196186066,0.890449345111847,0.888897001743317,0.883010983467102,0.871606707572937,0.607073724269867,0.55133318901062,0.519574522972107,0.743572056293488,0.730884730815887,0.874842882156372,0.837477147579193,0.775972545146942,0.7419793009758,0.543237566947937,0.47502988576889,0.417994022369385,0.332228899002075,0.313296765089035,0.282572209835052,0.15790981054306,0.151431486010551,0.139763608574867,0.136631608009338,0.126167625188828,0.117563016712666,0.108950152993202,0.126024767756462,0.156410202383995,0.192101061344147,0.217753708362579,0.221291646361351,0.212346345186234,0.210315182805061,0.210372403264046,0.210729569196701,0.202004045248032,0.170142501592636,0.14641472697258,0.144410610198975,0.110221356153488
"19256",0.725464344024658,0.736702919006348,0.757055997848511,0.778334975242615,0.792713284492493,0.801506161689758,0.791584849357605,0.815480768680573,0.834628224372864,0.877100884914398,0.966268479824066,0.990568995475769,1.04872226715088,1.17557621002197,1.40077209472656,1.6712703704834,1.95553267002106,2.15202617645264,2.00010180473328,1.76067066192627,1.55140614509583,1.45383298397064,1.54484581947327,1.63311409950256,1.53408598899841,1.27825546264648,1.12258434295654,1.09308195114136,1.14639127254486,1.17357993125916,1.23767495155334,1.18679916858673,1.04819965362549,0.988451242446899,0.892849266529083,0.780505776405334,0.691818356513977,0.601569473743439,0.582230150699615,0.568478345870972,0.548582673072815,0.516467452049255,0.509838283061981,0.50235503911972,0.499352276325226,0.495048135519028,0.49607241153717,0.493293046951294,0.483039349317551,0.482555896043777,0.468170493841171,0.474002063274384,0.460062325000763,0.443700104951859,0.434119313955307,0.434449225664139,0.52656614780426,0.617041766643524,0.61332356929779,0.605027914047241,0.594089686870575,0.446842402219772,0.415923178195953,0.401488304138184,0.508431673049927,0.504777848720551,0.573647975921631,0.570874750614166,0.564385950565338,0.558292806148529,0.468369394540787,0.419822216033936,0.371209383010864,0.296392530202866,0.284021764993668,0.263487160205841,0.164052620530128,0.161415040493011,0.12140029668808,0.117878124117851,0.116033971309662,0.116347499191761,0.105327151715755,0.115621484816074,0.134477883577347,0.162464007735252,0.188220918178558,0.198461145162582,0.196504682302475,0.19435615837574,0.193152070045471,0.190833315253258,0.181812167167664,0.158944144845009,0.129711925983429,0.126219779253006,0.0916447043418884
"19257",0.546847105026245,0.552017390727997,0.564799547195435,0.573580026626587,0.575746476650238,0.57922351360321,0.584572732448578,0.609911620616913,0.637143671512604,0.679312944412231,0.734176874160767,0.784440040588379,0.881966710090637,1.03336095809937,1.23548817634583,1.43020522594452,1.62029600143433,1.75340974330902,1.64296424388885,1.46242988109589,1.29824233055115,1.21168637275696,1.28077435493469,1.36382961273193,1.27048313617706,1.05201268196106,0.923802971839905,0.852437734603882,0.880890071392059,0.878912210464478,0.916803479194641,0.902214825153351,0.824213147163391,0.80890166759491,0.741337895393372,0.649238228797913,0.568135619163513,0.473621428012848,0.444529712200165,0.438176900148392,0.428528338670731,0.410242438316345,0.407463431358337,0.404043197631836,0.403328329324722,0.400143891572952,0.390085160732269,0.391169816255569,0.387343287467957,0.381134837865829,0.372550249099731,0.372718662023544,0.367493897676468,0.361957639455795,0.359752118587494,0.362340718507767,0.418057024478912,0.46515154838562,0.460941880941391,0.4532310962677,0.444430321455002,0.35457855463028,0.3349988758564,0.326592743396759,0.392244279384613,0.393803387880325,0.435892939567566,0.440607339143753,0.443712919950485,0.443676114082336,0.399060130119324,0.367447346448898,0.332943081855774,0.272968590259552,0.263000816106796,0.246557503938675,0.17052598297596,0.16675791144371,0.112473390996456,0.108751319348812,0.110457569360733,0.11696644872427,0.114308081567287,0.118668250739574,0.129242360591888,0.15040397644043,0.170120194554329,0.181984066963196,0.182307988405228,0.179143399000168,0.176825851202011,0.174746602773666,0.167622029781342,0.146964281797409,0.114066608250141,0.109567880630493,0.0822568535804749
"19258",0.428865939378738,0.431226372718811,0.437726974487305,0.441090285778046,0.440985679626465,0.444618940353394,0.456809550523758,0.47952401638031,0.506482601165771,0.546626329421997,0.597124695777893,0.656041324138641,0.758140206336975,0.897711515426636,1.07130861282349,1.24100756645203,1.41834247112274,1.55283164978027,1.47428703308105,1.33415675163269,1.19214916229248,1.09234762191772,1.10141754150391,1.19322967529297,1.13181149959564,0.944774389266968,0.830093383789062,0.719366312026978,0.728061616420746,0.712418556213379,0.733801901340485,0.73564749956131,0.693003296852112,0.721344351768494,0.673394203186035,0.58309006690979,0.504025936126709,0.398990094661713,0.363126903772354,0.358196496963501,0.351064622402191,0.336792498826981,0.33546832203865,0.333886116743088,0.33532240986824,0.332649946212769,0.323815107345581,0.326201677322388,0.325311660766602,0.318817764520645,0.312941521406174,0.311014831066132,0.30833175778389,0.305792331695557,0.305355936288834,0.307766199111938,0.342481583356857,0.37209078669548,0.368931651115417,0.363108187913895,0.356609612703323,0.294943809509277,0.281143546104431,0.275766730308533,0.320642054080963,0.324893176555634,0.355827212333679,0.362857103347778,0.368755221366882,0.37146782875061,0.345248848199844,0.323537886142731,0.298850417137146,0.25288125872612,0.244780883193016,0.231057569384575,0.170311018824577,0.16566951572895,0.108181580901146,0.106136418879032,0.110322535037994,0.122420221567154,0.124578781425953,0.130625262856483,0.139670923352242,0.154539465904236,0.162175491452217,0.172550424933434,0.172754749655724,0.168284982442856,0.164060100913048,0.16307906806469,0.158836752176285,0.140453398227692,0.108544744551182,0.10311845690012,0.0808107331395149
"19259",0.346870690584183,0.346927136182785,0.3516626060009,0.354301631450653,0.354815602302551,0.358478754758835,0.371761173009872,0.391009896993637,0.415224611759186,0.452366828918457,0.504610896110535,0.560866296291351,0.65239679813385,0.771369814872742,0.922467410564423,1.08628129959106,1.29726934432983,1.45271968841553,1.40840029716492,1.32098960876465,1.22077751159668,1.13446998596191,1.04739809036255,1.11518692970276,1.05983829498291,0.890172243118286,0.777371525764465,0.636676371097565,0.642504811286926,0.615347743034363,0.636769890785217,0.642258524894714,0.61971116065979,0.699053645133972,0.660420417785645,0.571465015411377,0.47983968257904,0.354868084192276,0.312324374914169,0.30643218755722,0.29863566160202,0.284822225570679,0.284086883068085,0.283559203147888,0.287794560194016,0.285790741443634,0.281610012054443,0.283404439687729,0.283255100250244,0.281392365694046,0.276500940322876,0.272736251354218,0.270514935255051,0.268491685390472,0.268254309892654,0.270107418298721,0.294775992631912,0.314856767654419,0.311493277549744,0.306013494729996,0.300353795289993,0.253127664327621,0.243106707930565,0.239942997694016,0.274752140045166,0.28020167350769,0.307482272386551,0.314727276563644,0.320823162794113,0.323532432317734,0.303919613361359,0.288214683532715,0.27044278383255,0.23551669716835,0.22870047390461,0.216777130961418,0.165721267461777,0.160246893763542,0.10513474047184,0.105961367487907,0.114572428166866,0.131014943122864,0.131145715713501,0.142048999667168,0.154973119497299,0.168411508202553,0.166070401668549,0.173629999160767,0.167813867330551,0.161455929279327,0.154725134372711,0.154688507318497,0.152398437261581,0.137685358524323,0.108497433364391,0.102716259658337,0.0813861861824989
"19260",0.293527662754059,0.292573630809784,0.296959698200226,0.299892395734787,0.300985157489777,0.304502338171005,0.316610544919968,0.332430154085159,0.353616803884506,0.388321846723557,0.441454648971558,0.49006861448288,0.56416130065918,0.658942699432373,0.792786955833435,0.957494556903839,1.21251678466797,1.41989946365356,1.38527512550354,1.31745743751526,1.24960446357727,1.22341167926788,1.11592638492584,1.10061502456665,1.02165198326111,0.803967118263245,0.657629311084747,0.564559817314148,0.577359318733215,0.570255696773529,0.589477598667145,0.601924002170563,0.593153834342957,0.699774980545044,0.658408045768738,0.554468095302582,0.46300745010376,0.31754532456398,0.274867743253708,0.267234683036804,0.258041143417358,0.245934456586838,0.246405467391014,0.247422635555267,0.253146052360535,0.252878785133362,0.251498252153397,0.253079503774643,0.252872854471207,0.253442585468292,0.248762086033821,0.245151862502098,0.243400111794472,0.241995990276337,0.241801857948303,0.242520704865456,0.260592460632324,0.273920029401779,0.270206034183502,0.264107227325439,0.258216351270676,0.220261633396149,0.213102251291275,0.211907133460045,0.239372193813324,0.245097979903221,0.270648628473282,0.278274953365326,0.285455971956253,0.287456452846527,0.270707905292511,0.259109824895859,0.246054023504257,0.220460176467896,0.21496270596981,0.204624354839325,0.159337237477303,0.153116300702095,0.103499434888363,0.109891131520271,0.12394741922617,0.141633957624435,0.144586607813835,0.157707944512367,0.171873867511749,0.183169201016426,0.174083709716797,0.178043201565742,0.164132818579674,0.15669609606266,0.148214221000671,0.148732006549835,0.146437406539917,0.131590396165848,0.103364385664463,0.0986986607313156,0.0782107040286064
"19261",0.883630633354187,0.953396558761597,0.946229100227356,0.982218861579895,1.08723163604736,1.06248760223389,1.06498348712921,1.35884344577789,1.42675232887268,1.49099922180176,1.82589912414551,1.6501636505127,1.66007566452026,1.76686668395996,1.78741836547852,2.13934683799744,3.16145491600037,4.36933326721191,3.82391977310181,2.96883797645569,2.26199436187744,1.9696843624115,2.03936076164246,2.25391626358032,2.0815281867981,1.35381555557251,1.09112548828125,1.03015172481537,1.06859076023102,1.09758400917053,1.18255162239075,1.18821907043457,0.962214589118958,1.00585901737213,0.95146644115448,0.849741220474243,0.78400981426239,0.713826715946198,0.788735389709473,0.744747757911682,0.688306093215942,0.735372304916382,0.706639289855957,0.656452715396881,0.676872253417969,0.647775888442993,0.681434392929077,0.660121142864227,0.611021101474762,0.60658061504364,0.548180878162384,0.683158934116364,0.612021744251251,0.526601672172546,0.434368968009949,0.424500107765198,0.60119241476059,0.787777900695801,0.715744078159332,0.681749284267426,0.68441516160965,0.58436530828476,0.504622161388397,0.432747691869736,0.693461120128632,0.772449314594269,1.03532588481903,1.00821590423584,0.935899913311005,0.866168797016144,0.651508033275604,0.53887152671814,0.499951124191284,0.384438425302505,0.346286952495575,0.289070427417755,0.186623826622963,0.157932192087173,0.140557333827019,0.146864652633667,0.154271930456161,0.166829809546471,0.171814531087875,0.188851252198219,0.210917353630066,0.232479825615883,0.252018362283707,0.250381916761398,0.214729338884354,0.201801627874374,0.173761636018753,0.170841693878174,0.168078526854515,0.152354910969734,0.119878843426704,0.115029893815517,0.0883600488305092
"19262",1.09673762321472,1.14205694198608,1.15981185436249,1.1997230052948,1.25402617454529,1.29014277458191,1.29685056209564,1.54194831848145,1.57664561271667,1.62828636169434,1.90946507453918,1.84338641166687,1.83488190174103,1.84702336788177,1.98874568939209,2.49151229858398,3.52691078186035,4.54504203796387,4.18484497070312,3.56147742271423,2.93961906433105,2.62962961196899,2.36208868026733,2.38037729263306,2.04864621162415,1.4175843000412,1.18415594100952,1.12711727619171,1.17621374130249,1.19187617301941,1.27021980285645,1.17852067947388,1.02167916297913,1.0938446521759,1.00693941116333,0.905803561210632,0.862803339958191,0.872386455535889,0.925566494464874,0.893005967140198,0.845402777194977,0.85425591468811,0.809919714927673,0.75314050912857,0.777949571609497,0.757829964160919,0.792886555194855,0.762583494186401,0.698994219303131,0.687657356262207,0.647076785564423,0.718383073806763,0.665523052215576,0.592284023761749,0.534990608692169,0.535047471523285,0.725050270557404,0.918886542320251,0.905790030956268,0.893857777118683,0.879360854625702,0.621150314807892,0.567584991455078,0.544501066207886,0.836597323417664,0.883879244327545,1.13843405246735,1.20179843902588,1.24394404888153,1.25942766666412,0.944442689418793,0.730110585689545,0.62237685918808,0.475505918264389,0.435102820396423,0.37013766169548,0.163504809141159,0.146474972367287,0.14569216966629,0.162104710936546,0.173638537526131,0.186041936278343,0.1927699893713,0.21632431447506,0.242985397577286,0.263608545064926,0.2904092669487,0.280103415250778,0.249506771564484,0.243207320570946,0.20338961482048,0.191603764891624,0.182945251464844,0.173492401838303,0.135599613189697,0.130729988217354,0.092558242380619
"19263",0.772134900093079,0.791088998317719,0.798320353031158,0.813401103019714,0.839880049228668,0.879430413246155,0.895314812660217,0.993998885154724,1.02138614654541,1.06341099739075,1.17176699638367,1.16503763198853,1.18298768997192,1.24217438697815,1.42455399036407,1.79364883899689,2.35553598403931,2.83091306686401,2.72559833526611,2.49435997009277,2.21267890930176,1.97110164165497,1.61913132667542,1.6208028793335,1.33015644550323,0.939856052398682,0.812483608722687,0.83291482925415,0.867433190345764,0.875091552734375,0.930694341659546,0.898714244365692,0.81813246011734,0.889813542366028,0.792416334152222,0.698136448860168,0.658573985099792,0.641741216182709,0.655197083950043,0.633622348308563,0.60183584690094,0.57371973991394,0.550232470035553,0.521993517875671,0.540265142917633,0.525564551353455,0.534998297691345,0.510952293872833,0.473118036985397,0.490523844957352,0.467960834503174,0.491395115852356,0.472681760787964,0.452086865901947,0.446593016386032,0.456004023551941,0.57132613658905,0.66713136434555,0.655336260795593,0.639006435871124,0.621964812278748,0.450351744890213,0.426123529672623,0.429229557514191,0.615805625915527,0.629406452178955,0.72863358259201,0.769099533557892,0.814820885658264,0.840683281421661,0.735699713230133,0.618773818016052,0.514640033245087,0.407000541687012,0.378168761730194,0.33033213019371,0.160168662667274,0.149318039417267,0.138257950544357,0.156232103705406,0.174843668937683,0.192555695772171,0.202467292547226,0.217835977673531,0.232749968767166,0.240267127752304,0.24834144115448,0.238369449973106,0.224718064069748,0.22391115128994,0.199569448828697,0.189485371112823,0.178684383630753,0.160214677453041,0.12166266143322,0.117534339427948,0.0844556093215942
"19264",0.583653807640076,0.592178881168365,0.597053289413452,0.605544328689575,0.622230708599091,0.648654699325562,0.662423670291901,0.714196085929871,0.734030365943909,0.762931108474731,0.811932861804962,0.82957398891449,0.866088271141052,0.942050755023956,1.1032280921936,1.36861169338226,1.74005246162415,2.05156707763672,2.02309203147888,1.92802846431732,1.78702330589294,1.68126356601715,1.28346133232117,1.21306085586548,0.976388692855835,0.654047071933746,0.596050500869751,0.67184454202652,0.688300430774689,0.72933828830719,0.772369384765625,0.759036600589752,0.693267822265625,0.742032885551453,0.660153090953827,0.570733189582825,0.527253568172455,0.492965847253799,0.494651138782501,0.479477941989899,0.45820540189743,0.438529193401337,0.425773739814758,0.40920352935791,0.413707911968231,0.400730043649673,0.399064689874649,0.386618137359619,0.366945058107376,0.382378190755844,0.370632588863373,0.391797482967377,0.386498719453812,0.384512603282928,0.387507259845734,0.395365506410599,0.475866168737411,0.524190127849579,0.507940173149109,0.485571980476379,0.465839117765427,0.347078561782837,0.335082530975342,0.346601635217667,0.481169790029526,0.489771544933319,0.55614048242569,0.576620817184448,0.599715948104858,0.613437473773956,0.560021460056305,0.496563732624054,0.433987587690353,0.354160338640213,0.332281231880188,0.295161724090576,0.160794079303741,0.151198968291283,0.143090054392815,0.161794811487198,0.181227162480354,0.19768063724041,0.20556215941906,0.214482054114342,0.221239298582077,0.220241263508797,0.218956977128983,0.20996131002903,0.202386900782585,0.20372574031353,0.191500544548035,0.184136599302292,0.173103377223015,0.148772165179253,0.110274106264114,0.10531885176897,0.0814066156744957
"19265",0.462323367595673,0.466997593641281,0.47131222486496,0.476990461349487,0.486631751060486,0.501720428466797,0.511595129966736,0.540194749832153,0.557246088981628,0.582785129547119,0.611618399620056,0.633528232574463,0.66968309879303,0.733210980892181,0.849633574485779,1.04187512397766,1.32939672470093,1.56439971923828,1.55860602855682,1.51424860954285,1.44848704338074,1.43884408473969,1.16328167915344,1.02392077445984,0.784061193466187,0.520456194877625,0.485222935676575,0.569991827011108,0.579199492931366,0.638245224952698,0.669927537441254,0.655045390129089,0.593858599662781,0.624280154705048,0.561684250831604,0.47781440615654,0.432848989963531,0.391734004020691,0.388906449079514,0.380096465349197,0.36806532740593,0.358074486255646,0.350516647100449,0.338923692703247,0.335032016038895,0.324290454387665,0.321222633123398,0.31684935092926,0.308449238538742,0.320484042167664,0.315795958042145,0.337330728769302,0.335429549217224,0.336578547954559,0.339931339025497,0.344358593225479,0.399209916591644,0.424186587333679,0.408322602510452,0.384654372930527,0.366101771593094,0.283909261226654,0.281810909509659,0.297800987958908,0.406498908996582,0.416593641042709,0.463088035583496,0.475980013608932,0.488619655370712,0.495648771524429,0.463144183158875,0.418856918811798,0.37477496266365,0.314538061618805,0.297629952430725,0.268505364656448,0.162583991885185,0.153551056981087,0.147705897688866,0.164948001503944,0.182552069425583,0.196522742509842,0.202629193663597,0.205956339836121,0.205991432070732,0.200193539261818,0.196195095777512,0.189220935106277,0.185276851058006,0.186900481581688,0.181723698973656,0.177388623356819,0.168800488114357,0.144467994570732,0.106750674545765,0.101589702069759,0.0819612964987755
"19266",0.376881301403046,0.3790143430233,0.383025765419006,0.387316405773163,0.392947763204575,0.401575982570648,0.410681188106537,0.427811175584793,0.445724904537201,0.47384637594223,0.494728475809097,0.519472718238831,0.55329418182373,0.610446214675903,0.709574937820435,0.86786949634552,1.0837265253067,1.27194976806641,1.27903032302856,1.25853514671326,1.22648167610168,1.23275232315063,1.04259610176086,0.931742310523987,0.713759243488312,0.477790266275406,0.435011506080627,0.49826991558075,0.511950850486755,0.551479637622833,0.581891477108002,0.565598249435425,0.512862801551819,0.531624317169189,0.484617590904236,0.413511842489243,0.371068000793457,0.325907468795776,0.319018691778183,0.314514100551605,0.308515310287476,0.305176943540573,0.301950395107269,0.296888262033463,0.286943018436432,0.282863676548004,0.27339243888855,0.275296419858932,0.274522483348846,0.278657495975494,0.276591062545776,0.29479393362999,0.294053971767426,0.295182019472122,0.298511564731598,0.301681011915207,0.332627475261688,0.353544056415558,0.342475652694702,0.326790302991867,0.314202785491943,0.254890143871307,0.256394177675247,0.272920101881027,0.364695966243744,0.370822131633759,0.389749854803085,0.402130305767059,0.414446383714676,0.421388685703278,0.398753255605698,0.363422632217407,0.327986627817154,0.282284796237946,0.268790572881699,0.245474472641945,0.161682039499283,0.153688699007034,0.145999267697334,0.160658717155457,0.176218658685684,0.188824132084846,0.194413781166077,0.194717392325401,0.191665813326836,0.18477962911129,0.179201900959015,0.17395330965519,0.171125248074532,0.172529488801956,0.171772390604019,0.170737847685814,0.166947051882744,0.146813184022903,0.108863830566406,0.102689430117607,0.0812046453356743
"19267",0.314460515975952,0.313709139823914,0.318959414958954,0.323150664567947,0.326322734355927,0.331107825040817,0.342007517814636,0.354753375053406,0.37559312582016,0.406066954135895,0.42482203245163,0.452193170785904,0.488777041435242,0.543994665145874,0.634660601615906,0.76752519607544,0.945250630378723,1.09075832366943,1.09875333309174,1.08216118812561,1.05878019332886,1.053706407547,0.906305909156799,0.845116496086121,0.643355667591095,0.44849282503128,0.403499394655228,0.436457574367523,0.45218500494957,0.471425712108612,0.501270771026611,0.488231360912323,0.445614516735077,0.469597041606903,0.433659315109253,0.369509339332581,0.329425990581512,0.283888816833496,0.272718220949173,0.269877105951309,0.266335427761078,0.266191780567169,0.265244215726852,0.263166815042496,0.254607647657394,0.250073969364166,0.241782024502754,0.244162857532501,0.244843065738678,0.248012036085129,0.247075900435448,0.261908084154129,0.261991441249847,0.262589633464813,0.264744848012924,0.266277641057968,0.285265117883682,0.30254465341568,0.295238196849823,0.28565776348114,0.277706533670425,0.233435347676277,0.238432437181473,0.254547446966171,0.324516147375107,0.326516151428223,0.332129955291748,0.343263357877731,0.355025768280029,0.362204283475876,0.350604444742203,0.323463886976242,0.291557013988495,0.256633311510086,0.245331764221191,0.226022243499756,0.158302158117294,0.151256456971169,0.142229288816452,0.154470324516296,0.168182402849197,0.179685845971107,0.184834763407707,0.184133112430573,0.18020336329937,0.173080027103424,0.1663988083601,0.161682769656181,0.158534586429596,0.159644052386284,0.161060675978661,0.162110567092896,0.162801176309586,0.153765365481377,0.112483762204647,0.104483917355537,0.0799174457788467
"19268",0.715221285820007,0.751336336135864,0.827825665473938,0.901044368743896,0.961158812046051,0.910911679267883,0.815718829631805,0.795664668083191,0.833914399147034,0.900700926780701,1.07517457008362,1.05508720874786,1.05946099758148,1.089808344841,1.21712613105774,1.409832239151,1.642009973526,1.86806452274323,1.77116000652313,1.61291337013245,1.47166061401367,1.36947202682495,1.26331663131714,1.28416061401367,1.14916026592255,0.918854355812073,0.74424159526825,0.740910708904266,0.792207598686218,0.85947972536087,0.920033693313599,0.904994606971741,0.803609251976013,0.883071184158325,0.835293173789978,0.746728956699371,0.733125925064087,0.662572860717773,0.731164693832397,0.702175676822662,0.666346490383148,0.644662261009216,0.623983442783356,0.610428810119629,0.628903269767761,0.60826826095581,0.664144158363342,0.638622879981995,0.58715295791626,0.639558374881744,0.623335242271423,0.864661693572998,0.784117102622986,0.689950048923492,0.587900221347809,0.554625332355499,0.746527969837189,1.00697159767151,0.898673713207245,0.862394392490387,0.873791098594666,0.862594485282898,0.806291401386261,0.775641441345215,0.938524723052979,0.998918235301971,1.07175397872925,1.13924622535706,1.20356702804565,1.2302029132843,1.17680406570435,1.03570747375488,1.0051281452179,0.799703180789948,0.692729651927948,0.516576707363129,0.197541490197182,0.17198845744133,0.226828500628471,0.225112602114677,0.22128127515316,0.221925124526024,0.22888520359993,0.226878464221954,0.229741677641869,0.237616389989853,0.234753042459488,0.218562498688698,0.184079378843307,0.179068759083748,0.167098984122276,0.167208164930344,0.162069693207741,0.139372244477272,0.106585919857025,0.102284178137779,0.0858835875988007
"19269",0.922020375728607,0.95544308423996,1.04311299324036,1.11469340324402,1.13005566596985,1.0777542591095,1.03335845470428,1.02004146575928,1.06829857826233,1.14387822151184,1.27905786037445,1.29884040355682,1.35252356529236,1.44181072711945,1.59318852424622,1.7979930639267,1.98704171180725,2.18341612815857,2.14286994934082,1.98676252365112,1.81340539455414,1.64470982551575,1.51739168167114,1.59852623939514,1.4510772228241,1.09196472167969,0.905991315841675,0.930302560329437,0.956956148147583,1.0450667142868,1.11127507686615,1.05581593513489,0.966723203659058,1.09894073009491,1.03216147422791,0.915003418922424,0.878288865089417,0.865535795688629,0.886749267578125,0.872824370861053,0.852352678775787,0.824423432350159,0.810161828994751,0.78876918554306,0.79567551612854,0.771715342998505,0.80392462015152,0.778712630271912,0.730190694332123,0.77690851688385,0.781894266605377,0.980296015739441,0.923988521099091,0.840108454227448,0.773692667484283,0.740282356739044,0.945652067661285,1.17609870433807,1.16946041584015,1.16954076290131,1.1701807975769,0.952365636825562,0.964500606060028,0.999380350112915,1.34883534908295,1.34656846523285,1.38460063934326,1.44783997535706,1.50218665599823,1.53167057037354,1.40262913703918,1.29065704345703,1.24713623523712,1.00680494308472,0.877791166305542,0.68144702911377,0.216748610138893,0.183875873684883,0.245806649327278,0.263329267501831,0.265772938728333,0.263705313205719,0.26006418466568,0.264704525470734,0.269589871168137,0.270501613616943,0.278762012720108,0.258695811033249,0.21745128929615,0.210280537605286,0.183948665857315,0.177222207188606,0.167248964309692,0.1313396692276,0.100573569536209,0.0973408371210098,0.0901701226830482
"19270",0.695810079574585,0.715583503246307,0.755654990673065,0.787680864334106,0.79627525806427,0.786953866481781,0.786333918571472,0.802051305770874,0.8376225233078,0.892455816268921,0.983870506286621,1.04974663257599,1.14481735229492,1.27390563488007,1.43510961532593,1.65680944919586,1.81282436847687,1.9899001121521,1.98782920837402,1.9017698764801,1.7608095407486,1.56780982017517,1.32366681098938,1.44136738777161,1.31239581108093,0.951902568340302,0.784416913986206,0.773055195808411,0.791556000709534,0.845585644245148,0.892644643783569,0.866036891937256,0.812009513378143,0.943911612033844,0.88476574420929,0.768923223018646,0.713585376739502,0.668561518192291,0.666783571243286,0.657259404659271,0.643164277076721,0.629304647445679,0.619409739971161,0.605575561523438,0.607328593730927,0.588951826095581,0.586613714694977,0.578059077262878,0.56012487411499,0.603463768959045,0.59333086013794,0.668140113353729,0.64233410358429,0.607688844203949,0.589956879615784,0.592194139957428,0.729151904582977,0.852395415306091,0.843670964241028,0.83334356546402,0.822891235351562,0.66875171661377,0.685366094112396,0.729771673679352,0.956674456596375,0.936626374721527,0.926274359226227,0.956228315830231,0.980569243431091,0.988161504268646,0.922504305839539,0.897875964641571,0.866914093494415,0.722678363323212,0.649321615695953,0.533614456653595,0.216575771570206,0.194383308291435,0.21150229871273,0.232019424438477,0.245127514004707,0.250698387622833,0.248139545321465,0.247656852006912,0.244392305612564,0.237519264221191,0.238865733146667,0.229122146964073,0.211737975478172,0.209316343069077,0.190808549523354,0.18519626557827,0.175108253955841,0.136985540390015,0.0986058712005615,0.0937817692756653,0.0876742005348206
"19271",0.545252859592438,0.554627239704132,0.580849707126617,0.602672815322876,0.613086342811584,0.616750478744507,0.627396464347839,0.651771783828735,0.682105362415314,0.729980826377869,0.823793768882751,0.909818410873413,1.01998722553253,1.15836560726166,1.31850683689117,1.55345153808594,1.7068920135498,1.87716722488403,1.90012693405151,1.81580770015717,1.66997194290161,1.46399974822998,1.20268368721008,1.32172071933746,1.22221302986145,0.895743012428284,0.726799964904785,0.666202902793884,0.679855763912201,0.722632646560669,0.763514578342438,0.748924016952515,0.7129185795784,0.850039601325989,0.793892920017242,0.670802652835846,0.608110666275024,0.541449248790741,0.528204917907715,0.520771920681,0.509991526603699,0.498588442802429,0.492415755987167,0.484870135784149,0.483486592769623,0.473994821310043,0.471001595258713,0.469146877527237,0.459399104118347,0.480268150568008,0.471158266067505,0.510572731494904,0.500564277172089,0.488758414983749,0.490327060222626,0.500697612762451,0.582475244998932,0.654406368732452,0.646117687225342,0.63575667142868,0.626504957675934,0.535595059394836,0.553679883480072,0.590370535850525,0.71246862411499,0.704344391822815,0.685052394866943,0.702256381511688,0.715721309185028,0.720017492771149,0.699377238750458,0.679485440254211,0.654874444007874,0.558226644992828,0.512374997138977,0.438976138830185,0.220138981938362,0.204306721687317,0.192326799035072,0.210815191268921,0.226177752017975,0.234766513109207,0.234418496489525,0.231451749801636,0.225857600569725,0.218607887625694,0.214900940656662,0.208567976951599,0.199226975440979,0.200201615691185,0.192068964242935,0.189961209893227,0.184074983000755,0.148311272263527,0.0993789508938789,0.0931870937347412,0.0866929963231087
"19272",0.45229572057724,0.454975664615631,0.475423872470856,0.491817712783813,0.501075863838196,0.508969068527222,0.524425685405731,0.554130792617798,0.590075612068176,0.651080369949341,0.757117748260498,0.879884600639343,1.01148343086243,1.13970541954041,1.29687285423279,1.5506728887558,1.71001958847046,1.80384731292725,1.81757891178131,1.71739780902863,1.52484083175659,1.2685706615448,1.13961565494537,1.25300049781799,1.13681066036224,0.820037364959717,0.658153712749481,0.598410248756409,0.614661991596222,0.649973034858704,0.68954336643219,0.68316262960434,0.654333710670471,0.795305728912354,0.72198498249054,0.609865128993988,0.536134362220764,0.455705285072327,0.435631364583969,0.429159045219421,0.420133262872696,0.408955514431,0.405069023370743,0.400439828634262,0.4012211561203,0.396386086940765,0.396574884653091,0.395444095134735,0.388201802968979,0.40006759762764,0.393983036279678,0.421069234609604,0.417793214321136,0.414972096681595,0.420803517103195,0.429474174976349,0.480713963508606,0.527146399021149,0.520623624324799,0.512693822383881,0.506479263305664,0.459620386362076,0.476069688796997,0.4969702064991,0.570465564727783,0.559743583202362,0.548429369926453,0.560216546058655,0.570126354694366,0.575865268707275,0.561145067214966,0.544166684150696,0.523850798606873,0.452259600162506,0.419404149055481,0.367430239915848,0.214953392744064,0.202920898795128,0.182903975248337,0.197779878973961,0.211573109030724,0.219804808497429,0.220360234379768,0.217168778181076,0.211981877684593,0.205430254340172,0.200654029846191,0.193163990974426,0.185173884034157,0.187547951936722,0.185330420732498,0.185554325580597,0.182112395763397,0.147993564605713,0.0980329439043999,0.0929480865597725,0.0864912793040276
"19273",0.38887032866478,0.388813734054565,0.404226452112198,0.416644215583801,0.424542933702469,0.434837162494659,0.455348670482635,0.498666048049927,0.555272877216339,0.651713311672211,0.796918630599976,0.930802226066589,1.06664443016052,1.17238330841064,1.33956384658813,1.56307220458984,1.73033583164215,1.77688837051392,1.75565648078918,1.62480211257935,1.40653657913208,1.16285824775696,1.05644118785858,1.17879033088684,1.09203040599823,0.76350474357605,0.602652311325073,0.563950896263123,0.577564716339111,0.61439722776413,0.647186517715454,0.641347050666809,0.613780438899994,0.756369531154633,0.685880243778229,0.570480108261108,0.487018525600433,0.393894821405411,0.369758903980255,0.363949775695801,0.35615947842598,0.345434427261353,0.342996120452881,0.340257853269577,0.342721074819565,0.340120613574982,0.340577006340027,0.340785324573517,0.336310982704163,0.346402794122696,0.342667639255524,0.364025056362152,0.363123714923859,0.362265914678574,0.364305734634399,0.367913126945496,0.405778884887695,0.440027922391891,0.435465395450592,0.430479824542999,0.426575928926468,0.389703512191772,0.395672559738159,0.406334757804871,0.466507375240326,0.462508589029312,0.459740519523621,0.469539940357208,0.477530390024185,0.481429398059845,0.467082589864731,0.451880156993866,0.434085845947266,0.377153515815735,0.35315790772438,0.315624862909317,0.204003885388374,0.195377662777901,0.177886664867401,0.189160645008087,0.20001919567585,0.206664398312569,0.207375004887581,0.204832077026367,0.200535014271736,0.194102749228477,0.188096180558205,0.177843973040581,0.170152679085732,0.173718467354774,0.175553128123283,0.176904201507568,0.173358038067818,0.136098220944405,0.0955399349331856,0.0918693840503693,0.0869746282696724
"19274",0.340079843997955,0.339152753353119,0.350329726934433,0.3591727912426,0.366732060909271,0.384271800518036,0.41980254650116,0.490247756242752,0.581034660339355,0.71886557340622,0.904471218585968,0.999504089355469,1.11965584754944,1.21808004379272,1.35677266120911,1.49704623222351,1.62287354469299,1.71770596504211,1.65518116950989,1.47952246665955,1.23320209980011,1.01060461997986,1.05787372589111,1.16953527927399,1.06547260284424,0.717846930027008,0.565828382968903,0.549836039543152,0.555574059486389,0.592388272285461,0.618765830993652,0.60803097486496,0.585057020187378,0.738732695579529,0.656742811203003,0.52865481376648,0.445120602846146,0.345022022724152,0.319239318370819,0.313683807849884,0.306821644306183,0.297856718301773,0.296742677688599,0.296028763055801,0.302854359149933,0.30160641670227,0.302490741014481,0.303341120481491,0.300761669874191,0.311473995447159,0.307557284832001,0.323186993598938,0.32198229432106,0.320199370384216,0.318414360284805,0.319068551063538,0.351579129695892,0.377400457859039,0.373537331819534,0.369237512350082,0.365677237510681,0.328325271606445,0.327937364578247,0.332495242357254,0.394890010356903,0.391947209835052,0.39750325679779,0.40482622385025,0.410332918167114,0.412585139274597,0.397900402545929,0.38430905342102,0.36898347735405,0.324047535657883,0.306205868721008,0.278444141149521,0.195195779204369,0.188416942954063,0.172235697507858,0.180662721395493,0.189165681600571,0.194779455661774,0.196135640144348,0.194510281085968,0.191005200147629,0.184328272938728,0.17590306699276,0.163979783654213,0.155604362487793,0.159128367900848,0.164454683661461,0.166680127382278,0.161728829145432,0.124684475362301,0.093809500336647,0.0909896045923233,0.0870532095432281
"19275",0.829516112804413,0.955480575561523,0.950570166110992,1.07197737693787,1.11509132385254,1.36682367324829,1.45064306259155,1.5291211605072,1.87878799438477,2.14793419837952,2.63163900375366,3.01309466362,3.41352677345276,2.9530041217804,2.89762735366821,3.18015384674072,3.64412784576416,4.05415439605713,3.32940864562988,2.40350198745728,1.67538869380951,1.30356550216675,1.47552275657654,1.6521509885788,1.58034348487854,1.09999763965607,0.92222797870636,1.02333378791809,1.0646698474884,1.03913879394531,1.09817051887512,1.04178261756897,0.9208083152771,1.15069508552551,1.07857084274292,0.922055244445801,0.933286249637604,0.869160234928131,0.986307740211487,0.890797853469849,0.761869490146637,0.826640903949738,0.744262278079987,0.64557147026062,0.780778765678406,0.727737307548523,0.848985075950623,0.754690706729889,0.625272154808044,0.737427949905396,0.653553009033203,0.883164465427399,0.799302637577057,0.691415429115295,0.567501962184906,0.552160024642944,0.852836668491364,1.18474817276001,1.06699764728546,1.00035464763641,0.982955098152161,0.874201714992523,0.803212404251099,0.728735387325287,1.01502513885498,1.02069425582886,1.14290285110474,1.11412906646729,1.07639765739441,1.10112798213959,0.982421159744263,0.923856377601624,0.889767527580261,0.606266975402832,0.509110629558563,0.386341273784637,0.211566165089607,0.193474948406219,0.19477903842926,0.209752425551414,0.213020160794258,0.215561464428902,0.22155237197876,0.215477004647255,0.212023705244064,0.21125103533268,0.2162094861269,0.206774652004242,0.203311055898666,0.200256779789925,0.18351323902607,0.181316807866096,0.16998103260994,0.129935920238495,0.11222942173481,0.112105153501034,0.105566844344139
"19276",1.03398430347443,1.09903395175934,1.1605007648468,1.26571083068848,1.41222071647644,1.66014862060547,1.7488169670105,2.21359729766846,2.49258613586426,2.88162899017334,3.78215336799622,3.69937801361084,3.51899790763855,3.27542352676392,3.18493914604187,3.36065363883972,3.76562118530273,4.3143253326416,3.83998346328735,2.9847776889801,2.11719822883606,1.63480412960052,1.83073365688324,1.95679593086243,1.83238863945007,1.25017714500427,1.08631753921509,1.22265887260437,1.25076413154602,1.23195385932922,1.29249608516693,1.1803320646286,1.07539689540863,1.3595073223114,1.27847027778625,1.10587787628174,1.06951320171356,1.05224776268005,1.11725986003876,1.04452633857727,0.940300345420837,0.878228902816772,0.818708181381226,0.756416857242584,0.877128064632416,0.858839869499207,0.886468768119812,0.828228235244751,0.734916865825653,0.793296158313751,0.767768979072571,0.921193718910217,0.864431023597717,0.772534191608429,0.690005302429199,0.696930110454559,1.02737545967102,1.33442103862762,1.32242071628571,1.31173825263977,1.30028867721558,0.982815980911255,0.91054493188858,0.862694561481476,1.17136514186859,1.16970384120941,1.28464329242706,1.30545687675476,1.31747603416443,1.33204793930054,1.22811901569366,1.13200068473816,1.02945673465729,0.723460674285889,0.628547668457031,0.499234616756439,0.186369732022285,0.170338004827499,0.186467468738556,0.214185699820518,0.229745522141457,0.235632598400116,0.235854715108871,0.232036843895912,0.226888343691826,0.2248405367136,0.233517721295357,0.245106086134911,0.250906735658646,0.242474138736725,0.221819460391998,0.21321314573288,0.195269092917442,0.142454996705055,0.125834986567497,0.127228304743767,0.116696916520596
"19277",0.783958792686462,0.814620077610016,0.873942136764526,0.974178433418274,1.14443731307983,1.37097907066345,1.56086564064026,2.04717683792114,2.22002744674683,2.4706928730011,2.92343163490295,2.76164269447327,2.5265634059906,2.2840781211853,2.22545862197876,2.41956377029419,2.66432762145996,2.8739595413208,2.6471381187439,2.17731332778931,1.70777952671051,1.46533012390137,1.75676441192627,1.81506168842316,1.58362698554993,1.06883025169373,0.929521322250366,1.01919293403625,1.03463196754456,1.04269790649414,1.08033668994904,1.01022839546204,0.953226864337921,1.21017861366272,1.12854325771332,0.930126488208771,0.845870018005371,0.770535230636597,0.771710991859436,0.735851168632507,0.681404054164886,0.616004884243011,0.592359721660614,0.570230484008789,0.628453552722931,0.617019295692444,0.615371942520142,0.596837818622589,0.563223600387573,0.597915351390839,0.580460250377655,0.630822241306305,0.605216562747955,0.572568893432617,0.551984190940857,0.57377827167511,0.745944857597351,0.914136528968811,0.912960410118103,0.912208378314972,0.909227192401886,0.702294290065765,0.664585709571838,0.669224262237549,0.832548379898071,0.845127463340759,0.888389766216278,0.911100149154663,0.928512871265411,0.939478754997253,0.88482928276062,0.823303639888763,0.753597438335419,0.573363780975342,0.517440378665924,0.433837801218033,0.184392139315605,0.173665881156921,0.172659173607826,0.195427566766739,0.212637901306152,0.220292285084724,0.219508618116379,0.214659377932549,0.208604320883751,0.207300275564194,0.21575815975666,0.235724180936813,0.248358711600304,0.241078540682793,0.228695884346962,0.222737431526184,0.205525666475296,0.147580415010452,0.119138918817043,0.118736930191517,0.10860450565815
"19278",0.647736072540283,0.668467223644257,0.754894077777863,0.901617348194122,1.10795843601227,1.32366704940796,1.47015583515167,1.82330989837646,1.92024230957031,2.04734039306641,2.28406953811646,2.11693859100342,1.92412662506104,1.75869083404541,1.73168635368347,1.93741035461426,2.08642816543579,2.10599517822266,1.98094987869263,1.68437111377716,1.41978359222412,1.32423973083496,1.64652252197266,1.68261814117432,1.40062046051025,0.910740375518799,0.79857075214386,0.887656807899475,0.898548603057861,0.920945405960083,0.952411472797394,0.911309838294983,0.872497797012329,1.10946524143219,1.01875352859497,0.808984935283661,0.702729761600494,0.599633157253265,0.581750929355621,0.558728814125061,0.524567186832428,0.479687809944153,0.467715680599213,0.457423031330109,0.493200033903122,0.484438091516495,0.4785957634449,0.469122409820557,0.451417922973633,0.474683672189713,0.462082475423813,0.486529350280762,0.476993203163147,0.468412190675735,0.47007218003273,0.486592233181,0.590137958526611,0.689919948577881,0.687489032745361,0.685319721698761,0.682962477207184,0.545477151870728,0.523729383945465,0.53322184085846,0.651477992534637,0.656551539897919,0.675500333309174,0.692501068115234,0.706726312637329,0.713521182537079,0.677644968032837,0.637268543243408,0.591473758220673,0.473045706748962,0.433976650238037,0.374132692813873,0.187771663069725,0.178776264190674,0.166820347309113,0.184609457850456,0.198990032076836,0.20529767870903,0.20316469669342,0.198892369866371,0.195717930793762,0.199477046728134,0.212145447731018,0.229126140475273,0.242710694670677,0.239619702100754,0.231798946857452,0.227706715464592,0.212705701589584,0.15339820086956,0.115179173648357,0.112871803343296,0.102757573127747
"19279",0.582010209560394,0.603163242340088,0.724210202693939,0.886884331703186,1.05342149734497,1.21493828296661,1.32475543022156,1.55507016181946,1.61878037452698,1.68105268478394,1.78097724914551,1.71690702438354,1.58878946304321,1.46432197093964,1.49185717105865,1.63451719284058,1.71901416778564,1.67455470561981,1.61430144309998,1.42799472808838,1.27865207195282,1.28157162666321,1.58429789543152,1.6023280620575,1.30481374263763,0.812918543815613,0.71192079782486,0.792296767234802,0.799530029296875,0.83796626329422,0.866125881671906,0.842713534832001,0.815000236034393,1.03101634979248,0.941603541374207,0.722083747386932,0.605488061904907,0.487246841192245,0.461227864027023,0.446114540100098,0.423953920602798,0.393108159303665,0.386384874582291,0.381001740694046,0.403073370456696,0.398227572441101,0.391963958740234,0.388479173183441,0.378534108400345,0.391399562358856,0.384272336959839,0.402562588453293,0.399116426706314,0.396584212779999,0.400464832782745,0.414099097251892,0.480168133974075,0.547820091247559,0.545519053936005,0.543032824993134,0.54053407907486,0.444441318511963,0.429653525352478,0.438699662685394,0.52600485086441,0.530247569084167,0.539100885391235,0.552210628986359,0.563726365566254,0.569819629192352,0.543503046035767,0.514748096466064,0.482913255691528,0.398942053318024,0.371348440647125,0.328750550746918,0.189713597297668,0.18234346807003,0.161312535405159,0.174516752362251,0.18599608540535,0.191454201936722,0.189141228795052,0.187309473752975,0.187892317771912,0.194535285234451,0.208559080958366,0.21875473856926,0.230514392256737,0.231585592031479,0.228817224502563,0.22686767578125,0.217097401618958,0.164752244949341,0.115337654948235,0.110241204500198,0.0997055619955063
"19280",0.54065465927124,0.561330378055573,0.676480770111084,0.807659864425659,0.935492753982544,1.05524778366089,1.13312721252441,1.30050647258759,1.35277438163757,1.4038382768631,1.49644708633423,1.47126066684723,1.39868903160095,1.32397770881653,1.43429589271545,1.49947643280029,1.51555371284485,1.43316507339478,1.40243422985077,1.27315187454224,1.17114734649658,1.18213510513306,1.51005816459656,1.57190477848053,1.26143050193787,0.761789500713348,0.657691955566406,0.72942465543747,0.726479470729828,0.787525296211243,0.806978940963745,0.793996691703796,0.773190259933472,0.973236322402954,0.895509719848633,0.672162294387817,0.540925443172455,0.412129461765289,0.380617439746857,0.369418799877167,0.35341888666153,0.332463055849075,0.328620404005051,0.325826048851013,0.340309768915176,0.337800800800323,0.334832549095154,0.334284126758575,0.328489869832993,0.334578663110733,0.331243067979813,0.348414450883865,0.346772104501724,0.344742178916931,0.346918433904648,0.356315940618515,0.400172263383865,0.449777334928513,0.448035329580307,0.445896327495575,0.443822264671326,0.375661462545395,0.365277945995331,0.373375773429871,0.438299834728241,0.44180104136467,0.446503490209579,0.456248998641968,0.465489119291306,0.471471339464188,0.450165808200836,0.428600996732712,0.405811101198196,0.343206822872162,0.323460161685944,0.293077170848846,0.189575210213661,0.183313816785812,0.155714824795723,0.165039166808128,0.174189820885658,0.17951312661171,0.178613588213921,0.179124772548676,0.182304292917252,0.188840672373772,0.200409695506096,0.205075472593307,0.21456703543663,0.218135789036751,0.219517588615417,0.219367653131485,0.215005561709404,0.179663941264153,0.118586890399456,0.110883325338364,0.0982264131307602
"19281",0.492458581924438,0.508807182312012,0.599209666252136,0.701126098632812,0.796626448631287,0.887220561504364,0.952860474586487,1.07859396934509,1.14118826389313,1.22236239910126,1.35906207561493,1.35637927055359,1.3097357749939,1.25181984901428,1.36198425292969,1.41258871555328,1.40018582344055,1.29795277118683,1.27004504203796,1.15006613731384,1.06466281414032,1.10654842853546,1.49597275257111,1.54788160324097,1.23191940784454,0.739764988422394,0.627665519714355,0.690202116966248,0.67974066734314,0.758514404296875,0.76977127790451,0.763100266456604,0.746936798095703,0.935293078422546,0.866498947143555,0.648418068885803,0.501476228237152,0.361532807350159,0.323766022920609,0.315162062644958,0.303074151277542,0.286662548780441,0.284652173519135,0.283554702997208,0.294361233711243,0.293698072433472,0.293647021055222,0.294715285301208,0.291581302881241,0.294574618339539,0.292831212282181,0.308624893426895,0.307650625705719,0.305803388357162,0.306819885969162,0.31184309720993,0.342689573764801,0.38067027926445,0.379464864730835,0.377608895301819,0.375791102647781,0.325604438781738,0.318290174007416,0.325670093297958,0.374928832054138,0.37765046954155,0.380290329456329,0.388210743665695,0.395434468984604,0.399449467658997,0.382696330547333,0.365500807762146,0.347557127475739,0.301001965999603,0.287093251943588,0.265455693006516,0.187646791338921,0.182428151369095,0.150544583797455,0.156815528869629,0.164178147912025,0.169696390628815,0.170915856957436,0.172914728522301,0.177193284034729,0.182270497083664,0.190502777695656,0.190913110971451,0.197714447975159,0.202548876404762,0.206624284386635,0.207632303237915,0.207425683736801,0.187607362866402,0.124039776623249,0.11365869641304,0.0980425029993057
"19282",1.5536972284317,1.94476640224457,2.15025663375854,2.8758749961853,3.51999664306641,3.57737684249878,2.9464259147644,3.86969423294067,3.5888500213623,3.58966827392578,4.12994241714478,3.78354358673096,3.75377225875854,3.69453263282776,3.72457790374756,3.56747341156006,3.63441276550293,3.74708652496338,3.18222522735596,2.32224726676941,1.7167055606842,1.56542062759399,1.80536198616028,1.85687708854675,1.90713238716125,1.53331983089447,1.41454672813416,1.40499210357666,1.46436381340027,1.66003680229187,1.77204823493958,1.77549576759338,1.58462011814117,1.86734688282013,1.76530957221985,1.51368451118469,1.28879678249359,1.03621315956116,1.067063331604,1.12999546527863,1.21089363098145,1.11416816711426,1.07463705539703,0.995734572410583,0.797981977462769,0.83943784236908,0.881066262722015,0.908232569694519,0.869004487991333,0.611501455307007,0.60141932964325,0.766744792461395,0.71128898859024,0.627390742301941,0.56213515996933,0.586052060127258,0.832568466663361,1.11989545822144,1.02812814712524,0.969048857688904,0.953116357326508,0.866001963615417,0.795869052410126,0.809269726276398,0.925238788127899,0.963740587234497,0.937218546867371,0.95302677154541,0.940062403678894,0.909477829933167,0.747739732265472,0.706791281700134,0.695715487003326,0.51817512512207,0.463475525379181,0.388726472854614,0.241602942347527,0.228860080242157,0.22679015994072,0.223722636699677,0.210295706987381,0.201853513717651,0.202571362257004,0.204629480838776,0.215829238295555,0.243770435452461,0.28873798251152,0.283896654844284,0.273322343826294,0.272986948490143,0.25362953543663,0.251260608434677,0.240128055214882,0.207797721028328,0.150239765644073,0.136958390474319,0.119010619819164
"19283",1.75971698760986,2.00936007499695,2.353924036026,3.00631022453308,3.56730055809021,3.70217847824097,3.38520121574402,3.70028233528137,3.76888489723206,3.97059965133667,4.60334968566895,4.58580684661865,4.37007856369019,4.02052783966064,4.01158952713013,3.95615816116333,4.00663089752197,3.92271757125854,3.5469183921814,2.78030443191528,2.13076496124268,1.88747656345367,2.12975549697876,2.12005567550659,2.10693120956421,1.75387704372406,1.62301301956177,1.76342666149139,1.77263069152832,2.01634454727173,2.10906934738159,2.03174734115601,1.87261986732483,2.23021984100342,2.11409759521484,1.80158615112305,1.58848702907562,1.46573662757874,1.46911203861237,1.49053621292114,1.50340974330902,1.48745274543762,1.43753182888031,1.34265756607056,1.14244437217712,1.10187089443207,1.10283136367798,1.08256542682648,0.989542245864868,0.806538283824921,0.783068120479584,0.860723316669464,0.825818777084351,0.772703647613525,0.778343915939331,0.830530226230621,1.02350866794586,1.2755708694458,1.2684143781662,1.26173269748688,1.25598907470703,1.02943301200867,0.991833865642548,1.02785980701447,1.17567121982574,1.14761900901794,1.05490493774414,1.08503091335297,1.09565722942352,1.08853840827942,0.943644642829895,0.87798935174942,0.813970148563385,0.62298983335495,0.566511690616608,0.488216817378998,0.25793993473053,0.251629739999771,0.259826600551605,0.264893770217896,0.252194255590439,0.235540688037872,0.223261088132858,0.230180189013481,0.245986089110374,0.277890503406525,0.340272039175034,0.346745431423187,0.319062113761902,0.315206676721573,0.290775954723358,0.285058438777924,0.273759067058563,0.241495341062546,0.174199908971786,0.156588956713676,0.134549871087074
"19284",1.18863499164581,1.29649186134338,1.51029014587402,1.79632294178009,2.03987908363342,2.16728162765503,2.14626741409302,2.27288389205933,2.4052734375,2.66023731231689,3.04549860954285,3.03050327301025,2.84792709350586,2.60595703125,2.65123128890991,2.61318349838257,2.47690606117249,2.46354103088379,2.29982376098633,1.98403382301331,1.73663663864136,1.75083589553833,2.04525399208069,1.95132505893707,1.7123761177063,1.3682314157486,1.28881001472473,1.40820717811584,1.40442609786987,1.51675009727478,1.57113862037659,1.51742672920227,1.45460259914398,1.79087281227112,1.67572689056396,1.40545272827148,1.21868300437927,1.08150339126587,1.06549835205078,1.05365633964539,1.03120732307434,1.01023554801941,0.979322195053101,0.923720419406891,0.83232980966568,0.787720680236816,0.763074994087219,0.74613744020462,0.696495890617371,0.620642304420471,0.60544103384018,0.629057466983795,0.617675364017487,0.600403726100922,0.608427345752716,0.634824872016907,0.727068483829498,0.874608814716339,0.877082228660583,0.880126357078552,0.880322456359863,0.737101137638092,0.731403470039368,0.745734572410583,0.829624474048615,0.80602377653122,0.74706757068634,0.762543797492981,0.775124907493591,0.782339692115784,0.731703877449036,0.685841381549835,0.636615812778473,0.509888291358948,0.474775522947311,0.422854870557785,0.25416949391365,0.251302599906921,0.233863979578018,0.236667618155479,0.23189814388752,0.222571730613708,0.212552204728127,0.217464312911034,0.228651270270348,0.250228881835938,0.291678339242935,0.302238166332245,0.283530414104462,0.279603987932205,0.268067359924316,0.265854626893997,0.25751319527626,0.233980804681778,0.172099575400352,0.15759365260601,0.128743588924408
"19285",0.8763148188591,0.929219424724579,1.06168854236603,1.21798872947693,1.34761810302734,1.43589103221893,1.48286294937134,1.60652327537537,1.71121144294739,1.89736270904541,2.16960573196411,2.18156576156616,2.04556226730347,1.83132243156433,1.8602432012558,1.78589367866516,1.65743172168732,1.71081829071045,1.63723158836365,1.5151971578598,1.43707668781281,1.50923585891724,1.83352661132812,1.68369114398956,1.43657684326172,1.14815735816956,1.08987426757812,1.20331358909607,1.16539454460144,1.26714301109314,1.27076804637909,1.23945105075836,1.22167444229126,1.55804324150085,1.51541662216187,1.22836852073669,0.996378540992737,0.828193426132202,0.801722407341003,0.786090910434723,0.761232018470764,0.733793437480927,0.711366713047028,0.674122154712677,0.614304959774017,0.588469684123993,0.583053708076477,0.565458238124847,0.530386388301849,0.500634551048279,0.492667555809021,0.507037222385406,0.501602530479431,0.49350368976593,0.49702113866806,0.502958655357361,0.573989152908325,0.661011278629303,0.660565674304962,0.659799635410309,0.657896459102631,0.570016980171204,0.566569209098816,0.570393085479736,0.624412357807159,0.611462712287903,0.59272837638855,0.602469027042389,0.609804749488831,0.616066992282867,0.586139619350433,0.554060876369476,0.51985514163971,0.431861102581024,0.406467825174332,0.368440419435501,0.245628669857979,0.243268460035324,0.216404318809509,0.216724768280983,0.213925465941429,0.208949595689774,0.201854407787323,0.206111699342728,0.215600430965424,0.231875836849213,0.260210067033768,0.26813468337059,0.258567810058594,0.257000952959061,0.254282891750336,0.251852214336395,0.243798211216927,0.22054360806942,0.161127716302872,0.14928263425827,0.122230261564255
"19286",0.686939060688019,0.71021568775177,0.791325092315674,0.878931403160095,0.956226706504822,1.0231659412384,1.07591652870178,1.1733273267746,1.24355554580688,1.43753898143768,1.64773094654083,1.66168630123138,1.52944123744965,1.30311632156372,1.36235880851746,1.34840047359467,1.25405144691467,1.30766749382019,1.26411533355713,1.18475580215454,1.1229259967804,1.16222929954529,1.48685765266418,1.35810542106628,1.19370269775391,0.959494471549988,0.91469132900238,1.05391323566437,0.982740998268127,1.1069164276123,1.07373309135437,1.05164206027985,1.05468547344208,1.38099610805511,1.43829989433289,1.16095614433289,0.861817359924316,0.659978032112122,0.623952746391296,0.608940958976746,0.587386548519135,0.562731981277466,0.54933625459671,0.528568983078003,0.49156978726387,0.482209533452988,0.470573723316193,0.463788241147995,0.446158081293106,0.431782603263855,0.425162881612778,0.435353487730026,0.429952800273895,0.42090380191803,0.415512830018997,0.412519991397858,0.471528977155685,0.535265505313873,0.534226834774017,0.530918478965759,0.527226984500885,0.457753092050552,0.44954052567482,0.451977342367172,0.504769444465637,0.498740017414093,0.493288159370422,0.50111722946167,0.506836950778961,0.511360704898834,0.483927518129349,0.459193974733353,0.43254691362381,0.372372150421143,0.35551980137825,0.329289376735687,0.237002342939377,0.234313383698463,0.203014776110649,0.202186197042465,0.200421765446663,0.198024213314056,0.193139344453812,0.198019713163376,0.207668080925941,0.220665380358696,0.240136474370956,0.24307607114315,0.243338212370872,0.245052546262741,0.242192298173904,0.239082306623459,0.234092965722084,0.213378682732582,0.151630014181137,0.142747208476067,0.118725337088108
"19287",0.56426203250885,0.575208783149719,0.618730902671814,0.663434028625488,0.711843311786652,0.763411164283752,0.795447707176208,0.838968515396118,0.869291424751282,1.00663959980011,1.21579456329346,1.23441350460052,1.14420282840729,0.92901873588562,1.01431965827942,1.02333974838257,0.971633195877075,1.00011682510376,0.966314435005188,0.894498705863953,0.824917197227478,0.867869853973389,1.07615876197815,0.949633598327637,0.885814428329468,0.799188137054443,0.792029023170471,0.920817494392395,0.860617160797119,0.992601335048676,0.954238891601562,0.916555345058441,0.921276092529297,1.19271552562714,1.24020004272461,0.995992422103882,0.743439078330994,0.540941596031189,0.49958747625351,0.483622848987579,0.463649749755859,0.448828369379044,0.442285060882568,0.434414207935333,0.422876238822937,0.41649129986763,0.40054839849472,0.400757014751434,0.392083048820496,0.377221673727036,0.37050387263298,0.379146456718445,0.372927963733673,0.36272731423378,0.354568034410477,0.349761605262756,0.39083531498909,0.442756861448288,0.444283008575439,0.442052096128464,0.437434673309326,0.374213308095932,0.36378026008606,0.362878739833832,0.409582614898682,0.40899121761322,0.416932761669159,0.425280451774597,0.431748300790787,0.435525208711624,0.411694526672363,0.392152011394501,0.370881587266922,0.330676048994064,0.322032183408737,0.306411266326904,0.235578894615173,0.231538757681847,0.191263362765312,0.190157830715179,0.189265221357346,0.188577979803085,0.18690113723278,0.193639427423477,0.204239964485168,0.215331062674522,0.22743085026741,0.227194473147392,0.230096638202667,0.233362823724747,0.232134029269218,0.228700220584869,0.223382383584976,0.198023796081543,0.139524400234222,0.131624564528465,0.113294906914234
"19288",0.481610715389252,0.484373033046722,0.511128485202789,0.540833473205566,0.572012186050415,0.606380760669708,0.632314562797546,0.6537926197052,0.715544939041138,0.819148778915405,0.956724941730499,0.999622344970703,0.932057917118073,0.768295288085938,0.905104100704193,0.944019556045532,0.912037789821625,0.820361971855164,0.797152519226074,0.72750735282898,0.680678129196167,0.74641215801239,0.918992340564728,0.787288844585419,0.778959631919861,0.756051361560822,0.748790264129639,0.874455809593201,0.827981233596802,0.954925656318665,0.930289387702942,0.893146991729736,0.872907519340515,1.07478070259094,0.989949226379395,0.741754531860352,0.597055554389954,0.438978940248489,0.407958269119263,0.393332183361053,0.37650939822197,0.371254563331604,0.368946820497513,0.366061061620712,0.365790367126465,0.359472125768661,0.349903076887131,0.34869521856308,0.341695606708527,0.335029423236847,0.328991830348969,0.336403042078018,0.330874741077423,0.322672575712204,0.316066950559616,0.313249588012695,0.345815718173981,0.384095042943954,0.383396297693253,0.379765570163727,0.374332875013351,0.316555738449097,0.308465212583542,0.309018850326538,0.346772700548172,0.350114196538925,0.362585365772247,0.371166169643402,0.378342419862747,0.381995916366577,0.362890779972076,0.346523284912109,0.330276548862457,0.302392989397049,0.29628512263298,0.284695655107498,0.231420561671257,0.225146129727364,0.181578934192657,0.180450588464737,0.180518209934235,0.181900203227997,0.184433713555336,0.192257836461067,0.202142134308815,0.209877029061317,0.216846004128456,0.213423430919647,0.217195436358452,0.221759378910065,0.22233559191227,0.217732727527618,0.206906750798225,0.172550916671753,0.129510372877121,0.12487718462944,0.107623428106308
"19289",1.07717037200928,1.14108312129974,1.2587525844574,1.57834327220917,2.04504036903381,1.80115342140198,1.663165807724,1.66405498981476,1.67147612571716,1.7861065864563,2.11192798614502,2.41210126876831,2.65811347961426,2.59427452087402,3.23340225219727,4.01543521881104,4.57071208953857,4.14769268035889,4.0305700302124,3.53092312812805,3.07858037948608,2.95920443534851,2.216304063797,1.88990557193756,1.88242673873901,1.70222282409668,1.56444084644318,1.927734375,1.99743103981018,2.29336071014404,2.41415405273438,2.17383766174316,1.79185938835144,1.88453483581543,1.60251712799072,1.22098255157471,1.11545586585999,1.12660157680511,1.18544089794159,1.10396337509155,1.00290739536285,1.04364418983459,0.929855823516846,0.802947998046875,0.814179062843323,0.770406484603882,0.765654981136322,0.703935146331787,0.631486773490906,0.598429918289185,0.688347458839417,1.07768678665161,0.948179185390472,0.765470147132874,0.630500316619873,0.608957707881927,0.878073275089264,1.14500689506531,1.06059372425079,0.979472517967224,0.962474286556244,0.93197774887085,0.872466206550598,0.841010868549347,1.00594711303711,1.07313656806946,1.09749853610992,1.14421439170837,1.20008838176727,1.2311532497406,1.20299863815308,1.08454751968384,1.04552888870239,0.877517461776733,0.819234132766724,0.705707013607025,0.472574710845947,0.421427577733994,0.371839553117752,0.340183287858963,0.321284651756287,0.311452627182007,0.322415471076965,0.357308655977249,0.393444329500198,0.402210384607315,0.374208897352219,0.340172678232193,0.326917439699173,0.343888580799103,0.309042274951935,0.286550849676132,0.238559544086456,0.177130058407784,0.146969810128212,0.147053807973862,0.127698883414268
"19290",1.40383100509644,1.44824087619781,1.7299337387085,2.12684488296509,2.30283308029175,2.15763854980469,2.06711339950562,2.03605437278748,2.13639283180237,2.37298011779785,2.84950304031372,3.08511590957642,3.29873633384705,3.55821752548218,4.6665620803833,5.42339134216309,5.52179193496704,5.03314685821533,4.86060619354248,4.25710105895996,3.6841459274292,3.42946028709412,2.57387185096741,2.3506236076355,2.15882253646851,1.75346112251282,1.75611519813538,2.28148698806763,2.296715259552,2.53457164764404,2.64285612106323,2.29011416435242,1.89446187019348,1.96599674224854,1.71894240379333,1.44753479957581,1.36988592147827,1.34030830860138,1.40786480903625,1.31975865364075,1.19578337669373,1.0975536108017,1.04702997207642,0.983993411064148,0.930243968963623,0.900307834148407,0.840018153190613,0.846081793308258,0.861065983772278,0.895102500915527,0.933341026306152,1.15405309200287,1.07286620140076,0.959896683692932,0.868416666984558,0.844355583190918,1.10157310962677,1.35931599140167,1.33510875701904,1.30310904979706,1.28813326358795,1.05390846729279,1.05450332164764,1.09958636760712,1.40726375579834,1.43509769439697,1.49279880523682,1.54555189609528,1.59112048149109,1.61552321910858,1.54192209243774,1.40318751335144,1.3311539888382,1.16114568710327,1.08120703697205,0.946071565151215,0.565061211585999,0.515399217605591,0.458720505237579,0.447350263595581,0.430850178003311,0.437123626470566,0.456468909978867,0.511731028556824,0.551258027553558,0.533936083316803,0.43575856089592,0.381671398878098,0.352264106273651,0.370907098054886,0.346262663602829,0.304924070835114,0.248646423220634,0.183203458786011,0.162336722016335,0.161136150360107,0.138684272766113
"19291",1.16152954101562,1.18876171112061,1.36766993999481,1.49957895278931,1.53055059909821,1.49621820449829,1.48407304286957,1.53143537044525,1.72358441352844,2.01610732078552,2.36871099472046,2.55334258079529,2.70932674407959,2.81130862236023,3.39238023757935,3.58861064910889,3.39904069900513,2.9875373840332,2.8987398147583,2.57352638244629,2.26596736907959,2.1060996055603,1.86999428272247,1.78414273262024,1.56773567199707,1.34676218032837,1.3517005443573,1.63966250419617,1.65558195114136,1.70838284492493,1.78976726531982,1.59987735748291,1.38894033432007,1.44131672382355,1.29292452335358,1.08117270469666,0.99237048625946,0.917281925678253,0.93586677312851,0.890730023384094,0.82404088973999,0.747734546661377,0.734390318393707,0.715613305568695,0.684433341026306,0.682149410247803,0.667454481124878,0.687274873256683,0.708594143390656,0.725160002708435,0.718052208423615,0.763694882392883,0.746122479438782,0.726083755493164,0.714668929576874,0.719256043434143,0.825459480285645,0.956077098846436,0.942046582698822,0.924668788909912,0.913532197475433,0.773655116558075,0.790040850639343,0.838117837905884,1.05444121360779,1.05572021007538,1.06269073486328,1.09500062465668,1.12283515930176,1.1388955116272,1.08333098888397,1.01328265666962,0.96709144115448,0.862987458705902,0.810247659683228,0.724546909332275,0.471474885940552,0.444920122623444,0.393299460411072,0.397280901670456,0.407724320888519,0.432545125484467,0.456671893596649,0.48336073756218,0.495344310998917,0.469707310199738,0.378632932901382,0.340179860591888,0.300633698701859,0.306212365627289,0.29692205786705,0.274059653282166,0.236617088317871,0.178707346320152,0.15467856824398,0.151741921901703,0.131441071629524
"19292",0.943713843822479,0.957357347011566,1.03970336914062,1.0875608921051,1.09837532043457,1.10233652591705,1.16116237640381,1.28909683227539,1.53048741817474,1.84241342544556,2.15870571136475,2.25433444976807,2.28472948074341,2.22543549537659,2.53916716575623,2.58094096183777,2.40045833587646,2.1136314868927,2.0415027141571,1.81007671356201,1.61894524097443,1.59364438056946,1.53612530231476,1.44066643714905,1.27354419231415,1.0991884469986,1.08827543258667,1.28844451904297,1.27944910526276,1.32415413856506,1.37092339992523,1.26432967185974,1.1276444196701,1.18709218502045,1.08501160144806,0.871782779693604,0.774973690509796,0.687312543392181,0.686565816402435,0.661139726638794,0.625769555568695,0.585041761398315,0.580385684967041,0.574134469032288,0.560834884643555,0.561176836490631,0.553662538528442,0.566147923469543,0.577805578708649,0.584972143173218,0.579269289970398,0.597760081291199,0.59574568271637,0.597394049167633,0.604272603988647,0.611866116523743,0.658626139163971,0.722163677215576,0.713350892066956,0.703533351421356,0.695277035236359,0.638532400131226,0.669847905635834,0.70778101682663,0.825754046440125,0.814329624176025,0.781864404678345,0.805516839027405,0.828920006752014,0.843268573284149,0.831446766853333,0.795580267906189,0.747924089431763,0.673541963100433,0.639699816703796,0.584235668182373,0.415022730827332,0.399084746837616,0.356977790594101,0.366733759641647,0.384396761655807,0.4097780585289,0.430680721998215,0.444460779428482,0.44866418838501,0.426971733570099,0.355175793170929,0.320912092924118,0.27633985877037,0.276518166065216,0.268667697906494,0.258003532886505,0.236467361450195,0.186033487319946,0.151450604200363,0.146949902176857,0.128947913646698
"19293",0.771023631095886,0.775288343429565,0.813285708427429,0.835476040840149,0.853527069091797,0.892510294914246,1.00962400436401,1.21208620071411,1.49549341201782,1.80697655677795,2.05914402008057,2.06326413154602,1.98736798763275,1.86014938354492,2.04968357086182,2.07266998291016,1.94451987743378,1.69661211967468,1.64650094509125,1.47250628471375,1.33663713932037,1.3460009098053,1.32262778282166,1.25575375556946,1.10598063468933,0.947449803352356,0.931291222572327,1.07814645767212,1.07471477985382,1.11471319198608,1.16022336483002,1.08488750457764,0.983234524726868,1.05114984512329,0.973453760147095,0.764771282672882,0.654280960559845,0.554278314113617,0.538822412490845,0.525000751018524,0.504433155059814,0.480058372020721,0.476865202188492,0.47402560710907,0.469639360904694,0.470809459686279,0.46675831079483,0.475894093513489,0.484942823648453,0.493132770061493,0.489743709564209,0.501248180866241,0.502711355686188,0.507749021053314,0.514626860618591,0.518829822540283,0.541718006134033,0.577057123184204,0.572607338428497,0.567555665969849,0.564297378063202,0.559161007404327,0.580254912376404,0.598695635795593,0.656452476978302,0.643740355968475,0.608651697635651,0.626276791095734,0.645496785640717,0.657063901424408,0.657832205295563,0.631305634975433,0.601283609867096,0.547675907611847,0.524369955062866,0.486625730991364,0.372256189584732,0.361951440572739,0.333174467086792,0.344171911478043,0.362111777067184,0.384020298719406,0.39915344119072,0.406758725643158,0.409026324748993,0.389767915010452,0.332589834928513,0.301595628261566,0.259317725896835,0.25812155008316,0.249584838747978,0.243115320801735,0.229831770062447,0.191189527511597,0.148791432380676,0.143832862377167,0.127002611756325
"19294",0.635826826095581,0.63418447971344,0.657006859779358,0.681513369083405,0.716029047966003,0.790125966072083,0.944210588932037,1.2062646150589,1.47363543510437,1.74250018596649,1.95862340927124,1.92271268367767,1.82771515846252,1.711705327034,1.82391238212585,1.84317982196808,1.77649521827698,1.57789468765259,1.5364043712616,1.38305282592773,1.25562357902527,1.25769734382629,1.2224200963974,1.18134772777557,1.02797639369965,0.863001704216003,0.842293739318848,0.969408392906189,0.972154378890991,1.00812530517578,1.05116951465607,0.986976027488708,0.903546214103699,0.9830242395401,0.916649222373962,0.720934748649597,0.586556017398834,0.473506391048431,0.44605165719986,0.436432093381882,0.422217190265656,0.406041502952576,0.402200430631638,0.399184018373489,0.396736055612564,0.399138063192368,0.400358855724335,0.407909601926804,0.416170120239258,0.426582217216492,0.424297392368317,0.433389514684677,0.434615164995193,0.437410116195679,0.441179990768433,0.443543463945389,0.457291543483734,0.481662750244141,0.479646146297455,0.476886749267578,0.475551933050156,0.477709084749222,0.490978926420212,0.501442790031433,0.534998893737793,0.525894522666931,0.499121934175491,0.51053774356842,0.523386180400848,0.531354784965515,0.531061768531799,0.514852702617645,0.498902171850204,0.458622604608536,0.442164838314056,0.415985375642776,0.337282478809357,0.33126363158226,0.315134286880493,0.325450092554092,0.341294407844543,0.359310686588287,0.370822191238403,0.374893724918365,0.374833941459656,0.356927752494812,0.309439718723297,0.281650543212891,0.244676128029823,0.24369178712368,0.235203176736832,0.229765772819519,0.219985127449036,0.189483657479286,0.145863220095634,0.141322255134583,0.124730639159679
"19295",0.534323215484619,0.529600322246552,0.548886716365814,0.581959784030914,0.63638573884964,0.739435791969299,0.909921526908875,1.19846928119659,1.42786335945129,1.64988994598389,1.85860574245453,1.81530857086182,1.74144196510315,1.66569709777832,1.73047280311584,1.73991143703461,1.73884296417236,1.65713596343994,1.59906601905823,1.43752551078796,1.28451383113861,1.24116039276123,1.14873290061951,1.13664782047272,0.985626876354218,0.813041925430298,0.785858809947968,0.902086615562439,0.909483432769775,0.945806980133057,0.987874329090118,0.929095029830933,0.856615781784058,0.963536620140076,0.909205913543701,0.712962687015533,0.558688104152679,0.421396613121033,0.384351044893265,0.375294774770737,0.361852765083313,0.344586104154587,0.34205561876297,0.34029433131218,0.340527176856995,0.343754678964615,0.349405586719513,0.356245964765549,0.364256113767624,0.377914130687714,0.376006841659546,0.382661610841751,0.383056372404099,0.383700102567673,0.384961813688278,0.38672336935997,0.394677191972733,0.413433492183685,0.411927998065948,0.409755676984787,0.409149974584579,0.411425888538361,0.421299874782562,0.428949266672134,0.451317727565765,0.445177257061005,0.423622727394104,0.431857526302338,0.44077467918396,0.446337550878525,0.447521984577179,0.436871200799942,0.424615919589996,0.393142729997635,0.381390064954758,0.36305958032608,0.308359026908875,0.305236250162125,0.299439072608948,0.308533757925034,0.321905344724655,0.336513340473175,0.345466434955597,0.347815334796906,0.345130860805511,0.328174918889999,0.287689059972763,0.263046950101852,0.232011795043945,0.231740161776543,0.224449008703232,0.219117358326912,0.209978088736534,0.179968312382698,0.142936661839485,0.138830825686455,0.122679859399796
"19296",1.15723395347595,1.23179996013641,1.3523200750351,1.50458741188049,1.62028741836548,1.71446013450623,1.75943219661713,2.45821905136108,2.71338653564453,3.24432897567749,4.07457733154297,4.72161483764648,5.56418466567993,6.22943687438965,6.3632321357727,6.34424781799316,6.76279258728027,6.62209510803223,6.25524187088013,5.51171159744263,4.75190782546997,4.3237829208374,3.47784519195557,3.29030132293701,2.77779364585876,2.07250022888184,1.67706251144409,1.8244754076004,1.9565155506134,1.95605230331421,2.13658452033997,2.02069997787476,1.68912982940674,1.80821490287781,1.84432482719421,1.65322303771973,1.43269109725952,1.24572563171387,1.27469491958618,1.24974262714386,1.21483850479126,1.2853889465332,1.18765449523926,1.01722264289856,0.988368272781372,0.88220202922821,0.920760869979858,0.876706898212433,0.788296461105347,0.835999608039856,0.784570693969727,1.06853401660919,0.953033924102783,0.843313217163086,0.720893025398254,0.665359735488892,0.809767603874207,1.06476902961731,0.999202847480774,0.962968289852142,0.955258369445801,0.939653754234314,0.871588110923767,0.850105881690979,0.936837673187256,1.0097017288208,1.02720928192139,1.08875775337219,1.151371717453,1.18029928207397,1.04654264450073,1.02346670627594,1.02561485767365,0.874374091625214,0.799193441867828,0.679699897766113,0.487084656953812,0.445817291736603,0.423909306526184,0.399255990982056,0.395016759634018,0.408069789409637,0.421993881464005,0.435310989618301,0.45333343744278,0.460549801588058,0.42897629737854,0.380610227584839,0.36056649684906,0.378617078065872,0.370066493749619,0.363187968730927,0.327281028032303,0.246826454997063,0.181688696146011,0.178332880139351,0.150683030486107
"19297",1.46996736526489,1.51618027687073,1.68259918689728,1.80308175086975,1.80291390419006,1.83734011650085,2.02835869789124,2.71796131134033,3.33685541152954,4.24292755126953,5.42471027374268,6.39409351348877,7.12979888916016,7.38667678833008,7.75943422317505,8.0315055847168,8.1744499206543,7.9601879119873,7.67286205291748,6.9038028717041,6.06690073013306,5.46608018875122,3.98916602134705,3.99559426307678,3.29282593727112,2.316575050354,1.96293711662292,2.13666582107544,2.16745281219482,2.32439136505127,2.44077014923096,2.21153593063354,1.96135687828064,2.25720739364624,2.36354923248291,2.05939984321594,1.74101495742798,1.5787250995636,1.64981663227081,1.59449172019958,1.50936412811279,1.5242213010788,1.44348311424255,1.31722629070282,1.15979552268982,1.09844720363617,1.03023076057434,1.02635717391968,0.987916707992554,0.855863690376282,0.863864183425903,1.1335324048996,1.10109353065491,1.04011654853821,0.971347332000732,0.939931154251099,1.04682385921478,1.27160453796387,1.27632141113281,1.27833664417267,1.27705276012421,1.14402294158936,1.15893638134003,1.19299566745758,1.34043300151825,1.33820116519928,1.25485873222351,1.32321178913116,1.39451718330383,1.43631768226624,1.33476710319519,1.2965235710144,1.25679206848145,1.07880163192749,0.988903045654297,0.852778196334839,0.541096806526184,0.507425248622894,0.470331847667694,0.458876490592957,0.452305257320404,0.463703155517578,0.47394335269928,0.506469070911407,0.541510701179504,0.547454655170441,0.494710594415665,0.443041890859604,0.416675716638565,0.438896536827087,0.457241356372833,0.437102138996124,0.399367153644562,0.303632080554962,0.212474778294563,0.205015808343887,0.166255429387093
"19298",1.1317241191864,1.15360701084137,1.23744463920593,1.29326152801514,1.32404637336731,1.44647097587585,1.73529124259949,2.33087539672852,2.88117361068726,3.66813063621521,4.30642509460449,4.79952383041382,4.99106740951538,4.96405696868896,5.1483268737793,5.35395050048828,5.2417459487915,5.04455327987671,4.83905506134033,4.33484601974487,3.75465822219849,3.26682567596436,2.3946647644043,2.48416233062744,2.21773743629456,1.77825260162354,1.56523060798645,1.62879645824432,1.64152717590332,1.78658080101013,1.84934401512146,1.69974637031555,1.59086585044861,1.91338682174683,1.98208832740784,1.67621505260468,1.34179520606995,1.14671647548676,1.14941692352295,1.11124861240387,1.05236780643463,1.01805484294891,0.980480670928955,0.924777984619141,0.85791289806366,0.826990306377411,0.762513637542725,0.764477550983429,0.75130832195282,0.67744916677475,0.679834365844727,0.793413579463959,0.792959928512573,0.784802556037903,0.773140549659729,0.767527520656586,0.801687777042389,0.92269766330719,0.928404927253723,0.934051215648651,0.937994718551636,0.892205238342285,0.911069273948669,0.931185960769653,1.00767362117767,0.98946350812912,0.911721527576447,0.941814363002777,0.976345121860504,0.998786330223083,0.98598301410675,0.957871973514557,0.923806488513947,0.809211671352386,0.757510185241699,0.676548600196838,0.460380494594574,0.440271764993668,0.411351144313812,0.414784401655197,0.422387629747391,0.437459200620651,0.446632951498032,0.467332482337952,0.485502392053604,0.482241541147232,0.43109393119812,0.397060304880142,0.359849154949188,0.368395060300827,0.383383929729462,0.374136805534363,0.349529087543488,0.286171019077301,0.202505022287369,0.193695649504662,0.155460342764854
"19299",0.891067206859589,0.903254866600037,0.959159791469574,1.01342642307281,1.08326518535614,1.24414765834808,1.48821723461151,1.96883428096771,2.32012796401978,2.84886884689331,3.34470129013062,3.57764983177185,3.62776947021484,3.63096332550049,3.7702579498291,3.7971785068512,3.7665638923645,3.72146606445312,3.54681205749512,3.16267871856689,2.69925165176392,2.31341600418091,1.71331799030304,1.81927609443665,1.74125671386719,1.51182878017426,1.35833704471588,1.35665488243103,1.36802983283997,1.47774338722229,1.52690982818604,1.42504215240479,1.35892152786255,1.67413353919983,1.7052161693573,1.4151885509491,1.13406825065613,0.906309187412262,0.867796897888184,0.836592435836792,0.788601517677307,0.7410888671875,0.714376449584961,0.686726331710815,0.665151953697205,0.652029931545258,0.616905987262726,0.620560586452484,0.614061772823334,0.572536110877991,0.568931460380554,0.628861248493195,0.63056880235672,0.627724826335907,0.622134387493134,0.611366629600525,0.640527069568634,0.719608247280121,0.719016134738922,0.719229996204376,0.723164618015289,0.667047739028931,0.681764006614685,0.69286173582077,0.761113345623016,0.750341475009918,0.713366150856018,0.734337568283081,0.755609929561615,0.766565561294556,0.764978885650635,0.744270443916321,0.719092428684235,0.640776216983795,0.607554018497467,0.554886698722839,0.409901529550552,0.394961923360825,0.375145971775055,0.38277792930603,0.393837571144104,0.408176928758621,0.41615155339241,0.428439855575562,0.438160300254822,0.43370109796524,0.392723858356476,0.366289585828781,0.326743721961975,0.328048288822174,0.332019865512848,0.321500182151794,0.303262054920197,0.257858604192734,0.193756222724915,0.18485464155674,0.148804172873497
"19300",0.718721807003021,0.72521448135376,0.771146297454834,0.827257871627808,0.906983196735382,1.0394275188446,1.17247843742371,1.4866771697998,1.69293570518494,1.94403100013733,2.29495429992676,2.46046733856201,2.55366468429565,2.58280181884766,2.61440801620483,2.69523572921753,2.82562518119812,2.88712644577026,2.73489928245544,2.4279351234436,2.08097290992737,1.8074197769165,1.42978692054749,1.46453702449799,1.45239496231079,1.31662595272064,1.18767714500427,1.13883745670319,1.17108082771301,1.19009780883789,1.2587559223175,1.16904187202454,1.10026550292969,1.40871477127075,1.33603048324585,1.18268716335297,1.03316915035248,0.776602268218994,0.694409012794495,0.667164862155914,0.627042591571808,0.562398672103882,0.546813368797302,0.532182574272156,0.525453686714172,0.519492387771606,0.500729322433472,0.501899540424347,0.495690137147903,0.489934086799622,0.486060827970505,0.519435167312622,0.516960680484772,0.508969604969025,0.495590806007385,0.475217878818512,0.483809322118759,0.557393670082092,0.558358073234558,0.557587504386902,0.555142998695374,0.455295830965042,0.450215816497803,0.457999587059021,0.544622004032135,0.552566051483154,0.568554282188416,0.589962661266327,0.610537350177765,0.620264768600464,0.614736795425415,0.598757028579712,0.578253626823425,0.526885449886322,0.509347558021545,0.478696286678314,0.374655276536942,0.362854808568954,0.343861311674118,0.353365123271942,0.364978283643723,0.377501636743546,0.384136229753494,0.391956806182861,0.396815836429596,0.390915066003799,0.356220930814743,0.336067080497742,0.302066385746002,0.300993144512177,0.29374560713768,0.27547025680542,0.248577624559402,0.218031659722328,0.180097863078117,0.171956300735474,0.138911575078964
"19301",0.618497490882874,0.621106863021851,0.671824097633362,0.736364722251892,0.820074558258057,0.929322242736816,1.03923857212067,1.2463550567627,1.36580944061279,1.51299357414246,1.74107682704926,1.79293632507324,1.85772275924683,1.93152284622192,2.01812505722046,2.12678575515747,2.23095750808716,2.32239055633545,2.12075757980347,1.76910781860352,1.42071855068207,1.20631301403046,1.20196092128754,1.29646253585815,1.30595207214355,1.15094113349915,1.02486968040466,0.999396502971649,1.03998827934265,1.01523315906525,1.06070125102997,1.04576969146729,1.00702726840973,1.19089663028717,1.14749240875244,1.07253563404083,0.974419951438904,0.711694240570068,0.609538733959198,0.580332338809967,0.539250135421753,0.461206912994385,0.449984490871429,0.439888805150986,0.439735770225525,0.435611486434937,0.424648612737656,0.429164886474609,0.429528445005417,0.441307842731476,0.437135934829712,0.452433377504349,0.445092588663101,0.432624816894531,0.418536812067032,0.404012024402618,0.41875821352005,0.469954907894135,0.465750336647034,0.460724979639053,0.456372231245041,0.380573987960815,0.382249772548676,0.39735358953476,0.458875000476837,0.469629466533661,0.485517024993896,0.503846883773804,0.519527614116669,0.527945339679718,0.518673419952393,0.506229400634766,0.492625504732132,0.457285344600677,0.443117052316666,0.41893607378006,0.34614109992981,0.33473265171051,0.320012450218201,0.329300463199615,0.340365171432495,0.351310878992081,0.357082486152649,0.361967772245407,0.36438250541687,0.35874155163765,0.330335259437561,0.313791334629059,0.281860411167145,0.279485046863556,0.266465336084366,0.25099977850914,0.228603318333626,0.201683133840561,0.164731606841087,0.156962350010872,0.127676501870155
"19302",0.560743749141693,0.560243487358093,0.618056893348694,0.700399041175842,0.800122141838074,0.908369958400726,1.00115048885345,1.16014814376831,1.25247693061829,1.37489569187164,1.53891372680664,1.60931491851807,1.69544064998627,1.78184795379639,1.83984279632568,1.84276700019836,1.87339222431183,1.92664575576782,1.7349956035614,1.41922187805176,1.13419806957245,1.00645244121552,1.20112562179565,1.29917621612549,1.26422691345215,1.03927278518677,0.936837077140808,0.928419589996338,0.968903601169586,0.979194045066833,1.02742075920105,1.03974950313568,1.00520205497742,1.19577050209045,1.17524981498718,1.06843161582947,0.943885624408722,0.675642549991608,0.560085892677307,0.533786773681641,0.494406819343567,0.396363079547882,0.388221591711044,0.381786972284317,0.382270812988281,0.381004929542542,0.379256933927536,0.386476844549179,0.391274064779282,0.406540006399155,0.400304734706879,0.404473096132278,0.396353900432587,0.38428458571434,0.372116059064865,0.361866325139999,0.373675107955933,0.407456040382385,0.401357680559158,0.39444887638092,0.389562666416168,0.349570363759995,0.358933866024017,0.374520629644394,0.42674058675766,0.430420398712158,0.430725038051605,0.443704009056091,0.454884499311447,0.461387753486633,0.450754106044769,0.439883589744568,0.42901349067688,0.399028718471527,0.385723859071732,0.364793062210083,0.31059318780899,0.303459972143173,0.303742825984955,0.311404824256897,0.320427119731903,0.329325139522552,0.333935141563416,0.337240248918533,0.338834673166275,0.335029870271683,0.313905447721481,0.300437331199646,0.269776821136475,0.265645086765289,0.251948952674866,0.240691393613815,0.223006725311279,0.196095705032349,0.156600311398506,0.148100465536118,0.120791606605053
"19303",1.50332009792328,1.71719670295715,1.7162926197052,1.94272303581238,2.32484841346741,2.37751293182373,2.07471179962158,1.98636913299561,2.01633358001709,2.17709565162659,2.72026348114014,2.64836931228638,2.61943960189819,2.69194769859314,2.74642848968506,2.80490326881409,3.05662298202515,3.39637804031372,3.18333125114441,2.88150882720947,2.57349538803101,2.27661657333374,1.95667099952698,1.9629819393158,1.89598822593689,1.6205370426178,1.47420263290405,1.44288718700409,1.49372792243958,1.61449217796326,1.71485602855682,1.72080588340759,1.645188331604,1.96860384941101,1.96136724948883,1.77030181884766,1.55082249641418,1.34289526939392,1.38162708282471,1.31821620464325,1.2298219203949,1.19882822036743,1.13470077514648,1.09478354454041,1.14905500411987,1.10667145252228,1.06594181060791,1.02863335609436,0.957156956195831,0.904048025608063,0.8526211977005,0.983365297317505,0.938823223114014,0.904159307479858,0.826454997062683,0.806100487709045,0.911969363689423,1.07664179801941,1.02765250205994,1.04194188117981,1.08518326282501,1.20973253250122,1.09861600399017,0.984128773212433,0.949886083602905,0.93054324388504,0.845072329044342,0.857018172740936,0.85786098241806,0.849528074264526,0.795270681381226,0.7793288230896,0.777565538883209,0.716040670871735,0.685310900211334,0.626047849655151,0.501345872879028,0.480499446392059,0.518665611743927,0.507488310337067,0.50784820318222,0.509846150875092,0.511485397815704,0.517746269702911,0.542680859565735,0.567880928516388,0.499362826347351,0.433705300092697,0.364550650119781,0.381559401750565,0.420498162508011,0.40993669629097,0.338789254426956,0.286543965339661,0.277380466461182,0.307698488235474,0.277597159147263
"19304",1.84722900390625,1.99923849105835,2.11816930770874,2.35241985321045,2.60005331039429,2.62128305435181,2.34094500541687,2.23576259613037,2.25325179100037,2.40333104133606,2.89461994171143,2.90068340301514,2.87992310523987,2.9484441280365,3.10101866722107,3.28003168106079,3.63022089004517,3.90602493286133,3.77244210243225,3.47732353210449,3.09055328369141,2.77859973907471,2.35540986061096,2.36449217796326,2.16029381752014,1.90936863422394,1.78820180892944,1.79426383972168,1.79176962375641,1.95712184906006,2.0362114906311,1.9861958026886,1.90103650093079,2.2743980884552,2.50973510742188,2.29160141944885,1.90509462356567,1.67530965805054,1.69365155696869,1.6430960893631,1.57122731208801,1.49810802936554,1.4573392868042,1.41589784622192,1.46638464927673,1.41285228729248,1.34662270545959,1.33184504508972,1.26993250846863,1.10275602340698,1.07655262947083,1.16133975982666,1.14508676528931,1.12026011943817,1.08934378623962,1.09992301464081,1.22326242923737,1.40707588195801,1.4396561384201,1.4831303358078,1.51962220668793,1.41177403926849,1.34302258491516,1.23825478553772,1.18945682048798,1.13016128540039,1.01594078540802,1.02948462963104,1.03946995735168,1.0438197851181,1.00800836086273,0.98497062921524,0.961572289466858,0.884281158447266,0.84598308801651,0.785699784755707,0.606924891471863,0.597755134105682,0.637404918670654,0.648171842098236,0.649775683879852,0.649773597717285,0.636572599411011,0.663059592247009,0.697526514530182,0.707146644592285,0.630979955196381,0.543217241764069,0.426367610692978,0.433138728141785,0.465789318084717,0.427724242210388,0.372712463140488,0.337791204452515,0.367722928524017,0.392639130353928,0.361521184444427
"19305",1.38237500190735,1.44946479797363,1.56166076660156,1.69160640239716,1.80295407772064,1.83299446105957,1.73249864578247,1.71264910697937,1.74516010284424,1.87620151042938,2.20484948158264,2.2684645652771,2.35874891281128,2.48167157173157,2.67667579650879,2.81601095199585,2.95824337005615,3.05422258377075,2.93627262115479,2.67679405212402,2.35794806480408,2.11966371536255,2.02085113525391,2.02688670158386,1.77919089794159,1.6321576833725,1.55154049396515,1.59721755981445,1.59978151321411,1.70539927482605,1.74553918838501,1.67547345161438,1.62748122215271,1.97681474685669,2.17277669906616,1.9745237827301,1.67505156993866,1.37832260131836,1.309121966362,1.27044701576233,1.21478044986725,1.1160147190094,1.08959543704987,1.05366635322571,1.0488121509552,1.0223560333252,0.991562128067017,0.993858456611633,0.974314570426941,0.89702320098877,0.878055334091187,0.898203194141388,0.891322135925293,0.879324197769165,0.868718206882477,0.886660873889923,0.966167688369751,1.09801840782166,1.10630941390991,1.11454927921295,1.12075865268707,0.985380828380585,0.947820782661438,0.903834939002991,0.893517732620239,0.864234685897827,0.789009690284729,0.80327570438385,0.817561328411102,0.826010346412659,0.811010897159576,0.791476547718048,0.769578397274017,0.708532333374023,0.685564339160919,0.650277614593506,0.534043550491333,0.536246836185455,0.557341933250427,0.570639848709106,0.58098042011261,0.586205542087555,0.580891132354736,0.594130516052246,0.606658279895782,0.599792182445526,0.545221626758575,0.485814034938812,0.395607590675354,0.39254879951477,0.381616532802582,0.354770660400391,0.321067154407501,0.310277700424194,0.334288507699966,0.347213923931122,0.309948444366455
"19306",1.11245572566986,1.15130114555359,1.22618341445923,1.30382966995239,1.36713433265686,1.39074671268463,1.35472416877747,1.37527823448181,1.43453335762024,1.57259607315063,1.8000682592392,1.91096425056458,2.05395460128784,2.21100330352783,2.42352938652039,2.502028465271,2.44946050643921,2.46180486679077,2.35994338989258,2.12969541549683,1.87400591373444,1.73019504547119,1.72821998596191,1.65759181976318,1.47741377353668,1.40806221961975,1.32044386863708,1.40951609611511,1.42532467842102,1.49427080154419,1.53515470027924,1.47814345359802,1.44524216651917,1.80385208129883,1.82952845096588,1.61613273620605,1.45237457752228,1.14525437355042,1.05625903606415,1.01738512516022,0.96339601278305,0.857764065265656,0.836945950984955,0.807571649551392,0.797045171260834,0.784198999404907,0.772082209587097,0.77270233631134,0.759953916072845,0.738025546073914,0.725773513317108,0.735886931419373,0.730966210365295,0.724721848964691,0.724649012088776,0.739859521389008,0.796989679336548,0.871486365795135,0.867380321025848,0.861534833908081,0.85657274723053,0.750705301761627,0.723197817802429,0.698392331600189,0.709263324737549,0.689444661140442,0.639657735824585,0.654538452625275,0.667962491512299,0.675765097141266,0.665726959705353,0.650106430053711,0.632366359233856,0.58754289150238,0.573171615600586,0.551148653030396,0.480365991592407,0.482847690582275,0.500195503234863,0.509526014328003,0.5176842212677,0.522714257240295,0.523806571960449,0.52929961681366,0.530386328697205,0.51514595746994,0.467640966176987,0.424232393503189,0.358940631151199,0.355354845523834,0.333691775798798,0.31312370300293,0.290971100330353,0.291249126195908,0.306023478507996,0.312163829803467,0.268756628036499
"19307",0.939203500747681,0.966665029525757,1.01171135902405,1.0606734752655,1.10339903831482,1.12606287002563,1.12782120704651,1.18878483772278,1.29585492610931,1.47592258453369,1.68999373912811,1.84625828266144,1.98310351371765,2.06123542785645,2.12006783485413,2.11192798614502,2.03417062759399,1.9979875087738,1.90178179740906,1.7043696641922,1.51986074447632,1.43405079841614,1.43571162223816,1.40035963058472,1.33711612224579,1.20639610290527,1.11925876140594,1.24286508560181,1.26276278495789,1.32925486564636,1.36792612075806,1.3335497379303,1.30515396595001,1.61685073375702,1.59251999855042,1.3675457239151,1.23355185985565,0.94255268573761,0.852751135826111,0.812650859355927,0.759786069393158,0.664752781391144,0.656958401203156,0.648431181907654,0.652946054935455,0.645327925682068,0.632750570774078,0.637673377990723,0.633875012397766,0.634836316108704,0.625019371509552,0.632295191287994,0.629416346549988,0.627013683319092,0.630997538566589,0.638320088386536,0.675144791603088,0.717525839805603,0.709461390972137,0.698983073234558,0.689126014709473,0.588875710964203,0.567255735397339,0.555696487426758,0.578451454639435,0.56681752204895,0.541334748268127,0.556795239448547,0.569078266620636,0.574353575706482,0.561801552772522,0.548688471317291,0.5347740650177,0.501412332057953,0.491056114435196,0.47577691078186,0.432338029146194,0.434283494949341,0.453918397426605,0.459498107433319,0.464587777853012,0.468388974666595,0.471648275852203,0.472629308700562,0.4684117436409,0.451544880867004,0.411204755306244,0.37887892127037,0.327889680862427,0.324495524168015,0.303549408912659,0.288760751485825,0.273393958806992,0.275269985198975,0.279392510652542,0.281867146492004,0.238606378436089
"19308",0.819767594337463,0.842309474945068,0.870976150035858,0.906998634338379,0.945670783519745,0.981046199798584,1.02549064159393,1.16370630264282,1.32142722606659,1.51893138885498,1.7576299905777,1.83151602745056,1.8694874048233,1.84275937080383,1.79255270957947,1.76518297195435,1.74996256828308,1.72560513019562,1.63959884643555,1.47444093227386,1.31698703765869,1.22836124897003,1.2384467124939,1.28894114494324,1.23565280437469,1.05535781383514,0.99270111322403,1.12594199180603,1.14808261394501,1.18933010101318,1.24160504341125,1.20757937431335,1.16195321083069,1.44042897224426,1.40327382087708,1.20400893688202,1.07889842987061,0.794494986534119,0.701782941818237,0.672169387340546,0.633542954921722,0.557714283466339,0.555691838264465,0.552632927894592,0.560784816741943,0.556680560112,0.550675630569458,0.556667447090149,0.556231617927551,0.568882882595062,0.558694541454315,0.563554763793945,0.558487951755524,0.552654325962067,0.550584256649017,0.551597654819489,0.582291960716248,0.610677599906921,0.599945306777954,0.586021602153778,0.573568224906921,0.488129198551178,0.471795856952667,0.464231014251709,0.492680072784424,0.486331045627594,0.472008973360062,0.485769361257553,0.495697289705276,0.498923301696777,0.485475361347198,0.473767578601837,0.462200671434402,0.43643182516098,0.428945273160934,0.418559014797211,0.392650127410889,0.394360423088074,0.414183437824249,0.417533904314041,0.42065441608429,0.423254132270813,0.426675915718079,0.425469040870667,0.419219702482224,0.402887493371964,0.370501548051834,0.344129949808121,0.303824871778488,0.301684021949768,0.283972263336182,0.272519409656525,0.260950863361359,0.26116806268692,0.256453424692154,0.256812632083893,0.215954452753067
"19309",0.722965478897095,0.739380836486816,0.764912605285645,0.798697113990784,0.843982100486755,0.909181833267212,1.00122427940369,1.21055114269257,1.33659088611603,1.47298741340637,1.66473054885864,1.6339772939682,1.57539129257202,1.51302766799927,1.48952436447144,1.50108635425568,1.52104997634888,1.54667496681213,1.4346182346344,1.24556648731232,1.0741491317749,0.98357754945755,1.07548451423645,1.16088056564331,1.12987422943115,0.962777137756348,0.894160151481628,1.04783666133881,1.06462478637695,1.08666658401489,1.13183426856995,1.1049313545227,1.06118643283844,1.27523076534271,1.20527160167694,1.07232928276062,0.932646691799164,0.666830658912659,0.588207066059113,0.567606508731842,0.540326714515686,0.484313875436783,0.481559813022614,0.479273587465286,0.489411473274231,0.486004650592804,0.488728642463684,0.495187133550644,0.49586483836174,0.510230183601379,0.498552262783051,0.499101340770721,0.492753356695175,0.486168414354324,0.482716202735901,0.480616360902786,0.502992212772369,0.522680103778839,0.511016368865967,0.496201872825623,0.483790934085846,0.414545029401779,0.403031200170517,0.399784773588181,0.428675502538681,0.424751490354538,0.416765600442886,0.4286789894104,0.43636679649353,0.438396900892258,0.425410807132721,0.415089726448059,0.405578911304474,0.385606825351715,0.380173027515411,0.373317390680313,0.358638823032379,0.360852152109146,0.379998028278351,0.381779909133911,0.383545428514481,0.38503161072731,0.38784322142601,0.385620653629303,0.379085958003998,0.364750146865845,0.337089359760284,0.31650322675705,0.284202963113785,0.281805664300919,0.268089711666107,0.259662002325058,0.250674724578857,0.24829888343811,0.235138699412346,0.232387080788612,0.191942662000656
"19310",1.25391149520874,1.38146924972534,1.48791074752808,1.67370343208313,1.85658657550812,1.76979184150696,1.66935324668884,1.43231201171875,1.38729238510132,1.47176241874695,1.60955739021301,1.7216260433197,1.78927540779114,1.67175698280334,1.54460716247559,1.52510094642639,1.56051504611969,1.54992270469666,1.48223876953125,1.34287059307098,1.20914435386658,1.16977512836456,1.22642397880554,1.21959710121155,1.14195489883423,1.09233045578003,1.07309913635254,1.04382491111755,1.01543378829956,1.04735028743744,1.07081508636475,1.05515146255493,1.02979612350464,1.15109825134277,1.105135679245,1.00193989276886,0.965446829795837,1.02558779716492,1.16550469398499,1.12030935287476,1.0404782295227,0.975717425346375,0.923079550266266,0.88061660528183,0.931493580341339,0.898813247680664,0.868576169013977,0.824052631855011,0.765324115753174,0.942696928977966,0.887896180152893,0.953558087348938,0.914580345153809,0.888911664485931,0.824746608734131,0.770290374755859,0.985494554042816,1.16359603404999,1.08483564853668,1.03750813007355,1.02310657501221,0.98016083240509,0.858062624931335,0.761690735816956,0.785673320293427,0.781559646129608,0.77134907245636,0.768199145793915,0.75626266002655,0.755642056465149,0.702546954154968,0.684281408786774,0.678090453147888,0.621282517910004,0.605879306793213,0.577006220817566,0.532580494880676,0.52706503868103,0.445127040147781,0.433427065610886,0.432527482509613,0.425281405448914,0.427868664264679,0.452024966478348,0.479436904191971,0.492799699306488,0.476187020540237,0.449206441640854,0.448060482740402,0.476851612329483,0.515604794025421,0.484463810920715,0.37554457783699,0.267970502376556,0.217925176024437,0.211586937308311,0.175141215324402
"19311",1.56777834892273,1.66205644607544,1.83775925636292,2.05680847167969,2.20723962783813,2.14378046989441,1.90401768684387,1.53390777111053,1.44418907165527,1.46458530426025,1.65854001045227,1.78994488716125,1.87102508544922,1.77477550506592,1.69877636432648,1.64171743392944,1.64964461326599,1.610844373703,1.57627558708191,1.49031448364258,1.41264057159424,1.38746571540833,1.37778508663177,1.33890664577484,1.2999906539917,1.17876100540161,1.08775556087494,1.03161680698395,1.00188004970551,1.06208562850952,1.04543590545654,1.02175033092499,1.02736794948578,1.11290633678436,1.1422643661499,1.10497784614563,1.14644753932953,1.29104149341583,1.37761926651001,1.32774305343628,1.24699401855469,1.14889967441559,1.09468758106232,1.04262840747833,1.04031896591187,1.01634979248047,0.964152336120605,0.946348428726196,0.918585062026978,1.03794467449188,1.01302564144135,1.12002015113831,1.08076620101929,1.02917456626892,0.988930821418762,0.983323097229004,1.21233820915222,1.43970561027527,1.43927216529846,1.43624293804169,1.4281632900238,1.14381587505341,1.04198682308197,0.955672740936279,0.964950501918793,0.946353673934937,0.929026424884796,0.945478796958923,0.952746629714966,0.952443897724152,0.89638763666153,0.866135776042938,0.83610337972641,0.769145965576172,0.749121367931366,0.720377445220947,0.629179775714874,0.622790575027466,0.481762588024139,0.465585142374039,0.45579269528389,0.457211643457413,0.469014525413513,0.515312492847443,0.564194142818451,0.585264325141907,0.564777910709381,0.536992013454437,0.559478878974915,0.591553330421448,0.629116773605347,0.556029438972473,0.437420159578323,0.283488750457764,0.196480929851532,0.188339799642563,0.167305767536163
"19312",1.33750247955322,1.38562822341919,1.49432849884033,1.61964821815491,1.71155631542206,1.69243347644806,1.55558621883392,1.36397504806519,1.33255171775818,1.38220107555389,1.50016832351685,1.59776258468628,1.63353657722473,1.5801477432251,1.57552969455719,1.56682085990906,1.57809245586395,1.51275861263275,1.48618602752686,1.40415072441101,1.34554529190063,1.37674188613892,1.43780076503754,1.35509884357452,1.26624810695648,1.0442419052124,0.976964950561523,1.02810633182526,1.00877404212952,1.07241082191467,1.06219792366028,1.03277993202209,1.02109670639038,1.10868740081787,1.10839903354645,1.04719638824463,1.02881479263306,1.01557552814484,1.02906131744385,0.999409079551697,0.95223468542099,0.878724575042725,0.851397752761841,0.821198284626007,0.814391851425171,0.803283393383026,0.782364070415497,0.788450837135315,0.785677492618561,0.829475224018097,0.812497496604919,0.856673419475555,0.838321149349213,0.817929983139038,0.810819864273071,0.845857560634613,0.950035631656647,1.09853720664978,1.10317671298981,1.10480666160583,1.09977602958679,0.881607830524445,0.81707751750946,0.773304462432861,0.774433851242065,0.763319492340088,0.737217426300049,0.754993319511414,0.771805703639984,0.780604660511017,0.74847537279129,0.723039448261261,0.696711421012878,0.64772617816925,0.637020289897919,0.620774805545807,0.548397600650787,0.545775711536407,0.42962634563446,0.417538404464722,0.418026059865952,0.433143734931946,0.454530864953995,0.484869241714478,0.511727750301361,0.517341136932373,0.497816026210785,0.484611421823502,0.500483393669128,0.516262292861938,0.513914167881012,0.457592517137527,0.368580281734467,0.248493939638138,0.176385760307312,0.169516995549202,0.160287395119667
"19313",1.18141794204712,1.21909689903259,1.27928137779236,1.34997165203094,1.41243839263916,1.41553139686584,1.34655666351318,1.26248741149902,1.27215790748596,1.32856774330139,1.42607319355011,1.50602960586548,1.53361344337463,1.51041650772095,1.55912733078003,1.59691619873047,1.5791255235672,1.48695337772369,1.4668173789978,1.40587568283081,1.37152814865112,1.40962898731232,1.43274414539337,1.38027155399323,1.23905062675476,0.98972475528717,0.935964226722717,1.02945137023926,1.0199990272522,1.07783567905426,1.08921837806702,1.05695331096649,1.01499152183533,1.09030425548553,1.05504107475281,0.956241250038147,0.901822090148926,0.831106305122375,0.822646677494049,0.8014235496521,0.769508004188538,0.722328543663025,0.707425534725189,0.690247654914856,0.693475484848022,0.688827395439148,0.680919945240021,0.691074430942535,0.690903186798096,0.703421115875244,0.688829064369202,0.711979985237122,0.701523900032043,0.691463351249695,0.695562303066254,0.731162548065186,0.796610414981842,0.896014094352722,0.89769721031189,0.893279314041138,0.88616132736206,0.726891875267029,0.676182568073273,0.647071838378906,0.656996965408325,0.649916887283325,0.623768091201782,0.638867139816284,0.65314257144928,0.660588502883911,0.637042284011841,0.617786586284637,0.598414659500122,0.561576008796692,0.553768217563629,0.542110323905945,0.488436132669449,0.48470875620842,0.390237420797348,0.384734481573105,0.39191535115242,0.41089516878128,0.435298293828964,0.453354150056839,0.466581106185913,0.465856045484543,0.452373743057251,0.445096999406815,0.452298730611801,0.461421132087708,0.442728221416473,0.394561409950256,0.317841410636902,0.216933459043503,0.162941098213196,0.157957464456558,0.155135616660118
"19314",1.05367720127106,1.08022379875183,1.11574864387512,1.16454780101776,1.219646692276,1.23825871944427,1.20808672904968,1.19589734077454,1.24676811695099,1.31377232074738,1.4098494052887,1.45852208137512,1.48495221138,1.48534607887268,1.53776264190674,1.58204436302185,1.58430993556976,1.53004848957062,1.5153124332428,1.46163094043732,1.41099715232849,1.40402269363403,1.41037034988403,1.3929477930069,1.22738027572632,0.9689861536026,0.922383666038513,1.01091063022614,1.00972270965576,1.0467814207077,1.07662844657898,1.04107654094696,0.976306676864624,1.03549110889435,0.965671718120575,0.865445911884308,0.791585683822632,0.696670472621918,0.676589727401733,0.661806702613831,0.64069402217865,0.612847030162811,0.604899883270264,0.596383929252625,0.60217422246933,0.59799063205719,0.592984735965729,0.59764289855957,0.594166219234467,0.604270577430725,0.595133423805237,0.611559748649597,0.608833312988281,0.607301533222198,0.616903245449066,0.637843668460846,0.67337828874588,0.744139313697815,0.74212646484375,0.738236248493195,0.733180165290833,0.609618604183197,0.573547184467316,0.554997503757477,0.565444231033325,0.559297859668732,0.536263585090637,0.550776839256287,0.563569009304047,0.569181263446808,0.549197793006897,0.534255683422089,0.519226372241974,0.49155530333519,0.485731840133667,0.476848185062408,0.43572810292244,0.431505799293518,0.358024537563324,0.35727122426033,0.36727786064148,0.385941058397293,0.408525764942169,0.419577866792679,0.4265938103199,0.425059378147125,0.41676664352417,0.411176294088364,0.410409778356552,0.415483415126801,0.391919553279877,0.349207162857056,0.281447291374207,0.195286259055138,0.153704181313515,0.150087907910347,0.150981143116951
"19315",0.958436608314514,0.97814130783081,1.00546526908875,1.04710280895233,1.09608280658722,1.11766862869263,1.12094366550446,1.1753420829773,1.23173832893372,1.29232501983643,1.38151609897614,1.41855108737946,1.42780351638794,1.42155361175537,1.44649541378021,1.47299373149872,1.50392985343933,1.51382637023926,1.45678901672363,1.34850454330444,1.24581634998322,1.1876175403595,1.23219788074493,1.25703704357147,1.10856652259827,0.88705849647522,0.860928952693939,0.957852959632874,0.966969668865204,0.961799144744873,1.00109791755676,0.958612203598022,0.88030207157135,0.914874970912933,0.843731820583344,0.764958798885345,0.687902867794037,0.586866438388824,0.565335273742676,0.554645955562592,0.540921330451965,0.528544008731842,0.522903561592102,0.516310632228851,0.524028539657593,0.517307162284851,0.520942509174347,0.523360431194305,0.520402371883392,0.541141033172607,0.532557368278503,0.549740850925446,0.546730697154999,0.544348955154419,0.543595731258392,0.545624494552612,0.581758618354797,0.62795090675354,0.621897339820862,0.613284409046173,0.604220032691956,0.501138031482697,0.480115383863449,0.469488710165024,0.491152882575989,0.484982132911682,0.473450988531113,0.486113667488098,0.494628548622131,0.497092932462692,0.479846805334091,0.467782109975815,0.456878274679184,0.435652256011963,0.430319666862488,0.422207891941071,0.389015942811966,0.383678019046783,0.331216990947723,0.334437519311905,0.346034198999405,0.362907737493515,0.381511867046356,0.388633996248245,0.392914324998856,0.391845911741257,0.386873483657837,0.38108503818512,0.374844789505005,0.377887308597565,0.352351874113083,0.313663959503174,0.252645641565323,0.17774561047554,0.146048277616501,0.143934488296509,0.148787051439285
"19316",0.900743663311005,0.915447950363159,0.942895710468292,0.981251120567322,1.02520835399628,1.06203675270081,1.09284281730652,1.18449640274048,1.22473049163818,1.26726508140564,1.37429678440094,1.37804770469666,1.36738681793213,1.3513902425766,1.3579089641571,1.36793386936188,1.41007685661316,1.47130644321442,1.3773341178894,1.22351837158203,1.0908716917038,1.02830374240875,1.08446180820465,1.11250996589661,0.957368195056915,0.765431344509125,0.767288267612457,0.912259936332703,0.943126320838928,0.917604446411133,0.949342906475067,0.89830619096756,0.819944977760315,0.840746283531189,0.786971688270569,0.701899766921997,0.623189747333527,0.517204999923706,0.489310383796692,0.482041031122208,0.472798496484756,0.468314468860626,0.465965241193771,0.463498145341873,0.478241413831711,0.474330425262451,0.474396884441376,0.477538824081421,0.475382387638092,0.493706434965134,0.485409736633301,0.500856161117554,0.496609389781952,0.492328315973282,0.489625811576843,0.488650500774384,0.518916666507721,0.549129366874695,0.539019525051117,0.525453269481659,0.513498604297638,0.43014270067215,0.41492971777916,0.409783393144608,0.439690262079239,0.435047000646591,0.425856709480286,0.436063349246979,0.442546397447586,0.444048911333084,0.427276074886322,0.417083650827408,0.408629328012466,0.391778588294983,0.386423528194427,0.378294825553894,0.349224954843521,0.344299405813217,0.311148971319199,0.316654413938522,0.328194290399551,0.342703402042389,0.357885599136353,0.362822860479355,0.365843892097473,0.365473389625549,0.362510025501251,0.355988502502441,0.345593571662903,0.348167061805725,0.32509657740593,0.288865923881531,0.229221299290657,0.160274669528008,0.140589982271194,0.140959858894348,0.152975216507912
"19317",1.62261080741882,1.68674921989441,1.69119215011597,1.78768181800842,1.91281676292419,1.84546637535095,1.73279273509979,1.73603534698486,1.78743171691895,1.81235909461975,1.92096614837646,1.8966281414032,1.88504528999329,1.80694401264191,1.68189680576324,1.67446804046631,1.91616034507751,2.28199601173401,2.12804746627808,1.88947868347168,1.67038643360138,1.47625195980072,1.32879984378815,1.39943468570709,1.34291696548462,1.09753513336182,1.0368949174881,1.15256190299988,1.24313271045685,1.24917256832123,1.36767590045929,1.34806251525879,1.21665322780609,1.30856502056122,1.20371031761169,1.11382758617401,1.06074118614197,0.944503664970398,0.998471975326538,0.96234267950058,0.911880850791931,0.93455582857132,0.876671075820923,0.820557713508606,0.87577223777771,0.839394807815552,0.896678924560547,0.855404019355774,0.805063307285309,0.860582113265991,0.820416390895844,0.944521903991699,0.901006281375885,0.850059390068054,0.779458165168762,0.722322344779968,0.827724933624268,0.969573020935059,0.938992440700531,0.951546013355255,0.984303176403046,0.986958861351013,0.896884560585022,0.794387757778168,0.766055047512054,0.73211008310318,0.684582948684692,0.675883233547211,0.662914514541626,0.663105487823486,0.625249207019806,0.612259149551392,0.608605206012726,0.563879370689392,0.54761815071106,0.521088063716888,0.468742042779922,0.460691690444946,0.485060393810272,0.48180490732193,0.478083163499832,0.467603862285614,0.473177641630173,0.483364105224609,0.5091472864151,0.535194456577301,0.553515195846558,0.527892649173737,0.530045628547668,0.571046233177185,0.554781854152679,0.503892600536346,0.396175622940063,0.307944685220718,0.275005042552948,0.298094153404236,0.301176160573959
"19318",2.00400829315186,2.08584260940552,2.12368106842041,2.18777942657471,2.21316504478455,2.09477472305298,1.94181036949158,1.92787599563599,1.88790392875671,1.85891032218933,1.99522542953491,1.92804074287415,1.86711382865906,1.79648125171661,1.81375598907471,1.94578266143799,2.19562029838562,2.40518665313721,2.22093892097473,1.91684281826019,1.63440430164337,1.45754194259644,1.42359614372253,1.49453151226044,1.36410140991211,1.09463047981262,1.07439363002777,1.21909356117249,1.28090977668762,1.33906018733978,1.41855478286743,1.41774344444275,1.32484459877014,1.38594949245453,1.32606136798859,1.26107859611511,1.20772635936737,1.15736556053162,1.17182350158691,1.13484954833984,1.08814024925232,1.06417965888977,1.02973639965057,0.992459774017334,1.00066542625427,0.975621163845062,0.987360417842865,0.967886805534363,0.93987238407135,0.987442851066589,0.96806275844574,1.05370044708252,1.00553154945374,0.945066511631012,0.901093423366547,0.883073687553406,1.04391300678253,1.20156073570251,1.2188184261322,1.2391175031662,1.25026726722717,1.03264141082764,0.943303167819977,0.856233954429626,0.855578303337097,0.820869624614716,0.780457854270935,0.790334045886993,0.792218089103699,0.789740741252899,0.756842732429504,0.73602420091629,0.716584920883179,0.662577688694,0.642680108547211,0.615195155143738,0.529803276062012,0.533384084701538,0.596096932888031,0.589812219142914,0.569402992725372,0.555546581745148,0.564159333705902,0.595308899879456,0.621412813663483,0.620527982711792,0.623812556266785,0.576292514801025,0.597980797290802,0.637372672557831,0.618857741355896,0.534739375114441,0.444422215223312,0.384601414203644,0.376589089632034,0.38710954785347,0.36635148525238
"19319",1.73288202285767,1.79221868515015,1.79259264469147,1.79927849769592,1.78830516338348,1.74663710594177,1.67030000686646,1.6905597448349,1.64655268192291,1.61175429821014,1.70738339424133,1.66962814331055,1.64952850341797,1.62683188915253,1.65917456150055,1.72245955467224,1.87349021434784,2.01288509368896,1.87310791015625,1.63155817985535,1.38532173633575,1.22024953365326,1.13660430908203,1.16356408596039,1.08115434646606,1.0205489397049,1.04564332962036,1.17672884464264,1.209956407547,1.23246514797211,1.27605760097504,1.25347590446472,1.1780241727829,1.18784403800964,1.12158238887787,1.04559707641602,0.987195134162903,0.919719815254211,0.922242283821106,0.900204300880432,0.871977686882019,0.854991793632507,0.842733263969421,0.827994704246521,0.828391849994659,0.815784692764282,0.801214098930359,0.802862882614136,0.796530246734619,0.824100852012634,0.802579343318939,0.818483650684357,0.799910068511963,0.779645442962646,0.77346670627594,0.783406436443329,0.918163537979126,1.02258706092834,1.0114518404007,0.995671391487122,0.980395674705505,0.751377642154694,0.692385852336884,0.654198825359344,0.686471283435822,0.673632383346558,0.658683061599731,0.67242968082428,0.679812669754028,0.681169629096985,0.652792930603027,0.633473634719849,0.615495681762695,0.57366144657135,0.560966372489929,0.543610572814941,0.488079518079758,0.495472401380539,0.532240152359009,0.525078117847443,0.517946720123291,0.520187854766846,0.539198338985443,0.549319624900818,0.549113571643829,0.531615138053894,0.519075632095337,0.498801529407501,0.508270800113678,0.526395618915558,0.491373002529144,0.43354344367981,0.371183514595032,0.342546194791794,0.339827001094818,0.343937039375305,0.316391289234161
"19320",1.51029419898987,1.55738067626953,1.54195189476013,1.53775906562805,1.53925681114197,1.53474998474121,1.49756443500519,1.5275411605835,1.50202393531799,1.47267746925354,1.54428458213806,1.53802752494812,1.523521900177,1.48764157295227,1.50677382946014,1.55326652526855,1.69884073734283,1.82939565181732,1.7341228723526,1.54797565937042,1.332683801651,1.17411470413208,1.02231276035309,1.05124032497406,1.04693531990051,0.996775150299072,1.00688707828522,1.14115798473358,1.16871964931488,1.16404557228088,1.20155119895935,1.17102634906769,1.09450447559357,1.07867121696472,1.0131106376648,0.925314724445343,0.8596510887146,0.779613852500916,0.771380543708801,0.757530331611633,0.739821553230286,0.73212319612503,0.726311802864075,0.71931266784668,0.723049342632294,0.712697267532349,0.691080689430237,0.694708228111267,0.690614223480225,0.701612830162048,0.686891317367554,0.695899367332458,0.686779737472534,0.676628530025482,0.673519730567932,0.681086778640747,0.768693327903748,0.857005417346954,0.848087728023529,0.83342319726944,0.819291591644287,0.641712427139282,0.595630586147308,0.567099869251251,0.59074342250824,0.584461987018585,0.575209677219391,0.590565919876099,0.600504755973816,0.603066682815552,0.577740132808685,0.560558915138245,0.543770313262939,0.511064469814301,0.503461480140686,0.492831259965897,0.457511752843857,0.462405979633331,0.483136117458344,0.481667667627335,0.481401652097702,0.485689699649811,0.499580889940262,0.500300943851471,0.493320733308792,0.476928681135178,0.465873122215271,0.452020943164825,0.448325455188751,0.457058042287827,0.425283163785934,0.386128455400467,0.343967795372009,0.321203261613846,0.312887191772461,0.315860569477081,0.292350113391876
"19321",1.30757570266724,1.34325170516968,1.34072160720825,1.34202241897583,1.34321236610413,1.34047639369965,1.32863903045654,1.37486624717712,1.37146973609924,1.33848452568054,1.39943432807922,1.40953016281128,1.39345324039459,1.37034010887146,1.40729248523712,1.45617187023163,1.56466329097748,1.64974915981293,1.56833183765411,1.40906012058258,1.23116827011108,1.10503745079041,1.0129531621933,1.03738832473755,1.02979207038879,0.974849462509155,0.9802086353302,1.0998044013977,1.110267162323,1.11280846595764,1.14386665821075,1.10411190986633,1.01848483085632,1.00803959369659,0.937441408634186,0.825128138065338,0.752373516559601,0.668663442134857,0.655822515487671,0.64538037776947,0.633664608001709,0.6367107629776,0.635060906410217,0.633156538009644,0.637941420078278,0.628269612789154,0.60840904712677,0.612050175666809,0.608309805393219,0.613695442676544,0.602850019931793,0.610864102840424,0.604312539100647,0.597635507583618,0.595598042011261,0.605443477630615,0.664119839668274,0.729631066322327,0.721599221229553,0.708490252494812,0.696213960647583,0.557919383049011,0.522775411605835,0.503231227397919,0.522303223609924,0.518660962581635,0.51084303855896,0.525097548961639,0.535142779350281,0.537987351417542,0.516261577606201,0.501304924488068,0.486669182777405,0.46077635884285,0.45564267039299,0.448418647050858,0.42487296462059,0.42805752158165,0.44267338514328,0.444027781486511,0.44660159945488,0.450823038816452,0.459729075431824,0.45683628320694,0.448498785495758,0.434897720813751,0.425655514001846,0.413934767246246,0.405248314142227,0.409561187028885,0.382148623466492,0.355111688375473,0.324680298566818,0.304919689893723,0.2945576608181,0.296610653400421,0.273862957954407
"19322",1.14824843406677,1.1719479560852,1.19099617004395,1.20670783519745,1.20418882369995,1.20107567310333,1.19986867904663,1.26337254047394,1.23902487754822,1.2133321762085,1.30252861976624,1.28317165374756,1.2652291059494,1.25627708435059,1.28638648986816,1.33683943748474,1.39424049854279,1.4567631483078,1.33490395545959,1.14712882041931,0.98593544960022,0.907382249832153,0.957659602165222,0.99500972032547,0.972864210605621,0.90838897228241,0.907833099365234,1.03173208236694,1.05032336711884,1.05457270145416,1.0816205739975,1.02709805965424,0.931789219379425,0.909025013446808,0.836607217788696,0.735207617282867,0.656219780445099,0.574165463447571,0.5604327917099,0.554279744625092,0.54826807975769,0.560009062290192,0.560672640800476,0.561326146125793,0.569161176681519,0.562622845172882,0.542178452014923,0.545933663845062,0.54296487569809,0.544932842254639,0.53551059961319,0.5406853556633,0.536603212356567,0.533446788787842,0.533733546733856,0.540394425392151,0.583578169345856,0.629887580871582,0.620832204818726,0.607581257820129,0.595489025115967,0.482031762599945,0.455892205238342,0.444249868392944,0.468295395374298,0.465056598186493,0.458491027355194,0.471070051193237,0.480002731084824,0.482496798038483,0.46374499797821,0.450900197029114,0.438764423131943,0.417841970920563,0.413663506507874,0.408058613538742,0.392013818025589,0.394417941570282,0.407596051692963,0.41002744436264,0.413188487291336,0.41652449965477,0.422388553619385,0.418950438499451,0.411635935306549,0.400993496179581,0.392837584018707,0.38276281952858,0.371881365776062,0.374215126037598,0.353898793458939,0.334634602069855,0.310700505971909,0.291268229484558,0.277274757623672,0.277891486883163,0.254073053598404
"19323",1.05501461029053,1.07224786281586,1.10350656509399,1.1211873292923,1.11362028121948,1.11221599578857,1.1110303401947,1.17077934741974,1.14621126651764,1.13111329078674,1.21790623664856,1.20347726345062,1.18788349628448,1.17641043663025,1.19477939605713,1.21205115318298,1.23085975646973,1.27157557010651,1.15757656097412,0.989712715148926,0.859410405158997,0.819192111492157,0.913429021835327,0.932917356491089,0.888601303100586,0.82149463891983,0.826702117919922,0.970225691795349,1.00398421287537,1.01188600063324,1.04175424575806,0.986330449581146,0.89162403345108,0.85558944940567,0.788055539131165,0.68176007270813,0.599426805973053,0.509085714817047,0.487361431121826,0.483483135700226,0.479757964611053,0.494761347770691,0.496407061815262,0.498772203922272,0.512936472892761,0.508715689182281,0.488156646490097,0.492414563894272,0.49084135890007,0.488199889659882,0.48055163025856,0.484030216932297,0.481546431779861,0.479909151792526,0.480834990739822,0.484832793474197,0.511732518672943,0.545512557029724,0.537227869033813,0.525467395782471,0.51466566324234,0.424179673194885,0.40427964925766,0.39632573723793,0.419873803853989,0.417758643627167,0.411011338233948,0.422621101140976,0.431299120187759,0.433717608451843,0.41885644197464,0.40807831287384,0.397757560014725,0.380436450242996,0.377147734165192,0.372911125421524,0.361797153949738,0.363995045423508,0.376992076635361,0.379637598991394,0.382530868053436,0.385062426328659,0.389450073242188,0.386782646179199,0.381311565637589,0.373276919126511,0.366157114505768,0.357333987951279,0.346435487270355,0.347846895456314,0.333566963672638,0.319145768880844,0.299543470144272,0.278995305299759,0.259732097387314,0.258837938308716,0.235009431838989
"19324",1.91779255867004,2.0554461479187,2.02372121810913,2.08775925636292,2.11106944084167,1.98456311225891,1.89159250259399,1.96624493598938,1.83047842979431,1.70597147941589,1.84735894203186,1.77844214439392,1.6782820224762,1.58747053146362,1.57361578941345,1.60602223873138,1.80210423469543,2.15555477142334,2.09230709075928,1.90709686279297,1.61155438423157,1.38785994052887,1.25959026813507,1.28951382637024,1.17226326465607,1.06660461425781,1.05164861679077,1.21814727783203,1.28028535842896,1.40103435516357,1.52746438980103,1.50510692596436,1.24804425239563,1.28604865074158,1.23004138469696,1.11751461029053,1.09123516082764,0.977189660072327,1.05504333972931,0.970278024673462,0.873219549655914,0.899606585502625,0.840706825256348,0.793664753437042,0.894188046455383,0.857555270195007,0.88348126411438,0.826362192630768,0.751223862171173,0.853308856487274,0.813583672046661,0.962198734283447,0.894914865493774,0.831232786178589,0.74683940410614,0.685808658599854,0.803382575511932,0.970776557922363,0.940010368824005,0.941812515258789,0.958497941493988,0.910220086574554,0.847885727882385,0.783136069774628,0.858625948429108,0.836578845977783,0.860172390937805,0.834041655063629,0.801068663597107,0.797783255577087,0.724702954292297,0.701504707336426,0.691569805145264,0.60851263999939,0.577727437019348,0.530390858650208,0.45966649055481,0.461209714412689,0.550267219543457,0.524697780609131,0.512711644172668,0.50825572013855,0.519679248332977,0.521885871887207,0.54054868221283,0.562142431735992,0.577780544757843,0.570254921913147,0.604695618152618,0.649475514888763,0.663765966892242,0.620878219604492,0.499671667814255,0.418611139059067,0.391068428754807,0.42445108294487,0.406593263149261
"19325",2.35470819473267,2.48738813400269,2.55803728103638,2.59380650520325,2.51813554763794,2.34688663482666,2.18650984764099,2.19814085960388,2.0496244430542,1.90931963920593,1.99762690067291,1.86617851257324,1.71171808242798,1.65465319156647,1.75092101097107,1.95859634876251,2.26762199401855,2.56716275215149,2.37272500991821,2.03687906265259,1.68357872962952,1.44667541980743,1.33029365539551,1.32624757289886,1.22909343242645,1.12580668926239,1.16205012798309,1.35405349731445,1.39597368240356,1.53437113761902,1.62366127967834,1.49868655204773,1.32084441184998,1.42657506465912,1.38609838485718,1.30821287631989,1.26951694488525,1.20023918151855,1.22814869880676,1.16098964214325,1.07794034481049,1.02678871154785,0.995628297328949,0.962975263595581,1.01258218288422,0.969461262226105,0.949083387851715,0.925998747348785,0.898829102516174,0.994369685649872,0.971771061420441,1.07844138145447,1.01814460754395,0.944423198699951,0.890888452529907,0.870286643505096,1.04734075069427,1.23435819149017,1.24602341651917,1.25817251205444,1.26406943798065,1.04052150249481,0.972099840641022,0.914299428462982,1.05667173862457,1.01796519756317,1.04106688499451,1.04065334796906,1.03514850139618,1.02928125858307,0.945509314537048,0.897952973842621,0.853991746902466,0.738558888435364,0.697390198707581,0.642860233783722,0.523788154125214,0.537298679351807,0.642571806907654,0.628924667835236,0.613874614238739,0.612741708755493,0.623212575912476,0.649569094181061,0.677950918674469,0.69279146194458,0.716446459293365,0.692553281784058,0.740390479564667,0.793979048728943,0.811088800430298,0.716999709606171,0.598886132240295,0.507229804992676,0.499695092439651,0.519302606582642,0.501503527164459
"19326",1.93221879005432,2.00611662864685,2.04651498794556,2.01807880401611,1.9250476360321,1.81746649742126,1.71189284324646,1.71029424667358,1.59995663166046,1.50075030326843,1.54466331005096,1.484708070755,1.46561813354492,1.49983322620392,1.58140420913696,1.66352200508118,1.75639271736145,1.87932121753693,1.67819285392761,1.38190996646881,1.13851749897003,1.0371208190918,1.03617167472839,1.026207447052,1.02533006668091,1.00433480739594,1.03925740718842,1.1671621799469,1.1986768245697,1.25007200241089,1.30357980728149,1.22953987121582,1.13884472846985,1.20415997505188,1.16586434841156,1.0884200334549,1.02303075790405,0.939794063568115,0.933635711669922,0.901892066001892,0.861834824085236,0.831176161766052,0.816533863544464,0.800322592258453,0.808130383491516,0.790833353996277,0.774519205093384,0.77705329656601,0.776124477386475,0.81877464056015,0.796857595443726,0.816228449344635,0.796712160110474,0.780218720436096,0.780214726924896,0.796324729919434,0.936858832836151,1.03954136371613,1.02686488628387,1.00862503051758,0.990785777568817,0.781501531600952,0.740705728530884,0.724215090274811,0.842463195323944,0.823602020740509,0.841882348060608,0.849213600158691,0.85248076915741,0.852048218250275,0.79594475030899,0.753824532032013,0.714686512947083,0.623642802238464,0.597529113292694,0.565848588943481,0.492556095123291,0.506432294845581,0.569348871707916,0.56771457195282,0.569807708263397,0.578926205635071,0.593366622924805,0.606825649738312,0.616228640079498,0.615063488483429,0.622891843318939,0.607730984687805,0.636425971984863,0.664387226104736,0.660349130630493,0.599258661270142,0.521044552326202,0.466898620128632,0.4583880007267,0.462484985589981,0.421912044286728
"19327",1.61756587028503,1.66307854652405,1.64935433864594,1.60217547416687,1.53321504592896,1.45778548717499,1.37902045249939,1.3732043504715,1.30608034133911,1.26125550270081,1.31973099708557,1.30314600467682,1.31030309200287,1.30499041080475,1.310870885849,1.32074368000031,1.34553170204163,1.39601218700409,1.25713050365448,1.0545369386673,0.90239679813385,0.865010440349579,0.909678995609283,0.908929884433746,0.915544867515564,0.887140274047852,0.919336080551147,1.03860223293304,1.06049430370331,1.09058749675751,1.12856185436249,1.07686221599579,0.996717989444733,1.03782224655151,0.996527969837189,0.916510581970215,0.848020255565643,0.767956972122192,0.75713723897934,0.740032613277435,0.719096064567566,0.709487974643707,0.702347695827484,0.695013582706451,0.702988088130951,0.694036543369293,0.681714415550232,0.684637665748596,0.681856751441956,0.691974878311157,0.678303182125092,0.694293856620789,0.691809356212616,0.694366157054901,0.703558206558228,0.716370582580566,0.805040955543518,0.864262640476227,0.845324754714966,0.820079684257507,0.797418713569641,0.64590060710907,0.622428774833679,0.618093907833099,0.708610475063324,0.694860339164734,0.705242097377777,0.713288724422455,0.716868162155151,0.716818749904633,0.674835562705994,0.641924321651459,0.611466228961945,0.543721914291382,0.527750194072723,0.509920239448547,0.468137741088867,0.478206604719162,0.524256646633148,0.528363764286041,0.535700023174286,0.54481714963913,0.557120800018311,0.559478104114532,0.557561337947845,0.549646377563477,0.554850816726685,0.543928205966949,0.562591075897217,0.580685675144196,0.569181859493256,0.52698689699173,0.473466873168945,0.433814287185669,0.408662766218185,0.406162321567535,0.356380015611649
"19328",1.37005972862244,1.40097594261169,1.37036657333374,1.32748794555664,1.28285670280457,1.23080122470856,1.17779624462128,1.18078827857971,1.1522604227066,1.13740432262421,1.1990681886673,1.17396008968353,1.16451525688171,1.12670385837555,1.11333835124969,1.12025034427643,1.14958739280701,1.1850448846817,1.10181272029877,0.967741668224335,0.8561150431633,0.819302499294281,0.847991704940796,0.848730146884918,0.831775546073914,0.812295138835907,0.837788641452789,0.942791104316711,0.955886244773865,0.970028162002563,1.0014431476593,0.948015332221985,0.869450688362122,0.89537513256073,0.849346697330475,0.777828395366669,0.716420829296112,0.646648287773132,0.637540936470032,0.628345549106598,0.618551194667816,0.625369429588318,0.623242974281311,0.621480345726013,0.632854580879211,0.624789953231812,0.608296751976013,0.609715580940247,0.60493016242981,0.607447862625122,0.599724531173706,0.620471358299255,0.621058225631714,0.624645829200745,0.62988942861557,0.634888529777527,0.685613751411438,0.724636137485504,0.708188831806183,0.686839401721954,0.66829115152359,0.559242844581604,0.542385160923004,0.539227485656738,0.603617489337921,0.59556245803833,0.599234998226166,0.609690189361572,0.615491211414337,0.616169214248657,0.583259165287018,0.558263897895813,0.533717751502991,0.48541909456253,0.476885139942169,0.467522621154785,0.442369848489761,0.44919490814209,0.490281105041504,0.495583355426788,0.501743018627167,0.507126808166504,0.515431582927704,0.512297987937927,0.505727767944336,0.49648728966713,0.500699043273926,0.492486596107483,0.505918502807617,0.518434703350067,0.507647037506104,0.478324502706528,0.439716458320618,0.399157553911209,0.360960960388184,0.356309741735458,0.317512989044189
"19329",1.18182778358459,1.20410919189453,1.17569470405579,1.14547657966614,1.12080717086792,1.08304738998413,1.05082023143768,1.06618559360504,1.06057703495026,1.05364048480988,1.11099302768707,1.07240045070648,1.04113185405731,0.994735777378082,0.993815839290619,1.00785171985626,1.0383825302124,1.08160746097565,1.01118004322052,0.901064395904541,0.806449472904205,0.76626181602478,0.775741696357727,0.779042661190033,0.753985643386841,0.747741997241974,0.758304059505463,0.850752949714661,0.863230407238007,0.852213621139526,0.877410173416138,0.821732461452484,0.748515784740448,0.751588940620422,0.712468326091766,0.657985150814056,0.60615861415863,0.555607616901398,0.553330779075623,0.549873650074005,0.548493087291718,0.569438695907593,0.569013476371765,0.568416357040405,0.576798558235168,0.566960394382477,0.549761414527893,0.549934148788452,0.544487118721008,0.550518035888672,0.544642686843872,0.565892517566681,0.564599454402924,0.56452226638794,0.565097510814667,0.56531286239624,0.59705924987793,0.624735057353973,0.611060678958893,0.594236314296722,0.580187320709229,0.496164053678513,0.483721494674683,0.482057243585587,0.530998229980469,0.525579631328583,0.52637642621994,0.536517560482025,0.542445540428162,0.543321967124939,0.516362190246582,0.497074604034424,0.478216975927353,0.443548560142517,0.438307970762253,0.432637572288513,0.41717204451561,0.422173291444778,0.459784090518951,0.464169651269913,0.467994689941406,0.470173090696335,0.475271970033646,0.470644444227219,0.463450193405151,0.454993963241577,0.457726389169693,0.451712250709534,0.462739259004593,0.471691429615021,0.462104111909866,0.438759475946426,0.404777586460114,0.358619779348373,0.318513602018356,0.314899623394012,0.290397107601166
"19330",1.03965866565704,1.05320835113525,1.03307247161865,1.01810097694397,1.00789666175842,0.984399199485779,0.962744116783142,0.99330997467041,0.981675326824188,0.971007108688354,1.00865828990936,0.972324252128601,0.931067585945129,0.900017321109772,0.906666934490204,0.912503838539124,0.933546423912048,0.969831705093384,0.904915511608124,0.803833246231079,0.714822769165039,0.675968766212463,0.6883185505867,0.698635995388031,0.677913546562195,0.675162374973297,0.686596035957336,0.760872721672058,0.769800424575806,0.737479269504547,0.759099006652832,0.705219686031342,0.642326533794403,0.628873527050018,0.597809851169586,0.552456021308899,0.512666523456573,0.485456138849258,0.487577766180038,0.490384370088577,0.496604561805725,0.523520290851593,0.523377299308777,0.521240532398224,0.519873261451721,0.510286748409271,0.492055773735046,0.493906587362289,0.490794837474823,0.498828828334808,0.494653046131134,0.510486602783203,0.508789241313934,0.507242858409882,0.505361557006836,0.502378821372986,0.518147468566895,0.535912871360779,0.524260580539703,0.509855031967163,0.498070329427719,0.438600063323975,0.432021856307983,0.432829737663269,0.467401742935181,0.463943779468536,0.462275296449661,0.471992909908295,0.478080898523331,0.478911370038986,0.459098190069199,0.444546431303024,0.430320173501968,0.405261337757111,0.401948481798172,0.398744314908981,0.390945315361023,0.395626604557037,0.430075794458389,0.432643890380859,0.434083670377731,0.433874994516373,0.436580896377563,0.43191134929657,0.425486922264099,0.418464511632919,0.420664697885513,0.416968911886215,0.426867187023163,0.432461649179459,0.421291649341583,0.398670077323914,0.362866401672363,0.311943680047989,0.281014710664749,0.280876606702805,0.269983142614365
"19331",1.70130610466003,1.85623145103455,1.64770984649658,1.6410083770752,1.83346688747406,2.11570119857788,1.97481679916382,1.634840965271,1.68615531921387,1.82239246368408,1.64877164363861,1.58153939247131,1.52901864051819,1.5377950668335,1.51411247253418,1.45843529701233,1.58368170261383,1.76348066329956,1.66188049316406,1.5051017999649,1.36581385135651,1.29299926757812,1.10803091526031,1.06640160083771,1.00637483596802,0.900719165802002,0.801911234855652,0.889352142810822,0.916836261749268,1.00298857688904,1.06080722808838,1.03315186500549,0.93767637014389,0.995682001113892,0.947448134422302,0.865890741348267,0.869079768657684,0.841346442699432,0.887383699417114,0.863705217838287,0.834508657455444,0.850878715515137,0.81302148103714,0.791596293449402,0.837886929512024,0.825910806655884,0.843235313892365,0.82105165719986,0.778219819068909,0.773001730442047,0.753713726997375,0.849925875663757,0.810634970664978,0.761062264442444,0.703838586807251,0.677026271820068,0.771072447299957,0.902915894985199,0.893251240253448,0.904599249362946,0.911480724811554,0.872977614402771,0.788900911808014,0.734501838684082,0.811432123184204,0.811733663082123,0.784782290458679,0.780161559581757,0.752087414264679,0.72199136018753,0.642017602920532,0.644869267940521,0.646704316139221,0.647343277931213,0.650709450244904,0.63921332359314,0.619801342487335,0.607925653457642,0.591439664363861,0.553462445735931,0.52834951877594,0.507136344909668,0.493927419185638,0.504123389720917,0.526311874389648,0.531732320785522,0.498804241418839,0.48194345831871,0.469094961881638,0.483708888292313,0.474555611610413,0.444330275058746,0.391208052635193,0.336783438920975,0.292975068092346,0.294327527284622,0.287413656711578
"19332",1.9628187417984,2.05628156661987,1.93327450752258,1.99073612689972,2.35607862472534,2.66398310661316,2.5665979385376,2.32529783248901,2.29726195335388,2.31740236282349,2.22915410995483,2.09348583221436,1.95059716701508,1.84356570243835,1.93334877490997,2.06230521202087,2.2110104560852,2.27654457092285,2.21391940116882,2.06368827819824,1.88802099227905,1.72756838798523,1.35664892196655,1.33716177940369,1.1876802444458,0.963276326656342,0.934635937213898,1.06993615627289,1.06312799453735,1.20768213272095,1.24713027477264,1.19153618812561,1.10096740722656,1.16501665115356,1.1572470664978,1.09102475643158,1.0772477388382,1.07402324676514,1.10827302932739,1.08152103424072,1.04285526275635,1.00038969516754,0.976023316383362,0.957843244075775,0.984652817249298,0.977391362190247,0.959669232368469,0.951322317123413,0.91985672712326,0.865543007850647,0.858894228935242,0.966183364391327,0.934056639671326,0.88481616973877,0.852351188659668,0.868130326271057,1.0135338306427,1.19135546684265,1.20769715309143,1.22332680225372,1.22776877880096,1.01750731468201,0.964916527271271,0.935466110706329,1.02488672733307,0.993285894393921,0.953938126564026,0.948049068450928,0.923967957496643,0.903305947780609,0.817267000675201,0.802059650421143,0.795820236206055,0.793606281280518,0.78699141740799,0.777744770050049,0.748814344406128,0.741304993629456,0.688890397548676,0.649454534053802,0.602535784244537,0.567826747894287,0.553612649440765,0.586515307426453,0.614474177360535,0.602796673774719,0.550620913505554,0.504267454147339,0.481592416763306,0.495161354541779,0.483187735080719,0.440953016281128,0.388035863637924,0.339611649513245,0.311889350414276,0.314649730920792,0.306229561567307
"19333",1.61656248569489,1.63609266281128,1.64267420768738,1.76625847816467,1.97989475727081,2.08635234832764,2.0580472946167,2.02213907241821,1.94130551815033,1.88779878616333,1.87866318225861,1.78769302368164,1.70442724227905,1.66387546062469,1.80420207977295,1.98504137992859,2.06467747688293,2.00826621055603,1.93926334381104,1.75822532176971,1.53941965103149,1.34357118606567,1.1099761724472,1.10999751091003,1.01286792755127,0.88183057308197,0.860927402973175,0.963123381137848,0.969600439071655,1.03574120998383,1.06892693042755,1.02359557151794,0.972303152084351,1.03065133094788,1.02682757377625,0.96154260635376,0.93458491563797,0.908995032310486,0.917332291603088,0.903139591217041,0.882892072200775,0.862392365932465,0.849957406520844,0.833487212657928,0.825275182723999,0.803781151771545,0.773518025875092,0.763763189315796,0.745116770267487,0.735855042934418,0.729949712753296,0.761714339256287,0.754628658294678,0.748374462127686,0.753252625465393,0.791207253932953,0.903939187526703,1.00988054275513,1.00313341617584,0.992510795593262,0.980440855026245,0.813277840614319,0.787725925445557,0.780168056488037,0.826225936412811,0.803698003292084,0.773306608200073,0.781863212585449,0.782211661338806,0.777859628200531,0.732187867164612,0.715233504772186,0.69946938753128,0.687148571014404,0.687608361244202,0.686791241168976,0.659971654415131,0.656988978385925,0.606954097747803,0.582691490650177,0.557483911514282,0.542111575603485,0.538182497024536,0.550385773181915,0.551232218742371,0.526855409145355,0.486196041107178,0.456426620483398,0.439679890871048,0.445985913276672,0.424134969711304,0.388999313116074,0.343432605266571,0.305737346410751,0.294812083244324,0.298578768968582,0.28795924782753
"19334",1.43467450141907,1.44328188896179,1.50518608093262,1.60530734062195,1.69663619995117,1.73698210716248,1.70847105979919,1.69822382926941,1.62724876403809,1.57405924797058,1.60707902908325,1.57766282558441,1.55748665332794,1.55633068084717,1.65658473968506,1.77772724628448,1.81725215911865,1.75744318962097,1.65997338294983,1.45958054065704,1.24133932590485,1.08523428440094,0.964962780475616,0.96237462759018,0.903829276561737,0.788332223892212,0.774960875511169,0.861221969127655,0.866851925849915,0.911518394947052,0.940067887306213,0.914675831794739,0.880195260047913,0.944383502006531,0.929844379425049,0.86210823059082,0.823980093002319,0.784263730049133,0.780867338180542,0.772493243217468,0.760909974575043,0.751445472240448,0.740702033042908,0.723216891288757,0.695816278457642,0.676962196826935,0.6465944647789,0.648530900478363,0.646100223064423,0.647144854068756,0.644601166248322,0.663258492946625,0.668840885162354,0.679664015769958,0.694917976856232,0.72431093454361,0.790748238563538,0.844095408916473,0.829942107200623,0.811477780342102,0.794951319694519,0.674101769924164,0.659064173698425,0.657192647457123,0.689037501811981,0.679486572742462,0.654647529125214,0.66763436794281,0.67566990852356,0.676178157329559,0.65126895904541,0.638864696025848,0.627100050449371,0.61425369977951,0.613813519477844,0.612248599529266,0.592862784862518,0.590645372867584,0.543529391288757,0.528799116611481,0.516111671924591,0.509251594543457,0.507380127906799,0.505152106285095,0.492430716753006,0.46549391746521,0.43544140458107,0.415684908628464,0.400762736797333,0.40392079949379,0.379047453403473,0.348688781261444,0.310627609491348,0.282262057065964,0.276889592409134,0.280204653739929,0.268502235412598
"19335",1.29370045661926,1.30307769775391,1.36430716514587,1.42881035804749,1.4633754491806,1.46208095550537,1.43095517158508,1.43057799339294,1.39022827148438,1.37811994552612,1.43124651908875,1.41813623905182,1.4058438539505,1.38971590995789,1.47486245632172,1.5384521484375,1.54294419288635,1.49872875213623,1.39880037307739,1.21753513813019,1.04182207584381,0.936821222305298,0.881453037261963,0.86258339881897,0.795509576797485,0.695286929607391,0.694803178310394,0.767107009887695,0.772461533546448,0.797950267791748,0.82393217086792,0.812117457389832,0.787349343299866,0.84688925743103,0.825172603130341,0.771411299705505,0.732111155986786,0.685176312923431,0.678049385547638,0.672399044036865,0.664716303348541,0.658609330654144,0.647120177745819,0.629478812217712,0.598688185214996,0.587940037250519,0.570976138114929,0.57690817117691,0.579820990562439,0.58565491437912,0.584973216056824,0.605399429798126,0.612801194190979,0.623749613761902,0.635883152484894,0.651068091392517,0.681824743747711,0.710297107696533,0.697280466556549,0.680866420269012,0.667085111141205,0.582986772060394,0.573178648948669,0.573534429073334,0.597015976905823,0.591706991195679,0.573593497276306,0.586095809936523,0.595325708389282,0.597360551357269,0.581706345081329,0.572478234767914,0.563827276229858,0.55275171995163,0.551827609539032,0.550058841705322,0.536426901817322,0.533960938453674,0.493123888969421,0.484205633401871,0.477276563644409,0.472065299749374,0.46722999215126,0.456964612007141,0.438448280096054,0.413372248411179,0.39351424574852,0.379311740398407,0.365387678146362,0.365924924612045,0.338150769472122,0.312623411417007,0.282999336719513,0.263117134571075,0.259559482336044,0.262120187282562,0.250230997800827
"19336",1.17252111434937,1.18645799160004,1.22874677181244,1.25807356834412,1.2625617980957,1.24764633178711,1.21855747699738,1.24149632453918,1.22401285171509,1.21843338012695,1.28438091278076,1.26734864711761,1.23489010334015,1.20177888870239,1.23912751674652,1.26643681526184,1.27177309989929,1.26314616203308,1.17996728420258,1.03342652320862,0.898092329502106,0.822757244110107,0.768211960792542,0.764134407043457,0.69160133600235,0.614516317844391,0.619274497032166,0.68091344833374,0.692450165748596,0.712313890457153,0.737447798252106,0.728197932243347,0.70622968673706,0.761765360832214,0.743405759334564,0.698269009590149,0.663302659988403,0.613869667053223,0.603631496429443,0.598893046379089,0.592056453227997,0.584314942359924,0.574592113494873,0.559874296188354,0.53755110502243,0.531286418437958,0.522247612476349,0.527435600757599,0.530105173587799,0.541795432567596,0.541283965110779,0.563098907470703,0.566843867301941,0.571901202201843,0.576648771762848,0.579328119754791,0.593276977539062,0.612762212753296,0.602738201618195,0.589893937110901,0.579095482826233,0.520023763179779,0.513679385185242,0.514646172523499,0.532213628292084,0.528458893299103,0.514963328838348,0.526591598987579,0.534721076488495,0.53665429353714,0.52432519197464,0.517005383968353,0.510390818119049,0.501498341560364,0.50042986869812,0.498636782169342,0.488267779350281,0.485674798488617,0.453079998493195,0.44719797372818,0.441651672124863,0.434805363416672,0.425900787115097,0.41259303689003,0.393647015094757,0.372794151306152,0.359763473272324,0.348446130752563,0.332661300897598,0.332310706377029,0.306096822023392,0.285394608974457,0.261558324098587,0.246817246079445,0.243558958172798,0.245536848902702,0.23371659219265
"19337",1.06831705570221,1.08436059951782,1.09156799316406,1.09322953224182,1.09422242641449,1.08865809440613,1.06035447120667,1.09677386283875,1.06453669071198,1.04064297676086,1.10180151462555,1.04730606079102,0.994238972663879,0.969057559967041,0.992540061473846,1.00873172283173,1.0283362865448,1.05171895027161,0.958022594451904,0.816087126731873,0.698996007442474,0.639005780220032,0.62534236907959,0.630755007266998,0.574447095394135,0.523841261863708,0.533196330070496,0.60468202829361,0.622976779937744,0.645088076591492,0.668204367160797,0.657922983169556,0.634457886219025,0.67833137512207,0.666829645633698,0.637316346168518,0.605793416500092,0.554809749126434,0.539557576179504,0.535939574241638,0.530552744865417,0.520570397377014,0.513535797595978,0.502877175807953,0.486156731843948,0.482063621282578,0.476348668336868,0.482729077339172,0.487398564815521,0.501767635345459,0.500582754611969,0.514962136745453,0.515683710575104,0.516438066959381,0.5163294672966,0.514315605163574,0.517266571521759,0.53070855140686,0.523131489753723,0.513277351856232,0.505172789096832,0.465990483760834,0.461653500795364,0.462069123983383,0.47533255815506,0.473345667123795,0.461377829313278,0.472580403089523,0.480621635913849,0.482701331377029,0.473857164382935,0.468073070049286,0.462796181440353,0.455672770738602,0.454722940921783,0.453175961971283,0.445025324821472,0.442844182252884,0.418495029211044,0.413680404424667,0.407750010490417,0.399215042591095,0.388174802064896,0.37585037946701,0.359660089015961,0.342891186475754,0.332062035799026,0.321304827928543,0.303448647260666,0.302765160799026,0.280831873416901,0.263257533311844,0.243405699729919,0.231638252735138,0.227401554584503,0.228430047631264,0.21715672314167
"19338",1.00646686553955,1.0224746465683,1.0152268409729,1.00498044490814,1.01235055923462,1.05740213394165,1.14388692378998,1.4536566734314,1.63668441772461,1.68570590019226,1.60954141616821,1.672691822052,1.65778005123138,1.59533941745758,1.39088606834412,1.34259784221649,1.31853044033051,1.23579490184784,1.09883832931519,0.866568267345428,0.653486013412476,0.541448295116425,0.523699462413788,0.528537750244141,0.502283811569214,0.484689772129059,0.500794410705566,0.57562792301178,0.592162370681763,0.629463613033295,0.656543076038361,0.710413813591003,0.776566743850708,1.06539559364319,1.01552617549896,0.944600999355316,0.932237029075623,0.881255447864532,0.93496435880661,0.891081154346466,0.837481260299683,0.859072029590607,0.814737617969513,0.769024133682251,0.813378572463989,0.785008549690247,0.776380777359009,0.75130707025528,0.720956683158875,0.740214169025421,0.720904171466827,0.809086620807648,0.772347927093506,0.737281620502472,0.692460775375366,0.6613889336586,0.72859525680542,0.831163883209229,0.807775974273682,0.801680088043213,0.803038239479065,0.79132753610611,0.73213666677475,0.690048933029175,0.738676428794861,0.74406623840332,0.729887247085571,0.711138963699341,0.678648889064789,0.664952754974365,0.607458710670471,0.598023295402527,0.596980333328247,0.59311181306839,0.597186207771301,0.59522557258606,0.58448976278305,0.571168899536133,0.515514254570007,0.494591116905212,0.481941819190979,0.470926761627197,0.443879514932632,0.405900090932846,0.367487996816635,0.336781114339828,0.312274515628815,0.299797207117081,0.281044989824295,0.280502259731293,0.261607080698013,0.246757164597511,0.229843363165855,0.218826025724411,0.213057026267052,0.213541999459267,0.20342943072319
"19339",0.933324217796326,0.947885990142822,0.934716820716858,0.914636135101318,0.950332641601562,1.10100102424622,1.33980870246887,1.83727931976318,1.96388280391693,2.0117564201355,2.1218159198761,2.03739452362061,1.86631560325623,1.6388111114502,1.48240232467651,1.41280353069305,1.39448714256287,1.3919392824173,1.20202946662903,0.90358030796051,0.634162187576294,0.484618782997131,0.463201314210892,0.471526443958282,0.475580722093582,0.47068864107132,0.48910927772522,0.579573512077332,0.595422983169556,0.701424837112427,0.739030480384827,0.841648101806641,0.906659245491028,1.19094479084015,1.17003870010376,1.15043938159943,1.13581478595734,1.10327196121216,1.12103509902954,1.09136629104614,1.05448925495148,1.01402282714844,0.988377630710602,0.955540180206299,0.935780584812164,0.904153943061829,0.876842558383942,0.86165714263916,0.842347979545593,0.860974967479706,0.851323843002319,0.907477617263794,0.880060911178589,0.845847010612488,0.8244389295578,0.826192796230316,0.945255517959595,1.05228841304779,1.05406737327576,1.05225455760956,1.04557144641876,0.892610967159271,0.851751327514648,0.825064897537231,0.90182888507843,0.874611377716064,0.841099381446838,0.833083927631378,0.814254522323608,0.799508631229401,0.732004761695862,0.716242611408234,0.704166650772095,0.700037717819214,0.699970722198486,0.696414828300476,0.662898182868958,0.655042350292206,0.587730646133423,0.568170368671417,0.546706140041351,0.518483281135559,0.463466584682465,0.419375091791153,0.368015617132187,0.32341194152832,0.292758822441101,0.280861854553223,0.264429897069931,0.263649582862854,0.24747721850872,0.235458359122276,0.220821470022202,0.208866909146309,0.201159566640854,0.200866967439651,0.192549929022789
"19340",0.84941977262497,0.855986475944519,0.858400702476501,0.881695687770844,0.972987413406372,1.14744567871094,1.3461480140686,1.66798543930054,1.74109721183777,1.73730337619781,1.78081548213959,1.6195787191391,1.39037239551544,1.1952840089798,1.10056757926941,1.07628965377808,1.11888885498047,1.1564918756485,1.01538670063019,0.787197291851044,0.5792675614357,0.469022899866104,0.446376323699951,0.447944670915604,0.47604513168335,0.503230392932892,0.539287090301514,0.649004578590393,0.650204718112946,0.764390885829926,0.791360557079315,0.834475338459015,0.842783093452454,0.991754055023193,0.990384578704834,1.00005686283112,1.00416469573975,0.963288187980652,0.965964138507843,0.946936130523682,0.921023368835449,0.885122299194336,0.866923093795776,0.840582489967346,0.787895619869232,0.769797563552856,0.742197632789612,0.743082880973816,0.740577518939972,0.758705496788025,0.747676134109497,0.763660252094269,0.756926774978638,0.751822054386139,0.754673421382904,0.772255599498749,0.847151756286621,0.922253966331482,0.911666214466095,0.89588063955307,0.880464911460876,0.743788480758667,0.718172371387482,0.705073595046997,0.751984894275665,0.735526323318481,0.706405401229858,0.71174955368042,0.710900664329529,0.707277357578278,0.666415750980377,0.652391195297241,0.641010284423828,0.629570364952087,0.628254771232605,0.625223636627197,0.596705138683319,0.594169795513153,0.542345881462097,0.525920689105988,0.501656413078308,0.465654104948044,0.408409774303436,0.373700529336929,0.333753019571304,0.297583669424057,0.272093236446381,0.262625306844711,0.251076310873032,0.251057267189026,0.237593278288841,0.227166399359703,0.213705152273178,0.200551405549049,0.191416099667549,0.190906226634979,0.189104482531548
"19341",0.798737287521362,0.798407196998596,0.843885362148285,0.918082058429718,1.02247929573059,1.16164445877075,1.28071069717407,1.48596262931824,1.50506258010864,1.46950972080231,1.42087602615356,1.29602134227753,1.09987127780914,0.932396054267883,0.864976167678833,0.877955734729767,0.953494548797607,0.999842584133148,0.901091814041138,0.736971914768219,0.582069993019104,0.500194609165192,0.468595534563065,0.465989083051682,0.507259547710419,0.524954795837402,0.548063635826111,0.661356449127197,0.65724778175354,0.755934357643127,0.77613639831543,0.779099762439728,0.766380965709686,0.871167182922363,0.869135141372681,0.882864832878113,0.892616093158722,0.857327580451965,0.860019564628601,0.840981721878052,0.816033959388733,0.787718176841736,0.771478891372681,0.748690962791443,0.704187989234924,0.688781201839447,0.668240249156952,0.670693278312683,0.669618129730225,0.679863393306732,0.67093014717102,0.68682849407196,0.685182452201843,0.686188161373138,0.690976500511169,0.704798221588135,0.753797113895416,0.808152616024017,0.796132683753967,0.779980659484863,0.765313386917114,0.65397846698761,0.63398402929306,0.62497866153717,0.658885657787323,0.646532297134399,0.626602470874786,0.633893370628357,0.637104392051697,0.636817693710327,0.607604086399078,0.595890939235687,0.586349666118622,0.574496448040009,0.57313597202301,0.570716679096222,0.550498843193054,0.548427224159241,0.503763556480408,0.485500782728195,0.457943499088287,0.420004457235336,0.366221070289612,0.337234973907471,0.304936945438385,0.275910675525665,0.255359351634979,0.247555747628212,0.239406257867813,0.239827677607536,0.228267207741737,0.218337640166283,0.205559521913528,0.192470863461494,0.184501826763153,0.18433541059494,0.187431007623672
"19342",0.75804340839386,0.752161800861359,0.809490084648132,0.887358546257019,0.982194721698761,1.0814334154129,1.15728485584259,1.28646004199982,1.27545440196991,1.21853423118591,1.14646005630493,1.04297602176666,0.896724164485931,0.775549411773682,0.754087805747986,0.801224172115326,0.861052811145782,0.877431213855743,0.816590368747711,0.699346840381622,0.588370501995087,0.534339308738708,0.487794041633606,0.483026653528214,0.515860557556152,0.529085636138916,0.550792038440704,0.660609602928162,0.658184170722961,0.72549319267273,0.738787949085236,0.724901676177979,0.707395553588867,0.780545175075531,0.779566586017609,0.782662153244019,0.784653186798096,0.755532503128052,0.755623042583466,0.741249859333038,0.721405744552612,0.69364607334137,0.67898553609848,0.657772541046143,0.62557727098465,0.61649888753891,0.603140890598297,0.606880128383636,0.60668158531189,0.609244346618652,0.604549169540405,0.618277907371521,0.619840085506439,0.623648643493652,0.627448439598083,0.634610772132874,0.663948178291321,0.699630618095398,0.687677502632141,0.671639204025269,0.657647728919983,0.571605265140533,0.5581876039505,0.554167091846466,0.57780659198761,0.570970416069031,0.555224537849426,0.563942015171051,0.569575667381287,0.570900797843933,0.551226675510406,0.541739583015442,0.533286154270172,0.523257493972778,0.522450804710388,0.520890057086945,0.506469547748566,0.504922032356262,0.461355000734329,0.441343307495117,0.411827653646469,0.374076038599014,0.326230376958847,0.302290618419647,0.276440113782883,0.253931254148483,0.239229887723923,0.233398079872131,0.227645352482796,0.227519229054451,0.216849818825722,0.208177655935287,0.196970641613007,0.184821859002113,0.178835272789001,0.178995281457901,0.18441778421402
"19343",0.747113227844238,0.735230326652527,0.816614031791687,0.901801824569702,0.967114746570587,1.03244590759277,1.08316683769226,1.17356395721436,1.1091833114624,1.01339864730835,0.979559898376465,0.869044780731201,0.76216322183609,0.706061482429504,0.72619241476059,0.771032333374023,0.800218045711517,0.792515218257904,0.745494782924652,0.654162108898163,0.561988174915314,0.506064653396606,0.487910687923431,0.498782932758331,0.536783277988434,0.537588238716125,0.546208679676056,0.630878806114197,0.642876744270325,0.677797675132751,0.703306198120117,0.684383630752563,0.65628707408905,0.709761023521423,0.711939930915833,0.703102171421051,0.692666471004486,0.666337966918945,0.664137721061707,0.652764678001404,0.635783016681671,0.606342136859894,0.593069672584534,0.576249182224274,0.553528845310211,0.548755884170532,0.541528046131134,0.545618653297424,0.546456694602966,0.550942778587341,0.549054861068726,0.561508595943451,0.56335175037384,0.565947830677032,0.567094802856445,0.567096292972565,0.579700946807861,0.599082887172699,0.586637735366821,0.570588707923889,0.557528495788574,0.498509436845779,0.492763519287109,0.492833018302917,0.508487105369568,0.505179107189178,0.493712306022644,0.504182457923889,0.510228991508484,0.511214315891266,0.498754441738129,0.491592884063721,0.48489186167717,0.47665536403656,0.476022958755493,0.474881142377853,0.464899867773056,0.462757736444473,0.414468169212341,0.391956627368927,0.361334651708603,0.32615602016449,0.28800642490387,0.269780427217484,0.250470697879791,0.234015852212906,0.224688559770584,0.220383793115616,0.21603325009346,0.216006144881248,0.20681120455265,0.199277684092522,0.189204126596451,0.178145617246628,0.173751339316368,0.174297124147415,0.182583183050156
"19344",0.75380277633667,0.745653033256531,0.82129442691803,0.891129612922668,0.945141136646271,0.98965972661972,0.992777824401855,1.0376443862915,0.955943167209625,0.867080271244049,0.848658919334412,0.769680678844452,0.710329353809357,0.691501915454865,0.719067096710205,0.740711390972137,0.748678982257843,0.755515456199646,0.704106450080872,0.617735147476196,0.542787194252014,0.513151228427887,0.542381763458252,0.54834771156311,0.556798994541168,0.525774896144867,0.531737089157104,0.602634906768799,0.6158607006073,0.644089937210083,0.669944822788239,0.652788758277893,0.621661067008972,0.657277882099152,0.652723014354706,0.638663530349731,0.622731804847717,0.596168696880341,0.5915687084198,0.582252562046051,0.567883491516113,0.538836300373077,0.529363811016083,0.517864167690277,0.500702619552612,0.498629987239838,0.492595732212067,0.498555243015289,0.501903355121613,0.506620943546295,0.505144357681274,0.515831768512726,0.515387415885925,0.513856530189514,0.51050865650177,0.504962205886841,0.502788424491882,0.515625417232513,0.5065838098526,0.495018988847733,0.485792934894562,0.448967784643173,0.44551894068718,0.44582924246788,0.456358522176743,0.454560250043869,0.44393327832222,0.454502522945404,0.46101576089859,0.462522208690643,0.454319357872009,0.449025690555573,0.444105863571167,0.437710076570511,0.437142580747604,0.436134785413742,0.428098082542419,0.424759715795517,0.367971748113632,0.344829946756363,0.316078454256058,0.286130219697952,0.258002251386642,0.244753375649452,0.230803087353706,0.21889191865921,0.213262632489204,0.209838554263115,0.206497386097908,0.206764549016953,0.199322268366814,0.192883104085922,0.183661386370659,0.172994077205658,0.170263513922691,0.171382576227188,0.18508306145668
"19345",1.25531196594238,1.32385683059692,1.2821432352066,1.3083667755127,1.42832541465759,1.34498488903046,1.29347884654999,1.44172263145447,1.40173149108887,1.36091387271881,1.31242823600769,1.34348225593567,1.31270682811737,1.22108054161072,1.2336893081665,1.24638533592224,1.32699120044708,1.40306210517883,1.35265862941742,1.26377892494202,1.16025578975677,1.08925986289978,1.0259667634964,1.02840089797974,1.0372314453125,0.928846061229706,0.862580239772797,0.912241458892822,0.937005877494812,0.9994797706604,1.05917227268219,1.12423467636108,1.03324210643768,1.08001852035522,1.0440993309021,0.994306087493896,0.99410605430603,0.96096658706665,1.02603125572205,0.991032421588898,0.946109294891357,0.900323867797852,0.858396649360657,0.818338513374329,0.854473769664764,0.845090508460999,0.842918336391449,0.816686809062958,0.77474969625473,0.819581031799316,0.791060447692871,0.904730498790741,0.856395661830902,0.808371305465698,0.738523960113525,0.69004100561142,0.737612664699554,0.85596239566803,0.82278162240982,0.823936879634857,0.837688446044922,0.836833417415619,0.771984875202179,0.7067950963974,0.68438446521759,0.691306948661804,0.672701418399811,0.679790258407593,0.680030882358551,0.683153927326202,0.646461248397827,0.640805959701538,0.6446812748909,0.636828303337097,0.628594517707825,0.606968283653259,0.574295222759247,0.565309524536133,0.493533611297607,0.439490884542465,0.401845484972,0.375927120447159,0.354372799396515,0.342561304569244,0.340110033750534,0.336168617010117,0.309217184782028,0.306801080703735,0.317477285861969,0.332999914884567,0.327880501747131,0.314464151859283,0.285308361053467,0.255097776651382,0.21609303355217,0.210799619555473,0.21870844066143
"19346",1.52167499065399,1.58260107040405,1.58287024497986,1.58040547370911,1.5921778678894,1.54487490653992,1.5597277879715,1.72507786750793,1.75375962257385,1.77870035171509,1.87745201587677,1.82831835746765,1.73230993747711,1.62054491043091,1.65996301174164,1.73435211181641,1.85227346420288,1.87506723403931,1.82531976699829,1.71194362640381,1.59865856170654,1.54835748672485,1.43110847473145,1.41998338699341,1.36661028862,1.11942839622498,1.02386462688446,1.10997903347015,1.1102374792099,1.25040698051453,1.29388868808746,1.28270196914673,1.18503618240356,1.27215027809143,1.26734375953674,1.23015594482422,1.21899032592773,1.21085095405579,1.25430738925934,1.2307368516922,1.19579327106476,1.12672173976898,1.08872210979462,1.04038536548615,1.04672157764435,1.01893258094788,0.99733155965805,0.974156379699707,0.938214361667633,0.955695331096649,0.945952653884888,1.03960132598877,1.00094985961914,0.944416105747223,0.89117830991745,0.85792875289917,0.921970963478088,1.07331109046936,1.09048521518707,1.10896825790405,1.11870360374451,0.956450760364532,0.904576182365417,0.855826258659363,0.855356156826019,0.844412446022034,0.826052725315094,0.83849424123764,0.845627665519714,0.846067845821381,0.814832448959351,0.804225921630859,0.795663416385651,0.774723827838898,0.760885775089264,0.738380193710327,0.675226509571075,0.669471681118011,0.583156049251556,0.536859512329102,0.493533581495285,0.465040147304535,0.43589386343956,0.438812732696533,0.438264757394791,0.423914790153503,0.394798398017883,0.380782574415207,0.391895800828934,0.407081127166748,0.411338448524475,0.389657199382782,0.361340671777725,0.318967550992966,0.263080656528473,0.254655748605728,0.245444968342781
"19347",1.29452311992645,1.32131123542786,1.35403156280518,1.36307537555695,1.36671960353851,1.38016211986542,1.43718683719635,1.53092777729034,1.56584823131561,1.64417922496796,1.74509787559509,1.70384454727173,1.59771537780762,1.48139381408691,1.54822874069214,1.5984377861023,1.67826318740845,1.67168509960175,1.6238865852356,1.51570248603821,1.41853106021881,1.40291249752045,1.32580554485321,1.31388163566589,1.23068261146545,0.982992053031921,0.892261385917664,0.977327823638916,0.970042109489441,1.07217407226562,1.08997869491577,1.05384087562561,1.01456475257874,1.1063894033432,1.17138373851776,1.14928770065308,1.1104701757431,1.06509590148926,1.07729601860046,1.06910789012909,1.05624687671661,1.0164008140564,0.996206283569336,0.954825639724731,0.877436220645905,0.853395402431488,0.833155512809753,0.838193356990814,0.832492887973785,0.82956463098526,0.819103240966797,0.848959028720856,0.832037687301636,0.809191226959229,0.797984600067139,0.79496556520462,0.834814071655273,0.935864210128784,0.939715206623077,0.941944181919098,0.939479529857635,0.793270528316498,0.759412407875061,0.73591548204422,0.748990833759308,0.743175804615021,0.723347723484039,0.735381484031677,0.746036410331726,0.75104284286499,0.73203581571579,0.72019624710083,0.708714127540588,0.685274958610535,0.677598178386688,0.66537743806839,0.618188321590424,0.61582362651825,0.53462278842926,0.505438983440399,0.476914018392563,0.453689515590668,0.419772952795029,0.417310357093811,0.410862594842911,0.395197868347168,0.36719998717308,0.356858640909195,0.362707316875458,0.371205180883408,0.374559253454208,0.358547896146774,0.333833158016205,0.296486437320709,0.256827086210251,0.251112729310989,0.240604922175407
"19348",1.1230880022049,1.13245749473572,1.18196415901184,1.22812008857727,1.24126434326172,1.24664640426636,1.29953801631927,1.36712336540222,1.40716075897217,1.50725269317627,1.59299492835999,1.53755390644073,1.43037295341492,1.32008731365204,1.38926875591278,1.44374322891235,1.4904088973999,1.4641318321228,1.418785572052,1.32390093803406,1.24543750286102,1.25118863582611,1.22255349159241,1.19146966934204,1.11714732646942,0.890853226184845,0.799692988395691,0.875082612037659,0.869364202022552,0.948891520500183,0.954709768295288,0.929660677909851,0.913973867893219,1.01205027103424,1.09990334510803,1.0997006893158,1.06093406677246,0.967413425445557,0.962633490562439,0.955596387386322,0.944753408432007,0.928606867790222,0.91467273235321,0.878191947937012,0.776368618011475,0.754769861698151,0.735091745853424,0.74199515581131,0.739969253540039,0.731586992740631,0.721251547336578,0.737249612808228,0.730093479156494,0.722175061702728,0.723779857158661,0.726796567440033,0.752524316310883,0.819930076599121,0.816772520542145,0.810645461082458,0.802797555923462,0.694049715995789,0.670525252819061,0.656764149665833,0.672591209411621,0.668369650840759,0.646339237689972,0.657313823699951,0.66784393787384,0.673328459262848,0.659234046936035,0.648469984531403,0.63782411813736,0.617726385593414,0.612919449806213,0.605338394641876,0.572430074214935,0.569880962371826,0.497522711753845,0.476985812187195,0.456365138292313,0.436649858951569,0.403969407081604,0.397969543933868,0.389033704996109,0.373634159564972,0.347516804933548,0.339188992977142,0.342197477817535,0.347916960716248,0.348363369703293,0.334342300891876,0.311962455511093,0.27897897362709,0.248407557606697,0.244391053915024,0.234989419579506
"19349",0.987697660923004,0.995777130126953,1.0630509853363,1.10783505439758,1.12089514732361,1.11986231803894,1.14533293247223,1.22087621688843,1.26090157032013,1.35903787612915,1.43475759029388,1.37092471122742,1.26521193981171,1.16706955432892,1.2264084815979,1.27705240249634,1.3115348815918,1.28300678730011,1.24374723434448,1.16586267948151,1.10821676254272,1.12473225593567,1.1210470199585,1.09082520008087,1.02663767337799,0.822410583496094,0.733790397644043,0.802649617195129,0.798565864562988,0.865600228309631,0.867903470993042,0.846547901630402,0.834887206554413,0.930290699005127,1.03460144996643,1.06626582145691,1.05342936515808,0.919381201267242,0.894578337669373,0.88404905796051,0.866816222667694,0.851020574569702,0.837803363800049,0.805912554264069,0.707946419715881,0.687485218048096,0.659557640552521,0.665679454803467,0.663792371749878,0.651699602603912,0.643920361995697,0.659268736839294,0.656747043132782,0.657260537147522,0.661166250705719,0.662810444831848,0.675658047199249,0.723359763622284,0.718863785266876,0.711621582508087,0.703773379325867,0.61878502368927,0.602056860923767,0.595462024211884,0.613141477108002,0.609502673149109,0.58342844247818,0.594309031963348,0.605671226978302,0.612175941467285,0.597680747509003,0.588385045528412,0.57904052734375,0.562695384025574,0.55947071313858,0.554299712181091,0.530203878879547,0.527649521827698,0.466610759496689,0.451023131608963,0.43488085269928,0.417863458395004,0.387678444385529,0.380167037248611,0.370268493890762,0.355619192123413,0.331835806369781,0.324462026357651,0.325003117322922,0.328988790512085,0.326997935771942,0.314432680606842,0.294384628534317,0.265382140874863,0.240338832139969,0.237235322594643,0.228648915886879
"19350",0.874119520187378,0.881832242012024,0.954713940620422,0.998722434043884,1.006392121315,1.0044424533844,1.02959454059601,1.09295928478241,1.12823486328125,1.20754730701447,1.26922941207886,1.20922648906708,1.11237967014313,1.02979600429535,1.07684373855591,1.12524330615997,1.15325331687927,1.12707543373108,1.09557855129242,1.03445291519165,0.993240773677826,1.00801944732666,1.02581655979156,1.00444090366364,0.950950980186462,0.768535494804382,0.683602094650269,0.74667876958847,0.742977499961853,0.804234385490417,0.803286731243134,0.779268622398376,0.766220688819885,0.85734760761261,0.966105818748474,1.01099002361298,1.01530539989471,0.872783422470093,0.847385585308075,0.834172606468201,0.812011063098907,0.781900703907013,0.767890572547913,0.737202167510986,0.647125542163849,0.627584517002106,0.595491111278534,0.599006235599518,0.596455991268158,0.585943937301636,0.5804802775383,0.59515792131424,0.594633519649506,0.598499536514282,0.602066397666931,0.601615369319916,0.606943011283875,0.641150832176208,0.636893033981323,0.630209624767303,0.623311460018158,0.554802536964417,0.543344676494598,0.541319370269775,0.559700667858124,0.555229008197784,0.527413725852966,0.537938892841339,0.549313187599182,0.555925250053406,0.545325636863708,0.536463797092438,0.528376221656799,0.515186965465546,0.512876212596893,0.510127067565918,0.490848779678345,0.488541901111603,0.438934028148651,0.42669951915741,0.413657903671265,0.39897421002388,0.371580600738525,0.363643646240234,0.353649497032166,0.339920878410339,0.318056523799896,0.31109756231308,0.309335768222809,0.312085688114166,0.308513283729553,0.297215938568115,0.279138922691345,0.253314435482025,0.231994658708572,0.229574948549271,0.221848547458649
"19351",0.782206296920776,0.788084983825684,0.85797393321991,0.902307510375977,0.907607793807983,0.907008111476898,0.928392648696899,0.981620907783508,1.00580954551697,1.06974637508392,1.07389008998871,1.06247973442078,0.993292212486267,0.921677947044373,0.966850638389587,1.00887560844421,1.03296661376953,1.01530683040619,0.988018751144409,0.93556010723114,0.901581048965454,0.923790276050568,0.95539665222168,0.931931793689728,0.89695405960083,0.737261950969696,0.650523781776428,0.70214831829071,0.69701761007309,0.755395710468292,0.754585266113281,0.72940981388092,0.717976093292236,0.81032931804657,0.914832174777985,0.951138257980347,0.953920841217041,0.825828552246094,0.808387994766235,0.792736411094666,0.766509294509888,0.733963489532471,0.720268368721008,0.690912246704102,0.59904944896698,0.58005940914154,0.545888543128967,0.547955989837646,0.545092701911926,0.534920334815979,0.53048837184906,0.545033991336823,0.54596072435379,0.550325989723206,0.552670240402222,0.551046967506409,0.551076352596283,0.576365113258362,0.572407186031342,0.56632387638092,0.56039309501648,0.504554688930511,0.495982199907303,0.495629012584686,0.513897955417633,0.509909451007843,0.483008861541748,0.492323070764542,0.502862095832825,0.509520769119263,0.505081176757812,0.493099212646484,0.486133009195328,0.475208222866058,0.4733567237854,0.473177313804626,0.455989599227905,0.453938901424408,0.414468586444855,0.404694676399231,0.393965750932693,0.381285488605499,0.356745928525925,0.348940163850784,0.339208334684372,0.326298117637634,0.305946290493011,0.299194425344467,0.295616447925568,0.297495692968369,0.292813003063202,0.282559901475906,0.266331046819687,0.243161156773567,0.224410504102707,0.222315415740013,0.215378791093826
"19352",0.76369321346283,0.727009415626526,0.774997472763062,0.815320253372192,0.821956515312195,0.821764826774597,0.835206747055054,0.873291671276093,0.888098001480103,0.943816065788269,0.910240471363068,0.926342725753784,0.894732236862183,0.842118144035339,0.894928216934204,0.931767702102661,0.943413972854614,0.918147683143616,0.89430433511734,0.846862077713013,0.828444242477417,0.902037739753723,1.07150101661682,1.00477647781372,0.94527268409729,0.858049869537354,0.814749896526337,0.924417853355408,0.924511432647705,0.995469629764557,1.02361333370209,1.07199335098267,0.99356073141098,1.06169867515564,1.11358904838562,1.10475516319275,1.08616030216217,1.01012253761292,0.974660933017731,0.987929463386536,0.990455746650696,0.886889576911926,0.862985789775848,0.804233908653259,0.596760809421539,0.565689504146576,0.50577974319458,0.506272614002228,0.503772795200348,0.492554873228073,0.489012628793716,0.50386381149292,0.506601512432098,0.509671866893768,0.510409116744995,0.507349193096161,0.502479016780853,0.522297859191895,0.518630802631378,0.512655377388,0.507206737995148,0.462734341621399,0.456390112638474,0.457207232713699,0.474105179309845,0.471149265766144,0.445106506347656,0.453514903783798,0.46318307518959,0.469499588012695,0.468075096607208,0.455770879983902,0.449657201766968,0.440336376428604,0.438833296298981,0.439711958169937,0.424474567174911,0.422696173191071,0.391462922096252,0.383586943149567,0.37460795044899,0.363508820533752,0.341814190149307,0.33444145321846,0.325158953666687,0.312940031290054,0.294044315814972,0.287564963102341,0.282883256673813,0.284117937088013,0.278506219387054,0.269135504961014,0.254634261131287,0.234144270420074,0.217740476131439,0.215970322489738,0.210022687911987
"19353",0.78387176990509,0.716461479663849,0.708359897136688,0.73389732837677,0.745460450649261,0.745222985744476,0.752911567687988,0.781400084495544,0.81538188457489,0.863959014415741,0.822025656700134,0.838727831840515,0.818859696388245,0.784612119197845,0.853969991207123,0.886181116104126,0.86461877822876,0.814916253089905,0.796007037162781,0.768478631973267,0.793116867542267,0.936024844646454,1.13945055007935,1.06883311271667,1.01858842372894,0.919359862804413,0.894482493400574,1.07004988193512,1.06291270256042,1.18229794502258,1.18449926376343,1.16443228721619,1.10943567752838,1.17874717712402,1.26869177818298,1.27718353271484,1.25275123119354,1.17946815490723,1.1518394947052,1.15964543819427,1.15986692905426,1.08314752578735,1.03912782669067,0.935769140720367,0.625448942184448,0.564753353595734,0.469886064529419,0.465723663568497,0.461499959230423,0.456814646720886,0.454592078924179,0.470148056745529,0.472750842571259,0.473169714212418,0.47041529417038,0.464889943599701,0.460621654987335,0.477102726697922,0.473249554634094,0.46705350279808,0.46147620677948,0.42677691578865,0.423652827739716,0.42591267824173,0.438880205154419,0.436133027076721,0.412727117538452,0.422021150588989,0.43131297826767,0.43684846162796,0.431518703699112,0.423912554979324,0.41827329993248,0.410115540027618,0.409627109766006,0.410306692123413,0.396574229001999,0.395020753145218,0.370273143053055,0.363821476697922,0.356099337339401,0.34620213508606,0.327094733715057,0.320157527923584,0.31130063533783,0.299689084291458,0.28230619430542,0.276119828224182,0.270789831876755,0.271543055772781,0.265182137489319,0.256229609251022,0.242679536342621,0.224259078502655,0.210028126835823,0.208700180053711,0.204440981149673
"19354",0.735113263130188,0.685299873352051,0.660013437271118,0.669215083122253,0.675989508628845,0.674107551574707,0.685903131961823,0.718138933181763,0.784357786178589,0.820556998252869,0.770413875579834,0.775035083293915,0.770667374134064,0.767747461795807,0.871434807777405,0.886511981487274,0.821169853210449,0.732758641242981,0.730559945106506,0.728376090526581,0.771026372909546,0.899753928184509,1.05768322944641,0.991841197013855,0.958433449268341,0.853458225727081,0.82571405172348,0.99140727519989,0.98634546995163,1.07377672195435,1.06431663036346,1.01635599136353,0.998881876468658,1.10844469070435,1.20979833602905,1.23266792297363,1.20459175109863,1.09418296813965,1.07218396663666,1.06496906280518,1.04578125476837,0.986999154090881,0.925573468208313,0.809499025344849,0.565166115760803,0.515857100486755,0.435834556818008,0.429363995790482,0.423385083675385,0.426838278770447,0.425279200077057,0.43804857134819,0.437401294708252,0.434222102165222,0.429118603467941,0.423356980085373,0.423606425523758,0.436441332101822,0.432290494441986,0.425306886434555,0.419588804244995,0.393975615501404,0.393608778715134,0.395880162715912,0.407603532075882,0.404123425483704,0.385187268257141,0.39495587348938,0.40347620844841,0.407849133014679,0.399188250303268,0.395427793264389,0.390288293361664,0.383536696434021,0.383769065141678,0.382805615663528,0.370961904525757,0.369621455669403,0.350405663251877,0.344999760389328,0.338225692510605,0.3293197453022,0.312712758779526,0.306204468011856,0.297754496335983,0.286745846271515,0.271012037992477,0.265117913484573,0.259268015623093,0.259673804044724,0.252689033746719,0.243952706456184,0.230866327881813,0.213545307517052,0.201237767934799,0.200521007180214,0.200925722718239
"19355",0.682812571525574,0.649519205093384,0.617453336715698,0.61661297082901,0.615088522434235,0.614422678947449,0.633132338523865,0.676437079906464,0.748199284076691,0.787588715553284,0.763087809085846,0.762510657310486,0.769417405128479,0.776952624320984,0.880313873291016,0.88178014755249,0.800371587276459,0.695707082748413,0.699499607086182,0.706057131290436,0.754298865795135,0.877427101135254,1.01563131809235,0.945020437240601,0.907691121101379,0.798413515090942,0.768616199493408,0.916580200195312,0.911630749702454,0.977368414402008,0.966041922569275,0.928275108337402,0.922106623649597,1.04923534393311,1.15895915031433,1.17910194396973,1.14425408840179,1.01054549217224,0.987998247146606,0.968271195888519,0.930132031440735,0.845904588699341,0.789143323898315,0.690226078033447,0.496260672807693,0.457363307476044,0.40472349524498,0.400158584117889,0.395904272794724,0.401365578174591,0.399154871702194,0.409941375255585,0.407391905784607,0.402637988328934,0.397000402212143,0.391545802354813,0.391307085752487,0.401105761528015,0.396897554397583,0.390536904335022,0.385956406593323,0.366611659526825,0.366759866476059,0.369254857301712,0.381752550601959,0.379013568162918,0.362207293510437,0.370448440313339,0.378469973802567,0.382950663566589,0.375754952430725,0.371538162231445,0.365935683250427,0.360772758722305,0.360472619533539,0.358899503946304,0.347987473011017,0.34692969918251,0.332273632287979,0.327663540840149,0.321680665016174,0.313690662384033,0.298993766307831,0.292820006608963,0.284752815961838,0.274406522512436,0.260238021612167,0.254631876945496,0.248395293951035,0.248547360301018,0.240961819887161,0.232340708374977,0.219646826386452,0.203446343541145,0.19411064684391,0.194155469536781,0.199392065405846
"19356",0.630160689353943,0.607964515686035,0.582632482051849,0.57814884185791,0.569044470787048,0.570568025112152,0.60408091545105,0.656769514083862,0.722047448158264,0.772100985050201,0.763955593109131,0.777101397514343,0.784852623939514,0.783840477466583,0.875079870223999,0.867210149765015,0.782631874084473,0.679109513759613,0.683023571968079,0.689171075820923,0.735749065876007,0.854565262794495,0.984627544879913,0.90911054611206,0.859046399593353,0.742294013500214,0.71537709236145,0.843887150287628,0.838309943675995,0.89411199092865,0.88305789232254,0.851684212684631,0.848605751991272,0.975033283233643,1.11164557933807,1.14425373077393,1.10347008705139,0.94298779964447,0.908193469047546,0.883065462112427,0.837988495826721,0.748867273330688,0.703280568122864,0.620491743087769,0.460892736911774,0.427152216434479,0.384536355733871,0.380557835102081,0.376378208398819,0.376948595046997,0.374394148588181,0.384185940027237,0.381646305322647,0.37703400850296,0.371477067470551,0.366236627101898,0.364823579788208,0.372498691082001,0.368699222803116,0.363670527935028,0.360254019498825,0.345015317201614,0.345248311758041,0.348050028085709,0.361486256122589,0.359413743019104,0.342828154563904,0.349732398986816,0.357407718896866,0.362207353115082,0.359305918216705,0.353499919176102,0.346363365650177,0.341612279415131,0.341295450925827,0.339613735675812,0.328321605920792,0.327260076999664,0.316267043352127,0.312120884656906,0.306706845760345,0.299277514219284,0.285863608121872,0.279892235994339,0.272130370140076,0.262425243854523,0.249735057353973,0.2445248067379,0.238077953457832,0.237900748848915,0.229866549372673,0.221761390566826,0.210138365626335,0.195937588810921,0.189135149121284,0.189513579010963,0.195436969399452
"19357",0.617885589599609,0.597791850566864,0.58195686340332,0.578999698162079,0.566854536533356,0.576961636543274,0.633229434490204,0.695752859115601,0.742363274097443,0.783186554908752,0.787880718708038,0.805198848247528,0.800638854503632,0.779651761054993,0.865192115306854,0.855694770812988,0.770651340484619,0.665771126747131,0.669185876846313,0.671891689300537,0.715069353580475,0.827833950519562,0.951836466789246,0.875775098800659,0.815720736980438,0.692638397216797,0.662418067455292,0.781789422035217,0.768450975418091,0.821066975593567,0.808675229549408,0.781501114368439,0.776719212532043,0.894558131694794,1.0558774471283,1.1215900182724,1.08914756774902,0.902768492698669,0.846437871456146,0.822317838668823,0.77831107378006,0.692961871623993,0.663279891014099,0.605764210224152,0.440964967012405,0.41062194108963,0.371546685695648,0.366635292768478,0.360554218292236,0.354055106639862,0.35169443488121,0.362557470798492,0.360132366418839,0.355627059936523,0.350348502397537,0.345334321260452,0.342469871044159,0.348779231309891,0.346180379390717,0.342387020587921,0.339704036712646,0.327936440706253,0.328831374645233,0.332194685935974,0.345392882823944,0.34341499209404,0.325577408075333,0.332618415355682,0.340643107891083,0.345899671316147,0.348325043916702,0.343098372220993,0.33607080578804,0.326920807361603,0.326193243265152,0.324136853218079,0.310723602771759,0.309729337692261,0.301458954811096,0.29798150062561,0.29320040345192,0.286436051130295,0.27380496263504,0.268168866634369,0.2610182762146,0.252315193414688,0.240525498986244,0.235632240772247,0.22868150472641,0.228239804506302,0.22056257724762,0.213474601507187,0.203154534101486,0.190688148140907,0.184859499335289,0.185229256749153,0.190453693270683
"19358",0.629125952720642,0.612883269786835,0.605217278003693,0.600389301776886,0.588540852069855,0.611525297164917,0.671348452568054,0.74807071685791,0.792483925819397,0.82315993309021,0.828083515167236,0.824709892272949,0.790644347667694,0.750981450080872,0.839943706989288,0.839778780937195,0.758102595806122,0.649389564990997,0.65190201997757,0.645878791809082,0.67785769701004,0.781381905078888,0.901615619659424,0.832619309425354,0.778955221176147,0.649499595165253,0.60797655582428,0.717628300189972,0.695836544036865,0.751447558403015,0.73408830165863,0.707282245159149,0.70066374540329,0.797576725482941,0.970995426177979,1.08092606067657,1.08445346355438,0.889271855354309,0.812730550765991,0.791327118873596,0.749711394309998,0.667824566364288,0.646330833435059,0.606715977191925,0.466507136821747,0.431157648563385,0.367045789957047,0.358047187328339,0.347374022006989,0.332311004400253,0.330144733190536,0.34250620007515,0.341359615325928,0.338186323642731,0.333696842193604,0.32869815826416,0.322283744812012,0.328429192304611,0.326865583658218,0.324216574430466,0.322278678417206,0.312624424695969,0.313521236181259,0.317000716924667,0.330623060464859,0.329087823629379,0.308850854635239,0.315678596496582,0.323729425668716,0.329367399215698,0.338634639978409,0.335834801197052,0.32987317442894,0.317138880491257,0.31521201133728,0.31144991517067,0.294128686189651,0.293578505516052,0.287428647279739,0.284863710403442,0.280956894159317,0.275099992752075,0.263421982526779,0.258287578821182,0.251867204904556,0.244039356708527,0.232781633734703,0.227928638458252,0.220321834087372,0.219659402966499,0.212615638971329,0.206371113657951,0.197143912315369,0.185876861214638,0.180676817893982,0.181104481220245,0.186650022864342
"19359",0.637377679347992,0.62105530500412,0.613369882106781,0.606557786464691,0.595498263835907,0.621597170829773,0.681197762489319,0.766378879547119,0.811534762382507,0.839052796363831,0.837211847305298,0.813860297203064,0.760067522525787,0.713745057582855,0.80615222454071,0.814389050006866,0.737357556819916,0.628643035888672,0.624467968940735,0.603946506977081,0.619985461235046,0.71436470746994,0.835769414901733,0.771702647209167,0.732903599739075,0.608621895313263,0.558603167533875,0.658020317554474,0.630909979343414,0.690095007419586,0.666129052639008,0.667465686798096,0.688306510448456,0.859650313854218,0.998046517372131,1.1452202796936,1.1999077796936,1.16790330410004,1.26982581615448,1.21930718421936,1.11932134628296,0.952194690704346,0.915083169937134,0.844807803630829,0.708276927471161,0.681665062904358,0.677132785320282,0.663608431816101,0.633553743362427,0.592581927776337,0.593121290206909,0.66472977399826,0.625939071178436,0.568590581417084,0.502850949764252,0.463167518377304,0.495422810316086,0.611441552639008,0.593577980995178,0.578058123588562,0.571775197982788,0.639169156551361,0.60956084728241,0.584373116493225,0.603280603885651,0.632932543754578,0.605448663234711,0.594678163528442,0.555650055408478,0.514219582080841,0.428244084119797,0.417089879512787,0.407597661018372,0.460408717393875,0.508573591709137,0.557896018028259,0.462929517030716,0.439067929983139,0.358569800853729,0.368495136499405,0.363507837057114,0.327069163322449,0.268102556467056,0.255365341901779,0.245540201663971,0.23694796860218,0.22565883398056,0.220773056149483,0.212835714221001,0.212082356214523,0.205464825034142,0.199746683239937,0.191310659050941,0.181123182177544,0.176795423030853,0.177373260259628,0.182974144816399
"19360",0.592378497123718,0.584376096725464,0.582335948944092,0.611606419086456,0.604166507720947,0.63542503118515,0.697293758392334,0.785297274589539,0.819104969501495,0.83395254611969,0.82102644443512,0.781527101993561,0.721291482448578,0.681499779224396,0.774646818637848,0.78049510717392,0.704227447509766,0.601414382457733,0.591254949569702,0.564330041408539,0.572210788726807,0.661816477775574,0.78257143497467,0.719062447547913,0.687835156917572,0.569712042808533,0.518193364143372,0.604278564453125,0.57738584280014,0.647150158882141,0.614939212799072,0.616707742214203,0.644445061683655,0.809851050376892,1.01234602928162,1.18797588348389,1.29774129390717,1.41939842700958,1.52000951766968,1.46848213672638,1.36585128307343,1.18997812271118,1.12734627723694,1.03921592235565,0.893546521663666,0.875781297683716,0.862903654575348,0.8725506067276,0.858139276504517,0.784630835056305,0.768245756626129,0.837502002716064,0.801483511924744,0.739347755908966,0.682716965675354,0.658607661724091,0.680074274539948,0.802528917789459,0.820045828819275,0.83476972579956,0.841172277927399,0.830424070358276,0.831718444824219,0.838316857814789,0.889990508556366,0.871320903301239,0.78497987985611,0.790189027786255,0.776274561882019,0.752947628498077,0.599577724933624,0.557509064674377,0.532127678394318,0.631178081035614,0.665489256381989,0.695137143135071,0.569404125213623,0.55078649520874,0.436141848564148,0.452940315008163,0.442697733640671,0.384727209806442,0.269091129302979,0.24550686776638,0.232021048665047,0.225187107920647,0.218451827764511,0.213903233408928,0.205760776996613,0.204854220151901,0.198474332690239,0.193205207586288,0.185468792915344,0.176304772496223,0.172933906316757,0.173645511269569,0.179043501615524
"19361",0.543671011924744,0.52644693851471,0.528228640556335,0.55925464630127,0.562633275985718,0.623427748680115,0.712129771709442,0.809293508529663,0.81727784872055,0.809019088745117,0.784398138523102,0.745869755744934,0.695441603660583,0.663068532943726,0.743972718715668,0.74447351694107,0.671986639499664,0.578501164913177,0.564188599586487,0.535163342952728,0.538044810295105,0.620398700237274,0.752502620220184,0.692244410514832,0.663817703723907,0.546610355377197,0.493135839700699,0.567433655261993,0.54783707857132,0.606174468994141,0.584842205047607,0.571137487888336,0.586133718490601,0.700668215751648,0.890830516815186,1.07003831863403,1.21466946601868,1.34898483753204,1.39718353748322,1.36584007740021,1.29548931121826,1.13223695755005,1.08065986633301,1.00516939163208,0.85187041759491,0.830984234809875,0.777826309204102,0.771647691726685,0.743747174739838,0.682545781135559,0.663533806800842,0.696033895015717,0.682700514793396,0.661619603633881,0.645257771015167,0.640642166137695,0.646975219249725,0.741266965866089,0.752999901771545,0.76356053352356,0.768843054771423,0.736878633499146,0.737796485424042,0.738489151000977,0.77668285369873,0.749106109142303,0.668554067611694,0.684079766273499,0.695748507976532,0.698257505893707,0.61650139093399,0.579270839691162,0.550199031829834,0.580791115760803,0.591333746910095,0.597529113292694,0.51221776008606,0.505600154399872,0.439083725214005,0.437535554170609,0.417002946138382,0.365302503108978,0.26360747218132,0.237223520874977,0.219857394695282,0.212277427315712,0.209630623459816,0.206519797444344,0.199407070875168,0.198574811220169,0.192271828651428,0.187247976660728,0.180004805326462,0.171849891543388,0.169422373175621,0.170277044177055,0.175697863101959
"19362",0.537764191627502,0.517988801002502,0.51651394367218,0.518938183784485,0.519796907901764,0.568770289421082,0.675990402698517,0.802144348621368,0.806821584701538,0.789616823196411,0.758403897285461,0.73512864112854,0.689286589622498,0.646149754524231,0.719245553016663,0.726277947425842,0.656646072864532,0.556138396263123,0.540409684181213,0.506216108798981,0.499702423810959,0.571519017219543,0.725684225559235,0.674294471740723,0.651272714138031,0.536613821983337,0.477133303880692,0.536898195743561,0.519976913928986,0.572221636772156,0.555919289588928,0.53105765581131,0.536296427249908,0.621136009693146,0.773007452487946,0.935441613197327,1.0693393945694,1.2277934551239,1.28862690925598,1.26909255981445,1.2233715057373,1.08742308616638,1.04662775993347,0.984652519226074,0.831949591636658,0.799971520900726,0.701580286026001,0.68969601392746,0.658517062664032,0.594239950180054,0.579894840717316,0.605204343795776,0.60539835691452,0.602625489234924,0.599799871444702,0.599890530109406,0.599385917186737,0.671570360660553,0.680121123790741,0.68701446056366,0.69046539068222,0.651888132095337,0.647981882095337,0.645868837833405,0.671402215957642,0.653832376003265,0.576148331165314,0.593200027942657,0.611904621124268,0.623463749885559,0.60540246963501,0.580164134502411,0.554370224475861,0.543751358985901,0.544750034809113,0.541913032531738,0.474140882492065,0.47163587808609,0.425647228956223,0.415135741233826,0.389212012290955,0.341927975416183,0.255565494298935,0.231100648641586,0.213111460208893,0.203993007540703,0.200565189123154,0.19873671233654,0.193370684981346,0.192604467272758,0.186464607715607,0.181858763098717,0.175239071249962,0.167840406298637,0.165918365120888,0.166803598403931,0.171906813979149
"19363",0.546704769134521,0.518356561660767,0.512361288070679,0.519994735717773,0.527791738510132,0.577846646308899,0.672274887561798,0.789464950561523,0.791888654232025,0.778767347335815,0.758011162281036,0.730433166027069,0.67911022901535,0.633024513721466,0.712673842906952,0.720667898654938,0.645846247673035,0.546211838722229,0.527757406234741,0.490921676158905,0.487024784088135,0.567349433898926,0.722270131111145,0.664909660816193,0.639518082141876,0.523794889450073,0.462337017059326,0.518405139446259,0.499681890010834,0.555918514728546,0.53848659992218,0.507281303405762,0.51531445980072,0.5882488489151,0.740120708942413,0.896611928939819,1.01777696609497,1.16189551353455,1.21720612049103,1.19994759559631,1.16210508346558,1.05145478248596,1.02190661430359,0.970022439956665,0.793827295303345,0.750777304172516,0.63519960641861,0.615661144256592,0.582081019878387,0.529120981693268,0.519320964813232,0.546587467193604,0.55182296037674,0.556279003620148,0.558325052261353,0.558380424976349,0.550472438335419,0.610764443874359,0.616852343082428,0.62129133939743,0.622900784015656,0.585863709449768,0.580987811088562,0.578412175178528,0.595049262046814,0.580296814441681,0.509189009666443,0.524765074253082,0.543270766735077,0.555687725543976,0.56805408000946,0.557383954524994,0.540912985801697,0.51633632183075,0.513446152210236,0.506324768066406,0.444630771875381,0.443515062332153,0.406803399324417,0.392826437950134,0.366029471158981,0.323131650686264,0.248296856880188,0.226129710674286,0.208660751581192,0.198493286967278,0.193116560578346,0.191764861345291,0.187947377562523,0.187395989894867,0.181737184524536,0.177445501089096,0.171323135495186,0.164490148425102,0.162691101431847,0.163508042693138,0.167969793081284
"19364",0.566342234611511,0.534177124500275,0.51781302690506,0.523356199264526,0.536803364753723,0.588201820850372,0.673568665981293,0.786531090736389,0.778215169906616,0.766851425170898,0.753025233745575,0.725114345550537,0.680254697799683,0.635545015335083,0.714016318321228,0.71875262260437,0.641973495483398,0.549588680267334,0.531936049461365,0.500822424888611,0.504517674446106,0.590081810951233,0.740489363670349,0.686953842639923,0.652808487415314,0.529127776622772,0.46198695898056,0.516333997249603,0.496607184410095,0.557848215103149,0.540350496768951,0.507332384586334,0.519223034381866,0.601213693618774,0.762518763542175,0.922223687171936,1.03177535533905,1.13341975212097,1.17323589324951,1.16013646125793,1.12992119789124,1.04783964157104,1.02033805847168,0.964053392410278,0.737375378608704,0.68803596496582,0.574846744537354,0.551905751228333,0.519970238208771,0.478748470544815,0.473414957523346,0.505369424819946,0.511076271533966,0.515788376331329,0.517583608627319,0.516500115394592,0.507175981998444,0.557719230651855,0.561776041984558,0.563915371894836,0.563911259174347,0.528001546859741,0.522171080112457,0.518702924251556,0.526327669620514,0.51596200466156,0.460117816925049,0.473040878772736,0.488634467124939,0.499454349279404,0.520445585250854,0.517644345760345,0.509850323200226,0.489313364028931,0.484475344419479,0.474712640047073,0.417490631341934,0.416876047849655,0.386013209819794,0.37063604593277,0.344131976366043,0.304886877536774,0.239747375249863,0.220077201724052,0.203883871436119,0.193462923169136,0.186634600162506,0.185396537184715,0.182526618242264,0.182150527834892,0.177100092172623,0.173094764351845,0.167412981390953,0.161162108182907,0.159645289182663,0.16044956445694,0.164589568972588
"19365",0.542123436927795,0.517982542514801,0.503983914852142,0.512112855911255,0.527961850166321,0.569950222969055,0.616482377052307,0.692168831825256,0.66060733795166,0.650088310241699,0.683315992355347,0.672333478927612,0.664633989334106,0.635937452316284,0.705134510993958,0.701354324817657,0.614760160446167,0.560250997543335,0.547342419624329,0.525883674621582,0.532281517982483,0.604299128055573,0.740304112434387,0.712755262851715,0.676174819469452,0.53839647769928,0.464004665613174,0.512027978897095,0.488942384719849,0.561246275901794,0.54446667432785,0.510605216026306,0.519149899482727,0.617738962173462,0.77240663766861,0.935401558876038,1.04715573787689,1.11124682426453,1.14907097816467,1.12761926651001,1.09088575839996,1.04420828819275,1.00570571422577,0.929298043251038,0.684267401695251,0.631288707256317,0.52220755815506,0.497873038053513,0.470057010650635,0.44435852766037,0.441626310348511,0.476095467805862,0.475642651319504,0.473258137702942,0.468975275754929,0.462396144866943,0.475035727024078,0.515374958515167,0.514212787151337,0.511237800121307,0.50873875617981,0.466599643230438,0.463492304086685,0.461655795574188,0.48021873831749,0.472913593053818,0.430727899074554,0.443117618560791,0.45419192314148,0.45962992310524,0.445449948310852,0.451350718736649,0.455927461385727,0.446884870529175,0.439152389764786,0.425276041030884,0.392884105443954,0.392557054758072,0.364197701215744,0.347149729728699,0.319883018732071,0.28275603055954,0.227625772356987,0.211156710982323,0.197202548384666,0.187582418322563,0.180855885148048,0.179577887058258,0.177301958203316,0.177065819501877,0.172351777553558,0.168410375714302,0.163087129592896,0.157650172710419,0.156783118844032,0.157698646187782,0.161903887987137
"19366",2.27807855606079,2.12613296508789,2.14793968200684,2.27366352081299,2.28100991249084,2.45751523971558,2.73834323883057,2.96029710769653,2.80682277679443,2.44132566452026,1.91494023799896,1.93836855888367,2.08641386032104,2.24567770957947,2.33526849746704,1.93814051151276,1.69914329051971,1.72133076190948,1.68435204029083,1.57119488716125,1.40316498279572,1.42073345184326,1.54940533638,1.4317524433136,1.43639993667603,1.21573722362518,1.10570967197418,1.42467772960663,1.52670991420746,1.75053608417511,1.81831312179565,1.62041068077087,1.34961271286011,1.39028692245483,1.51005756855011,1.60518908500671,1.67181861400604,1.48254776000977,1.49182879924774,1.43225502967834,1.32874500751495,1.16971850395203,1.10886466503143,1.02260422706604,0.91629958152771,0.883211970329285,0.881329715251923,0.866904020309448,0.821482717990875,0.772660374641418,0.751961886882782,0.854193210601807,0.80245566368103,0.738091111183167,0.667880117893219,0.629121661186218,0.75548905134201,0.912876009941101,0.883431077003479,0.859664142131805,0.85183984041214,0.903007805347443,0.848282039165497,0.79152774810791,0.850983023643494,0.885549664497375,0.874973893165588,0.90118008852005,0.905455112457275,0.884307980537415,0.75205260515213,0.766398072242737,0.757677555084229,0.782132148742676,0.792965769767761,0.752818048000336,0.56256777048111,0.498747646808624,0.403924733400345,0.389750152826309,0.363618046045303,0.338317722082138,0.304877161979675,0.289836317300797,0.291039198637009,0.296214908361435,0.310303121805191,0.325743734836578,0.328027665615082,0.324233412742615,0.282572388648987,0.274915009737015,0.263967156410217,0.268590360879898,0.278896749019623,0.286322712898254,0.29703015089035
"19367",3.6859860420227,3.67740678787231,3.84628629684448,3.88053011894226,3.89732575416565,4.04616737365723,4.05122089385986,4.45107841491699,3.99029970169067,3.56124758720398,3.31055593490601,3.6147620677948,3.89070987701416,3.8245210647583,3.79759454727173,3.40179252624512,2.90901970863342,2.69630932807922,2.58481812477112,2.3801257610321,2.21925735473633,2.22099804878235,2.24748253822327,2.15707731246948,2.04866909980774,1.71839666366577,1.70789647102356,2.26536583900452,2.3239426612854,2.54979133605957,2.614985704422,2.17683792114258,1.85701131820679,1.92722725868225,2.10421895980835,2.15603423118591,2.15355467796326,1.79626512527466,1.72114896774292,1.6592710018158,1.53320503234863,1.26222562789917,1.20558428764343,1.14125525951385,1.09139490127563,1.08282601833344,1.09895586967468,1.07880139350891,1.02582275867462,0.966482698917389,0.949035286903381,1.01762127876282,0.966194927692413,0.893986582756042,0.841133177280426,0.832708775997162,0.986955285072327,1.16538393497467,1.17028522491455,1.17358136177063,1.17488610744476,1.06317734718323,1.05675232410431,1.06228220462799,1.21833777427673,1.22172796726227,1.23034536838531,1.24182343482971,1.23592185974121,1.2217139005661,1.10811328887939,1.09839975833893,1.08457922935486,1.08482825756073,1.04169166088104,0.935502529144287,0.592155516147614,0.559904277324677,0.420790821313858,0.414768934249878,0.405847012996674,0.395861685276031,0.375887632369995,0.374908149242401,0.378896743059158,0.386938542127609,0.423948675394058,0.42049852013588,0.420484930276871,0.426923841238022,0.378250241279602,0.358752995729446,0.350727677345276,0.371466726064682,0.398557752370834,0.408018529415131,0.417469650506973
"19368",3.14168500900269,3.20234537124634,3.33020663261414,3.35215950012207,3.32790613174438,3.29748106002808,3.11620688438416,3.12377548217773,2.98735332489014,3.05246424674988,3.29943466186523,3.41241455078125,3.42261600494385,3.18437910079956,3.29030871391296,3.1916069984436,2.85416626930237,2.47644233703613,2.40007615089417,2.22880554199219,2.09909319877625,2.09089779853821,2.05731081962585,1.970547914505,1.82524394989014,1.59764003753662,1.58733367919922,1.9654107093811,1.99067175388336,2.04301333427429,2.07594227790833,1.77547693252563,1.61225807666779,1.73040354251862,1.93458247184753,1.95578765869141,1.86677646636963,1.6128386259079,1.54140710830688,1.48956954479218,1.39257860183716,1.17392778396606,1.11951899528503,1.04712915420532,0.947436511516571,0.922894895076752,0.898278474807739,0.880267024040222,0.846365928649902,0.819796919822693,0.804214119911194,0.825706899166107,0.811043977737427,0.798018157482147,0.799839854240417,0.821215987205505,0.910278141498566,1.00600171089172,0.999763786792755,0.989298820495605,0.982316613197327,0.901558637619019,0.917781352996826,0.942042589187622,1.08392632007599,1.06172752380371,1.04268860816956,1.05823874473572,1.0678459405899,1.0712559223175,1.01727902889252,0.995389461517334,0.977129876613617,0.930572509765625,0.881300687789917,0.786687195301056,0.544606924057007,0.526780426502228,0.397728502750397,0.388947039842606,0.382174432277679,0.374113529920578,0.360583305358887,0.35828572511673,0.358468115329742,0.363558679819107,0.389270752668381,0.384437739849091,0.379883080720901,0.383614629507065,0.359087020158768,0.346473544836044,0.340828835964203,0.360632866621017,0.386012226343155,0.394226133823395,0.401569426059723
"19369",2.45979142189026,2.51339292526245,2.57840728759766,2.56768083572388,2.51843762397766,2.45993089675903,2.34198379516602,2.30287647247314,2.28620100021362,2.45371294021606,2.76729941368103,2.75645208358765,2.66883039474487,2.52714586257935,2.65825986862183,2.62379741668701,2.39093112945557,2.13740658760071,2.06526231765747,1.91663205623627,1.79997336864471,1.76823937892914,1.75495183467865,1.6897257566452,1.58902144432068,1.41261291503906,1.36392045021057,1.59876096248627,1.62742030620575,1.65675950050354,1.68281435966492,1.50078654289246,1.41523945331573,1.55871868133545,1.720543384552,1.71719694137573,1.63934147357941,1.46093606948853,1.4164412021637,1.36710095405579,1.27755331993103,1.06290483474731,0.9955193400383,0.906780064105988,0.786563515663147,0.767084777355194,0.745872378349304,0.738328635692596,0.722397685050964,0.709570407867432,0.704361140727997,0.729732513427734,0.732570469379425,0.741560876369476,0.753078937530518,0.76573234796524,0.818715274333954,0.867422819137573,0.853850960731506,0.837832868099213,0.829377293586731,0.780834913253784,0.796627283096313,0.816136002540588,0.923124551773071,0.902122795581818,0.87684166431427,0.895982146263123,0.913512706756592,0.923757076263428,0.903525233268738,0.884870529174805,0.865326881408691,0.796362161636353,0.752864599227905,0.677712380886078,0.507743537425995,0.494995146989822,0.380423724651337,0.370419383049011,0.362592101097107,0.354223102331161,0.34258297085762,0.340643972158432,0.340791702270508,0.344437688589096,0.362019091844559,0.357668697834015,0.354661911725998,0.35771781206131,0.34391525387764,0.33573567867279,0.332160770893097,0.348491936922073,0.371197283267975,0.37881863117218,0.385074555873871
"19370",1.90375208854675,1.93818688392639,1.97564649581909,1.95033740997314,1.90263056755066,1.86071586608887,1.80793070793152,1.81758368015289,1.83971548080444,1.95874464511871,2.20634388923645,2.20013546943665,2.12218904495239,2.006991147995,2.10116219520569,2.08929562568665,1.94700860977173,1.78877997398376,1.72836637496948,1.60901093482971,1.51661324501038,1.50549447536469,1.50963568687439,1.45228695869446,1.38414120674133,1.22174096107483,1.14748859405518,1.30524265766144,1.32921504974365,1.38084983825684,1.39796030521393,1.28011953830719,1.23206329345703,1.36155128479004,1.51452934741974,1.54040694236755,1.48011565208435,1.33971989154816,1.29660022258759,1.25392270088196,1.17256855964661,0.959540009498596,0.888861179351807,0.792086839675903,0.659152626991272,0.647301912307739,0.635555326938629,0.638296365737915,0.637013792991638,0.631927490234375,0.632343411445618,0.658389270305634,0.662787795066833,0.673204123973846,0.681018590927124,0.684990167617798,0.712376654148102,0.74331271648407,0.732600510120392,0.719254970550537,0.711520910263062,0.680093824863434,0.692634046077728,0.707722008228302,0.777464389801025,0.76370096206665,0.735872685909271,0.754997670650482,0.775232493877411,0.787681877613068,0.787295341491699,0.772878766059875,0.755205273628235,0.687562584877014,0.652125358581543,0.597705245018005,0.4771429002285,0.466694533824921,0.363933801651001,0.353084951639175,0.344378441572189,0.335922330617905,0.324790120124817,0.323414891958237,0.323638379573822,0.326108574867249,0.338340997695923,0.335051268339157,0.334448516368866,0.337403923273087,0.329851895570755,0.324454516172409,0.322540104389191,0.33680734038353,0.356717228889465,0.363539487123489,0.369140267372131
"19371",1.54032075405121,1.55879807472229,1.5930905342102,1.56608271598816,1.51930141448975,1.49074840545654,1.46692061424255,1.50121593475342,1.52916204929352,1.60575830936432,1.81512594223022,1.81042861938477,1.73678922653198,1.63862526416779,1.70982789993286,1.70645880699158,1.6129903793335,1.50595045089722,1.45711588859558,1.36616909503937,1.29881417751312,1.29556179046631,1.31332647800446,1.26584136486053,1.20456385612488,1.06206858158112,0.988591730594635,1.10543024539948,1.12804341316223,1.19472432136536,1.20572853088379,1.11719632148743,1.08864259719849,1.19629716873169,1.33975648880005,1.4012542963028,1.36848020553589,1.24947488307953,1.19127035140991,1.14264059066772,1.07195711135864,0.862479567527771,0.785773932933807,0.688258290290833,0.576152324676514,0.572309851646423,0.565753281116486,0.5728679895401,0.577843308448792,0.579688668251038,0.580124199390411,0.600514829158783,0.603290498256683,0.608730137348175,0.610952973365784,0.609599411487579,0.62713760137558,0.65043967962265,0.641931116580963,0.631277740001678,0.624607145786285,0.59505170583725,0.60320520401001,0.614635825157166,0.669614374637604,0.65709400177002,0.637335479259491,0.654791831970215,0.673269689083099,0.685048282146454,0.687976896762848,0.6739302277565,0.656630873680115,0.594441950321198,0.568277537822723,0.532756686210632,0.449575215578079,0.44000244140625,0.348690092563629,0.337635576725006,0.32853889465332,0.320138573646545,0.309508591890335,0.308470517396927,0.308700442314148,0.310324907302856,0.318756371736526,0.316214710474014,0.317907750606537,0.321014195680618,0.317493796348572,0.313833266496658,0.313304245471954,0.326463907957077,0.343801319599152,0.349678546190262,0.354218572378159
"19372",1.29039645195007,1.29890012741089,1.32341361045837,1.29413414001465,1.25057089328766,1.23226070404053,1.22515606880188,1.27893161773682,1.31020534038544,1.38604927062988,1.53800916671753,1.54189682006836,1.47703802585602,1.38416004180908,1.43954730033875,1.43691003322601,1.37253069877625,1.29065752029419,1.25629138946533,1.189009308815,1.14409959316254,1.15941858291626,1.18398761749268,1.12453138828278,1.06890499591827,0.941547870635986,0.875745832920074,0.988110899925232,0.995392680168152,1.06475448608398,1.06733047962189,0.995740056037903,0.979017853736877,1.07581090927124,1.22569072246552,1.3011177778244,1.27626895904541,1.14669847488403,1.0785117149353,1.02945828437805,0.949906826019287,0.739353656768799,0.670838415622711,0.591247200965881,0.520843029022217,0.519472718238831,0.516051352024078,0.524823129177094,0.531967341899872,0.535481631755829,0.534497022628784,0.549067556858063,0.549575626850128,0.549812912940979,0.54818469285965,0.544953167438507,0.555435836315155,0.574025511741638,0.567113220691681,0.558339595794678,0.552609205245972,0.522883057594299,0.527214109897614,0.536548316478729,0.584821403026581,0.576768279075623,0.560616254806519,0.574975192546844,0.591550230979919,0.601820826530457,0.601530969142914,0.582816660404205,0.562821865081787,0.519059896469116,0.503596007823944,0.481448978185654,0.41957226395607,0.411175101995468,0.330867052078247,0.320608526468277,0.311866343021393,0.304020941257477,0.295206308364868,0.294862240552902,0.295356929302216,0.296214729547501,0.301692247390747,0.299635469913483,0.303366333246231,0.306525826454163,0.305564165115356,0.303496181964874,0.304787337779999,0.317943453788757,0.332317233085632,0.337251216173172,0.339999496936798
"19373",3.2450544834137,3.66216516494751,3.17946815490723,2.33144044876099,2.37289309501648,2.61506795883179,3.02966737747192,3.40826511383057,3.82860159873962,3.93773460388184,4.20808410644531,3.50697994232178,2.89422130584717,2.31110191345215,2.2410786151886,2.13211989402771,2.07095527648926,2.00092220306396,1.98613548278809,1.87738585472107,1.72334337234497,1.66310107707977,1.51698040962219,1.40747284889221,1.37364053726196,1.25440073013306,1.13147187232971,1.17849147319794,1.18878972530365,1.3352507352829,1.38843786716461,1.42885613441467,1.2807332277298,1.27224898338318,1.38290333747864,1.33220839500427,1.2804651260376,1.31835281848907,1.36816596984863,1.30289125442505,1.18719255924225,1.03361618518829,0.971175193786621,0.886742532253265,0.845584750175476,0.824916005134583,0.879635691642761,0.844943523406982,0.79962682723999,0.811768054962158,0.807019472122192,0.926762700080872,0.861583948135376,0.785166501998901,0.718950271606445,0.703462421894073,0.802533388137817,0.885515749454498,0.846671462059021,0.808364748954773,0.783326864242554,0.781459510326385,0.770326435565948,0.789525866508484,0.867920517921448,0.848497092723846,0.756044387817383,0.723537504673004,0.679084539413452,0.646920442581177,0.596186101436615,0.577638506889343,0.556405186653137,0.531754076480865,0.550134420394897,0.58386367559433,0.652099251747131,0.621673822402954,0.492777943611145,0.459224343299866,0.437926530838013,0.408493608236313,0.38835284113884,0.386657744646072,0.392395198345184,0.399009376764297,0.372179567813873,0.363338708877563,0.349230796098709,0.359521985054016,0.4045150578022,0.392515629529953,0.362837165594101,0.423187881708145,0.447198659181595,0.460307747125626,0.450629472732544
"19374",4.73983478546143,4.75648975372314,4.52293872833252,3.75620579719543,3.56881427764893,3.98770785331726,4.49201583862305,5.13050651550293,5.37148857116699,5.53112936019897,5.50305128097534,4.76029825210571,3.78026437759399,3.01545357704163,2.78389430046082,2.65178608894348,2.53783249855042,2.414146900177,2.33773612976074,2.16643905639648,1.99544548988342,1.91358518600464,1.65455973148346,1.58426737785339,1.53337240219116,1.27766752243042,1.17955207824707,1.30660152435303,1.31209230422974,1.5145435333252,1.54969811439514,1.46033525466919,1.34240198135376,1.38493752479553,1.3916699886322,1.35157310962677,1.34988105297089,1.40250253677368,1.46765685081482,1.37673091888428,1.25124430656433,1.14737510681152,1.07905113697052,0.997734725475311,0.998973608016968,0.964649498462677,0.998414814472198,0.967058062553406,0.923169791698456,0.946653187274933,0.926785588264465,1.00397861003876,0.954964697360992,0.899012565612793,0.871389806270599,0.877511024475098,1.01385951042175,1.06574082374573,1.03961741924286,1.00940668582916,0.992112338542938,0.95402067899704,0.969419360160828,0.970643281936646,0.98188066482544,0.91997766494751,0.823029518127441,0.790241956710815,0.741234004497528,0.70346337556839,0.598242342472076,0.574469685554504,0.555927693843842,0.582351446151733,0.616824865341187,0.665628492832184,0.731580078601837,0.710402131080627,0.59611701965332,0.564265429973602,0.52221417427063,0.484486848115921,0.461902469396591,0.46849849820137,0.469570070505142,0.454200625419617,0.424566358327866,0.408202856779099,0.404362767934799,0.413875699043274,0.44130402803421,0.425334423780441,0.421322911977768,0.477704614400864,0.530839562416077,0.551117956638336,0.539848923683167
"19375",3.69042944908142,3.6475260257721,3.51147174835205,3.24588251113892,3.16779661178589,3.37398529052734,3.76039552688599,4.14731216430664,4.33339500427246,4.33273649215698,4.20416498184204,3.64421677589417,2.99639582633972,2.51594471931458,2.35982155799866,2.24881935119629,2.12102603912354,2.00156474113464,1.92686176300049,1.77542686462402,1.6300539970398,1.54614818096161,1.43249273300171,1.37599194049835,1.25988554954529,1.08759474754333,1.08932590484619,1.24839282035828,1.23873329162598,1.32178616523743,1.32725977897644,1.21509146690369,1.16684579849243,1.25168323516846,1.24711358547211,1.21329915523529,1.20817995071411,1.12753570079803,1.15344214439392,1.07748627662659,0.973045647144318,0.86635959148407,0.832720935344696,0.797481417655945,0.802722334861755,0.787323355674744,0.795326888561249,0.784327030181885,0.766552031040192,0.77317601442337,0.759406924247742,0.787053942680359,0.776103019714355,0.763104856014252,0.763366937637329,0.768249988555908,0.844993710517883,0.89482045173645,0.881457090377808,0.866604149341583,0.858113050460815,0.787067234516144,0.77727198600769,0.761470019817352,0.76546710729599,0.728133320808411,0.677524149417877,0.661238133907318,0.633554995059967,0.617195010185242,0.535362005233765,0.517354846000671,0.513012588024139,0.552103161811829,0.572390794754028,0.601603388786316,0.637301981449127,0.631318747997284,0.540100872516632,0.512454211711884,0.481864750385284,0.456934660673141,0.438287377357483,0.436972171068192,0.430631846189499,0.416017711162567,0.395035088062286,0.386482208967209,0.387715071439743,0.393196284770966,0.401372998952866,0.398822635412216,0.404738068580627,0.445628106594086,0.493112206459045,0.510676920413971,0.506611108779907
"19376",2.80009388923645,2.82238006591797,2.71886777877808,2.66359829902649,2.71089792251587,2.88311338424683,3.07847929000854,3.3726921081543,3.32841920852661,3.15055751800537,3.03282737731934,2.61237382888794,2.24348402023315,1.98869895935059,1.88323402404785,1.81607794761658,1.75273561477661,1.70522737503052,1.62554621696472,1.48437428474426,1.3493355512619,1.26074242591858,1.18094980716705,1.15077638626099,1.06960213184357,0.993567943572998,1.00276720523834,1.1054835319519,1.10722160339355,1.1275771856308,1.15151357650757,1.07575368881226,1.02155518531799,1.07846009731293,1.03820598125458,0.991869449615479,0.966489195823669,0.889052510261536,0.900586605072021,0.848498344421387,0.781296014785767,0.706173121929169,0.68951541185379,0.67397266626358,0.675648748874664,0.667334258556366,0.666354596614838,0.664342761039734,0.657414793968201,0.659278690814972,0.651450991630554,0.667430520057678,0.662243604660034,0.657002687454224,0.655975103378296,0.659979462623596,0.705704689025879,0.75285279750824,0.741629838943481,0.728978097438812,0.719452381134033,0.638005197048187,0.627117395401001,0.61660885810852,0.61487752199173,0.590868592262268,0.548286080360413,0.542417287826538,0.530162930488586,0.52211606502533,0.479917794466019,0.477888882160187,0.480650067329407,0.512802243232727,0.527675271034241,0.548058211803436,0.575571715831757,0.572658002376556,0.495655298233032,0.472873330116272,0.44971227645874,0.430660754442215,0.412999272346497,0.409061461687088,0.401565104722977,0.388775169849396,0.372203201055527,0.36680194735527,0.370517671108246,0.374743342399597,0.381039202213287,0.38354367017746,0.394002258777618,0.431944727897644,0.468451946973801,0.479726761579514,0.467221468687057
"19377",2.12877559661865,2.16389513015747,2.13772988319397,2.15747594833374,2.26142072677612,2.43170356750488,2.45036840438843,2.54946780204773,2.31327724456787,2.06612491607666,2.04912233352661,1.77346038818359,1.56213617324829,1.44107615947723,1.40592980384827,1.37980246543884,1.38056492805481,1.41796505451202,1.30204927921295,1.13288533687592,1.00189173221588,0.952282845973969,0.967311143875122,0.963965058326721,0.934683799743652,0.873259365558624,0.859866380691528,0.92494398355484,0.951023578643799,0.954408347606659,0.992919683456421,0.946816802024841,0.885057032108307,0.90358316898346,0.872746765613556,0.829252481460571,0.788498997688293,0.72449803352356,0.720454454421997,0.690455734729767,0.652954816818237,0.607666194438934,0.600537717342377,0.594917714595795,0.595112562179565,0.591852188110352,0.585138320922852,0.587601363658905,0.586780905723572,0.58515077829361,0.581763744354248,0.593645572662354,0.592609524726868,0.592131555080414,0.59294718503952,0.595214366912842,0.614518642425537,0.644172668457031,0.633967399597168,0.621384084224701,0.611221671104431,0.549636721611023,0.539038896560669,0.530667841434479,0.512948095798492,0.502007007598877,0.470300167798996,0.474017828702927,0.472480833530426,0.469101786613464,0.450070440769196,0.451730847358704,0.455649733543396,0.48086741566658,0.492843776941299,0.508865118026733,0.530290246009827,0.527001440525055,0.456975936889648,0.438395112752914,0.420591682195663,0.405965387821198,0.390762329101562,0.386181890964508,0.378364235162735,0.366499871015549,0.353240817785263,0.349888771772385,0.356087803840637,0.360119760036469,0.368279039859772,0.376572638750076,0.394407689571381,0.430720418691635,0.444439053535461,0.447232156991959,0.41702276468277
"19378",1.75910246372223,1.79229247570038,1.81148338317871,1.88034439086914,1.97158288955688,2.01307320594788,1.88315486907959,1.78180646896362,1.56951332092285,1.38896763324738,1.37657368183136,1.24126255512238,1.13715243339539,1.08450531959534,1.08006179332733,1.07098615169525,1.07112455368042,1.09570026397705,1.00514698028564,0.885060667991638,0.810387849807739,0.801772117614746,0.832208931446075,0.821051716804504,0.782489895820618,0.712694883346558,0.704310536384583,0.795263051986694,0.840881943702698,0.859530687332153,0.890056848526001,0.857427000999451,0.801904201507568,0.793473482131958,0.775548994541168,0.739214897155762,0.697060227394104,0.630019664764404,0.612689137458801,0.598922967910767,0.579476416110992,0.545018196105957,0.541129589080811,0.53800892829895,0.537757098674774,0.536380350589752,0.526914060115814,0.531573712825775,0.533843517303467,0.532030761241913,0.53053617477417,0.537914574146271,0.538409233093262,0.539057493209839,0.539519011974335,0.53931313753128,0.5412917137146,0.557361721992493,0.550960779190063,0.542205929756165,0.534501850605011,0.492523819208145,0.481765300035477,0.473742991685867,0.44902691245079,0.444184958934784,0.417252361774445,0.425387650728226,0.428553760051727,0.427842885255814,0.420982927083969,0.424568295478821,0.428873777389526,0.450013399124146,0.459235697984695,0.471394330263138,0.490083247423172,0.487694293260574,0.428210467100143,0.413232058286667,0.399614006280899,0.388456970453262,0.373461931943893,0.368776112794876,0.361530274152756,0.351279854774475,0.338632345199585,0.335496127605438,0.341116815805435,0.344770342111588,0.355861902236938,0.368575125932693,0.390814691781998,0.417113393545151,0.406072169542313,0.404218226671219,0.368078857660294
"19379",1.50893712043762,1.5378725528717,1.57215619087219,1.6210218667984,1.62630653381348,1.5510425567627,1.39963459968567,1.26395702362061,1.13997948169708,1.04833388328552,1.05155527591705,0.97521710395813,0.912807941436768,0.880515038967133,0.88432788848877,0.880949139595032,0.873946189880371,0.862608551979065,0.798924028873444,0.718778550624847,0.679097950458527,0.685310482978821,0.704984426498413,0.689843952655792,0.659459352493286,0.612252235412598,0.606283903121948,0.666913866996765,0.698403239250183,0.755459249019623,0.79181182384491,0.785650730133057,0.744705975055695,0.732449412345886,0.726385831832886,0.700923562049866,0.66251528263092,0.586185991764069,0.551483392715454,0.543890416622162,0.531693458557129,0.498051166534424,0.494621247053146,0.491642117500305,0.491524547338486,0.490537464618683,0.483348965644836,0.48846024274826,0.491687446832657,0.491427659988403,0.489744305610657,0.495159029960632,0.495102643966675,0.494829684495926,0.494206964969635,0.492595314979553,0.486904472112656,0.496472150087357,0.492024630308151,0.485683917999268,0.479957491159439,0.447962939739227,0.438247710466385,0.430640757083893,0.404828697443008,0.403299868106842,0.382389932870865,0.392340809106827,0.396757960319519,0.397348165512085,0.395578324794769,0.399778604507446,0.403771042823792,0.421067476272583,0.428818494081497,0.439006328582764,0.456276148557663,0.454385757446289,0.405596017837524,0.393033802509308,0.382101953029633,0.372817903757095,0.35904398560524,0.354557782411575,0.347471714019775,0.337160229682922,0.325151741504669,0.321731597185135,0.327570647001266,0.330896943807602,0.344184815883636,0.359962701797485,0.380372643470764,0.387393772602081,0.359830409288406,0.357021987438202,0.325703263282776
"19380",2.29400157928467,2.15946245193481,2.08977794647217,2.15876936912537,2.01955890655518,1.50452482700348,1.49005317687988,1.48700129985809,1.37132978439331,1.36527049541473,1.77347540855408,1.55484676361084,1.41789174079895,1.43589520454407,1.30284476280212,1.22908425331116,1.30468952655792,1.44316184520721,1.36531221866608,1.20493817329407,1.02770411968231,0.94539213180542,0.992144465446472,1.00075960159302,1.04067194461823,1.00411176681519,0.94947612285614,0.943062901496887,1.02251756191254,1.06615400314331,1.22180533409119,1.45238494873047,1.21135222911835,1.51054000854492,1.50924110412598,1.48944878578186,1.46869814395905,1.16826224327087,1.08689618110657,1.06471681594849,1.00733661651611,0.938036918640137,0.868710994720459,0.812097549438477,0.858663856983185,0.809276700019836,0.880728662014008,0.814322829246521,0.744381606578827,0.803995430469513,0.754874885082245,0.840042591094971,0.77393627166748,0.707472205162048,0.646571338176727,0.611922740936279,0.723530113697052,0.83963131904602,0.779174745082855,0.742906451225281,0.727541387081146,0.674469113349915,0.627902567386627,0.596067905426025,0.633722722530365,0.628618359565735,0.611777603626251,0.611525177955627,0.602929592132568,0.595906555652618,0.532872974872589,0.531176686286926,0.536931335926056,0.559306919574738,0.562655329704285,0.55381178855896,0.525619745254517,0.508300304412842,0.455442994832993,0.441395223140717,0.431945979595184,0.420028358697891,0.398705571889877,0.392963528633118,0.386957824230194,0.378521680831909,0.35730841755867,0.356819659471512,0.36531999707222,0.37249493598938,0.403202265501022,0.41830375790596,0.428641885519028,0.418318837881088,0.380282253026962,0.382175177335739,0.380457043647766
"19381",2.77642726898193,2.76448631286621,2.4968376159668,2.46185302734375,2.16325616836548,1.75145101547241,1.74080944061279,1.77892339229584,1.82083511352539,1.89156365394592,2.11392641067505,1.95374894142151,1.76748418807983,1.64318871498108,1.6207275390625,1.66732323169708,1.76151251792908,1.81692361831665,1.63907039165497,1.39040744304657,1.21839797496796,1.1796281337738,1.26833236217499,1.28183913230896,1.24334740638733,1.07497501373291,1.02486777305603,1.10823667049408,1.17504680156708,1.35232198238373,1.47270572185516,1.58575320243835,1.49566531181335,1.79129838943481,1.86542022228241,1.90821242332458,1.87542963027954,1.56177246570587,1.47547256946564,1.39804887771606,1.29099452495575,1.11980247497559,1.07015645503998,1.01696109771729,1.00023114681244,0.970023214817047,0.964856326580048,0.932997465133667,0.892160892486572,0.911202847957611,0.88267570734024,0.913003325462341,0.863345384597778,0.803367912769318,0.764716982841492,0.753487884998322,0.905624985694885,1.01528036594391,0.992760479450226,0.965645253658295,0.941760718822479,0.756592571735382,0.722990870475769,0.707934081554413,0.78539103269577,0.767797112464905,0.751864194869995,0.750248968601227,0.7402703166008,0.730677962303162,0.670684099197388,0.660203874111176,0.65397310256958,0.659232437610626,0.649855315685272,0.629653811454773,0.556925594806671,0.540966391563416,0.496072560548782,0.488214433193207,0.475645124912262,0.460633605718613,0.428927540779114,0.427352368831635,0.423570692539215,0.413246214389801,0.386402934789658,0.385811150074005,0.399310529232025,0.405689507722855,0.438949346542358,0.451366871595383,0.460630923509598,0.449016600847244,0.425833761692047,0.425971895456314,0.429371565580368
"19382",2.23263263702393,2.25270318984985,2.05707454681396,1.91375994682312,1.74206745624542,1.6042788028717,1.59748458862305,1.64656186103821,1.67195177078247,1.68920075893402,1.77050030231476,1.63945889472961,1.5118887424469,1.44781756401062,1.46479678153992,1.4961404800415,1.51492929458618,1.50768458843231,1.38339495658875,1.21049213409424,1.09585535526276,1.07559990882874,1.09439730644226,1.05767488479614,0.971860766410828,0.892464995384216,0.896762371063232,1.05934500694275,1.11701047420502,1.28729510307312,1.36092555522919,1.39466309547424,1.35846281051636,1.55812704563141,1.62942183017731,1.65108156204224,1.61786377429962,1.33949398994446,1.22915887832642,1.16767621040344,1.0803337097168,0.915804922580719,0.888080298900604,0.858901798725128,0.830888330936432,0.816327571868896,0.790829002857208,0.786626935005188,0.772406876087189,0.756169080734253,0.737449288368225,0.734625041484833,0.719592332839966,0.703399360179901,0.69543981552124,0.696147859096527,0.784899353981018,0.859229803085327,0.840790748596191,0.818434536457062,0.798860311508179,0.652212381362915,0.630711734294891,0.624942064285278,0.673642992973328,0.662409722805023,0.644651591777802,0.651605367660522,0.652562618255615,0.650329828262329,0.622428715229034,0.613083839416504,0.605122745037079,0.593873202800751,0.585947036743164,0.571280360221863,0.515264332294464,0.507789492607117,0.472353279590607,0.464958220720291,0.455931276082993,0.445345520973206,0.41442745923996,0.412580490112305,0.408164858818054,0.398853719234467,0.374289721250534,0.375912845134735,0.385303497314453,0.388911128044128,0.412956684827805,0.42337965965271,0.431261271238327,0.424573570489883,0.409105211496353,0.408506333827972,0.408311724662781
"19383",1.82179117202759,1.83223390579224,1.69302153587341,1.57425665855408,1.48100447654724,1.44400525093079,1.44652712345123,1.50159120559692,1.48901271820068,1.46787238121033,1.50453841686249,1.41145300865173,1.33515167236328,1.29886257648468,1.31232440471649,1.31689643859863,1.30425274372101,1.28084897994995,1.17998218536377,1.03948974609375,0.944243550300598,0.921161532402039,0.892723619937897,0.852361857891083,0.826639235019684,0.828255832195282,0.864647328853607,1.05974185466766,1.11087608337402,1.24473643302917,1.30078601837158,1.31641793251038,1.28443121910095,1.45272517204285,1.48780572414398,1.48415017127991,1.43174064159393,1.15623342990875,1.0436042547226,0.989441990852356,0.91440224647522,0.774325907230377,0.755260765552521,0.736885249614716,0.719628572463989,0.711065828800201,0.68589860200882,0.685025632381439,0.67526364326477,0.651408731937408,0.641101479530334,0.643139064311981,0.638790011405945,0.634826302528381,0.633639454841614,0.634680032730103,0.687573552131653,0.73385763168335,0.717231392860413,0.696952879428864,0.67987859249115,0.576506733894348,0.563125193119049,0.560359716415405,0.590867519378662,0.584042906761169,0.568309545516968,0.578929662704468,0.584514856338501,0.585234045982361,0.571479678153992,0.564193904399872,0.557277023792267,0.542563438415527,0.535628318786621,0.524154663085938,0.484714686870575,0.480094999074936,0.450184226036072,0.443975061178207,0.436973005533218,0.427910536527634,0.400234401226044,0.398690402507782,0.394327878952026,0.385316789150238,0.364855974912643,0.367082625627518,0.374617964029312,0.376653611660004,0.393914103507996,0.402179777622223,0.40790843963623,0.401637524366379,0.39138862490654,0.392599076032639,0.400114387273788
"19384",1.49396514892578,1.49805235862732,1.39524674415588,1.32221126556396,1.28902244567871,1.29512023925781,1.29313492774963,1.33296966552734,1.29839670658112,1.26617574691772,1.29544258117676,1.23453986644745,1.1812549829483,1.14880990982056,1.15101683139801,1.13527369499207,1.10162055492401,1.06409192085266,0.970112442970276,0.846972703933716,0.774460792541504,0.767380177974701,0.769190669059753,0.752446413040161,0.762845277786255,0.777463972568512,0.811770141124725,1.02026307582855,1.08336305618286,1.19043099880219,1.24457895755768,1.25692248344421,1.21828043460846,1.34501504898071,1.35394787788391,1.32782471179962,1.26069211959839,1.00657391548157,0.898740351200104,0.855996012687683,0.795969307422638,0.671454012393951,0.658077955245972,0.646123230457306,0.638158082962036,0.63249397277832,0.608185112476349,0.609169542789459,0.60331392288208,0.583204805850983,0.577394366264343,0.586057245731354,0.583912551403046,0.581257879734039,0.578704059123993,0.576279938220978,0.603952288627625,0.63666695356369,0.624567687511444,0.609487891197205,0.5967578291893,0.522436320781708,0.511725902557373,0.508979678153992,0.529840767383575,0.526125490665436,0.512197732925415,0.523783624172211,0.53120356798172,0.533412575721741,0.52565199136734,0.519862353801727,0.514335453510284,0.501137673854828,0.495813101530075,0.487423837184906,0.460284769535065,0.457134336233139,0.432422697544098,0.426761776208878,0.420709908008575,0.412839949131012,0.388077348470688,0.385425686836243,0.380430340766907,0.371920049190521,0.355824768543243,0.357937067747116,0.365777999162674,0.367333143949509,0.380131840705872,0.385525405406952,0.386936336755753,0.38074254989624,0.382226198911667,0.386096447706223,0.40397647023201
"19385",1.24712038040161,1.24839448928833,1.1821231842041,1.14761686325073,1.14733326435089,1.16601896286011,1.15770483016968,1.18402171134949,1.15044379234314,1.1226921081543,1.1497768163681,1.10393214225769,1.05720782279968,1.01628148555756,0.997994482517242,0.965543627738953,0.92014729976654,0.880993783473969,0.814155995845795,0.726224362850189,0.676431000232697,0.677912533283234,0.703069567680359,0.694174289703369,0.696030378341675,0.6894651055336,0.71805727481842,0.915699183940887,0.977885246276855,1.10998857021332,1.16579854488373,1.19454503059387,1.15768206119537,1.23911762237549,1.26338052749634,1.24716567993164,1.18849611282349,0.943632245063782,0.83004355430603,0.795128047466278,0.742828905582428,0.610602915287018,0.597195446491241,0.584349095821381,0.572906136512756,0.569221138954163,0.550448596477509,0.554053127765656,0.552277445793152,0.535848677158356,0.531690299510956,0.537402749061584,0.535454869270325,0.53243350982666,0.529024124145508,0.525692939758301,0.536698043346405,0.562761604785919,0.555950939655304,0.546607911586761,0.538106620311737,0.482892274856567,0.472644001245499,0.468818843364716,0.480750739574432,0.479150295257568,0.4656141102314,0.477765738964081,0.48634922504425,0.489247858524323,0.485326051712036,0.480946570634842,0.476399421691895,0.46633705496788,0.462879478931427,0.457344114780426,0.438998311758041,0.436997532844543,0.418613374233246,0.414055109024048,0.409495681524277,0.403379082679749,0.379946261644363,0.375450968742371,0.369236379861832,0.36109247803688,0.347201287746429,0.348652780056,0.356411039829254,0.358039438724518,0.367578893899918,0.370048224925995,0.369765639305115,0.369835197925568,0.382300645112991,0.387509196996689,0.405178844928741
"19386",1.0693461894989,1.06922054290771,1.03292274475098,1.01924443244934,1.02799797058105,1.04803228378296,1.04054152965546,1.06357574462891,1.0394960641861,1.01807832717896,1.04491412639618,1.00795209407806,0.966145634651184,0.918144583702087,0.887640476226807,0.855232357978821,0.820036113262177,0.794650316238403,0.749333500862122,0.68427586555481,0.640139698982239,0.633039236068726,0.64849042892456,0.644178509712219,0.633535146713257,0.608315110206604,0.633978486061096,0.824713408946991,0.869961202144623,1.0349794626236,1.08235287666321,1.11980247497559,1.09429728984833,1.174320936203,1.24249362945557,1.25464200973511,1.21280670166016,0.937271952629089,0.812111258506775,0.774352550506592,0.717446446418762,0.570718050003052,0.554669916629791,0.538492977619171,0.518858850002289,0.515672385692596,0.50309544801712,0.508345127105713,0.509466409683228,0.497946113348007,0.494036555290222,0.495622396469116,0.493883401155472,0.491090834140778,0.487943857908249,0.484788864850998,0.486659616231918,0.507173001766205,0.503173112869263,0.497087121009827,0.491234123706818,0.450022220611572,0.441043943166733,0.436947822570801,0.442815601825714,0.441622585058212,0.427577376365662,0.439238548278809,0.448553204536438,0.451821088790894,0.45033872127533,0.447220832109451,0.44380459189415,0.436517268419266,0.434303641319275,0.430711567401886,0.418718814849854,0.417546778917313,0.405678451061249,0.402790367603302,0.400283515453339,0.396127164363861,0.373797059059143,0.368426620960236,0.361545205116272,0.353214740753174,0.338905334472656,0.339294254779816,0.345238447189331,0.34681299328804,0.354223430156708,0.356067448854446,0.357518792152405,0.363684833049774,0.378427445888519,0.383626371622086,0.39444088935852
"19387",1.62648439407349,1.78365504741669,1.79861760139465,1.99972379207611,2.29562520980835,2.25494575500488,1.99018311500549,2.08942461013794,2.02833867073059,1.79931235313416,1.61432194709778,1.68957757949829,1.67073404788971,1.54758286476135,1.42745018005371,1.35191798210144,1.38386678695679,1.46054172515869,1.40413558483124,1.31760847568512,1.23310351371765,1.18912625312805,1.08821535110474,1.08219718933105,1.08152949810028,0.958706557750702,0.91752427816391,1.03249990940094,1.08334565162659,1.16213583946228,1.25134932994843,1.30363488197327,1.17888903617859,1.24959802627563,1.36204481124878,1.44281435012817,1.47690558433533,1.2406839132309,1.17287504673004,1.1052953004837,0.996682465076447,0.87860894203186,0.821508944034576,0.758772790431976,0.778277695178986,0.74749106168747,0.784575700759888,0.766386985778809,0.708031475543976,0.689294457435608,0.658035099506378,0.746909260749817,0.688922703266144,0.625083982944489,0.570608794689178,0.54446017742157,0.600273013114929,0.730786800384521,0.688506186008453,0.668321669101715,0.666796684265137,0.619007647037506,0.590338349342346,0.59504246711731,0.70395690202713,0.711074948310852,0.684505045413971,0.687438547611237,0.669944107532501,0.644027948379517,0.58101886510849,0.572921693325043,0.575603187084198,0.582863569259644,0.583781480789185,0.569656312465668,0.510175108909607,0.487796157598495,0.45324233174324,0.448870658874512,0.449475735425949,0.446715354919434,0.417186766862869,0.410736858844757,0.408533036708832,0.407743066549301,0.391824543476105,0.389463484287262,0.382393568754196,0.382462352514267,0.386634856462479,0.38476699590683,0.378902435302734,0.375617951154709,0.404243648052216,0.421866685152054,0.459879845380783
"19388",1.93108928203583,2.02921104431152,2.18295097351074,2.51850199699402,2.83545899391174,2.91657209396362,2.71050930023193,2.57132005691528,2.4309937953949,2.22564387321472,2.11094236373901,2.04415130615234,2.02453756332397,1.90728962421417,1.78183650970459,1.73266220092773,1.81713390350342,1.92592120170593,1.85244989395142,1.73568725585938,1.63466715812683,1.6024934053421,1.46095252037048,1.40706849098206,1.27626860141754,1.07055878639221,1.03713464736938,1.13322079181671,1.14543986320496,1.25363171100616,1.28550493717194,1.24313974380493,1.15580785274506,1.23040056228638,1.42243838310242,1.58917438983917,1.6762101650238,1.49916505813599,1.38893961906433,1.29597353935242,1.15204012393951,0.997761309146881,0.938342571258545,0.869367003440857,0.877249300479889,0.855884253978729,0.874020338058472,0.866040945053101,0.813845753669739,0.695974171161652,0.681562066078186,0.791057705879211,0.755544602870941,0.692019402980804,0.63830554485321,0.605850517749786,0.654082357883453,0.808096349239349,0.807405710220337,0.805603265762329,0.802614569664001,0.675660967826843,0.67060911655426,0.695871770381927,0.869346857070923,0.855901718139648,0.8287633061409,0.831503868103027,0.819695889949799,0.802522003650665,0.723634302616119,0.707749485969543,0.698645949363708,0.70140951871872,0.692342758178711,0.668629467487335,0.561897099018097,0.541872262954712,0.491643607616425,0.49271035194397,0.493515759706497,0.488849520683289,0.452022761106491,0.451136142015457,0.452858686447144,0.451842546463013,0.439972102642059,0.431212216615677,0.415467411279678,0.413863152265549,0.40581077337265,0.3957359790802,0.38296365737915,0.382134467363358,0.429611384868622,0.445544362068176,0.497981309890747
"19389",1.66565656661987,1.68073320388794,1.85908198356628,2.14446783065796,2.35665130615234,2.40052080154419,2.36355328559875,2.20839023590088,2.04869794845581,1.93762540817261,1.86681497097015,1.79097747802734,1.74435830116272,1.64513254165649,1.59689021110535,1.56989967823029,1.63234519958496,1.68635129928589,1.63942074775696,1.55572652816772,1.47714054584503,1.43201303482056,1.21961069107056,1.17707800865173,1.03276872634888,0.93509966135025,0.937488317489624,1.07085561752319,1.06708443164825,1.17251086235046,1.16461944580078,1.09254574775696,1.0596067905426,1.15158486366272,1.3805365562439,1.57341980934143,1.64994823932648,1.3448326587677,1.19406533241272,1.11548614501953,0.995233297348022,0.826772093772888,0.783507108688354,0.733511567115784,0.71555882692337,0.703908443450928,0.693742871284485,0.6920605301857,0.666399896144867,0.587125957012177,0.579656541347504,0.63084751367569,0.61884731054306,0.594200372695923,0.572193086147308,0.56075382232666,0.584762573242188,0.682241797447205,0.684032320976257,0.683182299137115,0.680507957935333,0.596474051475525,0.602952420711517,0.626743614673615,0.728374481201172,0.724130630493164,0.699462532997131,0.712699115276337,0.722415447235107,0.724655091762543,0.675502121448517,0.661768913269043,0.649608016014099,0.634689569473267,0.626214444637299,0.607835114002228,0.525606393814087,0.514285683631897,0.478679358959198,0.480227917432785,0.48051843047142,0.474919408559799,0.442196130752563,0.439393162727356,0.436388611793518,0.430202543735504,0.416610926389694,0.409096002578735,0.397181034088135,0.395906865596771,0.384110897779465,0.375656008720398,0.367354273796082,0.375309705734253,0.415963679552078,0.42723473906517,0.465916991233826
"19390",1.55828928947449,1.54269671440125,1.71850061416626,1.91499805450439,2.0320839881897,2.06285834312439,2.02832818031311,1.94329571723938,1.83824634552002,1.74329113960266,1.70127606391907,1.64545202255249,1.56856799125671,1.46776413917542,1.47871851921082,1.45572900772095,1.50051879882812,1.51143360137939,1.47630298137665,1.3963189125061,1.30666291713715,1.22492694854736,1.02325391769409,0.995706260204315,0.914190948009491,0.880890727043152,0.900150299072266,1.05018925666809,1.02612280845642,1.11990737915039,1.10384094715118,1.04069697856903,1.02108144760132,1.13208389282227,1.36615252494812,1.53508365154266,1.57331943511963,1.15645170211792,1.02402007579803,0.9591463804245,0.864827871322632,0.707086741924286,0.66763973236084,0.625079095363617,0.599433243274689,0.593598961830139,0.58400970697403,0.580935597419739,0.564981341362,0.521142780780792,0.515700101852417,0.542978942394257,0.540693342685699,0.533935248851776,0.526346981525421,0.523248314857483,0.53598564863205,0.597197532653809,0.598488509654999,0.597282469272614,0.594929873943329,0.5450758934021,0.55170738697052,0.570466995239258,0.641474843025208,0.638892710208893,0.611958384513855,0.625058174133301,0.638258635997772,0.645404994487762,0.623858153820038,0.612007319927216,0.600831031799316,0.581541538238525,0.574082612991333,0.559270620346069,0.497553765773773,0.489784508943558,0.465375810861588,0.466578602790833,0.465705394744873,0.458911389112473,0.430032163858414,0.425400018692017,0.42009311914444,0.41193675994873,0.395812898874283,0.388771057128906,0.378017514944077,0.377218842506409,0.366389334201813,0.360175877809525,0.356703549623489,0.370992302894592,0.406860888004303,0.415786236524582,0.44815981388092
"19391",1.49838066101074,1.48519730567932,1.61102223396301,1.72649204730988,1.76776695251465,1.77643322944641,1.74443995952606,1.60698795318604,1.54108142852783,1.53036177158356,1.53771543502808,1.48895967006683,1.41098403930664,1.32609963417053,1.35451555252075,1.33643066883087,1.36239337921143,1.35974812507629,1.31597435474396,1.22272658348083,1.12160396575928,1.03802490234375,0.901122212409973,0.88118177652359,0.856742739677429,0.845815777778625,0.874064803123474,1.02945125102997,0.992783069610596,1.07934045791626,1.06093811988831,1.00926244258881,0.995100557804108,1.1209921836853,1.32885611057281,1.42062890529633,1.3786586523056,0.966062903404236,0.88632082939148,0.829380810260773,0.747011244297028,0.60006445646286,0.566594898700714,0.535732805728912,0.522252082824707,0.518810927867889,0.509015679359436,0.507677733898163,0.49956801533699,0.473358601331711,0.469495892524719,0.484928667545319,0.485252439975739,0.484699219465256,0.484086155891418,0.484877914190292,0.493950635194778,0.534531772136688,0.535357415676117,0.534520447254181,0.532880365848541,0.506515562534332,0.51447319984436,0.528099596500397,0.576528251171112,0.572135746479034,0.546229541301727,0.559314787387848,0.571277976036072,0.577459573745728,0.57315993309021,0.563514471054077,0.554817914962769,0.536539077758789,0.5297771692276,0.51724123954773,0.471100121736526,0.465529978275299,0.450649619102478,0.451211273670197,0.449387818574905,0.442057222127914,0.416397631168365,0.410928905010223,0.404643446207047,0.395816445350647,0.378359645605087,0.371130585670471,0.35975506901741,0.359007596969604,0.350623607635498,0.34719529747963,0.34804493188858,0.366364508867264,0.399342685937881,0.407512933015823,0.435815840959549
"19392",1.35106348991394,1.35499286651611,1.4525533914566,1.52573120594025,1.53213596343994,1.4825439453125,1.4180166721344,1.33466506004333,1.29337739944458,1.25596690177917,1.27963280677795,1.27156066894531,1.24629378318787,1.21243321895599,1.22021806240082,1.19950795173645,1.19688975811005,1.19542133808136,1.14322912693024,1.05315625667572,0.96904867887497,0.911786556243896,0.82193911075592,0.813916683197021,0.821539163589478,0.81379097700119,0.831110954284668,0.982361018657684,0.95072329044342,1.04454755783081,1.0308803319931,0.99179083108902,0.965897083282471,1.09981048107147,1.21842193603516,1.23842287063599,1.18765592575073,0.824031293392181,0.751523792743683,0.706571936607361,0.642682194709778,0.50883424282074,0.49471989274025,0.479371845722198,0.46496593952179,0.461591005325317,0.450403869152069,0.452081084251404,0.449227273464203,0.434435456991196,0.432506531476974,0.440660059452057,0.441291153430939,0.441782772541046,0.442704528570175,0.44562840461731,0.45634800195694,0.484257578849792,0.484654039144516,0.484132349491119,0.483098298311234,0.470251262187958,0.475225001573563,0.482944935560226,0.513812363147736,0.510334372520447,0.492040812969208,0.507039546966553,0.519221782684326,0.524725317955017,0.52282303571701,0.517573833465576,0.511086344718933,0.495173096656799,0.48906946182251,0.478498071432114,0.44433182477951,0.440731644630432,0.434128731489182,0.434302717447281,0.432150602340698,0.425330996513367,0.402364522218704,0.396888166666031,0.390620648860931,0.382291346788406,0.364021331071854,0.356797128915787,0.343840599060059,0.342399269342422,0.336229503154755,0.334788948297501,0.337360084056854,0.355568140745163,0.386825114488602,0.395311653614044,0.419807612895966
"19393",1.15813672542572,1.168044090271,1.21334218978882,1.2658429145813,1.30323529243469,1.29847872257233,1.24461627006531,1.19364285469055,1.1668713092804,1.12073445320129,1.11412787437439,1.10794234275818,1.09663331508636,1.08284139633179,1.09306049346924,1.07295954227448,1.05058658123016,1.03611755371094,0.995221257209778,0.931331634521484,0.88131320476532,0.855592131614685,0.787672221660614,0.775692701339722,0.77835339307785,0.739357709884644,0.720340311527252,0.828174233436584,0.800392270088196,0.95300430059433,0.943528175354004,0.935239493846893,0.902754545211792,1.02227139472961,1.13275289535522,1.19381403923035,1.1847083568573,0.804774641990662,0.684482216835022,0.648368239402771,0.597342729568481,0.474815309047699,0.463412523269653,0.450438052415848,0.424475342035294,0.420771151781082,0.406389564275742,0.410263001918793,0.411682039499283,0.407200962305069,0.4053775370121,0.40947300195694,0.409857511520386,0.410914719104767,0.413383543491364,0.417879998683929,0.427511781454086,0.447061330080032,0.447535991668701,0.447637557983398,0.44745197892189,0.439695924520493,0.441985368728638,0.446229636669159,0.467230349779129,0.465964019298553,0.450759053230286,0.465065330266953,0.476498901844025,0.481510549783707,0.481292098760605,0.477186381816864,0.472278118133545,0.458753257989883,0.453375726938248,0.444661438465118,0.420147150754929,0.418106317520142,0.418419003486633,0.418506383895874,0.417021781206131,0.41200578212738,0.391606897115707,0.386565804481506,0.380867898464203,0.373831897974014,0.355384349822998,0.34857589006424,0.333257675170898,0.330687999725342,0.324719667434692,0.323230117559433,0.323828935623169,0.338262975215912,0.368771880865097,0.37849161028862,0.403528213500977
"19394",3.81996607780457,4.69301986694336,4.78599834442139,4.49807739257812,4.36631393432617,3.71734952926636,3.16826057434082,3.11176061630249,2.68403196334839,2.5211124420166,2.93562984466553,2.73476648330688,2.45252084732056,2.23412370681763,2.2220664024353,2.28766512870789,2.4692497253418,2.69304656982422,2.44890666007996,2.0626711845398,1.72134447097778,1.55172622203827,1.62667846679688,1.67094027996063,1.63948380947113,1.52547562122345,1.35746395587921,1.15432143211365,1.1464512348175,1.18837404251099,1.28309535980225,1.25565886497498,1.13588881492615,1.26832962036133,1.30911719799042,1.33103942871094,1.35121536254883,1.09117841720581,1.08497309684753,0.978817820549011,0.830417037010193,0.708522796630859,0.6372891664505,0.574431896209717,0.62786728143692,0.582578599452972,0.612714409828186,0.547255516052246,0.469998419284821,0.522379100322723,0.485090762376785,0.599206924438477,0.537317097187042,0.488535076379776,0.446878612041473,0.424655318260193,0.499093621969223,0.628721117973328,0.593018710613251,0.574881672859192,0.567332088947296,0.517008602619171,0.502529561519623,0.495746552944183,0.554324150085449,0.551302015781403,0.539903581142426,0.527388155460358,0.502462327480316,0.489782571792603,0.458186447620392,0.451115190982819,0.445866465568542,0.442443907260895,0.446021616458893,0.447904467582703,0.433605760335922,0.42880591750145,0.431647479534149,0.432251900434494,0.436337620019913,0.440209716558456,0.419723451137543,0.414493530988693,0.409195780754089,0.403111696243286,0.378568321466446,0.368635803461075,0.352561324834824,0.349187016487122,0.338444262742996,0.332865059375763,0.326147049665451,0.332571476697922,0.372048825025558,0.388415187597275,0.430459648370743
"19395",5.08865928649902,5.91922283172607,6.84061050415039,6.73117542266846,5.94322109222412,4.94634246826172,4.06975841522217,3.79937171936035,3.51622128486633,3.42247152328491,3.74141311645508,3.33514976501465,2.91643571853638,2.71749687194824,2.77337121963501,2.92918300628662,3.18994951248169,3.46380376815796,3.05200362205505,2.4707932472229,2.03781962394714,1.8959629535675,2.13842010498047,2.20670413970947,2.15127992630005,1.92379999160767,1.79593276977539,1.5460706949234,1.48894715309143,1.37108731269836,1.42076671123505,1.32714319229126,1.22324061393738,1.38752055168152,1.41079759597778,1.39840006828308,1.3705940246582,1.20692944526672,1.18682193756104,1.0770515203476,0.92143189907074,0.714236855506897,0.66113930940628,0.605690240859985,0.645024299621582,0.601948022842407,0.566801905632019,0.524160742759705,0.47376823425293,0.492850244045258,0.48392242193222,0.559786677360535,0.523599624633789,0.478600084781647,0.446930736303329,0.439410865306854,0.558598279953003,0.68738728761673,0.675905585289001,0.660386383533478,0.646484076976776,0.532878220081329,0.522265195846558,0.518567502498627,0.582596123218536,0.561828851699829,0.531656563282013,0.523715019226074,0.50781661272049,0.496184170246124,0.449046403169632,0.438259601593018,0.429777264595032,0.433715879917145,0.438757598400116,0.443815380334854,0.435879528522491,0.435027718544006,0.443693816661835,0.449624925851822,0.459921151399612,0.468060076236725,0.441687703132629,0.438948899507523,0.43257537484169,0.420501857995987,0.392419070005417,0.382313281297684,0.361961603164673,0.359195679426193,0.344128549098969,0.333895713090897,0.32386776804924,0.335580885410309,0.391098618507385,0.407668471336365,0.453061312437057
"19396",4.3602180480957,4.74588584899902,5.06454515457153,4.63738536834717,3.83660221099854,3.32463788986206,2.9421603679657,2.88138651847839,2.74889779090881,2.61117362976074,2.62112665176392,2.35083198547363,2.13476514816284,2.08132004737854,2.16583633422852,2.24721813201904,2.33222818374634,2.43331050872803,2.17235326766968,1.82253885269165,1.59631311893463,1.5722827911377,1.76754856109619,1.78925776481628,1.66980123519897,1.4641786813736,1.39302325248718,1.32078957557678,1.31601762771606,1.19566249847412,1.21468794345856,1.19127988815308,1.13811755180359,1.27275383472443,1.28140330314636,1.24363946914673,1.17939805984497,0.969260811805725,0.896412789821625,0.805879473686218,0.688671350479126,0.533953785896301,0.509098410606384,0.484390884637833,0.479814529418945,0.457863003015518,0.420432507991791,0.415190070867538,0.407939910888672,0.420763254165649,0.415343135595322,0.435915231704712,0.427443832159042,0.421273738145828,0.424739629030228,0.439788103103638,0.52331805229187,0.586774289608002,0.574367165565491,0.558293700218201,0.544849276542664,0.468178302049637,0.460301637649536,0.457289397716522,0.47787281870842,0.465557634830475,0.440020591020584,0.446001201868057,0.447095483541489,0.444801330566406,0.42233407497406,0.415351152420044,0.408863365650177,0.407279849052429,0.410155206918716,0.413658440113068,0.410131990909576,0.412908494472504,0.438375204801559,0.447405010461807,0.455809712409973,0.45675128698349,0.429223209619522,0.425096094608307,0.415745198726654,0.399212568998337,0.370064795017242,0.361203193664551,0.343187123537064,0.340266823768616,0.326794803142548,0.318981617689133,0.315919905900955,0.347102969884872,0.405454933643341,0.415253490209579,0.434417575597763
"19397",3.56653261184692,3.79662084579468,3.60803627967834,3.19999122619629,2.75224351882935,2.50743794441223,2.33015012741089,2.29843020439148,2.14372420310974,1.97065782546997,1.93197774887085,1.80133557319641,1.69744253158569,1.66587734222412,1.70073890686035,1.72784829139709,1.75584244728088,1.79708671569824,1.66126239299774,1.47944092750549,1.36844491958618,1.36922335624695,1.41671168804169,1.3842316865921,1.25205135345459,1.13599216938019,1.12107968330383,1.13774180412292,1.15175402164459,1.11204528808594,1.14058983325958,1.14416670799255,1.09663820266724,1.18165171146393,1.15545034408569,1.07416093349457,0.957299709320068,0.716076374053955,0.652432143688202,0.593033611774445,0.518736362457275,0.427700698375702,0.416287481784821,0.406052976846695,0.399672955274582,0.391764104366302,0.369246929883957,0.37428230047226,0.376834154129028,0.379085749387741,0.378093361854553,0.394001245498657,0.397953391075134,0.405866026878357,0.416378259658813,0.42986536026001,0.476546913385391,0.510307610034943,0.499674677848816,0.485878586769104,0.474509626626968,0.419937074184418,0.412607908248901,0.40926605463028,0.412945002317429,0.407525390386581,0.387510240077972,0.397666901350021,0.403438866138458,0.404270350933075,0.394538372755051,0.390637367963791,0.386852592229843,0.384670227766037,0.386724293231964,0.389975398778915,0.394706934690475,0.400570899248123,0.437270551919937,0.441785961389542,0.442730158567429,0.436249524354935,0.410932630300522,0.40370962023735,0.391667634248734,0.37434396147728,0.348687440156937,0.340274542570114,0.32337760925293,0.321253448724747,0.310453116893768,0.311418265104294,0.326739966869354,0.373440623283386,0.407475203275681,0.410958081483841,0.406488537788391
"19398",2.82694411277771,2.94909572601318,2.66913032531738,2.36629343032837,2.15180730819702,2.04233837127686,1.91402840614319,1.84531652927399,1.71141910552979,1.56648206710815,1.54798865318298,1.48451840877533,1.41918563842773,1.3774688243866,1.39016819000244,1.40866899490356,1.43818747997284,1.47532176971436,1.40378296375275,1.29222750663757,1.19957900047302,1.16317987442017,1.118736743927,1.07705855369568,1.0105574131012,0.97277420759201,0.977621555328369,1.0503396987915,1.07700526714325,1.07283854484558,1.10813045501709,1.10585677623749,1.05194592475891,1.08316504955292,1.03436481952667,0.914897441864014,0.784122049808502,0.562659978866577,0.508944511413574,0.473802506923676,0.428449809551239,0.3702113032341,0.364434599876404,0.360788404941559,0.362120777368546,0.359619528055191,0.343681246042252,0.350023686885834,0.354421675205231,0.354312539100647,0.355546712875366,0.37245512008667,0.377490818500519,0.385241985321045,0.393310934305191,0.403045117855072,0.425787568092346,0.450563758611679,0.444088071584702,0.435124456882477,0.427296847105026,0.386893570423126,0.379872560501099,0.376436293125153,0.373156994581223,0.370173275470734,0.351604163646698,0.362589776515961,0.370174735784531,0.372438222169876,0.368967890739441,0.366729080677032,0.364631116390228,0.363989263772964,0.365935981273651,0.369535028934479,0.382414937019348,0.388720661401749,0.428644716739655,0.428520709276199,0.424023777246475,0.413638919591904,0.389346927404404,0.380230486392975,0.367932736873627,0.352515071630478,0.329423844814301,0.319981276988983,0.30393123626709,0.302746385335922,0.302778244018555,0.317184329032898,0.345113575458527,0.380295962095261,0.388843089342117,0.391276597976685,0.382726311683655
"19399",2.29251933097839,2.35843563079834,2.10864949226379,1.89318823814392,1.78280901908875,1.72603833675385,1.6147313117981,1.53186893463135,1.44128394126892,1.33811068534851,1.33017575740814,1.30361020565033,1.25181412696838,1.19680035114288,1.21586489677429,1.24702370166779,1.28314065933228,1.29736983776093,1.2463127374649,1.14961075782776,1.05987977981567,1.01431119441986,0.964688539505005,0.925398945808411,0.901795983314514,0.878497898578644,0.894510865211487,1.01795792579651,1.04173994064331,1.06995892524719,1.1027524471283,1.08737802505493,1.02999806404114,1.04334306716919,1.01392793655396,0.841312289237976,0.708885669708252,0.49955290555954,0.43712991476059,0.413181990385056,0.380371242761612,0.334209591150284,0.331345289945602,0.331061542034149,0.338144838809967,0.337412267923355,0.324280679225922,0.330228179693222,0.335710227489471,0.336495876312256,0.337520211935043,0.351076483726501,0.355196326971054,0.361359298229218,0.368075847625732,0.37550675868988,0.38642829656601,0.406158238649368,0.402709871530533,0.397457510232925,0.392531335353851,0.363813132047653,0.357473969459534,0.353303104639053,0.345790326595306,0.342426270246506,0.324830591678619,0.334686428308487,0.342725455760956,0.34613624215126,0.345951497554779,0.344812333583832,0.343847930431366,0.344806045293808,0.346735298633575,0.350554347038269,0.367797493934631,0.37360081076622,0.414112031459808,0.412351757287979,0.40559732913971,0.393390566110611,0.369412153959274,0.360222369432449,0.349017858505249,0.335211038589478,0.312534868717194,0.302718460559845,0.292468398809433,0.292395859956741,0.305122643709183,0.322946220636368,0.347745209932327,0.368464052677155,0.369576960802078,0.371922671794891,0.365407139062881
"19400",1.91493880748749,1.95773720741272,1.7798581123352,1.61795771121979,1.54045343399048,1.49813103675842,1.40815770626068,1.33264183998108,1.27750086784363,1.21746349334717,1.20648765563965,1.18502426147461,1.13527548313141,1.08723545074463,1.13589072227478,1.18527221679688,1.20787358283997,1.18641638755798,1.14265275001526,1.05558061599731,0.977263808250427,0.937414288520813,0.885657489299774,0.853353500366211,0.833853542804718,0.812624335289001,0.833884716033936,0.980005443096161,0.993599653244019,1.05039393901825,1.08824992179871,1.06776368618011,1.00878286361694,1.03015112876892,1.00499141216278,0.83377879858017,0.689311265945435,0.475263297557831,0.401960432529449,0.38155609369278,0.351926535367966,0.305553615093231,0.304122805595398,0.306464999914169,0.317358195781708,0.317939907312393,0.308068186044693,0.312821567058563,0.318346798419952,0.321289241313934,0.32194396853447,0.332211703062057,0.33567687869072,0.340822577476501,0.347785115242004,0.353343725204468,0.356176167726517,0.372411608695984,0.370872437953949,0.367903649806976,0.364942789077759,0.344648748636246,0.338966459035873,0.33349746465683,0.32361227273941,0.320294171571732,0.303523272275925,0.31064647436142,0.318234145641327,0.322978645563126,0.325532585382462,0.325143337249756,0.324994444847107,0.327167302370071,0.329134315252304,0.333097219467163,0.352235794067383,0.357669353485107,0.39770844578743,0.39546662569046,0.38797914981842,0.375413447618484,0.352179884910583,0.343647003173828,0.333439648151398,0.320396393537521,0.297823250293732,0.290212482213974,0.288428902626038,0.289593398571014,0.306639730930328,0.321004390716553,0.33905428647995,0.353249996900558,0.353610128164291,0.355617493391037,0.350903332233429
"19401",2.94014406204224,3.67347717285156,3.55830383300781,3.989586353302,4.63959884643555,4.78458499908447,4.84460735321045,4.83426284790039,5.13314628601074,5.01700973510742,4.74046564102173,4.60938930511475,4.09448051452637,3.9883131980896,4.3201961517334,4.38471031188965,4.43442058563232,4.26074981689453,4.00035905838013,3.45868539810181,2.80731344223022,2.36886215209961,2.06904458999634,1.91198348999023,1.68800139427185,1.2562575340271,0.989557981491089,0.909876108169556,0.941387057304382,0.961216628551483,1.0401862859726,1.03168332576752,0.914005815982819,0.981855273246765,1.02381980419159,0.946869194507599,0.82683539390564,0.672745227813721,0.684256851673126,0.637378215789795,0.573414504528046,0.534128904342651,0.494806528091431,0.456128865480423,0.489243477582932,0.463578820228577,0.485965728759766,0.458234876394272,0.410750567913055,0.415675848722458,0.396749675273895,0.5036740899086,0.459209054708481,0.414991170167923,0.3801029920578,0.375248968601227,0.434687376022339,0.558876574039459,0.532527506351471,0.523948669433594,0.528234660625458,0.47820857167244,0.430303156375885,0.395051389932632,0.383285909891129,0.385956615209579,0.37522155046463,0.37439700961113,0.366366177797318,0.357037454843521,0.329426497220993,0.326886773109436,0.326914995908737,0.334506571292877,0.339952677488327,0.345281392335892,0.354689747095108,0.355607241392136,0.388086020946503,0.390423595905304,0.397185355424881,0.405102759599686,0.386101841926575,0.383430004119873,0.376410603523254,0.358538776636124,0.314234673976898,0.313393414020538,0.320173978805542,0.315608114004135,0.321817219257355,0.324972838163376,0.322141230106354,0.323224395513535,0.326146900653839,0.328011810779572,0.338089138269424
"19402",3.50186562538147,3.95488977432251,4.54437971115112,5.31499290466309,6.20826005935669,7.06195783615112,7.08595657348633,8.11864280700684,7.93437719345093,7.38113021850586,7.6710033416748,7.0464825630188,6.50913333892822,6.24601316452026,6.58872890472412,6.73548555374146,6.92451000213623,7.00704097747803,6.38481950759888,5.31986570358276,4.27994918823242,3.6094913482666,2.67563557624817,2.58719444274902,1.93253755569458,1.2453875541687,1.0055103302002,0.780264973640442,0.783717274665833,0.836360216140747,0.885230183601379,0.848756670951843,0.769655108451843,0.856459736824036,0.980779349803925,0.981262505054474,0.881006240844727,0.79490864276886,0.820255517959595,0.772742331027985,0.702734351158142,0.641323864459991,0.604756891727448,0.557485580444336,0.536149144172668,0.518868207931519,0.524713218212128,0.506796002388,0.462561547756195,0.39010351896286,0.389769852161407,0.508330941200256,0.491193860769272,0.465588867664337,0.448127001523972,0.451129972934723,0.501762509346008,0.639549255371094,0.64119690656662,0.644280672073364,0.645977079868317,0.505508005619049,0.467654943466187,0.439475566148758,0.439971745014191,0.429289788007736,0.40237894654274,0.40857195854187,0.408155858516693,0.404205143451691,0.345073223114014,0.338321626186371,0.335243314504623,0.343301057815552,0.34602016210556,0.348925322294235,0.351349115371704,0.355071216821671,0.372332006692886,0.382688224315643,0.405833393335342,0.432633966207504,0.415961027145386,0.416981220245361,0.41137507557869,0.394166797399521,0.340355217456818,0.341424137353897,0.342346251010895,0.340591937303543,0.330378592014313,0.320175170898438,0.305967628955841,0.29743281006813,0.304139226675034,0.305407404899597,0.330993294715881
"19403",2.94595050811768,3.16972017288208,3.72132349014282,4.37092447280884,5.10535001754761,5.94457149505615,6.35041427612305,7.08756160736084,6.65451717376709,6.17678737640381,6.46258354187012,6.00721406936646,5.5185489654541,5.13352632522583,5.3867244720459,5.58113145828247,5.85861206054688,5.99807357788086,5.49718475341797,4.62420797348022,3.70422172546387,2.97463846206665,1.83478617668152,1.83188819885254,1.36215877532959,1.03481554985046,0.887609720230103,0.747755527496338,0.75914716720581,0.794109582901001,0.822104573249817,0.781167209148407,0.74736100435257,0.839462161064148,0.971413731575012,0.994559526443481,0.907557845115662,0.713969230651855,0.688424229621887,0.655027568340302,0.603199362754822,0.53048437833786,0.507459402084351,0.475877314805984,0.448245704174042,0.439779669046402,0.432678729295731,0.419741809368134,0.39140796661377,0.339342415332794,0.340693235397339,0.416000634431839,0.420019537210464,0.425054848194122,0.429704397916794,0.43428310751915,0.465263605117798,0.554627001285553,0.553228497505188,0.549865901470184,0.543747782707214,0.41176837682724,0.38830578327179,0.377962410449982,0.384690999984741,0.375691890716553,0.350509852170944,0.358146876096725,0.362921208143234,0.364637047052383,0.331329166889191,0.325599014759064,0.321589171886444,0.323008477687836,0.325360208749771,0.329063594341278,0.333699882030487,0.337089121341705,0.357264399528503,0.377303779125214,0.405852556228638,0.430047363042831,0.406897872686386,0.406141638755798,0.399581372737885,0.381996065378189,0.33352068066597,0.327909618616104,0.320811718702316,0.320248544216156,0.311885714530945,0.303482383489609,0.294220238924026,0.291035503149033,0.300150334835052,0.301938503980637,0.326824009418488
"19404",2.61093640327454,2.72246742248535,3.22773313522339,3.83266496658325,4.42736434936523,5.10911512374878,5.33975267410278,5.72861194610596,5.4354248046875,5.07165336608887,5.2442798614502,4.8672194480896,4.41622257232666,4.0379524230957,4.24323749542236,4.40802717208862,4.65076541900635,4.79264163970947,4.38332796096802,3.67499876022339,2.91487979888916,2.27759766578674,1.26080656051636,1.27553057670593,1.08055758476257,0.90801602602005,0.802706897258759,0.738598942756653,0.73879861831665,0.780009746551514,0.781851053237915,0.75199419260025,0.738349080085754,0.832351565361023,0.978475749492645,1.03529000282288,0.97942590713501,0.66020405292511,0.604320049285889,0.575837910175323,0.531111240386963,0.452993333339691,0.433965384960175,0.408194482326508,0.38870170712471,0.383646070957184,0.376686602830887,0.366837084293365,0.347673654556274,0.311452478170395,0.312975406646729,0.372298508882523,0.381498396396637,0.392217338085175,0.40065398812294,0.40554866194725,0.431371718645096,0.492215931415558,0.486850678920746,0.477989107370377,0.467243194580078,0.358671247959137,0.341581106185913,0.336531609296799,0.343279927968979,0.337933331727982,0.318601131439209,0.325077772140503,0.330457508563995,0.332960337400436,0.314778804779053,0.310474008321762,0.307044237852097,0.306643784046173,0.308760106563568,0.312248468399048,0.317077368497849,0.320473223924637,0.354423224925995,0.377352476119995,0.404207348823547,0.422550827264786,0.398757576942444,0.394503206014633,0.38373801112175,0.361898899078369,0.316459864377975,0.308858126401901,0.300781697034836,0.300717800855637,0.294611543416977,0.289484351873398,0.284930557012558,0.285762757062912,0.296458959579468,0.298750758171082,0.32079428434372
"19405",2.3813214302063,2.44331884384155,2.89831042289734,3.4194552898407,3.87135028839111,4.35673141479492,4.48654365539551,4.62834978103638,4.46166849136353,4.21777534484863,4.30175590515137,3.98938679695129,3.55733919143677,3.16667294502258,3.30896353721619,3.46240639686584,3.67933130264282,3.79370737075806,3.48267555236816,2.9354944229126,2.34111833572388,1.86547636985779,0.993442296981812,0.993495941162109,0.948998808860779,0.829496800899506,0.747649788856506,0.732675075531006,0.721418023109436,0.776312947273254,0.761444509029388,0.736687004566193,0.727298498153687,0.811690449714661,0.968425035476685,1.06227111816406,1.0346794128418,0.633464813232422,0.554029226303101,0.528200685977936,0.486696124076843,0.398708701133728,0.381715625524521,0.362457931041718,0.350628346204758,0.348080217838287,0.341041833162308,0.337277710437775,0.325954914093018,0.293717086315155,0.294002115726471,0.336691915988922,0.347280263900757,0.360557943582535,0.371558845043182,0.377949684858322,0.393071323633194,0.438363641500473,0.433967530727386,0.425672173500061,0.415709912776947,0.334163188934326,0.318090915679932,0.312050312757492,0.316072136163712,0.313125610351562,0.296874970197678,0.30219042301178,0.307855904102325,0.311110496520996,0.300867527723312,0.296322762966156,0.293301999568939,0.292447030544281,0.294140249490738,0.296949058771133,0.301801264286041,0.305581659078598,0.351457625627518,0.373511135578156,0.396810084581375,0.410724818706512,0.388435333967209,0.380182564258575,0.365038484334946,0.340632677078247,0.29904916882515,0.291609227657318,0.284312605857849,0.284690380096436,0.281542718410492,0.278984665870667,0.277521014213562,0.280347645282745,0.290913343429565,0.293268352746964,0.311320781707764
"19406",2.1692955493927,2.1952543258667,2.57816481590271,3.02488327026367,3.38303804397583,3.57706451416016,3.75060176849365,3.88745450973511,3.80354690551758,3.63540029525757,3.65261602401733,3.33385634422302,2.86988544464111,2.50475311279297,2.67285513877869,2.8703875541687,3.01604437828064,3.06912517547607,2.84577965736389,2.4228413105011,1.96461486816406,1.5989236831665,0.899498462677002,0.882707476615906,0.880480289459229,0.783377170562744,0.716004967689514,0.732809782028198,0.712838053703308,0.780673682689667,0.753248691558838,0.728675067424774,0.718525171279907,0.791659832000732,0.955630421638489,1.07319176197052,1.06814551353455,0.633093178272247,0.533261477947235,0.508202373981476,0.467971384525299,0.366005957126617,0.35061240196228,0.333972275257111,0.322636127471924,0.321475267410278,0.315300077199936,0.3151715695858,0.308551371097565,0.282878547906876,0.281573623418808,0.308885753154755,0.317923039197922,0.330632537603378,0.342549085617065,0.350394010543823,0.358538031578064,0.395497679710388,0.392835855484009,0.386172235012054,0.378715425729752,0.318609446287155,0.303990483283997,0.296514600515366,0.296255201101303,0.294158458709717,0.279940217733383,0.284937083721161,0.290430068969727,0.293920487165451,0.291056782007217,0.284879148006439,0.280758947134018,0.279466927051544,0.280809104442596,0.282998204231262,0.288028001785278,0.292249530553818,0.346089065074921,0.366410702466965,0.386155664920807,0.396132737398148,0.374644041061401,0.36344650387764,0.345496773719788,0.320577621459961,0.28392505645752,0.276792466640472,0.270832359790802,0.271502584218979,0.270921736955643,0.270019710063934,0.270451903343201,0.274426072835922,0.283777922391891,0.285960406064987,0.300751000642776
"19407",1.978391289711,1.9728707075119,2.27904510498047,2.6450686454773,2.9443998336792,3.29409837722778,3.34890270233154,3.47639274597168,3.35332202911377,3.146488904953,3.07651090621948,2.71512889862061,2.28608059883118,2.03377389907837,2.2404260635376,2.43367910385132,2.49986290931702,2.48153066635132,2.31222319602966,1.98351585865021,1.62663984298706,1.32598280906677,0.849721133708954,0.835615634918213,0.830044507980347,0.741288065910339,0.686330080032349,0.73078316450119,0.708324015140533,0.779967784881592,0.748370170593262,0.721770703792572,0.710496425628662,0.778021931648254,0.94514274597168,1.06901597976685,1.07223081588745,0.645157814025879,0.533355712890625,0.50646984577179,0.462878197431564,0.348270654678345,0.332641333341599,0.315255045890808,0.297915577888489,0.297736883163452,0.293075740337372,0.295012325048447,0.292298972606659,0.275142014026642,0.273112446069717,0.290269255638123,0.297431200742722,0.308178842067719,0.31898507475853,0.326618403196335,0.330763280391693,0.361346185207367,0.359664678573608,0.354649126529694,0.349219173192978,0.300861656665802,0.288169264793396,0.28105553984642,0.27898371219635,0.277391135692596,0.264816999435425,0.269913196563721,0.275635272264481,0.279369443655014,0.281376004219055,0.276845872402191,0.270418167114258,0.267421066761017,0.26854744553566,0.270131856203079,0.275521069765091,0.280262291431427,0.339240282773972,0.357421219348907,0.373405635356903,0.379337102174759,0.357289135456085,0.343959450721741,0.324544370174408,0.300559490919113,0.268882036209106,0.262867331504822,0.259028792381287,0.259950160980225,0.261187970638275,0.261392712593079,0.263132005929947,0.267995566129684,0.276294708251953,0.27835139632225,0.291322231292725
"19408",2.86523818969727,3.30248117446899,3.51879620552063,4.11161041259766,4.33316326141357,3.98901271820068,4.03908395767212,4.32077932357788,4.43113613128662,4.44545078277588,4.82991027832031,3.4924168586731,2.65754508972168,2.55742692947388,2.74162125587463,2.75137233734131,2.63339185714722,2.43792486190796,2.4252827167511,2.27525520324707,2.04138207435608,1.78680419921875,1.12807714939117,0.983701944351196,0.827426791191101,0.709934771060944,0.664595127105713,0.738652586936951,0.711578726768494,0.784734189510345,0.75166118144989,0.723263025283813,0.710896015167236,0.777175426483154,0.944280207157135,1.06612753868103,1.07501006126404,0.656263291835785,0.542894244194031,0.51263552904129,0.463136672973633,0.338917881250381,0.322214782238007,0.303174823522568,0.278593182563782,0.278671264648438,0.274294704198837,0.277472138404846,0.277901530265808,0.268748998641968,0.266564190387726,0.2790147960186,0.284860789775848,0.293812811374664,0.302591621875763,0.308284550905228,0.309210896492004,0.334055483341217,0.332341849803925,0.327892303466797,0.323136538267136,0.280445098876953,0.269770503044128,0.264389932155609,0.263916850090027,0.262821853160858,0.251451790332794,0.256649136543274,0.262455880641937,0.266285121440887,0.2710120677948,0.268512427806854,0.264411091804504,0.25782299041748,0.257864534854889,0.258255064487457,0.264657884836197,0.269928395748138,0.331611096858978,0.347325056791306,0.359594076871872,0.36173677444458,0.338429629802704,0.324032783508301,0.304764419794083,0.283508807420731,0.256316244602203,0.251122802495956,0.248668193817139,0.249776393175125,0.252329409122467,0.253249377012253,0.255794107913971,0.261238366365433,0.268775403499603,0.270786464214325,0.282271474599838
"19409",3.21611857414246,3.5398211479187,4.10003995895386,4.5512170791626,4.56485414505005,4.52695274353027,4.54631614685059,5.05848455429077,5.08251953125,4.93822240829468,4.71819162368774,3.99886989593506,3.34543704986572,3.09338998794556,3.20919299125671,3.13385367393494,2.87792372703552,2.62254071235657,2.59336113929749,2.45147442817688,2.2192006111145,1.83877277374268,1.03665947914124,1.05207359790802,0.847258746623993,0.692626357078552,0.649373412132263,0.747948825359344,0.714677095413208,0.795005261898041,0.759706020355225,0.728240072727203,0.713901162147522,0.771277546882629,0.941208362579346,1.068843126297,1.07870018482208,0.682531833648682,0.557786464691162,0.521532297134399,0.465580880641937,0.333990275859833,0.315956830978394,0.29513356089592,0.263741701841354,0.263321161270142,0.257891923189163,0.261930763721466,0.264720112085342,0.261632651090622,0.259802758693695,0.269398897886276,0.273939311504364,0.280753076076508,0.287317484617233,0.291393995285034,0.291310369968414,0.309110879898071,0.30656373500824,0.301349490880966,0.296284377574921,0.260392099618912,0.252071917057037,0.248808860778809,0.250019669532776,0.249563857913017,0.238697946071625,0.243524998426437,0.249088928103447,0.25288724899292,0.260268092155457,0.259469836950302,0.25676816701889,0.249540761113167,0.248825237154961,0.248286604881287,0.254821628332138,0.260435611009598,0.322343498468399,0.335608243942261,0.344577819108963,0.343697220087051,0.319388747215271,0.305534511804581,0.288063287734985,0.270215600728989,0.245923042297363,0.241230517625809,0.239015743136406,0.240045994520187,0.243456989526749,0.244877353310585,0.247926697134972,0.253801077604294,0.261004358530045,0.263026773929596,0.272984683513641
"19410",2.64789009094238,2.8137059211731,3.31925010681152,3.71235299110413,3.74647116661072,3.88495349884033,4.14701461791992,4.50601148605347,4.35161113739014,4.13402462005615,3.71655893325806,3.44776082038879,3.09354066848755,2.85011577606201,2.8858540058136,2.80060958862305,2.59627866744995,2.40501308441162,2.31176471710205,2.08230352401733,1.77622175216675,1.40226888656616,0.874426960945129,0.911530673503876,0.828503251075745,0.697678565979004,0.649994373321533,0.756056368350983,0.724450290203094,0.813154697418213,0.781004309654236,0.746294856071472,0.728357911109924,0.787289083003998,0.953115165233612,1.08137822151184,1.09889793395996,0.721700727939606,0.568374693393707,0.528366267681122,0.467456549406052,0.329913526773453,0.309186339378357,0.285437911748886,0.252489864826202,0.252171814441681,0.247340902686119,0.251159965991974,0.254745721817017,0.255785316228867,0.255004644393921,0.264019519090652,0.267013698816299,0.27133321762085,0.275285542011261,0.277396202087402,0.276694148778915,0.289706498384476,0.286286115646362,0.280412048101425,0.275247395038605,0.245016485452652,0.238917663693428,0.237476274371147,0.240646824240685,0.240248948335648,0.229281455278397,0.233520269393921,0.238387778401375,0.241829574108124,0.250404357910156,0.251233518123627,0.250354140996933,0.243874132633209,0.242681801319122,0.241293177008629,0.246814027428627,0.252474665641785,0.31323453783989,0.324120551347733,0.330129474401474,0.32664629817009,0.302175343036652,0.289677023887634,0.274855971336365,0.259333372116089,0.237524077296257,0.233033552765846,0.230718776583672,0.231747791171074,0.235573515295982,0.237154200673103,0.240313559770584,0.24641939997673,0.25361904501915,0.255820721387863,0.265046834945679
"19411",2.28089690208435,2.37484312057495,2.83005547523499,3.21687817573547,3.31198072433472,3.32145214080811,3.70645332336426,4.03640604019165,3.83069133758545,3.53976607322693,3.1975359916687,2.95719814300537,2.65664148330688,2.43150067329407,2.41654777526855,2.34639120101929,2.22765517234802,2.12839078903198,1.99779868125916,1.73728322982788,1.43018960952759,1.13676333427429,0.812470853328705,0.820347428321838,0.79368257522583,0.690353691577911,0.647553563117981,0.762476742267609,0.73562502861023,0.829578042030334,0.800764799118042,0.765427231788635,0.748342990875244,0.815308570861816,0.988718569278717,1.10904097557068,1.10811710357666,0.702366054058075,0.564188957214355,0.521716892719269,0.457889467477798,0.318714290857315,0.297182887792587,0.272802442312241,0.241770073771477,0.24256756901741,0.240649461746216,0.244563668966293,0.248758599162102,0.251577287912369,0.251195132732391,0.259801596403122,0.261454880237579,0.263569056987762,0.265276908874512,0.265767991542816,0.263812124729156,0.27174636721611,0.267761170864105,0.261661678552628,0.256667912006378,0.233647659420967,0.22967454791069,0.229559153318405,0.23355570435524,0.233004853129387,0.221154242753983,0.225426316261292,0.230101644992828,0.233321323990822,0.242325678467751,0.243792071938515,0.243604347109795,0.237141311168671,0.236058533191681,0.234678983688354,0.240141496062279,0.245910435914993,0.304455041885376,0.312829703092575,0.315751522779465,0.309702634811401,0.285626590251923,0.274645119905472,0.26208958029747,0.248486220836639,0.229144096374512,0.225077107548714,0.223167523741722,0.224127918481827,0.228040352463722,0.229829847812653,0.233191058039665,0.239312395453453,0.246747478842735,0.249093100428581,0.257979720830917
"19412",2.05662846565247,2.10633230209351,2.52684259414673,2.90143346786499,3.0239748954773,3.05672693252563,3.36314702033997,3.5965256690979,3.33808088302612,2.98961281776428,2.69505453109741,2.45546197891235,2.17502522468567,1.97512006759644,1.95062839984894,1.91562020778656,1.87052392959595,1.82968151569366,1.70275223255157,1.46390461921692,1.2044552564621,1.01286220550537,0.775801002979279,0.753978371620178,0.755719661712646,0.670608997344971,0.629899501800537,0.752877950668335,0.728312969207764,0.828202366828918,0.807216823101044,0.77317750453949,0.74995219707489,0.819534480571747,0.984992623329163,1.10765266418457,1.12217903137207,0.722439408302307,0.556751191616058,0.515521883964539,0.456691950559616,0.306930661201477,0.287696927785873,0.266242742538452,0.235543876886368,0.236610934138298,0.237905204296112,0.2417411506176,0.245933011174202,0.250498443841934,0.249114707112312,0.256256997585297,0.256783306598663,0.257002532482147,0.256935328245163,0.256456136703491,0.253021538257599,0.256846278905869,0.253611892461777,0.24848672747612,0.244173899292946,0.228679612278938,0.224918648600578,0.22407965362072,0.227160006761551,0.226364895701408,0.214275792241096,0.218311086297035,0.222749143838882,0.225862309336662,0.235789254307747,0.237384170293808,0.236743614077568,0.227730423212051,0.226758629083633,0.226197332143784,0.234064310789108,0.240072280168533,0.29579296708107,0.301642328500748,0.301701813936234,0.293632298707962,0.270429491996765,0.260875105857849,0.250156253576279,0.238367334008217,0.221405103802681,0.21783421933651,0.216542914509773,0.217490002512932,0.221414178609848,0.223334491252899,0.226767808198929,0.232851102948189,0.240791901946068,0.243275925517082,0.251725047826767
"19413",1.84299921989441,1.90976476669312,2.25163984298706,2.54561614990234,2.63623595237732,2.64059162139893,2.66592812538147,2.78669214248657,2.57383680343628,2.29837036132812,2.09655427932739,1.93051207065582,1.72253406047821,1.5628901720047,1.53097832202911,1.52493166923523,1.52852249145508,1.52730441093445,1.43408715724945,1.2626097202301,1.07988572120667,0.968475699424744,0.762658357620239,0.71995735168457,0.713709473609924,0.625468552112579,0.576415479183197,0.650944232940674,0.665064930915833,0.740096628665924,0.767206311225891,0.743620157241821,0.703689694404602,0.769124150276184,0.831570565700531,0.879701554775238,0.91046679019928,0.65753823518753,0.548336386680603,0.513132035732269,0.46138396859169,0.312203109264374,0.2980917096138,0.280960619449615,0.244577676057816,0.24235662817955,0.235722333192825,0.239714473485947,0.242930978536606,0.247096419334412,0.245657473802567,0.249675050377846,0.248728781938553,0.247115269303322,0.245872110128403,0.245497539639473,0.241312205791473,0.245422139763832,0.243141919374466,0.239479884505272,0.236244410276413,0.224475651979446,0.220517843961716,0.218462631106377,0.217646136879921,0.216839045286179,0.207398653030396,0.212450310587883,0.216845065355301,0.21934475004673,0.222843408584595,0.222041547298431,0.22063447535038,0.215736120939255,0.215650916099548,0.216756656765938,0.227768436074257,0.233590304851532,0.285989582538605,0.289812028408051,0.287853389978409,0.278830587863922,0.256663709878922,0.248529613018036,0.239392966032028,0.229261249303818,0.214135453104973,0.211168944835663,0.210313364863396,0.211156755685806,0.214985460042953,0.216882094740868,0.220290094614029,0.226328417658806,0.234799668192863,0.237343370914459,0.244827836751938
"19414",1.66665208339691,1.73808407783508,1.88814473152161,1.99222469329834,2.0282130241394,2.02922034263611,1.88318157196045,1.85828828811646,1.64979028701782,1.47200560569763,1.46167182922363,1.33343827724457,1.21876883506775,1.15604972839355,1.14732003211975,1.13873910903931,1.13445115089417,1.14360082149506,1.01337468624115,0.837437570095062,0.709017753601074,0.659575760364532,0.630370855331421,0.620542585849762,0.58153909444809,0.509071469306946,0.493510365486145,0.551913678646088,0.578853607177734,0.639010488986969,0.672037243843079,0.692649841308594,0.674243032932281,0.732270300388336,0.721746802330017,0.686078548431396,0.633769273757935,0.510794579982758,0.474692314863205,0.436435222625732,0.385895907878876,0.293975383043289,0.286355018615723,0.277591198682785,0.250202566385269,0.249188035726547,0.236011445522308,0.241063296794891,0.243923529982567,0.242611110210419,0.240763753652573,0.239825174212456,0.238398790359497,0.23656964302063,0.235162705183029,0.233502298593521,0.226702630519867,0.232280045747757,0.230152294039726,0.227096155285835,0.224459201097488,0.212759152054787,0.21000374853611,0.208352401852608,0.205815508961678,0.206144347786903,0.202476397156715,0.208591789007187,0.212307378649712,0.213697493076324,0.211649656295776,0.209541618824005,0.207658991217613,0.205295249819756,0.206783697009087,0.210610494017601,0.226660847663879,0.235111802816391,0.277283281087875,0.277170896530151,0.272443205118179,0.262813210487366,0.244366958737373,0.237989187240601,0.230298638343811,0.22102165222168,0.20745649933815,0.204660087823868,0.203974217176437,0.204605028033257,0.208025082945824,0.210703745484352,0.215327143669128,0.22393736243248,0.232791066169739,0.233820021152496,0.237262606620789
"19415",1.59440922737122,1.63244783878326,1.67657136917114,1.68160951137543,1.64207172393799,1.57112073898315,1.42412066459656,1.33345103263855,1.20150971412659,1.09899032115936,1.09856343269348,1.01957786083221,0.942059874534607,0.889479756355286,0.871750056743622,0.857110381126404,0.861944198608398,0.890816330909729,0.930846214294434,1.00303316116333,1.07866048812866,1.12495613098145,1.13488245010376,1.09040665626526,1.08738350868225,0.948551416397095,0.895902633666992,0.918605029582977,0.978121399879456,1.11265408992767,1.23662734031677,1.01577484607697,0.936276316642761,1.01410675048828,1.03829956054688,1.02237701416016,0.997320711612701,0.868528544902802,0.930627286434174,0.868603646755219,0.794419825077057,0.775939226150513,0.732040464878082,0.685556888580322,0.650474846363068,0.584170460700989,0.630077838897705,0.586675584316254,0.544127404689789,0.569503784179688,0.533240377902985,0.631930708885193,0.554380118846893,0.474423289299011,0.397818475961685,0.360091000795364,0.454107642173767,0.595139145851135,0.55353856086731,0.53337824344635,0.528810918331146,0.474263906478882,0.429024785757065,0.395053207874298,0.431170463562012,0.426217436790466,0.424641311168671,0.410688102245331,0.389940559864044,0.376510381698608,0.31900218129158,0.311803430318832,0.30939707159996,0.314955353736877,0.320979565382004,0.320354998111725,0.312076359987259,0.31782478094101,0.2923304438591,0.288084954023361,0.290995329618454,0.294830650091171,0.292636692523956,0.30124306678772,0.305900454521179,0.289172977209091,0.226272746920586,0.209349513053894,0.198582246899605,0.198612287640572,0.202005863189697,0.206832408905029,0.215563327074051,0.229818224906921,0.245783865451813,0.248537883162498,0.259441465139389
"19416",1.48956489562988,1.51556169986725,1.47987878322601,1.41409158706665,1.33455348014832,1.25896239280701,1.1524178981781,1.07831418514252,0.997422277927399,0.921948850154877,0.902620077133179,0.845036149024963,0.788061141967773,0.776532411575317,0.838633060455322,0.950689554214478,1.10645425319672,1.22575068473816,1.32168531417847,1.4297924041748,1.48990607261658,1.50951623916626,1.42898297309875,1.34031677246094,1.1715270280838,1.04891967773438,1.05778384208679,1.19752466678619,1.2527928352356,1.33237838745117,1.40275895595551,1.24291276931763,1.16864025592804,1.27170503139496,1.27645754814148,1.24084901809692,1.20300734043121,1.17836833000183,1.22658896446228,1.16948795318604,1.10048949718475,1.06914591789246,1.01337015628815,0.943221628665924,0.846610248088837,0.81808739900589,0.779378056526184,0.763535141944885,0.733547389507294,0.698602378368378,0.659387171268463,0.664447128772736,0.605516135692596,0.548438966274261,0.534050703048706,0.564422786235809,0.734032392501831,0.840523540973663,0.809112906455994,0.768848359584808,0.736081540584564,0.539123237133026,0.511207282543182,0.500437915325165,0.57609623670578,0.551170825958252,0.536979258060455,0.525118350982666,0.507867276668549,0.495385646820068,0.437494933605194,0.424194484949112,0.412499278783798,0.407131403684616,0.404581964015961,0.401005208492279,0.381121695041656,0.390974074602127,0.298676311969757,0.301343947649002,0.324959069490433,0.357663124799728,0.35799515247345,0.374856919050217,0.371385484933853,0.332501977682114,0.246906995773315,0.220267444849014,0.193260058760643,0.191599026322365,0.196110114455223,0.202241361141205,0.215068951249123,0.242584720253944,0.270579755306244,0.272646695375443,0.288250178098679
"19417",1.34571409225464,1.36193215847015,1.2693338394165,1.17144799232483,1.09649813175201,1.04375672340393,0.964680016040802,0.913155555725098,0.847990155220032,0.791132509708405,0.774324655532837,0.779191374778748,0.815903306007385,0.896637260913849,1.01815176010132,1.1402428150177,1.25169014930725,1.30590772628784,1.29677271842957,1.25797772407532,1.20610272884369,1.16444337368011,1.03954422473907,0.985703885555267,0.9751256108284,1.0214239358902,1.03929328918457,1.14847254753113,1.18959712982178,1.20185446739197,1.2436558008194,1.19321703910828,1.12946140766144,1.1651303768158,1.11722207069397,1.05191028118134,1.00799119472504,0.986613392829895,1.00659799575806,0.967209875583649,0.917231440544128,0.866654515266418,0.831166446208954,0.788045048713684,0.713535785675049,0.691549301147461,0.621410071849823,0.608780682086945,0.579905867576599,0.515182256698608,0.509070694446564,0.514566004276276,0.525193989276886,0.542857587337494,0.561640858650208,0.577328264713287,0.63339638710022,0.681663811206818,0.647537231445312,0.607095539569855,0.577722191810608,0.44966921210289,0.439618021249771,0.439029961824417,0.474266111850739,0.460353821516037,0.448063552379608,0.448995113372803,0.445485174655914,0.442117124795914,0.415156573057175,0.404365569353104,0.394502282142639,0.381311506032944,0.381788641214371,0.383435517549515,0.370443850755692,0.370186775922775,0.303988039493561,0.330468386411667,0.365775585174561,0.389067739248276,0.367426812648773,0.360647737979889,0.337663233280182,0.298215985298157,0.238008365035057,0.221701681613922,0.193106085062027,0.187715262174606,0.187256887555122,0.192210525274277,0.205132469534874,0.239733353257179,0.270286083221436,0.274217128753662,0.286863833665848
"19418",1.20155835151672,1.21085786819458,1.08849334716797,0.98967719078064,0.93136864900589,0.894031167030334,0.8371741771698,0.794987201690674,0.767530560493469,0.76386159658432,0.790440201759338,0.860138297080994,0.958656132221222,1.04888427257538,1.12808334827423,1.1774845123291,1.20399880409241,1.21166598796844,1.15043520927429,1.05183458328247,0.973539233207703,0.946586728096008,0.932282447814941,0.916282773017883,0.941904127597809,0.94386625289917,0.955889284610748,1.07145643234253,1.10729646682739,1.11805868148804,1.1625189781189,1.11700451374054,1.03282260894775,1.02272725105286,0.972088158130646,0.910871624946594,0.86987578868866,0.842321276664734,0.854195475578308,0.827698945999146,0.790962874889374,0.73688393831253,0.710968136787415,0.677574217319489,0.602201104164124,0.579100489616394,0.507493734359741,0.507322311401367,0.50223582983017,0.479691952466965,0.489630371332169,0.514102339744568,0.521026074886322,0.526419997215271,0.525169551372528,0.516677260398865,0.526155292987823,0.558490693569183,0.538726806640625,0.514495611190796,0.496380597352982,0.408643573522568,0.399554312229156,0.397837489843369,0.41593736410141,0.409273415803909,0.397704422473907,0.403456777334213,0.405468851327896,0.405133605003357,0.390007436275482,0.382567018270493,0.375603497028351,0.365963369607925,0.365831077098846,0.365371435880661,0.350376754999161,0.350665837526321,0.338221311569214,0.361536175012589,0.383138239383698,0.387299209833145,0.352764874696732,0.336342692375183,0.311212629079819,0.280065417289734,0.236894384026527,0.226222768425941,0.199482798576355,0.191951751708984,0.182968884706497,0.184720873832703,0.194031864404678,0.231122598052025,0.267860531806946,0.273452460765839,0.28063702583313
"19419",1.08096265792847,1.08828854560852,0.976750373840332,0.8879234790802,0.838272213935852,0.814302802085876,0.795337319374084,0.769954741001129,0.788466513156891,0.842494547367096,0.909579753875732,0.974756479263306,1.04671037197113,1.08112227916718,1.10202598571777,1.11057472229004,1.11524796485901,1.11552810668945,1.06172811985016,0.974679291248322,0.90584409236908,0.880663394927979,0.902645468711853,0.890790402889252,0.908814311027527,0.889723777770996,0.880954623222351,0.974554300308228,1.00532078742981,1.0291736125946,1.08197748661041,1.03710043430328,0.952501654624939,0.921400666236877,0.878147840499878,0.816012978553772,0.775310099124908,0.739111065864563,0.743887007236481,0.726676642894745,0.699601292610168,0.64643806219101,0.624373018741608,0.594340443611145,0.521563410758972,0.501951575279236,0.455526441335678,0.464107185602188,0.473198056221008,0.471294939517975,0.474754750728607,0.488960087299347,0.487832188606262,0.483187168836594,0.474921941757202,0.461357891559601,0.457993268966675,0.483300626277924,0.473281800746918,0.460417538881302,0.45010569691658,0.381389141082764,0.37068697810173,0.36711448431015,0.379947543144226,0.376306056976318,0.364989936351776,0.372267484664917,0.377234876155853,0.378247886896133,0.369112968444824,0.36367255449295,0.358234703540802,0.350307762622833,0.349436193704605,0.347872614860535,0.336913764476776,0.339771389961243,0.35683399438858,0.370065093040466,0.379574924707413,0.374569058418274,0.337178140878677,0.318847090005875,0.295238733291626,0.269161105155945,0.236217513680458,0.226621523499489,0.202981397509575,0.196394681930542,0.183115899562836,0.183830469846725,0.192132592201233,0.226221412420273,0.260804206132889,0.267245322465897,0.27087727189064
"19420",1.00738763809204,1.01438903808594,0.929091691970825,0.857064306735992,0.816375613212585,0.814438343048096,0.840065896511078,0.852373957633972,0.895085573196411,0.985010147094727,1.05734801292419,1.08204257488251,1.09110331535339,1.06955933570862,1.06379246711731,1.06716132164001,1.07463788986206,1.08183217048645,1.03335881233215,0.960060000419617,0.902312994003296,0.884342074394226,0.897166192531586,0.893112897872925,0.901949524879456,0.829347729682922,0.787825584411621,0.867166876792908,0.894119143486023,0.950016260147095,0.999750137329102,0.967670202255249,0.89354407787323,0.872662425041199,0.840760946273804,0.762986600399017,0.714078783988953,0.665487945079803,0.660756826400757,0.648050308227539,0.626257300376892,0.576917171478271,0.558406710624695,0.533353626728058,0.467074871063232,0.45392894744873,0.425633758306503,0.434139996767044,0.444506645202637,0.448087275028229,0.447306275367737,0.452186703681946,0.44898447394371,0.44245845079422,0.43259197473526,0.419983416795731,0.41233292222023,0.43239414691925,0.426875799894333,0.419160276651382,0.41255459189415,0.358946919441223,0.348290920257568,0.343874245882034,0.352086991071701,0.349799454212189,0.340238690376282,0.347569048404694,0.353596210479736,0.35583108663559,0.3504598736763,0.346224457025528,0.341689586639404,0.334586173295975,0.333585619926453,0.332003533840179,0.325696051120758,0.329435735940933,0.359837055206299,0.367401212453842,0.369650632143021,0.359245359897614,0.322018593549728,0.3033347427845,0.280917257070541,0.257565438747406,0.230189651250839,0.220880150794983,0.200100868940353,0.195207491517067,0.183713778853416,0.186397060751915,0.197122529149055,0.227852627635002,0.252994209527969,0.258774489164352,0.260509848594666
"19421",0.975592494010925,0.979149103164673,0.923211455345154,0.874572277069092,0.850670695304871,0.871190309524536,0.921344637870789,0.972571969032288,1.01416683197021,1.08279466629028,1.1438649892807,1.13248872756958,1.10198831558228,1.0620424747467,1.06126713752747,1.06896150112152,1.08752036094666,1.08820164203644,1.05118453502655,0.985982060432434,0.929793298244476,0.901640355587006,0.875684082508087,0.895802974700928,0.902918696403503,0.787933826446533,0.726075291633606,0.792516708374023,0.803236484527588,0.879321813583374,0.915736615657806,0.901606023311615,0.843639850616455,0.843745112419128,0.830812811851501,0.746237993240356,0.678717732429504,0.611292541027069,0.597950458526611,0.586470067501068,0.566812753677368,0.523280084133148,0.50728839635849,0.483197748661041,0.42110601067543,0.415059059858322,0.398953199386597,0.405743211507797,0.414738923311234,0.41966986656189,0.417542278766632,0.416882514953613,0.413280546665192,0.406259387731552,0.39569553732872,0.386171728372574,0.378539025783539,0.393898516893387,0.390234231948853,0.384548634290695,0.379430949687958,0.337835609912872,0.328403681516647,0.324321568012238,0.329372406005859,0.328058421611786,0.319965839385986,0.326348930597305,0.332354128360748,0.335715919733047,0.333051979541779,0.329448163509369,0.325591266155243,0.319249421358109,0.318409204483032,0.317095041275024,0.314588367938995,0.318770259618759,0.354486793279648,0.358569502830505,0.356181621551514,0.342336088418961,0.30569851398468,0.287763893604279,0.266875505447388,0.245612546801567,0.221210286021233,0.212133541703224,0.193781211972237,0.190395444631577,0.185086905956268,0.190354615449905,0.202560842037201,0.227625668048859,0.245339289307594,0.249856263399124,0.250216394662857
"19422",1.95980906486511,2.22313594818115,2.24813556671143,2.64978003501892,2.88856625556946,2.79274225234985,2.61163902282715,2.78268265724182,2.65697193145752,2.58269309997559,3.14100980758667,2.71419620513916,2.54774332046509,2.58411073684692,3.21741008758545,3.68204188346863,3.92007827758789,3.76290440559387,3.4340991973877,2.95976185798645,2.54826974868774,2.34571480751038,1.71968054771423,1.61487054824829,1.54800891876221,1.14053499698639,0.913278937339783,0.888271510601044,0.906988799571991,0.973816514015198,1.02954947948456,0.999895513057709,0.887538194656372,0.985233306884766,1.0515638589859,1.03109121322632,0.981108665466309,0.849301695823669,0.892523407936096,0.857378482818604,0.813529133796692,0.788649320602417,0.746641755104065,0.692012071609497,0.690415441989899,0.667279124259949,0.652959167957306,0.626453340053558,0.583834648132324,0.534617960453033,0.52650374174118,0.619252860546112,0.587226808071136,0.54651015996933,0.49329462647438,0.461389541625977,0.502123057842255,0.654038190841675,0.607994377613068,0.580254971981049,0.569464445114136,0.506070077419281,0.460863053798676,0.432529091835022,0.465434581041336,0.48186582326889,0.495848178863525,0.487647861242294,0.462922960519791,0.438451617956161,0.371675193309784,0.359900653362274,0.359133213758469,0.354147017002106,0.348164737224579,0.339749366044998,0.32865235209465,0.328191995620728,0.423911392688751,0.441108077764511,0.461907893419266,0.461141407489777,0.397576540708542,0.376577496528625,0.350854873657227,0.323910772800446,0.276490092277527,0.267300248146057,0.250861257314682,0.253035068511963,0.260455697774887,0.264187335968018,0.266282171010971,0.27031484246254,0.276688128709793,0.277524203062057,0.28034383058548
"19423",2.55813217163086,2.71754264831543,3.21505331993103,3.82647490501404,4.21086502075195,4.11786603927612,3.96389365196228,3.74937295913696,3.65831995010376,3.63467955589294,3.87474250793457,3.81236505508423,3.71958708763123,3.78871774673462,4.69927787780762,5.64330959320068,6.1586503982544,5.99661827087402,5.65539932250977,4.96253681182861,4.17916011810303,3.94413685798645,2.6441068649292,2.14527297019958,1.86951160430908,1.20861303806305,0.926123738288879,0.898007392883301,0.888302981853485,0.984915494918823,0.988227844238281,0.91291606426239,0.851822674274445,0.973312020301819,1.13428592681885,1.18358147144318,1.15646815299988,0.998761832714081,1.02523052692413,1.00648140907288,0.974717855453491,0.923490405082703,0.899779558181763,0.86483883857727,0.843008399009705,0.81940633058548,0.759172677993774,0.746074318885803,0.70882374048233,0.597186148166656,0.605164051055908,0.676093578338623,0.656907618045807,0.623985588550568,0.587728798389435,0.564478695392609,0.607475340366364,0.74810928106308,0.746053576469421,0.73842054605484,0.729296445846558,0.553697228431702,0.516962885856628,0.500482976436615,0.585618257522583,0.578322052955627,0.563664674758911,0.575160384178162,0.57123863697052,0.55632072687149,0.428388386964798,0.394668102264404,0.378449618816376,0.362320363521576,0.360783100128174,0.355629056692123,0.325971513986588,0.333004027605057,0.480606913566589,0.530480861663818,0.568942725658417,0.57172679901123,0.47448718547821,0.455256551504135,0.437322854995728,0.415945380926132,0.333713382482529,0.320238590240479,0.289555132389069,0.29001584649086,0.308327168226242,0.310021847486496,0.313023865222931,0.310330957174301,0.309274971485138,0.307852178812027,0.306451976299286
"19424",2.29776287078857,2.26982975006104,2.81682968139648,3.3282413482666,3.60378408432007,3.59203314781189,3.42371654510498,2.93757653236389,2.83677291870117,2.82424116134644,2.78368425369263,2.86838531494141,2.93119621276855,2.95944452285767,3.58150482177734,4.35474681854248,4.91253280639648,4.84849739074707,4.63838672637939,4.18070459365845,3.65675497055054,3.67554998397827,2.64399123191833,1.86291456222534,1.5228716135025,1.00938296318054,0.806263148784637,0.817449033260345,0.792001605033875,0.882288098335266,0.864165961742401,0.812462389469147,0.789193093776703,0.875133752822876,1.00385665893555,1.03938710689545,1.01047825813293,0.862916231155396,0.858191609382629,0.854669451713562,0.840207576751709,0.790825605392456,0.781513094902039,0.763746500015259,0.727977871894836,0.706396043300629,0.629409611225128,0.628782093524933,0.615435123443604,0.55546098947525,0.552545309066772,0.563124299049377,0.558945119380951,0.550595343112946,0.53860068321228,0.527643263339996,0.54882800579071,0.634941160678864,0.637116074562073,0.632653951644897,0.624805212020874,0.483149081468582,0.453085631132126,0.441994100809097,0.499787271022797,0.495227009057999,0.473746716976166,0.488740861415863,0.499981433153152,0.502582252025604,0.439004391431808,0.39797767996788,0.366080582141876,0.335836559534073,0.338399469852448,0.339606434106827,0.316031605005264,0.327551126480103,0.476068735122681,0.517742097377777,0.548806250095367,0.548776149749756,0.471102297306061,0.452925831079483,0.43268758058548,0.407725423574448,0.322369337081909,0.301016420125961,0.272305577993393,0.270816922187805,0.287449866533279,0.292906582355499,0.297229945659637,0.299432754516602,0.298994094133377,0.297890186309814,0.292946696281433
"19425",2.0653190612793,2.05393171310425,2.35329055786133,2.66764616966248,2.84691596031189,2.83705425262451,2.72041440010071,2.31582880020142,2.23795199394226,2.22419881820679,2.14455008506775,2.21765232086182,2.27974653244019,2.29950976371765,2.68649482727051,3.20893955230713,3.59860229492188,3.54851055145264,3.44184255599976,3.19426918029785,2.9352560043335,3.05235052108765,2.42195129394531,1.69914901256561,1.33277928829193,0.910879015922546,0.743833184242249,0.757408022880554,0.730007886886597,0.817128777503967,0.800413846969604,0.766941070556641,0.747570693492889,0.81467604637146,0.907216429710388,0.931013464927673,0.913025081157684,0.783814549446106,0.746288537979126,0.742760896682739,0.731564879417419,0.696267008781433,0.685011684894562,0.666682481765747,0.625107765197754,0.605251431465149,0.538010895252228,0.538322329521179,0.533039450645447,0.505874872207642,0.501326978206635,0.49773970246315,0.495059043169022,0.490273743867874,0.484914392232895,0.481117457151413,0.498253792524338,0.554585814476013,0.555493295192719,0.550361692905426,0.541408479213715,0.432888448238373,0.409260332584381,0.399604499340057,0.438025504350662,0.435802578926086,0.421398371458054,0.434618234634399,0.44568258523941,0.449784696102142,0.414146840572357,0.382538557052612,0.350340038537979,0.323023319244385,0.325771808624268,0.327216923236847,0.313248127698898,0.324160575866699,0.464511811733246,0.495364308357239,0.518110454082489,0.517744958400726,0.456208258867264,0.441727370023727,0.4219611287117,0.388985931873322,0.294411212205887,0.276704430580139,0.259622901678085,0.257753938436508,0.272861391305923,0.278682082891464,0.283194810152054,0.286910176277161,0.287618577480316,0.286788523197174,0.281621813774109
"19426",1.76970374584198,1.76038765907288,1.93531501293182,2.11480736732483,2.21340680122375,2.19748020172119,2.12734651565552,1.88202357292175,1.85474741458893,1.86854910850525,1.80293381214142,1.86787545681,1.91852450370789,1.92841196060181,2.20609664916992,2.55131673812866,2.7581262588501,2.66029691696167,2.61018371582031,2.4604811668396,2.33124661445618,2.39833641052246,1.8322936296463,1.46464920043945,1.12375152111053,0.777354717254639,0.676028847694397,0.721216797828674,0.694857597351074,0.777269721031189,0.762616634368896,0.735826551914215,0.719757437705994,0.780847728252411,0.852298319339752,0.85537052154541,0.827925443649292,0.699553728103638,0.659857034683228,0.655471444129944,0.643417239189148,0.612569749355316,0.597005426883698,0.572192549705505,0.522365808486938,0.506442546844482,0.468652188777924,0.469664454460144,0.468669265508652,0.458708345890045,0.45319339632988,0.446444720029831,0.444698393344879,0.442467987537384,0.44080775976181,0.44018816947937,0.453963071107864,0.494330585002899,0.489585131406784,0.479791730642319,0.470300167798996,0.381059259176254,0.36327263712883,0.357703059911728,0.390136897563934,0.387815684080124,0.384656190872192,0.395067155361176,0.403067260980606,0.406233906745911,0.377094477415085,0.354873865842819,0.332866072654724,0.309531658887863,0.310533672571182,0.311545103788376,0.310083746910095,0.321710586547852,0.451537042856216,0.47165846824646,0.485933512449265,0.482999294996262,0.430312395095825,0.415172696113586,0.38781464099884,0.344529241323471,0.260945320129395,0.253691673278809,0.249286070466042,0.248119920492172,0.260897696018219,0.266570627689362,0.271376609802246,0.275458693504333,0.276254415512085,0.275690495967865,0.27119642496109
"19427",1.49935674667358,1.50327706336975,1.61457550525665,1.71690130233765,1.76712727546692,1.7589259147644,1.73003828525543,1.61287868022919,1.61352038383484,1.6408805847168,1.62632739543915,1.68001699447632,1.72127842903137,1.729416847229,1.88542747497559,2.02186870574951,2.11911916732788,2.10608386993408,2.07671308517456,2.00380182266235,1.93778562545776,1.89451622962952,1.40369319915771,1.21000194549561,0.902209401130676,0.659202337265015,0.622499704360962,0.694897830486298,0.676574110984802,0.74154144525528,0.741281390190125,0.719070136547089,0.699107825756073,0.77437025308609,0.791531682014465,0.747595489025116,0.708820939064026,0.600396931171417,0.581223130226135,0.567499279975891,0.547850608825684,0.514447808265686,0.497259497642517,0.476220488548279,0.443629950284958,0.43696740269661,0.417829990386963,0.422857046127319,0.425984650850296,0.416524261236191,0.412764996290207,0.405358374118805,0.40526470541954,0.405594944953918,0.405019581317902,0.403449952602386,0.412211388349533,0.439925521612167,0.43110117316246,0.418848872184753,0.4084632396698,0.337546646595001,0.327666878700256,0.327662646770477,0.35423082113266,0.351514756679535,0.354823082685471,0.360657155513763,0.364425182342529,0.366480231285095,0.342023581266403,0.327378451824188,0.312778264284134,0.295311689376831,0.29513081908226,0.296047389507294,0.302680134773254,0.315254390239716,0.434353351593018,0.448751032352448,0.454561740159988,0.444112569093704,0.392583161592484,0.372461020946503,0.339404881000519,0.299456149339676,0.235069617629051,0.23734287917614,0.241165220737457,0.240564480423927,0.251723766326904,0.257234185934067,0.262012958526611,0.265339314937592,0.265406727790833,0.264983922243118,0.26116544008255
"19428",1.26996064186096,1.27446675300598,1.3569415807724,1.42346942424774,1.45583367347717,1.45680296421051,1.45502626895905,1.41988694667816,1.4386990070343,1.48221123218536,1.53468298912048,1.57706308364868,1.62181282043457,1.625483751297,1.65873456001282,1.67463254928589,1.72550547122955,1.76985740661621,1.7446653842926,1.68826532363892,1.61521649360657,1.51569628715515,1.11575937271118,0.99191027879715,0.781090259552002,0.609653234481812,0.575615286827087,0.649494707584381,0.637489318847656,0.705675959587097,0.71737277507782,0.703157186508179,0.675599992275238,0.747534513473511,0.712442100048065,0.633389234542847,0.581201791763306,0.506386935710907,0.49825918674469,0.482297718524933,0.458702325820923,0.428045362234116,0.421357810497284,0.413005411624908,0.396271109580994,0.395774245262146,0.378748506307602,0.386828303337097,0.392707467079163,0.378768086433411,0.376650243997574,0.369647264480591,0.370116233825684,0.369983434677124,0.368767619132996,0.366328656673431,0.365380167961121,0.382896155118942,0.373668938875198,0.361732840538025,0.351912707090378,0.300848692655563,0.298541158437729,0.301501661539078,0.320943474769592,0.318828076124191,0.321277320384979,0.325411230325699,0.327449560165405,0.328771859407425,0.31189438700676,0.302811473608017,0.294248074293137,0.281618058681488,0.281305134296417,0.282742500305176,0.294523477554321,0.306847155094147,0.410071849822998,0.422055840492249,0.42279589176178,0.408666253089905,0.357845336198807,0.338203728199005,0.31055161356926,0.279992133378983,0.225863620638847,0.228219628334045,0.233465373516083,0.232953727245331,0.2429408878088,0.247979328036308,0.252611249685287,0.255576908588409,0.254988461732864,0.254677891731262,0.252257227897644
"19429",1.41443848609924,1.45353317260742,1.72251904010773,1.98151314258575,2.12986302375793,1.80374336242676,1.65350639820099,1.80550026893616,1.91886985301971,1.92240166664124,2.41771721839905,2.3347065448761,1.87835657596588,1.74610900878906,1.85447955131531,1.92008197307587,2.00911521911621,2.19446086883545,2.06704020500183,1.90058529376984,1.78224408626556,1.71841073036194,1.51994204521179,1.49165892601013,1.42423796653748,1.2099187374115,1.03627753257751,1.00584089756012,1.00125241279602,1.026123046875,1.06995153427124,1.07501804828644,0.942474603652954,1.0591858625412,1.06469106674194,0.985297203063965,0.934406876564026,0.824808776378632,0.872561872005463,0.813606142997742,0.714163720607758,0.630680024623871,0.574566543102264,0.515666842460632,0.567849278450012,0.524390578269958,0.550021290779114,0.508496642112732,0.447203755378723,0.464301943778992,0.436187565326691,0.515371024608612,0.461665868759155,0.404455602169037,0.360384792089462,0.344794899225235,0.467858374118805,0.626727521419525,0.572397410869598,0.521617412567139,0.492994606494904,0.399302572011948,0.367312073707581,0.353618204593658,0.407090663909912,0.41307145357132,0.435907453298569,0.424450904130936,0.398949861526489,0.376367628574371,0.325701802968979,0.3170166015625,0.306234776973724,0.291833192110062,0.296537667512894,0.307479947805405,0.325925529003143,0.325326025485992,0.345754623413086,0.356353431940079,0.358139634132385,0.349841237068176,0.313726127147675,0.297932744026184,0.277239173650742,0.256133198738098,0.220931068062782,0.223608314990997,0.228406950831413,0.227420628070831,0.234560564160347,0.238931104540825,0.242100954055786,0.24627260863781,0.249544903635979,0.249502912163734,0.253225535154343
"19430",1.54580020904541,1.60720777511597,2.00072693824768,2.34280443191528,2.33931255340576,2.02396774291992,1.90073347091675,1.96263432502747,1.99073231220245,2.007972240448,2.52779030799866,2.30113506317139,2.00169086456299,1.79074561595917,1.88381814956665,2.03538036346436,2.13670897483826,2.25914788246155,2.19050526618958,2.06173515319824,1.97860431671143,2.02750635147095,2.04573249816895,1.92504298686981,1.83387696743011,1.38480889797211,1.12607252597809,1.12449312210083,1.09333324432373,1.20101451873779,1.22869992256165,1.16434073448181,1.05171489715576,1.23578727245331,1.28871417045593,1.19034838676453,1.10598742961884,0.982616782188416,1.0371470451355,0.960732698440552,0.842139840126038,0.698996841907501,0.643430411815643,0.575350105762482,0.566535234451294,0.52605414390564,0.528528153896332,0.493397504091263,0.438878506422043,0.434870302677155,0.422073006629944,0.479560136795044,0.439669340848923,0.386721849441528,0.35015407204628,0.34413743019104,0.522825539112091,0.697854578495026,0.67175829410553,0.63506281375885,0.602477192878723,0.38265860080719,0.360261380672455,0.360283523797989,0.452830642461777,0.448870718479156,0.463766723871231,0.461983352899551,0.447918921709061,0.432946771383286,0.348461776971817,0.324477881193161,0.302028924226761,0.278804183006287,0.279066383838654,0.278047531843185,0.25898352265358,0.259399831295013,0.292468905448914,0.300484359264374,0.303525865077972,0.295953720808029,0.271929532289505,0.258324146270752,0.242292836308479,0.228371560573578,0.217365816235542,0.221493229269981,0.226578295230865,0.225350648164749,0.227725595235825,0.23101307451725,0.235414326190948,0.241701945662498,0.249208942055702,0.249185130000114,0.256221741437912
"19431",1.42254185676575,1.46601045131683,1.697594165802,1.82146859169006,1.74468755722046,1.63940334320068,1.6279513835907,1.67426216602325,1.72377240657806,1.76291465759277,2.0344831943512,1.91412687301636,1.77210772037506,1.700763463974,1.78038358688354,1.86947429180145,1.88522779941559,1.90692830085754,1.89828419685364,1.86951446533203,1.87710630893707,1.95177793502808,1.9379026889801,1.81024146080017,1.48626124858856,0.969279885292053,0.829523324966431,0.908279836177826,0.906775712966919,1.01198315620422,1.05652952194214,1.00159502029419,0.923632860183716,1.09016251564026,1.05851578712463,0.962770700454712,0.91193699836731,0.799627780914307,0.821796715259552,0.770271062850952,0.684789657592773,0.559758722782135,0.511585056781769,0.453040212392807,0.422787189483643,0.405381619930267,0.398821175098419,0.386839479207993,0.367835462093353,0.362403839826584,0.353298991918564,0.364833444356918,0.351985186338425,0.338498800992966,0.333908230066299,0.341994404792786,0.448742866516113,0.564312636852264,0.549733221530914,0.528096497058868,0.508451998233795,0.32901930809021,0.312555253505707,0.319553464651108,0.394212126731873,0.39125445485115,0.404882729053497,0.409199327230453,0.408103168010712,0.403201282024384,0.32990300655365,0.31016743183136,0.288194984197617,0.261598885059357,0.261036574840546,0.259056687355042,0.236942604184151,0.240025609731674,0.284015566110611,0.285125970840454,0.280323296785355,0.268164336681366,0.245724380016327,0.234288603067398,0.221711039543152,0.212193220853806,0.209492355585098,0.213404759764671,0.221291586756706,0.221596881747246,0.223382651805878,0.227164089679718,0.233066469430923,0.239779561758041,0.245607390999794,0.245527595281601,0.248249813914299
"19432",1.25837814807892,1.30112791061401,1.40611410140991,1.44222247600555,1.41253900527954,1.38584411144257,1.41743898391724,1.48115074634552,1.54869437217712,1.62064898014069,1.76184415817261,1.74691784381866,1.71893513202667,1.70699286460876,1.75843834877014,1.78544127941132,1.76896274089813,1.74098324775696,1.76391434669495,1.7788497209549,1.80255484580994,1.8417022228241,1.76590085029602,1.67721962928772,1.35123300552368,0.894276976585388,0.743309140205383,0.805181562900543,0.801877737045288,0.907309174537659,0.945798277854919,0.899287462234497,0.819455623626709,0.932587087154388,0.92722749710083,0.845561921596527,0.778978586196899,0.674407005310059,0.675505220890045,0.639126420021057,0.577889502048492,0.462907761335373,0.42631471157074,0.384203106164932,0.350847780704498,0.343551099300385,0.335277944803238,0.332763254642487,0.325811922550201,0.315435081720352,0.311737149953842,0.313457816839218,0.312967568635941,0.316670596599579,0.325400978326797,0.337146610021591,0.396329164505005,0.470800250768661,0.460354089736938,0.44378450512886,0.429931849241257,0.306719899177551,0.297970533370972,0.307309627532959,0.362156510353088,0.358679085969925,0.355046004056931,0.365065008401871,0.371747702360153,0.372301489114761,0.306733071804047,0.291673600673676,0.275188565254211,0.251912921667099,0.251104354858398,0.249980136752129,0.230142503976822,0.232344076037407,0.265274912118912,0.266337931156158,0.262086480855942,0.250438064336777,0.230466097593307,0.221689432859421,0.211430847644806,0.2030338793993,0.198258057236671,0.201660022139549,0.211816653609276,0.213323473930359,0.216879814863205,0.220397055149078,0.226073831319809,0.233265116810799,0.238361075520515,0.238286510109901,0.239403694868088
"19433",1.03613901138306,1.06681084632874,1.14228570461273,1.18116641044617,1.18793845176697,1.19845926761627,1.24398934841156,1.33222115039825,1.40225315093994,1.50289642810822,1.67382407188416,1.71318984031677,1.7264918088913,1.71540641784668,1.74174654483795,1.74837708473206,1.71362817287445,1.66187238693237,1.68156862258911,1.68269038200378,1.69505298137665,1.73011040687561,1.69401264190674,1.6460770368576,1.39663243293762,0.944114804267883,0.752416789531708,0.738062858581543,0.720521628856659,0.824221014976501,0.85258424282074,0.806970179080963,0.736500382423401,0.824807465076447,0.8556227684021,0.803532004356384,0.733177661895752,0.60595977306366,0.584306240081787,0.557974934577942,0.512106537818909,0.411927103996277,0.385098934173584,0.351031303405762,0.311398297548294,0.305986702442169,0.296724498271942,0.297699719667435,0.296341568231583,0.288587272167206,0.287280112504959,0.28836777806282,0.290726035833359,0.297816067934036,0.307496041059494,0.316754758358002,0.352386206388474,0.399486184120178,0.393268018960953,0.383501648902893,0.374041616916656,0.288833290338516,0.280990093946457,0.285786122083664,0.327531188726425,0.323288977146149,0.311459988355637,0.321618914604187,0.331000477075577,0.335243701934814,0.300687730312347,0.280804187059402,0.262369394302368,0.241928517818451,0.240387350320816,0.239191681146622,0.222956106066704,0.224402129650116,0.246371448040009,0.248448401689529,0.246894791722298,0.238912969827652,0.221279099583626,0.212838917970657,0.202817678451538,0.194079726934433,0.187613680958748,0.190078228712082,0.200270086526871,0.202569559216499,0.208729803562164,0.212089732289314,0.217343702912331,0.224913164973259,0.230185762047768,0.230394765734673,0.231771618127823
"19434",0.873396694660187,0.89257824420929,0.947416186332703,0.984567999839783,1.01243782043457,1.05006313323975,1.10318684577942,1.20620012283325,1.29758751392365,1.44269394874573,1.6784815788269,1.73467767238617,1.7551600933075,1.73832511901855,1.78425645828247,1.79717826843262,1.73011541366577,1.60459184646606,1.61325657367706,1.58425092697144,1.57841181755066,1.61515176296234,1.62115144729614,1.61283695697784,1.38993811607361,0.967675268650055,0.765170097351074,0.700009107589722,0.675726175308228,0.760416150093079,0.785415530204773,0.744235157966614,0.68318247795105,0.765064299106598,0.811912477016449,0.785762965679169,0.733396708965302,0.566291689872742,0.531921625137329,0.509672343730927,0.468604624271393,0.376869678497314,0.354094386100769,0.323308736085892,0.280294746160507,0.276525348424911,0.269131153821945,0.271532386541367,0.273417860269547,0.270061045885086,0.269735455513,0.271051287651062,0.27385002374649,0.281427204608917,0.290351778268814,0.297231942415237,0.317005425691605,0.35044002532959,0.346049517393112,0.33912992477417,0.33245000243187,0.267960846424103,0.261157870292664,0.264119654893875,0.294381946325302,0.291999995708466,0.27728345990181,0.286496520042419,0.296641409397125,0.30276945233345,0.28970330953598,0.270061165094376,0.249618411064148,0.232011780142784,0.230287402868271,0.228534445166588,0.21446780860424,0.21529446542263,0.230652615427971,0.23254856467247,0.231590405106544,0.225837215781212,0.209718599915504,0.201617076992989,0.192411795258522,0.18399915099144,0.178467288613319,0.1812494546175,0.189983204007149,0.191959664225578,0.199599474668503,0.203254118561745,0.208794713020325,0.216849535703659,0.222247287631035,0.22268533706665,0.224287107586861
"19435",0.758422136306763,0.768578231334686,0.807725071907043,0.842434167861938,0.881993770599365,0.934194564819336,0.999869585037231,1.12613153457642,1.2528213262558,1.45775842666626,1.75664281845093,1.79896748065948,1.79973781108856,1.77107608318329,1.82673954963684,1.81634819507599,1.70852708816528,1.54564785957336,1.53770136833191,1.47594034671783,1.44993782043457,1.49872326850891,1.57538986206055,1.54830431938171,1.34963631629944,0.953742325305939,0.747178912162781,0.668845176696777,0.634022116661072,0.716462552547455,0.730484306812286,0.698020040988922,0.646405220031738,0.73206377029419,0.795976340770721,0.788934469223022,0.748417019844055,0.538607716560364,0.496990650892258,0.473172038793564,0.431294023990631,0.346363395452499,0.324451386928558,0.295271694660187,0.256507903337479,0.255109846591949,0.25071120262146,0.254253774881363,0.258078128099442,0.257195889949799,0.257129669189453,0.2587531208992,0.261716663837433,0.268561333417892,0.274608433246613,0.277948021888733,0.290379822254181,0.315066963434219,0.311298668384552,0.305549383163452,0.300076127052307,0.247836172580719,0.242761537432671,0.245713755488396,0.270428568124771,0.268754094839096,0.254682332277298,0.262442588806152,0.271150767803192,0.276742219924927,0.272057801485062,0.256205350160599,0.237799435853958,0.222726732492447,0.220936879515648,0.219018742442131,0.206235125660896,0.206657409667969,0.217666134238243,0.219022870063782,0.217883259057999,0.212316334247589,0.197346806526184,0.189611598849297,0.181498825550079,0.175349429249763,0.17095160484314,0.17429530620575,0.181425094604492,0.182871133089066,0.190765604376793,0.194786071777344,0.200654298067093,0.209030136466026,0.214648753404617,0.21529732644558,0.216925054788589
"19436",1.05449020862579,1.11828505992889,1.18581414222717,1.2702374458313,1.41756701469421,1.55049276351929,1.64428865909576,2.26444721221924,2.72837615013123,3.55005621910095,4.53135061264038,4.20147800445557,3.96663355827332,3.97024488449097,4.64826774597168,5.04535961151123,5.14013671875,5.02905654907227,4.13405609130859,2.9670946598053,2.08591413497925,1.7939293384552,1.9077399969101,1.91239047050476,1.96875143051147,1.82969915866852,1.62810695171356,1.58034253120422,1.59436821937561,1.51400530338287,1.63312911987305,1.46221399307251,1.12977194786072,1.16582560539246,1.22868037223816,1.21257281303406,1.17950785160065,0.943733215332031,0.931725323200226,0.89344334602356,0.822444558143616,0.718291997909546,0.64559805393219,0.555713951587677,0.540388524532318,0.500993728637695,0.532786667346954,0.489097088575363,0.419994384050369,0.425927758216858,0.402178674936295,0.514675080776215,0.449787706136703,0.37635612487793,0.324756234884262,0.319718897342682,0.431770116090775,0.609557092189789,0.555386245250702,0.50398600101471,0.475908488035202,0.415566027164459,0.368452459573746,0.338489323854446,0.3670774102211,0.384275496006012,0.407073050737381,0.4007967710495,0.377739757299423,0.355516105890274,0.303552150726318,0.284105271100998,0.262705951929092,0.247995182871819,0.260439336299896,0.276593565940857,0.252589344978333,0.242190703749657,0.215832963585854,0.215677410364151,0.213278830051422,0.208846375346184,0.19480462372303,0.187854617834091,0.18404221534729,0.183027505874634,0.178291410207748,0.183356642723083,0.190196231007576,0.19012787938118,0.189800575375557,0.191415682435036,0.192584946751595,0.194705486297607,0.203146085143089,0.206146404147148,0.208507180213928
"19437",1.23419463634491,1.32617354393005,1.4125497341156,1.52356195449829,1.66906714439392,1.98072981834412,2.35285949707031,3.76854658126831,4.44329929351807,5.20214700698853,6.22497415542603,5.76930904388428,5.67281532287598,6.03590440750122,6.20737838745117,6.37288761138916,6.7832818031311,7.32265901565552,6.23070287704468,4.61346244812012,3.07694220542908,2.27261924743652,2.20663070678711,2.26525330543518,2.43546390533447,2.31551122665405,2.09500932693481,1.99749565124512,2.04712533950806,1.88118720054626,2.05793523788452,1.73144245147705,1.38012897968292,1.44740724563599,1.55641198158264,1.55275774002075,1.517737865448,1.25059509277344,1.23226642608643,1.17550873756409,1.07489609718323,0.900849640369415,0.825456082820892,0.72273451089859,0.657958507537842,0.618383765220642,0.606923997402191,0.584107398986816,0.524798691272736,0.446046829223633,0.434985429048538,0.548519611358643,0.513169169425964,0.465275079011917,0.437676966190338,0.446354627609253,0.539014041423798,0.731521427631378,0.720650672912598,0.693406581878662,0.667664110660553,0.48432058095932,0.447342574596405,0.434067159891129,0.473125278949738,0.469734311103821,0.440648138523102,0.45946928858757,0.46954607963562,0.468596398830414,0.379991561174393,0.337447881698608,0.299329251050949,0.293556392192841,0.307962685823441,0.324875950813293,0.294286042451859,0.284167379140854,0.204783514142036,0.208342805504799,0.209130391478539,0.20508848130703,0.190141618251801,0.188782051205635,0.19006934762001,0.191941320896149,0.187698543071747,0.190246194601059,0.191736996173859,0.191809862852097,0.187440097332001,0.185187608003616,0.182901069521904,0.182722240686417,0.191247925162315,0.193942457437515,0.196212276816368
"19438",1.01791393756866,1.07345008850098,1.11610496044159,1.18043494224548,1.37010478973389,1.89235472679138,2.4007842540741,3.62419152259827,4.01726961135864,4.39309120178223,5.01036357879639,4.95243167877197,5.0786771774292,5.29350280761719,5.19176292419434,5.16975975036621,5.57702493667603,6.138427734375,5.36801242828369,4.20397567749023,3.00409460067749,2.29231119155884,2.1270899772644,2.18190717697144,2.30047798156738,2.05857515335083,1.78108286857605,1.60293912887573,1.61396908760071,1.51875460147858,1.61728763580322,1.39500212669373,1.18134260177612,1.28407883644104,1.42514503002167,1.46559202671051,1.44042336940765,1.13398551940918,1.06002855300903,1.01606369018555,0.936063766479492,0.763073801994324,0.705678820610046,0.622853755950928,0.520669102668762,0.493966698646545,0.469464659690857,0.461105018854141,0.430416375398636,0.360430717468262,0.353841453790665,0.430739372968674,0.432334661483765,0.432088434696198,0.433044195175171,0.436820477247238,0.454455375671387,0.591849267482758,0.592848658561707,0.584355115890503,0.572653591632843,0.423794686794281,0.397656053304672,0.389000058174133,0.416472494602203,0.406362503767014,0.356202930212021,0.375540912151337,0.39650946855545,0.409009754657745,0.379820913076401,0.345134079456329,0.30950716137886,0.288005739450455,0.294616639614105,0.302588403224945,0.277757555246353,0.26959353685379,0.190559461712837,0.193288549780846,0.195409387350082,0.193296983838081,0.183339402079582,0.183502748608589,0.184678554534912,0.184937715530396,0.181039974093437,0.181979954242706,0.181056916713715,0.180637791752815,0.178481638431549,0.177013367414474,0.17528960108757,0.177159428596497,0.183865234255791,0.185613065958023,0.186837956309319
"19439",0.838987350463867,0.870930910110474,0.91020655632019,0.98758602142334,1.21891331672668,1.77622425556183,2.19419360160828,3.0358510017395,3.31597971916199,3.61014318466187,4.10498714447021,4.22244644165039,4.40238523483276,4.49340295791626,4.48516988754272,4.49134731292725,4.77686595916748,5.07498216629028,4.54980850219727,3.637282371521,2.72133469581604,2.19931530952454,2.09176635742188,2.10790491104126,2.15911293029785,1.87065362930298,1.57723140716553,1.37522721290588,1.33818912506104,1.2928181886673,1.33119213581085,1.18274307250977,1.04165863990784,1.15531969070435,1.32854866981506,1.42505311965942,1.43436801433563,1.10061049461365,0.991959154605865,0.944948017597198,0.860522449016571,0.663360357284546,0.606768310070038,0.527191400527954,0.422974228858948,0.403884500265121,0.388667285442352,0.382026523351669,0.361062198877335,0.311255365610123,0.309120088815689,0.378734558820724,0.385669708251953,0.390992879867554,0.392653614282608,0.392065525054932,0.401681274175644,0.494534969329834,0.49337163567543,0.485593855381012,0.476718127727509,0.3690505027771,0.350216388702393,0.343689501285553,0.363914787769318,0.355156123638153,0.308438569307327,0.32320773601532,0.340489327907562,0.35210531949997,0.353052407503128,0.331144392490387,0.301749378442764,0.27647265791893,0.279282659292221,0.281754434108734,0.252150893211365,0.244067072868347,0.179171934723854,0.181469559669495,0.184180349111557,0.184322729706764,0.17974916100502,0.180118829011917,0.180690452456474,0.179740577936172,0.175776213407516,0.175023272633553,0.172949984669685,0.172824859619141,0.171014204621315,0.169481545686722,0.16784605383873,0.170836359262466,0.176398485898972,0.178008109331131,0.178034037351608
"19440",0.707705199718475,0.724987924098969,0.777905941009521,0.886757969856262,1.1335141658783,1.62909817695618,1.95248639583588,2.5031898021698,2.71910262107849,2.99118375778198,3.4122269153595,3.57934761047363,3.71704030036926,3.70714712142944,3.89879608154297,4.04124116897583,4.21117401123047,4.23142051696777,3.87500667572021,3.16463041305542,2.46775126457214,2.1424560546875,2.05429077148438,1.98685956001282,1.99810695648193,1.68854475021362,1.38346576690674,1.15970611572266,1.13567709922791,1.11845946311951,1.14024090766907,1.03276741504669,0.93607360124588,1.06826376914978,1.2581934928894,1.37838864326477,1.41010212898254,1.06760382652283,0.953976511955261,0.900948762893677,0.809752345085144,0.575922608375549,0.519114911556244,0.444882869720459,0.354328095912933,0.341622710227966,0.332129240036011,0.32840371131897,0.31468790769577,0.280322730541229,0.28012689948082,0.335947781801224,0.340673595666885,0.344173729419708,0.345134556293488,0.344187438488007,0.363468915224075,0.419209867715836,0.416855871677399,0.409909874200821,0.402391731739044,0.327798962593079,0.314312607049942,0.309200823307037,0.32656517624855,0.319534063339233,0.276490062475204,0.288673937320709,0.302480578422546,0.311691969633102,0.318330436944962,0.304284900426865,0.287820637226105,0.263994216918945,0.262386232614517,0.258383333683014,0.222601935267448,0.21622371673584,0.170137673616409,0.173165693879128,0.176754593849182,0.178801074624062,0.176448732614517,0.17660728096962,0.176034212112427,0.173997923731804,0.170122772455215,0.168172046542168,0.165529698133469,0.16571931540966,0.164218559861183,0.162500232458115,0.160705223679543,0.163909077644348,0.169081255793571,0.170441195368767,0.169710695743561
"19441",0.616376221179962,0.620318055152893,0.681693851947784,0.788053512573242,0.966167092323303,1.29918098449707,1.51534259319305,1.83841454982758,2.00030136108398,2.24701762199402,2.59708905220032,2.74944257736206,2.84156823158264,2.79473328590393,3.07227468490601,3.36315035820007,3.58331489562988,3.50420117378235,3.26723670959473,2.72158598899841,2.19367957115173,2.06770396232605,1.93315947055817,1.78512239456177,1.80026268959045,1.49412703514099,1.19035565853119,0.976018786430359,0.980926156044006,0.984909772872925,1.00912690162659,0.925674319267273,0.861253321170807,1.01336324214935,1.15157151222229,1.19000363349915,1.16077518463135,0.845946192741394,0.790594220161438,0.735202550888062,0.644711911678314,0.458437830209732,0.410076141357422,0.352749466896057,0.297796338796616,0.2914619743824,0.288996756076813,0.285783529281616,0.277001649141312,0.258284032344818,0.260010540485382,0.307222962379456,0.308938443660736,0.310422390699387,0.310465306043625,0.308470368385315,0.336596548557281,0.372442603111267,0.366320937871933,0.355771720409393,0.348043918609619,0.278567254543304,0.274490743875504,0.275626301765442,0.295819163322449,0.289519906044006,0.257792890071869,0.269294500350952,0.280914425849915,0.287398278713226,0.290205359458923,0.278553605079651,0.265608847141266,0.243600472807884,0.239627733826637,0.232500657439232,0.19719110429287,0.192007169127464,0.164425432682037,0.168177485466003,0.171993374824524,0.173997089266777,0.171307563781738,0.170854449272156,0.169677376747131,0.167505085468292,0.163633599877357,0.161652728915215,0.159388661384583,0.159218788146973,0.156973972916603,0.155291020870209,0.155017226934433,0.159770250320435,0.164756968617439,0.165674299001694,0.164222970604897
"19442",0.556035280227661,0.552165031433105,0.617660820484161,0.700181186199188,0.805014908313751,0.962030053138733,1.12056398391724,1.28728783130646,1.42236852645874,1.62181055545807,1.85844266414642,1.98624038696289,2.06997728347778,2.08272266387939,2.42093968391418,2.77954435348511,2.95231103897095,2.82467436790466,2.62831568717957,2.21319913864136,1.8573659658432,1.79887640476227,1.77077615261078,1.63339388370514,1.57992041110992,1.20533668994904,0.95128744840622,0.854917526245117,0.868078351020813,0.897500693798065,0.923655569553375,0.871486306190491,0.841303527355194,1.02059936523438,1.06690168380737,0.961056530475616,0.848520874977112,0.584916710853577,0.54867160320282,0.485292702913284,0.399207293987274,0.298260599374771,0.280273109674454,0.263685166835785,0.258982002735138,0.25603836774826,0.254252374172211,0.252932608127594,0.248635426163673,0.244548588991165,0.245622232556343,0.272090703248978,0.270821541547775,0.267239063978195,0.263009756803513,0.259296000003815,0.299270451068878,0.331900358200073,0.320008784532547,0.30483090877533,0.294807732105255,0.223733395338058,0.227889642119408,0.237919688224792,0.269869148731232,0.263934671878815,0.241213887929916,0.250753074884415,0.260085314512253,0.265270799398422,0.261278867721558,0.250888794660568,0.24064838886261,0.221340626478195,0.217029795050621,0.208601057529449,0.17284294962883,0.169389486312866,0.161681100726128,0.165357410907745,0.168349146842957,0.169030547142029,0.165284499526024,0.164248332381248,0.162857383489609,0.160678520798683,0.156552881002426,0.154927283525467,0.153647407889366,0.153725728392601,0.15135982632637,0.15105539560318,0.152579471468925,0.15791942179203,0.161690935492516,0.16261599957943,0.161243140697479
"19443",0.777974784374237,0.824687778949738,0.907707095146179,1.03391242027283,1.12886524200439,1.13684725761414,1.09806728363037,1.12708020210266,1.18266010284424,1.30944895744324,1.46613705158234,1.57370507717133,1.65895795822144,1.75043201446533,2.2065703868866,2.68219137191772,2.9130277633667,2.87642979621887,2.70936059951782,2.40525794029236,2.13554525375366,2.01967000961304,1.83135914802551,1.75401926040649,1.70993399620056,1.47679591178894,1.39693450927734,1.35351884365082,1.33641934394836,1.27978241443634,1.35063791275024,1.21864581108093,1.05289626121521,1.26290011405945,1.2895131111145,1.2702317237854,1.23277842998505,1.06365382671356,1.05378699302673,1.01672422885895,0.948228120803833,0.918603301048279,0.823226571083069,0.682529449462891,0.665848195552826,0.569555699825287,0.613784313201904,0.537618637084961,0.445543646812439,0.486792117357254,0.460147857666016,0.623645961284637,0.534082472324371,0.439304858446121,0.375475883483887,0.381412118673325,0.548107385635376,0.711822092533112,0.673013925552368,0.645953118801117,0.623252093791962,0.510023295879364,0.434236407279968,0.419432312250137,0.517668604850769,0.555474877357483,0.591995120048523,0.597700774669647,0.588664770126343,0.572765111923218,0.504931807518005,0.495231926441193,0.475767761468887,0.432182848453522,0.437461972236633,0.427231281995773,0.308892995119095,0.293867945671082,0.254225790500641,0.244792744517326,0.238079324364662,0.235241293907166,0.231692582368851,0.223255455493927,0.216875031590462,0.212796211242676,0.208623841404915,0.200534209609032,0.194636598229408,0.198415771126747,0.194060534238815,0.187170714139938,0.171906158328056,0.162197321653366,0.164349943399429,0.165966600179672,0.164711803197861
"19444",0.874056220054626,0.9397292137146,1.02702116966248,1.11665189266205,1.15867161750793,1.10040163993835,1.00414323806763,0.926850199699402,1.02200496196747,1.22179186344147,1.29180562496185,1.48153674602509,1.71278405189514,1.99287891387939,2.45711183547974,2.82016277313232,2.97371745109558,3.00176501274109,2.8669421672821,2.61130213737488,2.3555064201355,2.17823600769043,1.88673496246338,1.81811714172363,1.94290602207184,1.98073840141296,1.81746423244476,1.53446424007416,1.49823260307312,1.37882125377655,1.43990278244019,1.28279972076416,1.18284547328949,1.49145722389221,1.54502427577972,1.54580211639404,1.54427766799927,1.42503023147583,1.44913220405579,1.37676239013672,1.24813985824585,1.11447310447693,0.982406079769135,0.795957863330841,0.697868287563324,0.635000884532928,0.654033780097961,0.611173033714294,0.546750664710999,0.543482422828674,0.538169622421265,0.667933464050293,0.624323487281799,0.583368480205536,0.573982536792755,0.606948375701904,0.804488062858582,0.949267148971558,0.937763154506683,0.91749233007431,0.894543588161469,0.644931495189667,0.615869760513306,0.634364187717438,0.7717005610466,0.789242088794708,0.777459383010864,0.807249307632446,0.826097965240479,0.830574929714203,0.749519228935242,0.71429431438446,0.676639914512634,0.637158453464508,0.628723621368408,0.600093364715576,0.421337991952896,0.388159185647964,0.321274697780609,0.314107716083527,0.308189332485199,0.305205732584,0.28919392824173,0.280994027853012,0.269969016313553,0.258786588907242,0.248821467161179,0.238405644893646,0.225067943334579,0.226731657981873,0.218425661325455,0.204850822687149,0.186859354376793,0.16898863017559,0.164643853902817,0.165285304188728,0.164467215538025
"19445",0.708702445030212,0.750292181968689,0.808957934379578,0.845235049724579,0.849428594112396,0.810376763343811,0.787879645824432,0.78377890586853,0.888485908508301,1.09230649471283,1.27229809761047,1.48891925811768,1.77655112743378,2.06265902519226,2.38198518753052,2.64671206474304,2.76840257644653,2.73365044593811,2.63658285140991,2.44915390014648,2.27153491973877,2.18694090843201,1.91274833679199,1.8306587934494,1.95219230651855,1.82931399345398,1.56433093547821,1.24831485748291,1.24318289756775,1.19040894508362,1.22189247608185,1.13094127178192,1.09019470214844,1.37210035324097,1.37360763549805,1.27845656871796,1.20352578163147,1.06254029273987,1.07395839691162,1.00254714488983,0.882932662963867,0.72206449508667,0.64562201499939,0.542944550514221,0.480937272310257,0.460670650005341,0.478836804628372,0.465904116630554,0.441876262426376,0.439314216375351,0.437577545642853,0.506948471069336,0.504179179668427,0.511856615543365,0.52504163980484,0.541370868682861,0.672919452190399,0.773178339004517,0.76082444190979,0.741985440254211,0.724221706390381,0.544038414955139,0.528364896774292,0.541006982326508,0.648957550525665,0.651474177837372,0.615573585033417,0.646395981311798,0.676873326301575,0.694214224815369,0.676122784614563,0.645461976528168,0.611525237560272,0.565022230148315,0.547306656837463,0.509681761264801,0.366536229848862,0.344094812870026,0.296914279460907,0.29843133687973,0.300422191619873,0.296509921550751,0.277674704790115,0.268239468336105,0.256495296955109,0.244120731949806,0.231712907552719,0.224198997020721,0.21286778151989,0.212492153048515,0.202596873044968,0.192524939775467,0.178988724946976,0.164553329348564,0.158375695347786,0.157987505197525,0.157563894987106
"19446",0.595791637897491,0.621725678443909,0.659887075424194,0.673443615436554,0.666523516178131,0.642995715141296,0.653951168060303,0.677969932556152,0.781784057617188,0.964997291564941,1.16762506961823,1.37307524681091,1.64283633232117,1.90869140625,2.23822236061096,2.54922604560852,2.65634226799011,2.546142578125,2.47397756576538,2.30861949920654,2.17445945739746,2.18015146255493,2.00093412399292,1.86755466461182,1.89630997180939,1.61548280715942,1.33578038215637,1.11262965202332,1.11397206783295,1.12479734420776,1.13288331031799,1.06564438343048,1.03470015525818,1.23782277107239,1.2612282037735,1.10166096687317,0.962686598300934,0.791061997413635,0.796525239944458,0.73057621717453,0.625623345375061,0.48515510559082,0.443833708763123,0.399470806121826,0.389323890209198,0.38371816277504,0.395890116691589,0.394292145967484,0.385435819625854,0.386530101299286,0.387638926506042,0.442712694406509,0.443148344755173,0.44741353392601,0.44856470823288,0.448820352554321,0.558609008789062,0.644726932048798,0.634947240352631,0.618941009044647,0.605079591274261,0.46021118760109,0.448335945606232,0.456267178058624,0.550071179866791,0.551876425743103,0.530917227268219,0.551947891712189,0.574017524719238,0.588066458702087,0.589938223361969,0.566752672195435,0.540863156318665,0.487473577260971,0.467300355434418,0.430996090173721,0.32129243016243,0.306974411010742,0.28216278553009,0.285618752241135,0.287345319986343,0.280879616737366,0.262264639139175,0.25241082906723,0.240932151675224,0.229203850030899,0.217364549636841,0.210661932826042,0.200754776597023,0.200458288192749,0.189763993024826,0.180214986205101,0.168331772089005,0.157277047634125,0.152897447347641,0.15274478495121,0.15296459197998
"19447",0.518506944179535,0.529411196708679,0.555490374565125,0.562142014503479,0.554635584354401,0.540767729282379,0.570541620254517,0.605071008205414,0.70619934797287,0.871894717216492,1.07194304466248,1.27575516700745,1.5356342792511,1.79822683334351,2.15797901153564,2.45227003097534,2.48691773414612,2.32378220558167,2.27370190620422,2.12284111976624,2.02111148834229,2.08397459983826,2.02576422691345,1.84243202209473,1.73930311203003,1.35452580451965,1.12476992607117,1.03198337554932,1.02019917964935,1.06950223445892,1.06602561473846,1.00581181049347,0.953936219215393,1.07714509963989,1.07755661010742,0.905772984027863,0.75266844034195,0.588358938694,0.59406316280365,0.543110132217407,0.465764880180359,0.369065582752228,0.351728498935699,0.337235748767853,0.34484338760376,0.343076258897781,0.346433877944946,0.349010556936264,0.34614634513855,0.349852710962296,0.348894625902176,0.392743170261383,0.389985114336014,0.38837805390358,0.385426044464111,0.384029597043991,0.465908944606781,0.540978908538818,0.536342203617096,0.524476110935211,0.513442873954773,0.389521151781082,0.378929525613785,0.384851396083832,0.462844908237457,0.467926055192947,0.473919987678528,0.487380236387253,0.501432538032532,0.510657668113708,0.511520624160767,0.491274893283844,0.468662679195404,0.420964539051056,0.404871344566345,0.37538930773735,0.286897957324982,0.27730318903923,0.270218670368195,0.272558391094208,0.271855413913727,0.262822657823563,0.244941592216492,0.235595136880875,0.225096791982651,0.214650586247444,0.204369246959686,0.198088377714157,0.188225954771042,0.187774419784546,0.1763975918293,0.167651519179344,0.157578632235527,0.149868950247765,0.148056030273438,0.14824615418911,0.149071767926216
"19448",0.463930577039719,0.460404932498932,0.480681478977203,0.486444801092148,0.482075601816177,0.475206851959229,0.511750757694244,0.548421025276184,0.658934950828552,0.835363149642944,1.01981949806213,1.22078251838684,1.47835087776184,1.73054504394531,2.06211233139038,2.28359770774841,2.26506781578064,2.10169076919556,2.05633759498596,1.94084572792053,1.88093304634094,1.9378650188446,1.89512741565704,1.76230978965759,1.50516557693481,1.09676313400269,0.955012202262878,0.948455035686493,0.942920506000519,0.976309359073639,0.993820369243622,0.927309632301331,0.84100866317749,0.889451742172241,0.829520285129547,0.664148569107056,0.557104885578156,0.432344019412994,0.446528553962708,0.40864235162735,0.358696103096008,0.309098392724991,0.304921835660934,0.304389506578445,0.310906678438187,0.309907346963882,0.307894885540009,0.310431718826294,0.310137808322906,0.315288960933685,0.315030604600906,0.347618520259857,0.34568652510643,0.343854993581772,0.34294930100441,0.344867616891861,0.39987975358963,0.466768145561218,0.460416555404663,0.449255257844925,0.441238939762115,0.341208130121231,0.335954904556274,0.346667647361755,0.41051709651947,0.417097389698029,0.42856776714325,0.440884858369827,0.4525545835495,0.459055483341217,0.452403903007507,0.436221241950989,0.415871888399124,0.374148607254028,0.362358450889587,0.340057581663132,0.263916701078415,0.257684230804443,0.257321506738663,0.259213477373123,0.256067156791687,0.245795413851738,0.228992462158203,0.220435813069344,0.21092963218689,0.201855883002281,0.193291246891022,0.187046051025391,0.176306754350662,0.175500899553299,0.164834693074226,0.157514274120331,0.149615556001663,0.144122928380966,0.143859729170799,0.144207626581192,0.145124658942223
"19449",0.412703931331635,0.411624610424042,0.42932739853859,0.435476690530777,0.43355330824852,0.436253666877747,0.492059260606766,0.558895945549011,0.688439607620239,0.882613182067871,1.08340573310852,1.29967546463013,1.56807351112366,1.78841924667358,1.98365151882172,2.02076864242554,1.96146059036255,1.90091395378113,1.85482931137085,1.76870739459991,1.7217218875885,1.71829962730408,1.60031485557556,1.53418385982513,1.22110176086426,0.921692728996277,0.840295910835266,0.858019948005676,0.859283745288849,0.860797643661499,0.890542924404144,0.814103126525879,0.709434986114502,0.695238471031189,0.592957139015198,0.466364651918411,0.395734906196594,0.333362817764282,0.336345046758652,0.324081003665924,0.306151896715164,0.277026861906052,0.27678906917572,0.277497500181198,0.273789882659912,0.273964464664459,0.27374204993248,0.276684880256653,0.278816968202591,0.28673529624939,0.287208080291748,0.309278219938278,0.309155166149139,0.308380454778671,0.308943539857864,0.315309286117554,0.349951267242432,0.396907031536102,0.390672326087952,0.381656408309937,0.3751360476017,0.312588632106781,0.31684485077858,0.330823659896851,0.375848859548569,0.377286374568939,0.380922496318817,0.391428351402283,0.401583611965179,0.409180521965027,0.400214493274689,0.388789355754852,0.372814655303955,0.339318871498108,0.327174067497253,0.307259291410446,0.24132926762104,0.235862538218498,0.242947921156883,0.244378969073296,0.240571141242981,0.230802103877068,0.214846938848495,0.207172125577927,0.198603004217148,0.190572082996368,0.18289241194725,0.177016660571098,0.165793746709824,0.16422888636589,0.155294388532639,0.149721398949623,0.143540054559708,0.139212757349014,0.139600902795792,0.139933064579964,0.14094352722168
"19450",0.893785953521729,0.951814115047455,0.977092802524567,1.00602269172668,1.19769179821014,1.23878693580627,1.18638634681702,1.2580441236496,1.32085537910461,1.48732089996338,1.95924890041351,1.97120141983032,1.92789483070374,2.00554275512695,2.12187695503235,2.22553992271423,2.4599347114563,2.79528570175171,2.51249027252197,2.15235424041748,1.89257681369781,1.78081560134888,1.70051991939545,1.68729710578918,1.53204798698425,1.31401324272156,1.20523011684418,1.24541163444519,1.28747808933258,1.3368912935257,1.4242559671402,1.34767198562622,1.17312002182007,1.18851017951965,1.13782870769501,1.04311800003052,0.984415292739868,0.865245282649994,0.949018239974976,0.858586609363556,0.743943929672241,0.73660683631897,0.641972482204437,0.559947907924652,0.622972071170807,0.556455135345459,0.632854878902435,0.556699156761169,0.480406284332275,0.573749840259552,0.538907051086426,0.709805488586426,0.636852145195007,0.560541033744812,0.483214914798737,0.459239184856415,0.625377118587494,0.832385659217834,0.769186019897461,0.731379389762878,0.719212889671326,0.630836427211761,0.599273800849915,0.584850311279297,0.739767789840698,0.742218554019928,0.756099462509155,0.743620216846466,0.732131659984589,0.742232024669647,0.706403255462646,0.69015371799469,0.679486989974976,0.599649548530579,0.560702323913574,0.491036981344223,0.371430248022079,0.353045016527176,0.420474588871002,0.385656207799911,0.349133729934692,0.315460562705994,0.289847284555435,0.274297654628754,0.259486705064774,0.244285017251968,0.230442255735397,0.220905140042305,0.20751129090786,0.210553213953972,0.193179920315742,0.18376550078392,0.167362913489342,0.157311618328094,0.158271744847298,0.161259576678276,0.166719675064087
"19451",1.24189615249634,1.28925538063049,1.36593627929688,1.50211608409882,1.65058708190918,1.65656507015228,1.5837881565094,1.64740002155304,1.73336899280548,1.88990604877472,2.17309856414795,2.13026666641235,2.11976790428162,2.1981303691864,2.37954187393188,2.5970573425293,2.79005837440491,2.97814226150513,2.59666442871094,2.11346864700317,1.8224949836731,1.78295314311981,1.78077554702759,1.77509915828705,1.73790812492371,1.56055772304535,1.47812151908875,1.5595645904541,1.58493447303772,1.68749272823334,1.76738882064819,1.68324673175812,1.49585127830505,1.47947859764099,1.4170138835907,1.29888272285461,1.19723081588745,1.06926584243774,1.11211788654327,1.03033709526062,0.921854019165039,0.837889730930328,0.784515917301178,0.726922512054443,0.709891200065613,0.67288064956665,0.653580188751221,0.629250466823578,0.603306651115417,0.682247996330261,0.669619262218475,0.766901671886444,0.714570820331573,0.658474504947662,0.637668192386627,0.660119771957397,0.892708778381348,1.04010033607483,1.01303291320801,0.978390216827393,0.949681282043457,0.751271724700928,0.738376677036285,0.743787050247192,0.95872437953949,0.935818612575531,0.957314252853394,0.964200854301453,0.970775246620178,0.975695013999939,0.953829765319824,0.92359459400177,0.894986689090729,0.779004395008087,0.715371549129486,0.624358296394348,0.459172457456589,0.45475697517395,0.539081633090973,0.50398588180542,0.449539750814438,0.397878527641296,0.346998125314713,0.334510922431946,0.319221556186676,0.299869000911713,0.270555913448334,0.255405843257904,0.23128966987133,0.231675177812576,0.214548707008362,0.19879175722599,0.180506184697151,0.17284668982029,0.179927334189415,0.181634977459908,0.180838838219643
"19452",1.08888459205627,1.11231517791748,1.19427371025085,1.29290270805359,1.35978579521179,1.38809108734131,1.45181369781494,1.56999468803406,1.68334054946899,1.80824708938599,1.96405863761902,1.9918520450592,2.028968334198,2.08350706100464,2.16292119026184,2.23071074485779,2.27092051506042,2.30645608901978,2.08958196640015,1.80619859695435,1.63707339763641,1.62860500812531,1.62361657619476,1.5881632566452,1.53036344051361,1.36215353012085,1.3260817527771,1.47055792808533,1.48894274234772,1.56649911403656,1.6027398109436,1.52864718437195,1.38733530044556,1.26288509368896,1.17786478996277,1.04552567005157,0.929524660110474,0.796680748462677,0.7852703332901,0.751796007156372,0.704329192638397,0.645582616329193,0.624675989151001,0.600640892982483,0.569807469844818,0.557232141494751,0.522150158882141,0.527880012989044,0.53100049495697,0.563052237033844,0.555550754070282,0.588560879230499,0.58426171541214,0.584854066371918,0.595016360282898,0.613517940044403,0.736964762210846,0.821054935455322,0.802791357040405,0.778162598609924,0.756802558898926,0.616787552833557,0.604394316673279,0.611011862754822,0.753793358802795,0.750829935073853,0.783775866031647,0.801251888275146,0.816444575786591,0.824336528778076,0.807808995246887,0.777741432189941,0.744741857051849,0.645620465278625,0.606078624725342,0.55054759979248,0.429576277732849,0.430555582046509,0.477040380239487,0.456454455852509,0.422040998935699,0.383548110723495,0.333498358726501,0.321452856063843,0.308032840490341,0.290410935878754,0.257770657539368,0.243570268154144,0.218050479888916,0.214894786477089,0.199157223105431,0.186879619956017,0.173082813620567,0.169833138585091,0.173748075962067,0.174025297164917,0.166050732135773
"19453",0.950098395347595,0.962847948074341,1.02840340137482,1.10809087753296,1.18345391750336,1.25872993469238,1.3544454574585,1.50208067893982,1.59218895435333,1.69922733306885,1.85325837135315,1.9014196395874,1.94418048858643,1.96225237846375,1.98206341266632,1.98681688308716,2.02281713485718,2.06608128547668,1.96211004257202,1.79642534255981,1.66205859184265,1.6004501581192,1.54327464103699,1.54139065742493,1.46073317527771,1.24945759773254,1.20538926124573,1.38339293003082,1.40191435813904,1.51428961753845,1.54829382896423,1.47890448570251,1.35621929168701,1.2500307559967,1.16668915748596,1.00490713119507,0.849427103996277,0.660482287406921,0.620271623134613,0.601382732391357,0.575436532497406,0.536842167377472,0.527274131774902,0.51592355966568,0.498115956783295,0.490987867116928,0.463807314634323,0.47082656621933,0.476679623126984,0.490162998437881,0.488271832466125,0.51558244228363,0.516980707645416,0.521373212337494,0.529595255851746,0.542255997657776,0.610830068588257,0.673689723014832,0.665155291557312,0.652472376823425,0.640633583068848,0.538922190666199,0.524575889110565,0.528518557548523,0.620238900184631,0.630465686321259,0.662826538085938,0.682953119277954,0.69982498884201,0.70898711681366,0.693800985813141,0.668552398681641,0.637979388237,0.561887085437775,0.539936244487762,0.507090747356415,0.415351331233978,0.414021015167236,0.431834995746613,0.420563340187073,0.398552358150482,0.369695454835892,0.323924899101257,0.311614722013474,0.298532128334045,0.282118797302246,0.249529406428337,0.236451968550682,0.209908246994019,0.205278888344765,0.189286157488823,0.180285036563873,0.169783681631088,0.164924100041389,0.165506199002266,0.165815412998199,0.159224525094032
"19454",0.809092879295349,0.81505286693573,0.87023276090622,0.946506857872009,1.03092408180237,1.12070751190186,1.20713543891907,1.35327744483948,1.43400287628174,1.54885995388031,1.71141648292542,1.79618906974792,1.86309468746185,1.87283992767334,1.89219689369202,1.90575277805328,1.95949876308441,1.99184513092041,1.93539714813232,1.82371246814728,1.72058570384979,1.66526770591736,1.54372894763947,1.55574238300323,1.47701573371887,1.2247166633606,1.15401721000671,1.33769547939301,1.346435546875,1.46676826477051,1.49876189231873,1.4104700088501,1.30060172080994,1.26566243171692,1.24397325515747,1.11164009571075,0.933991491794586,0.585606157779694,0.511164844036102,0.495135128498077,0.474573373794556,0.450346499681473,0.447573184967041,0.444618582725525,0.436961352825165,0.432018548250198,0.413595110177994,0.419912040233612,0.42774087190628,0.437624633312225,0.437385469675064,0.455044835805893,0.457944005727768,0.463545799255371,0.473671197891235,0.485884755849838,0.522186517715454,0.566011548042297,0.56204617023468,0.55536288022995,0.549122095108032,0.476436346769333,0.465682595968246,0.472796678543091,0.529537379741669,0.544025897979736,0.564967513084412,0.582398056983948,0.59995687007904,0.610686719417572,0.6024129986763,0.582850754261017,0.558098912239075,0.502349495887756,0.488980829715729,0.467513352632523,0.398094236850739,0.394876301288605,0.394300013780594,0.387611508369446,0.372918546199799,0.351004779338837,0.311842709779739,0.29999840259552,0.28721696138382,0.271531820297241,0.241300225257874,0.229141175746918,0.203083962202072,0.197951063513756,0.182500675320625,0.175572201609612,0.166821360588074,0.159788802266121,0.158892184495926,0.159131407737732,0.155107855796814
"19455",0.694013476371765,0.694997012615204,0.743404626846313,0.812995433807373,0.895536661148071,0.98450756072998,1.06805622577667,1.20512676239014,1.30084633827209,1.43683886528015,1.60802221298218,1.70991253852844,1.79954421520233,1.82898557186127,1.89462733268738,1.93471431732178,1.96629452705383,1.9573802947998,1.90275144577026,1.79166781902313,1.68279778957367,1.59978628158569,1.52864718437195,1.55537700653076,1.46147227287292,1.19508194923401,1.11588442325592,1.30155253410339,1.3142431974411,1.42335867881775,1.45404386520386,1.34940004348755,1.2541401386261,1.2878623008728,1.30626368522644,1.18730592727661,0.991736054420471,0.547090291976929,0.435283720493317,0.41933536529541,0.400447845458984,0.379498153924942,0.381113857030869,0.38574492931366,0.388558715581894,0.387527793645859,0.375920593738556,0.384256720542908,0.392617642879486,0.400468766689301,0.400481641292572,0.411907583475113,0.414782375097275,0.419569581747055,0.429187089204788,0.438840270042419,0.459243416786194,0.490132868289948,0.486536085605621,0.481313347816467,0.476319015026093,0.427127599716187,0.42407700419426,0.432843923568726,0.471704244613647,0.484036445617676,0.492670178413391,0.50847727060318,0.524020910263062,0.533297896385193,0.528920412063599,0.514380097389221,0.496022522449493,0.455567598342896,0.445850849151611,0.429898887872696,0.377338409423828,0.373292088508606,0.363387793302536,0.358586758375168,0.347871631383896,0.33072754740715,0.298197954893112,0.287219882011414,0.274844408035278,0.25962033867836,0.231602370738983,0.220156893134117,0.195593312382698,0.19063051044941,0.176433503627777,0.170626103878021,0.162977114319801,0.155231714248657,0.153207466006279,0.153146147727966,0.150355145335197
"19456",0.607498168945312,0.600843667984009,0.647563219070435,0.7150097489357,0.796848297119141,0.886175036430359,0.990276098251343,1.13776111602783,1.27006649971008,1.43239212036133,1.62597441673279,1.72867345809937,1.81843686103821,1.83892631530762,1.8664083480835,1.87364375591278,1.88852798938751,1.92962872982025,1.84450244903564,1.68798089027405,1.53486490249634,1.41973841190338,1.45117270946503,1.48707973957062,1.3704891204834,1.11174404621124,1.06657910346985,1.29573726654053,1.3363025188446,1.40024065971375,1.42903470993042,1.31848835945129,1.24391615390778,1.35514330863953,1.34776520729065,1.17977976799011,0.945807754993439,0.484756529331207,0.366606384515762,0.352513283491135,0.338596940040588,0.326301664113998,0.334062039852142,0.346000969409943,0.356407910585403,0.357484251260757,0.34758460521698,0.357832044363022,0.366659939289093,0.371488243341446,0.37140166759491,0.380693793296814,0.383348107337952,0.38704389333725,0.392363160848618,0.396457761526108,0.409668445587158,0.431223392486572,0.427625954151154,0.422764003276825,0.418231010437012,0.388654232025146,0.392746269702911,0.401579558849335,0.434823602437973,0.438052862882614,0.438899040222168,0.453547477722168,0.46688324213028,0.474423974752426,0.469645917415619,0.458674430847168,0.445581078529358,0.415629297494888,0.40711236000061,0.393500447273254,0.35411348938942,0.349838525056839,0.337296605110168,0.332671046257019,0.323472261428833,0.309139251708984,0.28321436047554,0.273381441831589,0.261606156826019,0.246744647622108,0.221234649419785,0.210410609841347,0.188021972775459,0.183752462267876,0.171126499772072,0.165790855884552,0.158568561077118,0.150692299008369,0.147905752062798,0.147610977292061,0.144871577620506
"19457",1.21592509746552,1.34444320201874,1.3041455745697,1.553551197052,1.91812884807587,2.01475596427917,2.02041101455688,2.41328549385071,2.5814962387085,2.85777568817139,3.17805099487305,3.14123821258545,2.82217955589294,2.64942979812622,2.72299146652222,2.86773872375488,3.08466672897339,3.28187108039856,2.94862675666809,2.44117879867554,2.01038885116577,1.78816056251526,1.84454107284546,1.9271731376648,1.94150102138519,1.65247964859009,1.53139400482178,1.71400356292725,1.79228186607361,1.81792628765106,1.8593807220459,1.73540842533112,1.5349657535553,1.63418352603912,1.64025187492371,1.51429295539856,1.34447884559631,0.94392454624176,0.905409455299377,0.86902129650116,0.827104330062866,0.879189193248749,0.870110809803009,0.840931177139282,0.8876713514328,0.839634537696838,0.852466464042664,0.793592691421509,0.694775342941284,0.70761102437973,0.66852343082428,0.844698071479797,0.78002393245697,0.702914118766785,0.618221282958984,0.576599597930908,0.680887520313263,0.832649111747742,0.807614803314209,0.806326389312744,0.80535763502121,0.758381605148315,0.695326805114746,0.680640339851379,0.798541128635406,0.85519951581955,0.851238369941711,0.854508817195892,0.827717900276184,0.789940118789673,0.731839418411255,0.713142573833466,0.700246810913086,0.64378809928894,0.623072326183319,0.57023698091507,0.420188009738922,0.384598046541214,0.381711959838867,0.364791959524155,0.342714548110962,0.322030007839203,0.302060604095459,0.29825633764267,0.291528284549713,0.277034193277359,0.249723330140114,0.235752508044243,0.215435042977333,0.214580327272415,0.210836037993431,0.204462513327599,0.194018468260765,0.19305844604969,0.190892055630684,0.190545678138733,0.183658212423325
"19458",1.48071146011353,1.55425834655762,1.62247943878174,1.9090256690979,2.27127552032471,2.49548625946045,2.57913041114807,3.09176397323608,3.27112340927124,3.49189615249634,3.91608500480652,3.73834991455078,3.52332377433777,3.32859802246094,3.41130256652832,3.61024022102356,3.87234950065613,4.10782289505005,3.77632999420166,3.19019889831543,2.62903594970703,2.33442401885986,2.24981260299683,2.35166597366333,2.42810463905334,2.0492627620697,1.88498735427856,2.05565166473389,2.07443809509277,2.1653733253479,2.20171809196472,1.97677874565125,1.7676477432251,1.83610188961029,1.99681079387665,2.00480914115906,1.88034129142761,1.314781665802,1.15369653701782,1.12339961528778,1.0783885717392,1.12060654163361,1.09258222579956,1.05694317817688,1.1115437746048,1.04142820835114,0.986819982528687,0.926471948623657,0.834869563579559,0.795163035392761,0.791540741920471,0.966615557670593,0.915761351585388,0.833001017570496,0.759205102920532,0.717540621757507,0.845664381980896,1.05554914474487,1.06448125839233,1.07383382320404,1.07808351516724,0.876201272010803,0.862170040607452,0.870919585227966,1.04510283470154,1.04984307289124,1.04528295993805,1.05546891689301,1.04475057125092,1.02808773517609,0.948010861873627,0.916220664978027,0.883434176445007,0.800168514251709,0.758011221885681,0.682100415229797,0.440629839897156,0.408351570367813,0.392573773860931,0.382388740777969,0.358918845653534,0.336956143379211,0.317465007305145,0.318844467401505,0.316095769405365,0.302500754594803,0.270323723554611,0.254365563392639,0.234928160905838,0.235461607575417,0.232142299413681,0.225426852703094,0.220288172364235,0.226198226213455,0.229070603847504,0.230734929442406,0.217848509550095
"19459",1.15796899795532,1.18163275718689,1.27136981487274,1.45658659934998,1.70464134216309,1.95295834541321,2.1159234046936,2.51370573043823,2.65793323516846,2.84119033813477,3.18885636329651,3.24094796180725,3.20559024810791,3.07892727851868,3.25075459480286,3.44262456893921,3.59580659866333,3.57942008972168,3.34449601173401,2.92069959640503,2.51089715957642,2.30553579330444,2.14620161056519,2.17426872253418,2.21099400520325,1.83576107025146,1.70365989208221,1.94018471240997,1.93469607830048,2.02511262893677,2.06223201751709,1.85038340091705,1.70026803016663,1.84674477577209,2.03655695915222,2.10574436187744,2.08299541473389,1.27196550369263,0.942332625389099,0.894821405410767,0.832979738712311,0.79259204864502,0.781384110450745,0.777054667472839,0.805850744247437,0.769594788551331,0.732188165187836,0.70750880241394,0.669296741485596,0.65801614522934,0.654831528663635,0.729006230831146,0.708082735538483,0.676401734352112,0.648696541786194,0.63898777961731,0.72367787361145,0.860665798187256,0.861645638942719,0.858869791030884,0.853878498077393,0.695530831813812,0.691043615341187,0.711260080337524,0.853173136711121,0.85401439666748,0.83005678653717,0.855068445205688,0.876577734947205,0.885960817337036,0.824367642402649,0.794928669929504,0.759697556495667,0.679660856723785,0.647936940193176,0.592106461524963,0.405942738056183,0.386249154806137,0.354159951210022,0.349123477935791,0.336428880691528,0.321854948997498,0.302339375019073,0.300386995077133,0.29499962925911,0.281165570020676,0.250416725873947,0.236742615699768,0.22011099755764,0.2199477404356,0.215823739767075,0.211975753307343,0.208877757191658,0.212801098823547,0.215973302721977,0.217880636453629,0.207135424017906
"19460",0.938167691230774,0.943054378032684,1.02396810054779,1.16529965400696,1.35144889354706,1.55523324012756,1.72358155250549,2.0489068031311,2.22598958015442,2.3817777633667,2.66574692726135,2.81275105476379,2.85799407958984,2.81005668640137,2.99251174926758,3.09938359260559,3.12902069091797,3.03580093383789,2.853276014328,2.52473163604736,2.20546054840088,2.04818487167358,1.9661990404129,1.96815371513367,1.86621618270874,1.54704546928406,1.52910161018372,1.8066508769989,1.85651350021362,1.81291842460632,1.84895551204681,1.74330651760101,1.7084596157074,1.97584366798401,1.97972893714905,1.79895424842834,1.51383233070374,0.886901140213013,0.723983824253082,0.674383521080017,0.623288869857788,0.600894689559937,0.60437273979187,0.60958731174469,0.626874089241028,0.599849104881287,0.576217114925385,0.572051227092743,0.561120390892029,0.571856796741486,0.564247012138367,0.59369570016861,0.580595016479492,0.56670618057251,0.564093947410583,0.567759394645691,0.640185415744781,0.717077612876892,0.70576286315918,0.690846621990204,0.678578019142151,0.561197221279144,0.565751671791077,0.587830305099487,0.716209828853607,0.710929572582245,0.693086862564087,0.714188575744629,0.731571793556213,0.740328371524811,0.710422992706299,0.68654215335846,0.65618360042572,0.586239993572235,0.560681521892548,0.516125679016113,0.373106062412262,0.358291178941727,0.324097216129303,0.319167047739029,0.309811919927597,0.298815995454788,0.282735586166382,0.278545141220093,0.269547492265701,0.253136038780212,0.225676968693733,0.215353548526764,0.205099046230316,0.20554107427597,0.203135147690773,0.200557798147202,0.198824718594551,0.202242061495781,0.203723609447479,0.205230131745338,0.195084527134895
"19461",0.835641026496887,0.818107008934021,0.9285728931427,1.0656646490097,1.21928358078003,1.37814354896545,1.58104467391968,1.83541131019592,2.0294885635376,2.18036270141602,2.40471315383911,2.43710327148438,2.44023370742798,2.42904019355774,2.47434139251709,2.52870678901672,2.57913088798523,2.56547975540161,2.42985987663269,2.16648364067078,1.89640533924103,1.72708737850189,1.61841058731079,1.60850167274475,1.52577531337738,1.48598086833954,1.51791512966156,1.66709876060486,1.70101928710938,1.69210863113403,1.75710296630859,1.78149771690369,1.72262680530548,1.85492050647736,1.54992175102234,1.17320203781128,0.917892634868622,0.573818802833557,0.524765372276306,0.506750524044037,0.495981872081757,0.508495390415192,0.509067356586456,0.505753993988037,0.511762380599976,0.498354554176331,0.488576471805573,0.490528881549835,0.485510498285294,0.498682618141174,0.489812344312668,0.50925076007843,0.504310071468353,0.499542832374573,0.498685896396637,0.498904347419739,0.547667384147644,0.598474383354187,0.583808183670044,0.566400051116943,0.554331600666046,0.476921558380127,0.492761462926865,0.515828728675842,0.617651581764221,0.610264480113983,0.599979102611542,0.61628383398056,0.630155205726624,0.638653337955475,0.618772625923157,0.599250495433807,0.575886845588684,0.515721797943115,0.493297636508942,0.456567108631134,0.343331724405289,0.330585688352585,0.298556298017502,0.293267667293549,0.284876614809036,0.275236904621124,0.260603964328766,0.253471821546555,0.241224229335785,0.223728537559509,0.201280817389488,0.194978967308998,0.19202084839344,0.193485707044601,0.193030297756195,0.191137239336967,0.189800277352333,0.1919055134058,0.188858360052109,0.190583005547523,0.178190380334854
"19462",0.831390142440796,0.804759204387665,0.943385660648346,1.08076703548431,1.21362638473511,1.34790527820587,1.50842499732971,1.74308598041534,1.87245690822601,1.92038130760193,2.02636671066284,1.9563182592392,1.90085697174072,1.93398785591125,2.00673151016235,2.06820011138916,2.15207886695862,2.16310596466064,2.05126047134399,1.83201360702515,1.60962009429932,1.45645463466644,1.38533711433411,1.4202344417572,1.44551157951355,1.30372953414917,1.26567888259888,1.49329137802124,1.54301106929779,1.63243758678436,1.70500707626343,1.65192759037018,1.44081234931946,1.31772601604462,1.03041577339172,0.739863932132721,0.576455950737,0.430978775024414,0.417134821414948,0.419450879096985,0.427268177270889,0.449579268693924,0.44909405708313,0.445147812366486,0.44144082069397,0.434693455696106,0.423155844211578,0.427813231945038,0.427254855632782,0.435496389865875,0.43046373128891,0.448545098304749,0.445899844169617,0.442456126213074,0.438636839389801,0.434561878442764,0.466106534004211,0.500656247138977,0.49080502986908,0.47844985127449,0.469176113605499,0.413911879062653,0.424181222915649,0.443751990795135,0.532063245773315,0.528355956077576,0.519399523735046,0.534171283245087,0.548413336277008,0.556869029998779,0.543384969234467,0.526552736759186,0.505660593509674,0.45769989490509,0.44035592675209,0.41125550866127,0.32074648141861,0.310095846652985,0.276789307594299,0.27218946814537,0.265055388212204,0.255983829498291,0.239931613206863,0.231476485729218,0.218999952077866,0.203319355845451,0.18429733812809,0.180735036730766,0.181584879755974,0.183342352509499,0.18399378657341,0.181666702032089,0.178590402007103,0.176796495914459,0.17199918627739,0.174136325716972,0.164170742034912
"19463",0.791381299495697,0.77898895740509,0.901265859603882,1.03041410446167,1.15368628501892,1.2786283493042,1.39238178730011,1.60858130455017,1.65917682647705,1.64325666427612,1.74589562416077,1.68030655384064,1.64611506462097,1.6506450176239,1.68808364868164,1.74841976165771,1.83835422992706,1.89753127098083,1.78256869316101,1.58186638355255,1.39287209510803,1.28234910964966,1.32134938240051,1.35290229320526,1.304518699646,1.11763787269592,1.09943723678589,1.37430489063263,1.42587947845459,1.5855907201767,1.63441002368927,1.4892463684082,1.22641134262085,1.01098442077637,0.816121459007263,0.589740216732025,0.46025562286377,0.369309186935425,0.35944852232933,0.364952147006989,0.375976502895355,0.406943380832672,0.407863140106201,0.405457347631454,0.397508978843689,0.392947763204575,0.379641950130463,0.385648608207703,0.387746632099152,0.393830180168152,0.389751493930817,0.403082132339478,0.400078058242798,0.395970851182938,0.39198362827301,0.388411521911621,0.409430682659149,0.436084151268005,0.429524451494217,0.421122521162033,0.414582818746567,0.377858757972717,0.388570845127106,0.406223356723785,0.475467920303345,0.47015380859375,0.460667550563812,0.474943548440933,0.488474428653717,0.495860457420349,0.483686715364456,0.469716608524323,0.452732235193253,0.413430660963058,0.399392008781433,0.375876128673553,0.304216146469116,0.294876724481583,0.259849429130554,0.256165564060211,0.250529229640961,0.242517501115799,0.225722089409828,0.217922329902649,0.207299768924713,0.194106861948967,0.175386965274811,0.172064080834389,0.172862440347672,0.174688279628754,0.175824657082558,0.173343062400818,0.169201537966728,0.165023624897003,0.16131417453289,0.1634152084589,0.157729715108871
"19464",1.29372644424438,1.3514107465744,1.44855916500092,1.67958950996399,1.9364287853241,2.10918402671814,2.19420003890991,2.55128145217896,2.54318165779114,2.44552826881409,2.63794469833374,2.49619960784912,2.35056161880493,2.30517673492432,2.37896966934204,2.51230335235596,2.68539118766785,2.75457048416138,2.48508286476135,2.08121061325073,1.76471996307373,1.61325442790985,1.61666774749756,1.62445712089539,1.58389174938202,1.36583137512207,1.25490093231201,1.46073472499847,1.54069125652313,1.69323742389679,1.75676274299622,1.61133694648743,1.40176844596863,1.32597541809082,1.26965928077698,1.14772844314575,1.02800488471985,0.900823831558228,0.943847060203552,0.929924249649048,0.923031568527222,0.928194224834442,0.905743718147278,0.863996267318726,0.897318482398987,0.850391447544098,0.854556679725647,0.816872775554657,0.734958648681641,0.763073444366455,0.733779430389404,0.838900089263916,0.77785986661911,0.697752237319946,0.614230751991272,0.599050164222717,0.749757051467896,0.911201417446136,0.891518592834473,0.891972362995148,0.894555807113647,0.829922318458557,0.742454767227173,0.723791241645813,0.856588184833527,0.908228874206543,0.888011813163757,0.938793540000916,0.985610246658325,0.999251961708069,0.899620771408081,0.883964538574219,0.861462235450745,0.78387063741684,0.739280879497528,0.635766983032227,0.390698105096817,0.362541735172272,0.496065437793732,0.4535793364048,0.394987404346466,0.337509483098984,0.304002463817596,0.293101191520691,0.27958482503891,0.249656528234482,0.20623767375946,0.192030906677246,0.206791326403618,0.220137000083923,0.222728461027145,0.213310465216637,0.186869144439697,0.166341096162796,0.158907666802406,0.162308543920517,0.161864832043648
"19465",1.59510171413422,1.62000226974487,1.77885711193085,2.04911088943481,2.33997750282288,2.57385110855103,2.66658592224121,3.05340218544006,3.0244026184082,2.8981237411499,3.15505957603455,2.98210763931274,2.8484091758728,2.77008843421936,2.85422396659851,2.9587459564209,3.13328266143799,3.24508213996887,2.96322011947632,2.48674917221069,2.07482671737671,1.86424136161804,1.87203133106232,1.85432016849518,1.78727924823761,1.5016303062439,1.35148119926453,1.48377156257629,1.52445781230927,1.76199233531952,1.79574429988861,1.68377900123596,1.57240033149719,1.72235178947449,1.74947369098663,1.58751368522644,1.42085886001587,1.24604833126068,1.24386918544769,1.23697340488434,1.22097420692444,1.24487936496735,1.19751286506653,1.12852573394775,1.12295174598694,1.06855666637421,1.0479884147644,1.01077020168304,0.929089546203613,0.88275945186615,0.862492501735687,0.997564554214478,0.954938769340515,0.901624083518982,0.879496514797211,0.894800245761871,1.0557314157486,1.24961245059967,1.25765144824982,1.26184451580048,1.25626254081726,0.979710102081299,0.964634597301483,0.996696352958679,1.22046375274658,1.22810077667236,1.18074488639832,1.23515963554382,1.28441047668457,1.30701196193695,1.22783374786377,1.19451773166656,1.1557549238205,1.02108454704285,0.939622163772583,0.804649829864502,0.461381703615189,0.437103748321533,0.639415264129639,0.615334451198578,0.540307939052582,0.45353701710701,0.371355295181274,0.358336925506592,0.336665332317352,0.293533504009247,0.223480045795441,0.202803283929825,0.214258208870888,0.228513672947884,0.240055695176125,0.226586371660233,0.199905604124069,0.166976734995842,0.156983509659767,0.159659743309021,0.159092888236046
"19466",1.35885167121887,1.36039113998413,1.52833616733551,1.75941634178162,2.00142788887024,2.21270298957825,2.32563400268555,2.61114549636841,2.63472270965576,2.60195565223694,2.79757809638977,2.69565629959106,2.51426267623901,2.4066891670227,2.43909573554993,2.47128510475159,2.66760039329529,2.79419612884521,2.58172583580017,2.25389885902405,1.92656016349792,1.7083101272583,1.5457022190094,1.59520840644836,1.55140173435211,1.35590410232544,1.22154712677002,1.33903789520264,1.34753727912903,1.61435794830322,1.62509346008301,1.53749847412109,1.45620536804199,1.65502941608429,1.68501663208008,1.49404585361481,1.28482174873352,1.02051401138306,0.979410529136658,0.967768132686615,0.950039505958557,0.976785123348236,0.947173714637756,0.906418085098267,0.878019034862518,0.842534065246582,0.814026236534119,0.791584849357605,0.746996760368347,0.704567968845367,0.693950235843658,0.775657176971436,0.782545208930969,0.787818193435669,0.794187784194946,0.80133843421936,0.87333357334137,1.0247415304184,1.02079343795776,1.01171588897705,1.00013780593872,0.811357796192169,0.820781350135803,0.859277963638306,1.03497266769409,1.01601219177246,0.955485880374908,0.993993043899536,1.03313863277435,1.05634331703186,1.03883194923401,1.00546741485596,0.96551775932312,0.83992874622345,0.784229755401611,0.695650458335876,0.440953463315964,0.4300736784935,0.537522792816162,0.532115638256073,0.492636919021606,0.434694588184357,0.358918786048889,0.337023138999939,0.308984398841858,0.269480884075165,0.208705842494965,0.192362189292908,0.198166683316231,0.206093326210976,0.212193980813026,0.202904790639877,0.184703722596169,0.160096853971481,0.150531426072121,0.15248341858387,0.150425717234612
"19467",1.15545773506165,1.14943087100983,1.29674601554871,1.4900918006897,1.69001626968384,1.87384402751923,1.99050998687744,2.24439930915833,2.3086838722229,2.37005472183228,2.51064658164978,2.39262008666992,2.21964192390442,2.09383630752563,2.09769439697266,2.172776222229,2.37289237976074,2.47445201873779,2.3200888633728,2.06529855728149,1.78916692733765,1.55673801898956,1.23175263404846,1.30425107479095,1.3476459980011,1.22065472602844,1.08657789230347,1.21001386642456,1.22512018680573,1.4995698928833,1.50518608093262,1.44022047519684,1.39445543289185,1.6134626865387,1.58103561401367,1.32795810699463,1.09838557243347,0.819810509681702,0.780784606933594,0.76581084728241,0.741676330566406,0.755906522274017,0.736686706542969,0.71116292476654,0.693827629089355,0.663775205612183,0.654665648937225,0.633375108242035,0.603328168392181,0.597783088684082,0.596655666828156,0.66337913274765,0.670305013656616,0.676233649253845,0.679458558559418,0.679423272609711,0.752149283885956,0.843653917312622,0.83088880777359,0.81464558839798,0.799424886703491,0.679659128189087,0.696456968784332,0.725377082824707,0.844260632991791,0.830711305141449,0.797218680381775,0.828429102897644,0.858777046203613,0.876882612705231,0.878702282905579,0.850500226020813,0.814796090126038,0.711807131767273,0.674169421195984,0.612807214260101,0.424670696258545,0.414881438016891,0.468317270278931,0.461408823728561,0.432224899530411,0.388203918933868,0.331382006406784,0.307023823261261,0.273363620042801,0.235995516180992,0.19085206091404,0.179695501923561,0.184512764215469,0.190982401371002,0.191857159137726,0.18082220852375,0.16412341594696,0.147425904870033,0.142392188310623,0.145190954208374,0.142652168869972
"19468",0.984872579574585,0.975777626037598,1.09719967842102,1.25351285934448,1.41740322113037,1.58506548404694,1.72060763835907,1.94770324230194,2.02476000785828,2.08469820022583,2.19849920272827,2.08217525482178,1.94297456741333,1.86727833747864,1.89891707897186,1.99495482444763,2.15872764587402,2.2153754234314,2.09428453445435,1.86460494995117,1.61016154289246,1.38134634494781,1.01632130146027,1.10901546478271,1.21835625171661,1.08106565475464,0.987491548061371,1.19869363307953,1.19805407524109,1.45716989040375,1.44026041030884,1.38553929328918,1.34614753723145,1.52629852294922,1.38860285282135,1.06819820404053,0.846954524517059,0.632215976715088,0.613132357597351,0.60230827331543,0.587913513183594,0.59841787815094,0.589688777923584,0.574301838874817,0.552130579948425,0.533320903778076,0.532728493213654,0.528442025184631,0.519997537136078,0.534644722938538,0.534023523330688,0.596102058887482,0.592761754989624,0.589450120925903,0.586414635181427,0.582713782787323,0.645459532737732,0.70393431186676,0.689934015274048,0.672592997550964,0.660154044628143,0.591069102287292,0.608237385749817,0.630127429962158,0.718804240226746,0.708781361579895,0.68283200263977,0.706966161727905,0.732209384441376,0.747130513191223,0.749387979507446,0.725633263587952,0.696429371833801,0.615794658660889,0.586846590042114,0.539212584495544,0.396225124597549,0.386401176452637,0.412365794181824,0.403857290744781,0.379185497760773,0.344361633062363,0.298395544290543,0.275508493185043,0.244290381669998,0.211662173271179,0.175019860267639,0.166657418012619,0.170208543539047,0.175491124391556,0.173894375562668,0.163375899195671,0.148315042257309,0.134094819426537,0.131911754608154,0.135591089725494,0.133343324065208
"19469",0.849492251873016,0.837228417396545,0.937562108039856,1.06470680236816,1.203449010849,1.36213874816895,1.50594067573547,1.75026512145996,1.81505370140076,1.83549463748932,1.93271374702454,1.85407090187073,1.7633113861084,1.72282838821411,1.76513504981995,1.8850474357605,2.01864862442017,2.01119565963745,1.92580842971802,1.71129047870636,1.4678041934967,1.26951050758362,0.960344314575195,1.05226242542267,1.15941643714905,0.999488294124603,0.95106452703476,1.21765279769897,1.16932618618011,1.41035485267639,1.37576079368591,1.30860996246338,1.22841048240662,1.32180023193359,1.18948066234589,0.8884596824646,0.684330582618713,0.506978571414948,0.491553962230682,0.486935377120972,0.484174787998199,0.504924237728119,0.502526760101318,0.493368566036224,0.467189788818359,0.457063615322113,0.45648580789566,0.46025288105011,0.461057603359222,0.470149576663971,0.467923760414124,0.519718587398529,0.519915819168091,0.518251121044159,0.514466166496277,0.508888602256775,0.541493892669678,0.589457035064697,0.582358121871948,0.572023570537567,0.565108835697174,0.521092176437378,0.532440960407257,0.549838125705719,0.618080198764801,0.614086329936981,0.590586602687836,0.607467770576477,0.627480983734131,0.639898419380188,0.644869685173035,0.624729812145233,0.59863942861557,0.533895611763,0.513663291931152,0.480530023574829,0.368909329175949,0.361513793468475,0.364021837711334,0.358888536691666,0.340690851211548,0.312524378299713,0.272704750299454,0.251987993717194,0.225194558501244,0.197055727243423,0.164891466498375,0.157109096646309,0.158299028873444,0.162200033664703,0.161128878593445,0.152562350034714,0.13945659995079,0.125656872987747,0.122995629906654,0.126009047031403,0.124695315957069
"19470",0.739895045757294,0.728791177272797,0.80927312374115,0.9133380651474,1.03141903877258,1.17150568962097,1.28970229625702,1.49351513385773,1.60749793052673,1.64766788482666,1.73624289035797,1.67213380336761,1.60097432136536,1.58256077766418,1.6995120048523,1.84933292865753,1.92093873023987,1.84146928787231,1.76898849010468,1.57309174537659,1.35342979431152,1.19779372215271,0.980085253715515,1.05598282814026,1.12632203102112,0.93137389421463,0.869067430496216,1.12814104557037,1.03980016708374,1.30785274505615,1.25503599643707,1.18301570415497,1.09731101989746,1.16017651557922,1.10882592201233,0.858482003211975,0.623772144317627,0.423966407775879,0.399949073791504,0.398049831390381,0.398673266172409,0.429497539997101,0.432048439979553,0.430256307125092,0.409452378749847,0.404232740402222,0.406405687332153,0.40984320640564,0.411095917224884,0.415833443403244,0.414052098989487,0.450152099132538,0.453190833330154,0.453581720590591,0.44941782951355,0.441384941339493,0.462354123592377,0.501765251159668,0.499375641345978,0.49488490819931,0.491042912006378,0.449272751808167,0.453421384096146,0.463783740997314,0.526089191436768,0.527423858642578,0.514878630638123,0.528652906417847,0.54286253452301,0.551051735877991,0.555237174034119,0.537823140621185,0.513512849807739,0.462687849998474,0.451714128255844,0.430892705917358,0.339282631874084,0.333160161972046,0.323918104171753,0.317954838275909,0.302212834358215,0.278251826763153,0.246514394879341,0.224632412195206,0.199220314621925,0.174995273351669,0.152371048927307,0.144751906394958,0.146064668893814,0.150136321783066,0.147787854075432,0.137207835912704,0.124290011823177,0.113866582512856,0.11166699975729,0.114964120090008,0.112787619233131
"19471",1.33229231834412,1.31803297996521,1.42759799957275,1.55346918106079,1.75991535186768,1.77642643451691,1.90189409255981,2.00499773025513,2.24543023109436,2.48991322517395,2.61665153503418,2.70149660110474,2.67494297027588,2.81039428710938,3.0706295967102,3.31814193725586,3.53121638298035,3.40614223480225,3.15910696983337,2.689288854599,2.23334908485413,1.93542742729187,1.80055737495422,1.92557191848755,1.83419477939606,1.51522183418274,1.378422498703,1.62160301208496,1.58793377876282,1.77597498893738,1.78718936443329,1.7106945514679,1.56665408611298,1.65500342845917,1.62107491493225,1.44324815273285,1.34288001060486,1.20596981048584,1.24621689319611,1.19088649749756,1.09459435939789,1.06500482559204,0.998810172080994,0.907800912857056,0.947593629360199,0.919298410415649,0.982929527759552,0.920481562614441,0.798586308956146,0.777807056903839,0.751262426376343,0.943101167678833,0.878458023071289,0.791048884391785,0.706544935703278,0.696398258209229,0.910374164581299,1.03957223892212,0.983493447303772,0.91590142250061,0.868569612503052,0.79741233587265,0.728587865829468,0.713065385818481,0.88521158695221,0.947509109973907,1.01430702209473,1.01103317737579,0.97955971956253,0.942869424819946,0.868891716003418,0.851605772972107,0.812477231025696,0.745864510536194,0.759710848331451,0.747925281524658,0.583899140357971,0.553600907325745,0.458876430988312,0.406964182853699,0.356561601161957,0.318373084068298,0.292635917663574,0.262026578187943,0.228511288762093,0.198929697275162,0.199605569243431,0.196824222803116,0.208832412958145,0.214953705668449,0.204907238483429,0.182527706027031,0.152593284845352,0.13469971716404,0.142457157373428,0.149931162595749,0.151742249727249
"19472",1.73362803459167,1.71411204338074,1.83981883525848,2.00785088539124,2.13153576850891,2.18386316299438,2.35631322860718,2.52570295333862,2.81124114990234,3.11343050003052,3.4053521156311,3.38168430328369,3.5619797706604,3.70235776901245,3.87669658660889,3.97497630119324,4.09671020507812,4.18114471435547,3.83480978012085,3.2315788269043,2.64176511764526,2.28470611572266,2.43352746963501,2.55341243743896,2.31657671928406,1.68341088294983,1.50288712978363,1.93379354476929,1.88199615478516,2.18519639968872,2.16699743270874,2.0569167137146,1.93660449981689,2.1371123790741,1.9993748664856,1.76357316970825,1.6460747718811,1.53774738311768,1.60139203071594,1.5173591375351,1.39408135414124,1.30292081832886,1.25145983695984,1.17575335502625,1.20182573795319,1.14725816249847,1.16541767120361,1.09750127792358,0.980982601642609,0.882535696029663,0.879874229431152,1.08192837238312,1.06069493293762,1.02083945274353,0.994256615638733,1.00251448154449,1.2091817855835,1.34788453578949,1.31047928333282,1.25356960296631,1.20774137973785,0.944286406040192,0.913940966129303,0.949169218540192,1.19656038284302,1.22635006904602,1.24986338615417,1.28159117698669,1.28920722007751,1.27975785732269,1.15176737308502,1.10582113265991,1.05122804641724,0.993022859096527,0.988337218761444,0.956888198852539,0.731174290180206,0.684218168258667,0.505226075649261,0.460134923458099,0.401842087507248,0.355953365564346,0.311887145042419,0.288558512926102,0.256921917200089,0.232012093067169,0.231099396944046,0.228441894054413,0.250023484230042,0.262286186218262,0.24080865085125,0.210496470332146,0.176950484514236,0.156569793820381,0.171057805418968,0.181087464094162,0.183486863970757
"19473",1.42469894886017,1.41786444187164,1.51370489597321,1.63377976417542,1.72097420692444,1.81470251083374,2.00144982337952,2.26892805099487,2.40110397338867,2.62589812278748,2.9317479133606,3.02589821815491,3.19589996337891,3.28348851203918,3.3822717666626,3.36110925674438,3.30466222763062,3.23973536491394,3.04263687133789,2.66728115081787,2.2711296081543,2.0227484703064,2.26011681556702,2.39413785934448,2.14180684089661,1.44711232185364,1.25834262371063,1.69475209712982,1.60586738586426,1.96389079093933,1.92409908771515,1.83940613269806,1.72014999389648,1.89807152748108,1.76329731941223,1.44730401039124,1.25711393356323,1.11351370811462,1.14235305786133,1.11462593078613,1.06580972671509,1.01733183860779,0.998078107833862,0.957976818084717,0.906807780265808,0.879659235477448,0.869392275810242,0.85688591003418,0.81442379951477,0.694933533668518,0.689162731170654,0.822422564029694,0.842971444129944,0.864099681377411,0.877566933631897,0.882859170436859,0.925946950912476,1.05541300773621,1.04388642311096,1.01996541023254,0.997906684875488,0.832977294921875,0.833568334579468,0.873565673828125,1.01094508171082,1.01328635215759,0.936940550804138,0.977638244628906,1.02037227153778,1.04553437232971,1.01619899272919,0.975020289421082,0.926106095314026,0.871589303016663,0.865988671779633,0.844539999961853,0.661528825759888,0.628569960594177,0.426489472389221,0.406128197908401,0.373083174228668,0.334863901138306,0.283922851085663,0.265219509601593,0.242194920778275,0.221292451024055,0.208022311329842,0.20549251139164,0.218867495656013,0.226695343852043,0.214188486337662,0.194014132022858,0.168654531240463,0.147087305784225,0.15492282807827,0.162972971796989,0.167370647192001
"19474",1.14871692657471,1.14581871032715,1.21116018295288,1.30494737625122,1.38238763809204,1.47964024543762,1.63814854621887,1.88230466842651,1.97004783153534,2.17159795761108,2.45564699172974,2.61315774917603,2.77686834335327,2.81792140007019,2.98966336250305,2.9593710899353,2.78312158584595,2.5635871887207,2.46085715293884,2.21643352508545,1.97185134887695,1.83760643005371,2.06688213348389,2.17717456817627,2.01163053512573,1.40742099285126,1.14079856872559,1.41229152679443,1.31199526786804,1.72464716434479,1.67979907989502,1.62559676170349,1.5218334197998,1.67327034473419,1.60747909545898,1.29776430130005,1.07648527622223,0.885829329490662,0.884318351745605,0.868341684341431,0.838450312614441,0.830773651599884,0.822522878646851,0.80296516418457,0.744160771369934,0.721790134906769,0.704530298709869,0.696406424045563,0.670737624168396,0.581749439239502,0.58010983467102,0.65404486656189,0.686861991882324,0.720353841781616,0.738175392150879,0.738147854804993,0.750348508358002,0.836944103240967,0.830649971961975,0.816844940185547,0.803019285202026,0.728423595428467,0.739230215549469,0.765747427940369,0.838592708110809,0.829820454120636,0.746175110340118,0.773789644241333,0.805263161659241,0.82626336812973,0.85202693939209,0.83610337972641,0.808467626571655,0.757076144218445,0.751278698444366,0.734801769256592,0.592342436313629,0.565172910690308,0.369355052709579,0.355360746383667,0.333615601062775,0.304789900779724,0.262162774801254,0.244839936494827,0.224667266011238,0.206003367900848,0.19109158217907,0.186928793787956,0.194770112633705,0.200659722089767,0.192673444747925,0.177982196211815,0.15758128464222,0.138333946466446,0.140537157654762,0.146340653300285,0.150320470333099
"19475",0.933621168136597,0.929042518138885,0.982256948947906,1.06114530563354,1.12710213661194,1.20362448692322,1.32830452919006,1.51081573963165,1.60372459888458,1.84445893764496,2.09609127044678,2.27168393135071,2.43549370765686,2.44318652153015,2.62280178070068,2.5254123210907,2.27593612670898,2.02310967445374,1.96518874168396,1.79266750812531,1.64499843120575,1.58718740940094,1.85869657993317,1.94466757774353,1.81339955329895,1.31091701984406,1.04901421070099,1.19180512428284,1.09686946868896,1.51428711414337,1.46907675266266,1.44512605667114,1.375697016716,1.54791593551636,1.54157280921936,1.27688717842102,0.986174583435059,0.729264736175537,0.707216858863831,0.692139804363251,0.663079142570496,0.666530311107635,0.662446022033691,0.653175950050354,0.626358687877655,0.608169794082642,0.599319219589233,0.589986383914948,0.569578528404236,0.515547811985016,0.515324473381042,0.558208882808685,0.585251569747925,0.611690759658813,0.623872756958008,0.621559262275696,0.634819149971008,0.686981558799744,0.680172443389893,0.668806195259094,0.659566938877106,0.629833698272705,0.643337249755859,0.661566734313965,0.704704225063324,0.694399833679199,0.623276710510254,0.640767157077789,0.661620616912842,0.67638748884201,0.70905590057373,0.705938100814819,0.693394064903259,0.656503200531006,0.650464415550232,0.634342968463898,0.52306854724884,0.498327970504761,0.321019530296326,0.310059368610382,0.293320864439011,0.27066969871521,0.237377822399139,0.221654161810875,0.203200533986092,0.186472743749619,0.174406975507736,0.16941149532795,0.174742966890335,0.180383592844009,0.172294393181801,0.158022299408913,0.1401636749506,0.125727146863937,0.126598507165909,0.131865710020065,0.13300958275795
"19476",0.792626619338989,0.782018482685089,0.846562504768372,0.921239018440247,0.987589359283447,1.05074834823608,1.14549934864044,1.28570961952209,1.40023875236511,1.68381416797638,1.94829547405243,2.09801650047302,2.189448595047,2.06092023849487,2.06326222419739,1.93363046646118,1.79365038871765,1.59362745285034,1.55866622924805,1.4491845369339,1.3736093044281,1.38137364387512,1.68835926055908,1.69190752506256,1.55278372764587,1.14586329460144,0.961127996444702,1.12082171440125,1.01295185089111,1.37962102890015,1.31137657165527,1.29788088798523,1.2599081993103,1.4638797044754,1.49868142604828,1.24940013885498,0.952432990074158,0.610823571681976,0.574621140956879,0.56129252910614,0.533164620399475,0.534146308898926,0.533931851387024,0.533679246902466,0.538770496845245,0.530019879341125,0.527425467967987,0.520889759063721,0.50518387556076,0.467792898416519,0.466802656650543,0.498807191848755,0.515621781349182,0.531269550323486,0.537429213523865,0.534375011920929,0.545335829257965,0.582238078117371,0.57748281955719,0.568872809410095,0.561895847320557,0.546238303184509,0.557142317295074,0.570240616798401,0.600353062152863,0.591473877429962,0.534451842308044,0.546403050422668,0.560358345508575,0.570342898368835,0.598681330680847,0.600688815116882,0.595582365989685,0.570319712162018,0.564781486988068,0.551229596138,0.460707128047943,0.439821660518646,0.280487835407257,0.272105306386948,0.258995622396469,0.240688055753708,0.213020861148834,0.199029460549355,0.182283371686935,0.167419761419296,0.157453685998917,0.153034806251526,0.157189965248108,0.162282899022102,0.154172018170357,0.141505941748619,0.124145537614822,0.112287610769272,0.113262966275215,0.117315068840981,0.117008104920387
"19477",0.689974188804626,0.67862331867218,0.748482584953308,0.816866874694824,0.869036436080933,0.91546243429184,0.997961759567261,1.13551592826843,1.27889370918274,1.52612662315369,1.89340579509735,1.89760899543762,1.8052453994751,1.6228711605072,1.45662236213684,1.33345758914948,1.29928314685822,1.26732993125916,1.25196421146393,1.20736157894135,1.18119037151337,1.20732295513153,1.44442307949066,1.4837954044342,1.32520651817322,1.00111937522888,0.899370908737183,1.09623003005981,0.972069978713989,1.23276329040527,1.1954060792923,1.19567108154297,1.17134714126587,1.39652192592621,1.34772050380707,1.05705142021179,0.804615199565887,0.5170077085495,0.469797760248184,0.45845153927803,0.434519290924072,0.43479859828949,0.439051896333694,0.447006106376648,0.47131073474884,0.468234479427338,0.467276632785797,0.462498068809509,0.450443625450134,0.424783527851105,0.424344837665558,0.450140595436096,0.455752909183502,0.46330064535141,0.464256942272186,0.459475994110107,0.472953796386719,0.4982068836689,0.49358206987381,0.487299263477325,0.482884705066681,0.473580479621887,0.481834650039673,0.49004653096199,0.510201692581177,0.502681255340576,0.460464805364609,0.472830325365067,0.48523536324501,0.492289036512375,0.51083493232727,0.512314200401306,0.509933412075043,0.49212771654129,0.487809658050537,0.476317435503006,0.402382135391235,0.382879495620728,0.249477311968803,0.241285935044289,0.229313403367996,0.214098051190376,0.191004365682602,0.179004728794098,0.164311811327934,0.151477709412575,0.142266288399696,0.139341756701469,0.142507433891296,0.14603953063488,0.139797583222389,0.129921913146973,0.114477351307869,0.103281676769257,0.107543341815472,0.109433576464653,0.109535411000252
"19478",1.40261816978455,1.49584460258484,1.58612895011902,1.91536569595337,2.29796743392944,2.4388918876648,2.34376955032349,3.12009406089783,3.21815776824951,3.4214870929718,3.73498845100403,3.58458185195923,3.26282501220703,3.26995468139648,3.49228572845459,3.53626012802124,3.66399693489075,3.88613677024841,3.37864112854004,2.62185716629028,1.98090767860413,1.66911733150482,1.94584488868713,2.13918972015381,2.04905605316162,1.64516699314117,1.51052784919739,1.94577574729919,2.1037003993988,2.14276456832886,2.30913519859314,2.22217607498169,1.69945669174194,1.65633702278137,1.54187655448914,1.34410166740417,1.20636379718781,1.0678915977478,1.08716833591461,1.04109978675842,0.992091238498688,0.976682484149933,0.90176248550415,0.812236785888672,0.886761426925659,0.836240768432617,0.865013837814331,0.819235444068909,0.766369640827179,0.881479024887085,0.853389620780945,0.949930548667908,0.856014728546143,0.761582016944885,0.705382227897644,0.742094278335571,0.922362804412842,0.995917201042175,0.984412729740143,0.989522337913513,0.989532113075256,0.955059826374054,0.854247331619263,0.826055824756622,0.928049147129059,0.935307383537292,0.905917525291443,0.887804567813873,0.841955184936523,0.799766898155212,0.670478463172913,0.668678641319275,0.653020679950714,0.638659596443176,0.664237916469574,0.690623462200165,0.605846524238586,0.567448377609253,0.256796091794968,0.237699747085571,0.219712525606155,0.202615350484848,0.180910974740982,0.171064361929893,0.15986393392086,0.150440439581871,0.142989993095398,0.13853719830513,0.140036717057228,0.143935725092888,0.145364031195641,0.135298669338226,0.119918309152126,0.1340351998806,0.181643784046173,0.185343042016029,0.167941391468048
"19479",1.81256198883057,1.83598852157593,2.03605175018311,2.38637185096741,2.72348117828369,3.02800226211548,3.22399806976318,4.03131675720215,3.93000531196594,3.88982009887695,4.40900039672852,4.08278274536133,3.86989831924438,3.75019335746765,3.62018465995789,3.55853390693665,3.68745803833008,4.09586048126221,3.26779437065125,2.29826903343201,1.78602731227875,1.76928222179413,2.08769607543945,2.15844345092773,1.94041514396667,1.74383592605591,1.91731524467468,2.50407695770264,2.654545545578,2.50691556930542,2.62348794937134,2.2304949760437,1.79702472686768,1.67116498947144,1.55945730209351,1.45529460906982,1.39381957054138,1.32456815242767,1.32477581501007,1.25373244285583,1.14746356010437,1.08402681350708,1.01460480690002,0.936727046966553,0.995230078697205,0.943949460983276,1.00720071792603,0.99114179611206,0.968188583850861,1.09702253341675,1.04526770114899,1.07385468482971,1.04133105278015,1.04367399215698,1.0815703868866,1.13023102283478,1.3214168548584,1.37529301643372,1.35615241527557,1.33228182792664,1.31020641326904,1.0768256187439,1.06827306747437,1.07510089874268,1.18940424919128,1.12902283668518,1.09644865989685,1.07300138473511,1.01745676994324,0.968954682350159,0.775829195976257,0.745644450187683,0.72202730178833,0.712282180786133,0.713617444038391,0.719304323196411,0.613205969333649,0.551177024841309,0.233449473977089,0.222429633140564,0.206805929541588,0.19023123383522,0.1740952283144,0.166434466838837,0.156291767954826,0.147003844380379,0.135675773024559,0.131866738200188,0.13598644733429,0.13999243080616,0.141029074788094,0.135097086429596,0.141147032380104,0.192836090922356,0.233643904328346,0.234512999653816,0.173344597220421
"19480",1.52065515518188,1.52974665164948,1.71368134021759,1.97174739837646,2.26416826248169,2.55986070632935,2.65987610816956,2.98134183883667,2.87136626243591,2.80112671852112,3.07907128334045,2.79673647880554,2.47834753990173,2.20453310012817,2.01849889755249,1.97547876834869,2.07284665107727,2.24505114555359,1.99951100349426,1.68430066108704,1.47467970848083,1.41211676597595,1.44225966930389,1.49124670028687,1.55893456935883,1.66482508182526,1.6954562664032,1.86880898475647,1.9730703830719,1.79865550994873,1.89100527763367,1.67340242862701,1.43675136566162,1.34885704517365,1.20836460590363,1.08173847198486,1.01219689846039,0.928533434867859,0.92836320400238,0.892428517341614,0.838834404945374,0.799335181713104,0.773166298866272,0.73945951461792,0.777649998664856,0.774587035179138,0.822049796581268,0.820870637893677,0.805931031703949,0.861161231994629,0.835004210472107,0.885532438755035,0.880397498607635,0.890995621681213,0.896047949790955,0.892603814601898,1.01186990737915,1.0904746055603,1.06621170043945,1.03919112682343,1.01835536956787,0.837337017059326,0.826764225959778,0.821686744689941,0.903286695480347,0.859330654144287,0.830805242061615,0.827934086322784,0.807391822338104,0.785012722015381,0.657183885574341,0.61361813545227,0.575032114982605,0.540337800979614,0.530088245868683,0.522120952606201,0.429234445095062,0.396958947181702,0.21617828309536,0.205731838941574,0.192140385508537,0.178520441055298,0.166679918766022,0.158684909343719,0.148022994399071,0.137384474277496,0.124321646988392,0.122059129178524,0.12241355329752,0.123820163309574,0.12420267611742,0.128539636731148,0.144485086202621,0.186960950493813,0.18794259428978,0.182981982827187,0.133663013577461
"19481",1.31980609893799,1.32255816459656,1.47326934337616,1.67139291763306,1.87768065929413,2.05901837348938,2.09962558746338,2.25339198112488,2.18758344650269,2.08015370368958,2.1898922920227,2.03823852539062,1.82163143157959,1.640958070755,1.5537896156311,1.54458570480347,1.61214756965637,1.67694067955017,1.600341796875,1.44726300239563,1.30735611915588,1.21886730194092,1.3140789270401,1.40650272369385,1.48596620559692,1.34179210662842,1.25803327560425,1.39381003379822,1.46326470375061,1.45680856704712,1.55227494239807,1.44842123985291,1.25483417510986,1.1354968547821,1.00802946090698,0.863623142242432,0.786883890628815,0.728863596916199,0.727085709571838,0.713661909103394,0.689824223518372,0.665554881095886,0.654970049858093,0.640390396118164,0.651410341262817,0.652836918830872,0.671386003494263,0.681479573249817,0.68125456571579,0.697105288505554,0.683806478977203,0.73430860042572,0.724766612052917,0.724328637123108,0.722577929496765,0.718184113502502,0.777438759803772,0.8546422123909,0.844119668006897,0.831215500831604,0.819591820240021,0.680306017398834,0.664076328277588,0.658228933811188,0.709124028682709,0.685997009277344,0.649252891540527,0.65773618221283,0.657309412956238,0.650501251220703,0.562131762504578,0.530868470668793,0.492554098367691,0.435943454504013,0.430139005184174,0.42725259065628,0.355905652046204,0.340390592813492,0.205966264009476,0.193371310830116,0.181002393364906,0.170485645532608,0.162147626280785,0.153203055262566,0.142106905579567,0.131667852401733,0.118604108691216,0.115518070757389,0.113120369613171,0.113654971122742,0.117836780846119,0.12637747824192,0.142101615667343,0.168542578816414,0.150499105453491,0.144028037786484,0.114088669419289
"19482",1.14841198921204,1.14980912208557,1.2644317150116,1.41418969631195,1.55970668792725,1.68558049201965,1.72741198539734,1.78666245937347,1.76415967941284,1.69447016716003,1.74029290676117,1.68138146400452,1.58006429672241,1.4747234582901,1.49576592445374,1.50911664962769,1.51952767372131,1.45981955528259,1.44620108604431,1.36791956424713,1.3025107383728,1.27493286132812,1.28906297683716,1.34297800064087,1.33483529090881,1.11703991889954,1.01320898532867,1.15555477142334,1.17269444465637,1.27993655204773,1.35451292991638,1.29943442344666,1.13517642021179,1.08330702781677,0.978017807006836,0.798699200153351,0.679750561714172,0.590821623802185,0.587132632732391,0.580167949199677,0.569027245044708,0.564306378364563,0.560104131698608,0.555346786975861,0.557422757148743,0.557117819786072,0.553403913974762,0.567004442214966,0.576270878314972,0.567997813224792,0.561837077140808,0.599415838718414,0.597953736782074,0.601592898368835,0.60353672504425,0.601329684257507,0.618945837020874,0.680047512054443,0.677139282226562,0.671535551548004,0.665894269943237,0.576908349990845,0.558846235275269,0.546809554100037,0.574465036392212,0.559128880500793,0.53025758266449,0.540092468261719,0.547755122184753,0.549160778522491,0.495973438024521,0.465132504701614,0.432703971862793,0.384364098310471,0.381193399429321,0.378179609775543,0.322012335062027,0.312817603349686,0.187392041087151,0.176690936088562,0.167305245995522,0.159759283065796,0.153499752283096,0.145467028021812,0.135113894939423,0.125218436121941,0.112470582127571,0.109305024147034,0.106637381017208,0.107104651629925,0.11447848379612,0.122242651879787,0.133572906255722,0.148761302232742,0.131809487938881,0.12678787112236,0.10823892056942
"19483",1.00370311737061,1.00561916828156,1.10323596000671,1.2300717830658,1.34498870372772,1.43412208557129,1.45085382461548,1.51240873336792,1.51265573501587,1.50197970867157,1.55114829540253,1.51976883411407,1.47774863243103,1.42707324028015,1.48200750350952,1.54161942005157,1.52009558677673,1.39064264297485,1.39843320846558,1.34054660797119,1.29897320270538,1.30472469329834,1.25531911849976,1.27607369422913,1.22209620475769,1.00310170650482,0.880555331707001,0.987579166889191,0.990922093391418,1.14248275756836,1.19736123085022,1.15911769866943,1.02699065208435,1.05915319919586,0.990278244018555,0.80475664138794,0.65420138835907,0.497509270906448,0.476985037326813,0.469814389944077,0.461355328559875,0.470355063676834,0.46980944275856,0.470811665058136,0.474278002977371,0.47466778755188,0.468813955783844,0.478256940841675,0.486322045326233,0.476085066795349,0.473850786685944,0.502335727214813,0.506869673728943,0.51022082567215,0.50973105430603,0.505211710929871,0.51091194152832,0.552107334136963,0.551003098487854,0.547875165939331,0.544643521308899,0.48324778676033,0.468464195728302,0.458373725414276,0.474474906921387,0.467128217220306,0.446009546518326,0.455704897642136,0.46578311920166,0.471194744110107,0.442263424396515,0.413965940475464,0.383019596338272,0.346045732498169,0.346849262714386,0.346409052610397,0.292156457901001,0.285581201314926,0.162534967064857,0.156761139631271,0.151996105909348,0.147136941552162,0.140927419066429,0.135313615202904,0.127158224582672,0.118244580924511,0.105958506464958,0.103216990828514,0.101519830524921,0.101891316473484,0.109563119709492,0.115555979311466,0.123537614941597,0.133754521608353,0.122505083680153,0.1191501095891,0.10545127093792
"19484",0.88654637336731,0.900238871574402,0.991069972515106,1.10188698768616,1.1684582233429,1.27803087234497,1.28732466697693,1.32322311401367,1.33301794528961,1.34097611904144,1.46504986286163,1.46490740776062,1.44174480438232,1.4250613451004,1.50477993488312,1.60679960250854,1.57396805286407,1.39767861366272,1.40919554233551,1.34928679466248,1.31020927429199,1.34827613830566,1.25070858001709,1.22403621673584,1.13592267036438,0.926846623420715,0.807604968547821,0.893149137496948,0.897963285446167,1.03913486003876,1.09032881259918,1.04256772994995,0.934726893901825,1.03467059135437,0.975156247615814,0.78696072101593,0.634826064109802,0.432025909423828,0.401183366775513,0.387536942958832,0.375124126672745,0.388202160596848,0.387570023536682,0.391814172267914,0.401136994361877,0.40495702624321,0.407522112131119,0.414855778217316,0.420592367649078,0.412686377763748,0.41183203458786,0.431866735219955,0.43404346704483,0.434630572795868,0.431907117366791,0.426268875598907,0.432382225990295,0.460276782512665,0.458386123180389,0.454707264900208,0.451074719429016,0.401406168937683,0.39177531003952,0.387198030948639,0.403031766414642,0.398266911506653,0.381359398365021,0.390864193439484,0.400310933589935,0.405602037906647,0.3897944688797,0.368713676929474,0.344489216804504,0.314344823360443,0.315441310405731,0.314931869506836,0.268526047468185,0.2614586353302,0.143681302666664,0.139059916138649,0.136553630232811,0.134111180901527,0.12950474023819,0.124462641775608,0.11722220480442,0.109405800700188,0.0995270907878876,0.097359299659729,0.0982251986861229,0.0993461087346077,0.106032647192478,0.110300101339817,0.115501366555691,0.121892638504505,0.114409655332565,0.112250529229641,0.101985707879066
"19485",3.98882246017456,4.28252744674683,3.53817462921143,3.80020904541016,5.53321886062622,5.65368795394897,5.91698408126831,4.89367723464966,5.04174900054932,5.36786508560181,5.60439777374268,5.00731325149536,4.64869976043701,5.13401699066162,6.70997667312622,7.80867671966553,8.31219100952148,8.36450481414795,7.33265495300293,5.3440055847168,3.58606863021851,2.82702970504761,2.74509572982788,2.74883794784546,2.54013252258301,1.99148380756378,2.00824165344238,2.48195719718933,2.52837419509888,2.52965474128723,2.64478969573975,2.0402512550354,1.67243790626526,1.79883289337158,1.62195229530334,1.39602160453796,1.28259229660034,1.13197946548462,1.13077688217163,1.1163170337677,1.08484077453613,1.05873870849609,0.97979736328125,0.852780997753143,0.851631760597229,0.784323930740356,0.880912184715271,0.845370054244995,0.795138835906982,0.865583062171936,0.845245122909546,0.874923706054688,0.783323287963867,0.686997294425964,0.626096844673157,0.646585047245026,0.843865871429443,0.963000655174255,0.941203236579895,0.93068516254425,0.919603943824768,0.859373211860657,0.734591722488403,0.671913981437683,0.723331093788147,0.780630171298981,0.809932351112366,0.794971346855164,0.739806592464447,0.691989779472351,0.567186295986176,0.560374915599823,0.531304061412811,0.512414395809174,0.545973598957062,0.577893793582916,0.487054884433746,0.450398802757263,0.157472833991051,0.152053028345108,0.145755618810654,0.139871418476105,0.131358548998833,0.128408253192902,0.124869547784328,0.121143326163292,0.112919308245182,0.111929751932621,0.116823241114616,0.118712514638901,0.129237905144691,0.128069013357162,0.120892897248268,0.128644987940788,0.154042974114418,0.156000554561615,0.148426994681358
"19486",4.56594276428223,4.87598752975464,4.99124431610107,5.91710805892944,7.41705989837646,7.97897005081177,7.45617198944092,7.33261871337891,7.2062873840332,7.0855655670166,7.46207904815674,7.09430408477783,7.21515655517578,7.96399402618408,9.06072044372559,9.78992557525635,10.4255599975586,11.2341423034668,9.80587673187256,7.4545636177063,5.18252849578857,3.60655784606934,2.76637554168701,3.23217821121216,3.10824203491211,2.82871437072754,2.9061324596405,3.39474105834961,3.44485712051392,3.11280560493469,3.25632119178772,2.56367015838623,2.11228346824646,2.23360633850098,1.98502159118652,1.70707428455353,1.58419370651245,1.48257803916931,1.5205215215683,1.45089995861053,1.32185435295105,1.18484139442444,1.07226526737213,0.920888543128967,0.947309732437134,0.919764518737793,1.05958294868469,1.03914046287537,0.997738480567932,1.05462980270386,0.999670326709747,0.966890633106232,0.919904232025146,0.883955359458923,0.904783248901367,0.95126748085022,1.18415188789368,1.28972887992859,1.26768469810486,1.23854756355286,1.21186876296997,0.920685291290283,0.898670792579651,0.906741499900818,1.00352025032043,0.987805485725403,0.978952705860138,0.9543776512146,0.899072766304016,0.852288365364075,0.683572769165039,0.66138756275177,0.627323746681213,0.608012795448303,0.6251580119133,0.644873082637787,0.532775044441223,0.469279170036316,0.156449854373932,0.156075820326805,0.150412872433662,0.142790466547012,0.132296144962311,0.133342877030373,0.134381473064423,0.133028864860535,0.12468097358942,0.125354871153831,0.131355300545692,0.134717881679535,0.138554960489273,0.132366210222244,0.13106606900692,0.162106290459633,0.194173157215118,0.195750534534454,0.163745373487473
"19487",2.82874488830566,2.93976998329163,3.47378158569336,4.24513912200928,4.80917930603027,4.98657608032227,4.8569803237915,4.93943786621094,4.75675010681152,4.60248470306396,5.15855169296265,5.01375102996826,5.06138038635254,5.27963924407959,5.6535177230835,5.92533588409424,6.26697063446045,6.74807548522949,5.95109605789185,4.5809326171875,3.12786436080933,2.09895205497742,2.01151299476624,2.34617877006531,2.61346578598022,2.49756097793579,2.31628012657166,2.43266844749451,2.47884893417358,2.24844455718994,2.37232780456543,2.05341267585754,1.70396554470062,1.68725144863129,1.4036762714386,1.1816737651825,1.09073948860168,1.01039171218872,1.03520107269287,0.96459972858429,0.863768994808197,0.772749423980713,0.742860078811646,0.694444119930267,0.769335746765137,0.759073615074158,0.816820383071899,0.800827860832214,0.76901787519455,0.788271367549896,0.756963431835175,0.764337062835693,0.760142207145691,0.760183691978455,0.768914461135864,0.770832061767578,0.904685199260712,0.979782581329346,0.947883605957031,0.911361813545227,0.884077370166779,0.683352828025818,0.682374596595764,0.687428593635559,0.791240572929382,0.756682276725769,0.737184405326843,0.727032124996185,0.707953155040741,0.695213675498962,0.592933297157288,0.55365788936615,0.515781462192535,0.458720207214355,0.451242029666901,0.438935071229935,0.320824056863785,0.285379081964493,0.141113311052322,0.141927555203438,0.138201594352722,0.132683962583542,0.125750452280045,0.126642599701881,0.126552253961563,0.124178111553192,0.118081249296665,0.117648027837276,0.120133318006992,0.122018121182919,0.123468890786171,0.126360908150673,0.137438416481018,0.164426699280739,0.161767095327377,0.158255100250244,0.12560074031353
"19488",2.05792498588562,2.05520033836365,2.4400737285614,2.82207584381104,2.9709997177124,3.05181741714478,3.01069498062134,3.155029296875,3.06474137306213,3.03192901611328,3.48813223838806,3.41063141822815,3.42512822151184,3.43141031265259,3.48276519775391,3.56110382080078,3.69039011001587,4.03485488891602,3.57056784629822,2.8087329864502,2.1011233329773,1.87450563907623,2.27261829376221,2.22261333465576,2.1989016532898,1.72535228729248,1.55604100227356,1.61734938621521,1.671670794487,1.55666327476501,1.66821432113647,1.43880903720856,1.11957371234894,1.04025018215179,0.886315941810608,0.774715721607208,0.72978138923645,0.696311891078949,0.721917390823364,0.687744915485382,0.642648994922638,0.625746130943298,0.612711787223816,0.601993322372437,0.653917908668518,0.639707684516907,0.651029348373413,0.634853482246399,0.605477690696716,0.630536913871765,0.606393814086914,0.648122906684875,0.635115027427673,0.621641755104065,0.610442161560059,0.598994851112366,0.694385528564453,0.751831769943237,0.724525809288025,0.691426873207092,0.664982795715332,0.493485987186432,0.485980540513992,0.489746451377869,0.606383204460144,0.579128980636597,0.58098840713501,0.577783524990082,0.573861837387085,0.571497201919556,0.508849680423737,0.470597803592682,0.437515020370483,0.360281646251678,0.342866718769073,0.315509736537933,0.203339800238609,0.18412321805954,0.133591935038567,0.133174628019333,0.129449039697647,0.125327229499817,0.120423868298531,0.119848929345608,0.117771595716476,0.114460200071335,0.110726952552795,0.10930497199297,0.113301672041416,0.115370817482471,0.123529426753521,0.130930170416832,0.140973180532455,0.147426262497902,0.126320973038673,0.122379086911678,0.10546600818634
"19489",1.59633541107178,1.61648750305176,1.77043509483337,1.88416481018066,1.89860558509827,1.93608105182648,1.93371677398682,2.02845072746277,2.03381109237671,2.04119944572449,2.35449266433716,2.30031681060791,2.27712273597717,2.08491039276123,2.08410787582397,2.11215877532959,2.2272527217865,2.36714649200439,2.24352550506592,2.02017593383789,1.86560320854187,1.9378080368042,2.07502031326294,1.90982913970947,1.61702847480774,1.14316236972809,1.00779116153717,1.05665254592896,1.09173011779785,1.00248539447784,1.06584906578064,0.893973886966705,0.720036745071411,0.670973122119904,0.615035772323608,0.566816210746765,0.544607698917389,0.530689120292664,0.544216275215149,0.533675968647003,0.519256591796875,0.529462099075317,0.52448570728302,0.516614437103271,0.536360025405884,0.514464259147644,0.506571173667908,0.493667811155319,0.471860885620117,0.500553488731384,0.485820680856705,0.531325340270996,0.520072937011719,0.505782961845398,0.49042421579361,0.475130796432495,0.539984405040741,0.58543473482132,0.564148426055908,0.536805868148804,0.514417588710785,0.377596497535706,0.365191131830215,0.371487438678741,0.474300682544708,0.466622084379196,0.476474463939667,0.481471627950668,0.484038650989532,0.484179973602295,0.438409924507141,0.404505491256714,0.371237695217133,0.30423378944397,0.286192357540131,0.255359709262848,0.14399790763855,0.135740429162979,0.12744452059269,0.125629931688309,0.121881604194641,0.118660800158978,0.114026948809624,0.112530723214149,0.109870366752148,0.106731377542019,0.102891676127911,0.102470420300961,0.111194647848606,0.114923015236855,0.125132963061333,0.128988489508629,0.1314307898283,0.126125976443291,0.107765190303326,0.104418829083443,0.0968375951051712
"19490",1.15172433853149,1.16141843795776,1.2471764087677,1.31101441383362,1.28485715389252,1.28757584095001,1.32741665840149,1.39023613929749,1.41127729415894,1.43360376358032,1.62007260322571,1.58787131309509,1.53956425189972,1.42376637458801,1.46585369110107,1.48720157146454,1.56862032413483,1.55116605758667,1.55011749267578,1.52839994430542,1.53296375274658,1.61450684070587,1.62463617324829,1.55486333370209,1.25403559207916,0.831178665161133,0.709190368652344,0.757802963256836,0.77171528339386,0.715828895568848,0.750244557857513,0.658046126365662,0.565026342868805,0.546772539615631,0.507490277290344,0.46612885594368,0.44423645734787,0.437412619590759,0.448532700538635,0.446170121431351,0.442665129899979,0.459572821855545,0.455386400222778,0.44580352306366,0.438801169395447,0.422587364912033,0.412247359752655,0.406163781881332,0.392681121826172,0.41161459684372,0.402404129505157,0.437978327274323,0.427285611629486,0.412062466144562,0.39642995595932,0.384999930858612,0.432124555110931,0.471580803394318,0.458708792924881,0.441395461559296,0.426536381244659,0.318478107452393,0.307463616132736,0.314917296171188,0.391992151737213,0.393724977970123,0.405284225940704,0.413464397192001,0.418702602386475,0.420518726110458,0.382766664028168,0.35465669631958,0.324681341648102,0.269080519676208,0.256395369768143,0.232810288667679,0.12947179377079,0.125175297260284,0.118287310004234,0.118810072541237,0.116581402719021,0.113031283020973,0.106561459600925,0.105872541666031,0.104274787008762,0.10174135863781,0.096805527806282,0.0971218571066856,0.106712944805622,0.110535882413387,0.117840364575386,0.119325183331966,0.119911506772041,0.116061955690384,0.102683857083321,0.10003287345171,0.0940642952919006
"19491",0.893531024456024,0.886542737483978,0.960174441337585,1.0032924413681,0.952138304710388,0.925220489501953,0.984650909900665,1.02848887443542,1.06707084178925,1.09114921092987,1.19261288642883,1.16245722770691,1.08593857288361,1.03963088989258,1.0881290435791,1.11401498317719,1.1598846912384,1.14958047866821,1.16928160190582,1.18985772132874,1.21014559268951,1.23653125762939,1.2628972530365,1.23733377456665,0.91334456205368,0.592179119586945,0.529209017753601,0.589853763580322,0.606717109680176,0.578376293182373,0.602028548717499,0.55255252122879,0.490952163934708,0.485902547836304,0.445635080337524,0.401987284421921,0.373342126607895,0.366009831428528,0.375625252723694,0.375999927520752,0.377146542072296,0.397818952798843,0.3935626745224,0.383654534816742,0.369553804397583,0.356636643409729,0.349243730306625,0.344870954751968,0.335196018218994,0.350632727146149,0.343251705169678,0.36698567867279,0.357968389987946,0.345896482467651,0.335134446620941,0.329056084156036,0.361925363540649,0.389936864376068,0.379556357860565,0.367036402225494,0.356864482164383,0.278057783842087,0.284288078546524,0.298881471157074,0.355718284845352,0.351178169250488,0.34945273399353,0.357987284660339,0.364519238471985,0.367655754089355,0.344358503818512,0.32256680727005,0.299612641334534,0.251729309558868,0.239432632923126,0.217336386442184,0.125772312283516,0.119838535785675,0.109594061970711,0.11059845238924,0.108833037316799,0.105413571000099,0.0986900478601456,0.0987261533737183,0.0978777036070824,0.0959784984588623,0.091498963534832,0.0927550718188286,0.101182796061039,0.103919140994549,0.109394177794456,0.110809303820133,0.11141487210989,0.108666427433491,0.0987964197993279,0.0968343392014503,0.0908372178673744
"19492",1.95966279506683,2.12288641929626,1.97968065738678,1.99752831459045,2.04179573059082,1.94002246856689,1.88145470619202,2.14899015426636,2.0633807182312,2.02353143692017,2.20984292030334,2.35980606079102,2.25879144668579,2.23455595970154,2.61726808547974,3.12136793136597,3.90361857414246,4.54700565338135,3.65953159332275,2.56867909431458,1.87270188331604,1.67101061344147,1.62063717842102,1.60712349414825,1.46198511123657,1.10276699066162,0.992676377296448,0.99373459815979,1.03995072841644,1.23578345775604,1.43522000312805,1.66387319564819,1.41783881187439,1.89796376228333,1.59001457691193,1.34684562683105,1.26751208305359,1.07502233982086,1.23609590530396,1.07063460350037,0.869423627853394,0.871701598167419,0.749326050281525,0.63446569442749,0.708255887031555,0.656886577606201,0.65457409620285,0.6150141954422,0.561337471008301,0.677396178245544,0.63777506351471,0.813873112201691,0.716140270233154,0.597211360931396,0.481802940368652,0.432379901409149,0.589007139205933,0.780920147895813,0.730765223503113,0.709448456764221,0.70012617111206,0.633482754230499,0.550285696983337,0.50435084104538,0.573784232139587,0.57698655128479,0.597951412200928,0.581803798675537,0.551002740859985,0.535958111286163,0.447265148162842,0.420764088630676,0.398549944162369,0.360911905765533,0.370625197887421,0.369640916585922,0.289801746606827,0.269190847873688,0.141914531588554,0.136773988604546,0.130663722753525,0.123431645333767,0.11223941296339,0.114153414964676,0.118752785027027,0.124846071004868,0.120668806135654,0.119501553475857,0.120596364140511,0.12213708460331,0.132457107305527,0.133865669369698,0.128853678703308,0.128995582461357,0.13915328681469,0.13748000562191,0.127371728420258
"19493",2.26720595359802,2.41041946411133,2.31097173690796,2.27224183082581,2.23967599868774,2.20938444137573,2.1575710773468,2.42389678955078,2.40501260757446,2.49017429351807,2.85893654823303,2.77328729629517,2.76325869560242,2.8858597278595,3.13535833358765,3.42378783226013,3.85722398757935,4.36477565765381,3.46816873550415,2.36523127555847,1.68377995491028,1.527827501297,1.64367485046387,1.64315867424011,1.44833898544312,1.17024409770966,1.15091776847839,1.3384063243866,1.44201350212097,1.72497248649597,1.89165890216827,2.00094652175903,1.82837390899658,2.14437508583069,1.83700203895569,1.54377007484436,1.3505585193634,1.22429132461548,1.35891723632812,1.20162796974182,1.00330853462219,0.892389476299286,0.80752968788147,0.710618019104004,0.719841182231903,0.668025970458984,0.711623072624207,0.670337557792664,0.62473452091217,0.754930973052979,0.708338379859924,0.834786534309387,0.743962049484253,0.640248358249664,0.576906681060791,0.570165038108826,0.813175141811371,0.980863928794861,0.965242743492126,0.944047927856445,0.921838343143463,0.632173478603363,0.585892796516418,0.568064570426941,0.683596849441528,0.659355938434601,0.687272846698761,0.674223780632019,0.655701994895935,0.643294394016266,0.550876140594482,0.515921592712402,0.482481747865677,0.424849033355713,0.405939936637878,0.389424085617065,0.324745237827301,0.29293355345726,0.155848979949951,0.151544228196144,0.143561288714409,0.137172251939774,0.129121750593185,0.136125802993774,0.144432216882706,0.147590294480324,0.144009709358215,0.138554230332375,0.136970788240433,0.139553129673004,0.146255984902382,0.146151483058929,0.146368414163589,0.158157601952553,0.167946875095367,0.169962465763092,0.140550702810287
"19494",1.5917284488678,1.6784964799881,1.63112497329712,1.59576010704041,1.59206092357635,1.63169765472412,1.67325019836426,1.84872531890869,1.86647033691406,1.89404821395874,2.12866830825806,2.0351996421814,1.95820963382721,1.93110883235931,1.93442368507385,1.93053770065308,1.96263742446899,2.03385972976685,1.74788248538971,1.38407063484192,1.15565156936646,1.09817063808441,1.04364633560181,1.00067448616028,0.946468591690063,0.968832612037659,1.05060458183289,1.28912830352783,1.36703252792358,1.47762072086334,1.57055699825287,1.55649971961975,1.37799096107483,1.35772633552551,1.13978588581085,0.934404790401459,0.820714473724365,0.789292812347412,0.860686898231506,0.798299431800842,0.711965680122375,0.633553743362427,0.591429352760315,0.541653513908386,0.525790452957153,0.505411207675934,0.531789660453796,0.518336772918701,0.497691482305527,0.551224052906036,0.521508455276489,0.557573258876801,0.535955429077148,0.519004881381989,0.517897069454193,0.529570817947388,0.689857602119446,0.780217170715332,0.751740097999573,0.717192590236664,0.687875628471375,0.47503137588501,0.45198404788971,0.447780609130859,0.550560355186462,0.534788131713867,0.546581387519836,0.545940279960632,0.543329954147339,0.54119747877121,0.494899988174438,0.46374523639679,0.430404603481293,0.352339774370193,0.324797719717026,0.290327429771423,0.186340197920799,0.178767427802086,0.151612803339958,0.147174581885338,0.141604751348495,0.139276415109634,0.138317376375198,0.138200253248215,0.137727230787277,0.135175079107285,0.133246332406998,0.128770142793655,0.126942351460457,0.128231555223465,0.131317228078842,0.135060042142868,0.141252771019936,0.147422075271606,0.134077608585358,0.133317798376083,0.117161199450493
"19495",1.19448280334473,1.24541473388672,1.21760702133179,1.20636713504791,1.21555912494659,1.25394749641418,1.28210544586182,1.38245618343353,1.39490818977356,1.40404343605042,1.55988216400146,1.48463559150696,1.38674879074097,1.32473278045654,1.30861246585846,1.29881393909454,1.31643450260162,1.34149050712585,1.23263692855835,1.06142926216125,0.911761581897736,0.831612825393677,0.780731499195099,0.777856051921844,0.82883894443512,0.882587611675262,0.959118843078613,1.14953589439392,1.19628024101257,1.238529920578,1.31943273544312,1.28523945808411,1.12381517887115,1.01130414009094,0.857359170913696,0.696675419807434,0.610648214817047,0.585042953491211,0.624045789241791,0.596646189689636,0.555087327957153,0.511633634567261,0.487043678760529,0.456780731678009,0.437388062477112,0.424777090549469,0.431885719299316,0.425620168447495,0.412902355194092,0.440063416957855,0.427130937576294,0.45910769701004,0.452504932880402,0.448275297880173,0.448205411434174,0.452516794204712,0.554747939109802,0.617763042449951,0.597443878650665,0.572102904319763,0.549930572509766,0.394032299518585,0.372003823518753,0.36590176820755,0.450719237327576,0.443175852298737,0.455071866512299,0.46022030711174,0.463708579540253,0.464834809303284,0.435484081506729,0.408271789550781,0.377602696418762,0.308343648910522,0.287753283977509,0.256835848093033,0.162743479013443,0.156312972307205,0.143307507038116,0.141697019338608,0.138588100671768,0.135415658354759,0.13336081802845,0.131794601678848,0.129425823688507,0.12608627974987,0.124341301620007,0.120879292488098,0.118569105863571,0.119055017828941,0.122654616832733,0.126729667186737,0.13147297501564,0.130200386047363,0.117194466292858,0.116235882043839,0.111224949359894
"19496",0.934794902801514,0.960581660270691,0.934978604316711,0.930146932601929,0.932747542858124,0.956839621067047,0.982101440429688,1.03825163841248,1.06771719455719,1.09693121910095,1.2114520072937,1.1579532623291,1.07133674621582,1.00778961181641,0.985978841781616,0.989498198032379,0.995418846607208,1.01592493057251,0.95191240310669,0.842976212501526,0.744061231613159,0.691699206829071,0.686224222183228,0.695497095584869,0.748291730880737,0.804179549217224,0.848484396934509,0.965477347373962,0.983007550239563,1.04191756248474,1.10897755622864,1.08516263961792,0.943210542201996,0.854142904281616,0.705684781074524,0.556957483291626,0.478610694408417,0.454061806201935,0.477196961641312,0.462648034095764,0.440804541110992,0.425517737865448,0.410432755947113,0.390852719545364,0.374939560890198,0.36311748623848,0.362153083086014,0.360257506370544,0.35386461019516,0.375633299350739,0.369050115346909,0.395688414573669,0.392371714115143,0.390668779611588,0.390741676092148,0.393516302108765,0.458869874477386,0.498818933963776,0.481493532657623,0.45979917049408,0.440844297409058,0.322595447301865,0.30772203207016,0.307094156742096,0.380322158336639,0.377054750919342,0.389086097478867,0.395055711269379,0.399609178304672,0.401221841573715,0.380612999200821,0.3581503033638,0.331638276576996,0.273151129484177,0.256677359342575,0.231407910585403,0.153065785765648,0.145300105214119,0.134899139404297,0.13366624712944,0.13112099468708,0.127387687563896,0.124527454376221,0.122858598828316,0.120390668511391,0.11716116964817,0.115641765296459,0.113066226243973,0.111585557460785,0.111934393644333,0.115514673292637,0.118657685816288,0.121320553123951,0.11767815053463,0.10887448489666,0.108093373477459,0.108159922063351
"19497",0.765772938728333,0.771865129470825,0.751594185829163,0.748222410678864,0.737694263458252,0.749865293502808,0.786812901496887,0.827915668487549,0.865774750709534,0.906657576560974,0.997076034545898,0.953422665596008,0.856556296348572,0.798254489898682,0.782175421714783,0.778922498226166,0.777589797973633,0.799831628799438,0.754478335380554,0.681437849998474,0.62451171875,0.614745080471039,0.649577021598816,0.653154730796814,0.732825040817261,0.773126423358917,0.756358921527863,0.808542132377625,0.8256796002388,0.892424285411835,0.944477915763855,0.899743378162384,0.756421327590942,0.664355635643005,0.530967175960541,0.422382891178131,0.368743896484375,0.360022902488708,0.377055495977402,0.36952593922615,0.358717799186707,0.357694327831268,0.347765922546387,0.334483325481415,0.324220031499863,0.315873950719833,0.314916551113129,0.315823078155518,0.313297718763351,0.333515107631683,0.328569173812866,0.350831925868988,0.348624259233475,0.346896886825562,0.344810426235199,0.344011455774307,0.382284283638,0.405888020992279,0.390216916799545,0.371270477771759,0.355399191379547,0.268383175134659,0.260241657495499,0.263927698135376,0.33075749874115,0.328798949718475,0.339032083749771,0.344553858041763,0.348779857158661,0.350269585847855,0.334063768386841,0.315473914146423,0.29361230134964,0.244501307606697,0.230315044522285,0.208353906869888,0.140387803316116,0.133403226733208,0.128267675638199,0.125130772590637,0.12091650813818,0.117185175418854,0.115183137357235,0.113272219896317,0.11065760999918,0.108023434877396,0.107216902077198,0.105751015245914,0.105933703482151,0.106311202049255,0.10930772870779,0.111404344439507,0.112374350428581,0.108662307262421,0.104433968663216,0.10406057536602,0.106597416102886
"19498",0.674184560775757,0.668176412582397,0.647263526916504,0.628519177436829,0.603682041168213,0.611604928970337,0.657192528247833,0.705875515937805,0.744693040847778,0.83246237039566,0.870639324188232,0.825764656066895,0.734336972236633,0.655779659748077,0.701642751693726,0.70459246635437,0.692742824554443,0.669626414775848,0.654606580734253,0.605788946151733,0.582451105117798,0.599655508995056,0.665410757064819,0.676354765892029,0.749840676784515,0.686328887939453,0.630740880966187,0.680616974830627,0.70208466053009,0.749894678592682,0.798574030399323,0.726969480514526,0.582637906074524,0.474161803722382,0.387370198965073,0.322361826896667,0.294146299362183,0.298384070396423,0.311315774917603,0.308431804180145,0.304182827472687,0.308560520410538,0.302037417888641,0.292866438627243,0.285617768764496,0.279301166534424,0.279869019985199,0.28152585029602,0.280141681432724,0.298461109399796,0.293572932481766,0.313238263130188,0.309267640113831,0.304210156202316,0.29830327630043,0.292523980140686,0.31533670425415,0.33343118429184,0.321514040231705,0.307137191295624,0.295384258031845,0.229190424084663,0.224753007292747,0.231119364500046,0.289233088493347,0.289115816354752,0.295819401741028,0.301612228155136,0.306071758270264,0.307971894741058,0.294674873352051,0.279408186674118,0.261958032846451,0.222207769751549,0.210447460412979,0.191681683063507,0.131878510117531,0.125482618808746,0.119008868932724,0.115859836339951,0.111203081905842,0.107539094984531,0.105855636298656,0.10402374714613,0.101761028170586,0.0999239832162857,0.0996236875653267,0.0993962734937668,0.100840680301189,0.101048015058041,0.103618927299976,0.104822590947151,0.104909524321556,0.10215437412262,0.100872926414013,0.100783221423626,0.105794787406921
"19499",3.47589945793152,3.33106112480164,3.09859323501587,3.22968339920044,3.0833694934845,2.54379463195801,3.18489408493042,3.14698529243469,3.75174164772034,4.22907495498657,2.72801780700684,2.7461884021759,3.18236875534058,3.12119626998901,3.85415434837341,3.62149047851562,3.66742515563965,3.23982501029968,3.44321513175964,3.27161049842834,3.25124311447144,3.19705867767334,3.34794473648071,3.37891340255737,3.20927810668945,2.08046293258667,1.47162175178528,1.4049563407898,1.4961245059967,1.53112876415253,1.67389273643494,1.40492582321167,1.10450172424316,1.15805006027222,1.07436001300812,1.00075042247772,0.987104058265686,0.900735199451447,0.920676350593567,0.876497685909271,0.77107834815979,0.772651672363281,0.616041660308838,0.515256762504578,0.562436938285828,0.501447558403015,0.508522987365723,0.465493887662888,0.431452453136444,0.473407745361328,0.463475167751312,0.588576972484589,0.537434577941895,0.475309878587723,0.406607180833817,0.403166472911835,0.537330269813538,0.681937456130981,0.631098031997681,0.60204803943634,0.588951051235199,0.523988604545593,0.444169998168945,0.400914877653122,0.448088526725769,0.471951603889465,0.471742480993271,0.457853466272354,0.416361480951309,0.38682347536087,0.311890155076981,0.295280873775482,0.273758709430695,0.257861226797104,0.273288369178772,0.290107697248459,0.232796177268028,0.214034527540207,0.112380772829056,0.111896127462387,0.108629673719406,0.104524023830891,0.100997485220432,0.0997445955872536,0.0983053594827652,0.0971494987607002,0.097561240196228,0.0973608493804932,0.096887081861496,0.0972824990749359,0.10318648070097,0.105097725987434,0.104460991919041,0.10365441441536,0.110421687364578,0.110600881278515,0.113343015313148
"19500",4.48236846923828,4.41798114776611,4.32924652099609,4.46617412567139,4.45023345947266,4.47883892059326,5.03264665603638,5.56574535369873,5.46867084503174,5.20270824432373,4.27988529205322,4.47419881820679,4.63346862792969,4.34520530700684,5.19895076751709,5.36769390106201,5.41965579986572,4.62703514099121,4.78835487365723,4.5514030456543,4.37645149230957,4.11330223083496,4.53445339202881,4.89950323104858,4.33936929702759,2.54780530929565,1.78648161888123,1.59072279930115,1.65007495880127,1.77530324459076,1.90027594566345,1.63032507896423,1.36323308944702,1.48231494426727,1.39233267307281,1.2610502243042,1.22225737571716,1.10325050354004,1.17205810546875,1.08541977405548,0.947888314723969,0.796723008155823,0.712922215461731,0.620678663253784,0.594356417655945,0.54169887304306,0.512124001979828,0.493454456329346,0.481919586658478,0.508378744125366,0.507467985153198,0.630401253700256,0.592667400836945,0.537892639636993,0.496659219264984,0.512989699840546,0.66450035572052,0.832608580589294,0.825701832771301,0.81514710187912,0.803292274475098,0.594692528247833,0.552502334117889,0.531705737113953,0.54819792509079,0.542428135871887,0.483766317367554,0.482434749603271,0.46040266752243,0.440761387348175,0.344632923603058,0.319132804870605,0.292693555355072,0.30386409163475,0.325937926769257,0.349803984165192,0.286829829216003,0.261221677064896,0.0980339050292969,0.101442083716393,0.102340094745159,0.100679479539394,0.095053181052208,0.0959985852241516,0.0970975458621979,0.09757961332798,0.0939510986208916,0.0918428227305412,0.0923402085900307,0.0937077403068542,0.10013597458601,0.101526260375977,0.102776505053043,0.10820011049509,0.117174185812473,0.118547581136227,0.114771105349064
"19501",2.78007316589355,2.74175643920898,2.7498083114624,2.68583607673645,2.68731498718262,2.83022022247314,3.07796549797058,3.41939210891724,3.30212211608887,3.24451541900635,3.06947875022888,3.23942232131958,3.31799054145813,3.10588550567627,3.5919394493103,3.6589150428772,3.61317491531372,3.20575284957886,3.250328540802,3.06198358535767,2.93498921394348,2.82989835739136,3.41169500350952,3.63677883148193,3.12905836105347,1.89649248123169,1.35185933113098,1.16987454891205,1.20151615142822,1.3023624420166,1.40058946609497,1.26585006713867,1.08763945102692,1.11041343212128,0.989657998085022,0.863065481185913,0.816148519515991,0.767596185207367,0.824075222015381,0.771197080612183,0.682769417762756,0.596863746643066,0.536878228187561,0.468222975730896,0.43024355173111,0.405132532119751,0.401459336280823,0.403683066368103,0.399790912866592,0.410792320966721,0.408030033111572,0.464241564273834,0.45820540189743,0.453479260206223,0.456989586353302,0.468742311000824,0.544057011604309,0.646858215332031,0.638350486755371,0.626931309700012,0.615640938282013,0.453039526939392,0.432140916585922,0.425019443035126,0.448608785867691,0.424835801124573,0.37018671631813,0.373186677694321,0.370518684387207,0.366022199392319,0.30949193239212,0.288530200719833,0.27034467458725,0.2761549949646,0.285545110702515,0.294456094503403,0.236140638589859,0.217793583869934,0.0826552957296371,0.0884857922792435,0.093896210193634,0.0958851501345634,0.0906645953655243,0.0921876728534698,0.0930266976356506,0.0914755016565323,0.0859541818499565,0.0841960310935974,0.0860875397920609,0.0875877067446709,0.0920448303222656,0.0934994295239449,0.096208393573761,0.103569969534874,0.108534164726734,0.109611548483372,0.105445265769958
"19502",1.85859727859497,1.85416328907013,1.78569447994232,1.7603874206543,1.80987441539764,1.93814611434937,2.11274361610413,2.31925129890442,2.33578896522522,2.42390179634094,2.45445966720581,2.52570509910583,2.46126484870911,2.25917720794678,2.63039469718933,2.63883924484253,2.48767137527466,2.2663049697876,2.29900860786438,2.20235776901245,2.19097661972046,2.26078987121582,2.84508943557739,2.79575824737549,2.29615783691406,1.39182460308075,1.0214284658432,0.914108335971832,0.966036081314087,1.0323326587677,1.12266266345978,1.03159153461456,0.874722123146057,0.829264461994171,0.70015299320221,0.607550621032715,0.578164756298065,0.563416719436646,0.594017148017883,0.557074189186096,0.496042311191559,0.444466054439545,0.401221930980682,0.356072723865509,0.340938210487366,0.332926213741302,0.344504535198212,0.343801975250244,0.337422788143158,0.353165984153748,0.35007506608963,0.384150415658951,0.383845865726471,0.386917233467102,0.391315162181854,0.394151926040649,0.455072164535522,0.515115976333618,0.501741409301758,0.484687507152557,0.470201790332794,0.33994659781456,0.332616925239563,0.333093404769897,0.355764448642731,0.337756037712097,0.303865224123001,0.304743051528931,0.302816390991211,0.300377428531647,0.267671793699265,0.253381669521332,0.240075558423996,0.23582212626934,0.239034369587898,0.241437464952469,0.194460660219193,0.175906956195831,0.0738957524299622,0.0817103534936905,0.0891255140304565,0.0921894311904907,0.0873805806040764,0.0878827273845673,0.0871197432279587,0.0843710601329803,0.0789496153593063,0.077918253839016,0.0798488110303879,0.0807664915919304,0.0838998183608055,0.0856968909502029,0.0888815224170685,0.0962719619274139,0.100708246231079,0.101448528468609,0.0993757396936417
"19503",1.41582322120667,1.40591025352478,1.34743869304657,1.30855047702789,1.3890016078949,1.51385235786438,1.64937496185303,1.80670499801636,1.91075944900513,1.99287843704224,2.05026388168335,1.94919621944427,1.77724957466125,1.64061284065247,1.87802278995514,1.88570296764374,1.84474694728851,1.65300965309143,1.73117876052856,1.73812866210938,1.85092175006866,2.08331871032715,2.32934808731079,2.16306686401367,1.67513561248779,1.03272974491119,0.812548458576202,0.761111557483673,0.821101725101471,0.850447177886963,0.937160611152649,0.85459554195404,0.704462945461273,0.618884742259979,0.522123217582703,0.455294638872147,0.436683654785156,0.424739301204681,0.445705354213715,0.422922641038895,0.383432626724243,0.344702839851379,0.323310613632202,0.297917932271957,0.293588697910309,0.288894206285477,0.29852232336998,0.29956990480423,0.29498478770256,0.309779554605484,0.305652230978012,0.333404779434204,0.332047760486603,0.33278751373291,0.332606136798859,0.330552518367767,0.377938985824585,0.414722502231598,0.401501059532166,0.384815335273743,0.36993420124054,0.267018228769302,0.263426214456558,0.266841024160385,0.288632422685623,0.278327643871307,0.258573979139328,0.260538578033447,0.260930418968201,0.25999841094017,0.236685112118721,0.225040942430496,0.214359849691391,0.206643164157867,0.207033902406693,0.205062717199326,0.161021023988724,0.14648911356926,0.0718907117843628,0.0794531553983688,0.0860325396060944,0.0878088399767876,0.0830463916063309,0.0821735560894012,0.0801414027810097,0.0772742629051208,0.0725369825959206,0.0722330883145332,0.074027493596077,0.0743570849299431,0.0766811519861221,0.0785078927874565,0.0817704349756241,0.0888500735163689,0.0943706855177879,0.0951124578714371,0.0941722542047501
"19504",1.11101591587067,1.14395976066589,1.17826879024506,1.18415331840515,1.18841814994812,1.21868228912354,1.2476681470871,1.34966468811035,1.47828376293182,1.51778531074524,1.47788882255554,1.38649535179138,1.25908255577087,1.26320040225983,1.39724516868591,1.44727635383606,1.51646745204926,1.39309930801392,1.48436617851257,1.54920339584351,1.65652346611023,1.79245162010193,1.77459263801575,1.72696280479431,1.36722946166992,0.926228880882263,0.733416199684143,0.667134404182434,0.712602138519287,0.733472108840942,0.811557054519653,0.741852343082428,0.603251516819,0.502327919006348,0.40891033411026,0.34349936246872,0.329502582550049,0.324940860271454,0.350612848997116,0.333188772201538,0.308337092399597,0.292085945606232,0.277975618839264,0.259060472249985,0.255891114473343,0.251793146133423,0.26446121931076,0.264033287763596,0.258072555065155,0.272903680801392,0.268304735422134,0.29246398806572,0.287852853536606,0.282503575086594,0.276975095272064,0.271969676017761,0.313159376382828,0.340383261442184,0.330182790756226,0.317603766918182,0.306016623973846,0.221429735422134,0.219017848372459,0.223546236753464,0.246755033731461,0.239799171686172,0.225518077611923,0.227814346551895,0.229007393121719,0.228903919458389,0.211910784244537,0.202332720160484,0.193151593208313,0.183413475751877,0.181900560855865,0.177461594343185,0.137203976511955,0.125674813985825,0.0736170411109924,0.0786208882927895,0.0830123052001,0.0839147418737411,0.079645037651062,0.0779307335615158,0.0753223523497581,0.07245734333992,0.0680070444941521,0.0679934769868851,0.0694400519132614,0.069384440779686,0.0709592550992966,0.072465069591999,0.075567938387394,0.08284942060709,0.0888928771018982,0.0894177332520485,0.0854736343026161
"19505",0.955688774585724,0.968530595302582,1.0689811706543,1.08661079406738,1.00293016433716,0.953145623207092,0.935519814491272,1.01113557815552,1.03737473487854,1.09029960632324,1.06185221672058,1.05234348773956,1.05752885341644,1.1072940826416,1.28333008289337,1.3917863368988,1.46168637275696,1.34218347072601,1.40411043167114,1.39291596412659,1.42060446739197,1.46890163421631,1.38273322582245,1.38745975494385,1.21595501899719,0.858403205871582,0.666004538536072,0.597914934158325,0.640294432640076,0.662562251091003,0.729772865772247,0.665813684463501,0.533001363277435,0.424955010414124,0.332335352897644,0.26932430267334,0.24878317117691,0.257972687482834,0.27969041466713,0.271196722984314,0.258228868246078,0.258173733949661,0.24407023191452,0.226259827613831,0.224730551242828,0.22218844294548,0.235595613718033,0.234318435192108,0.228162720799446,0.242719024419785,0.237279087305069,0.254790425300598,0.248636871576309,0.239124894142151,0.230341836810112,0.22486338019371,0.260547637939453,0.282854378223419,0.274378031492233,0.263970375061035,0.255627512931824,0.188145786523819,0.187093079090118,0.192207872867584,0.214607447385788,0.209415256977081,0.197668701410294,0.200353056192398,0.202337175607681,0.202862858772278,0.190691009163857,0.182598888874054,0.174194604158401,0.162909090518951,0.161000117659569,0.156391814351082,0.120631217956543,0.112288266420364,0.0765644013881683,0.07942695915699,0.081126019358635,0.0804958790540695,0.0767389535903931,0.0747547373175621,0.0718441531062126,0.068870022892952,0.0647320598363876,0.0646748468279839,0.0652226284146309,0.0650297999382019,0.0658225268125534,0.0671445280313492,0.070232979953289,0.0777989476919174,0.0817745998501778,0.0818861573934555,0.0765497833490372
"19506",3.9363009929657,3.67483854293823,4.18109703063965,4.35142803192139,4.51262092590332,2.9055118560791,3.13447570800781,2.83039712905884,3.01351141929626,3.08266687393188,1.94577264785767,2.50664234161377,3.34010601043701,4.07787132263184,4.53153133392334,3.77773332595825,3.5390055179596,3.20428681373596,3.84405064582825,4.46916913986206,4.5659875869751,4.15838575363159,3.65086650848389,3.89549922943115,3.68755292892456,2.37102246284485,1.63104844093323,1.5582914352417,1.74941515922546,1.76665866374969,2.01724982261658,1.67858302593231,1.33001804351807,1.32452821731567,1.11646056175232,1.00147438049316,0.995667278766632,0.932044088840485,0.934871912002563,0.867910861968994,0.742953777313232,0.647572934627533,0.549253702163696,0.437294125556946,0.475491672754288,0.444976657629013,0.54361480474472,0.506612956523895,0.43926277756691,0.4767045378685,0.460886150598526,0.559455335140228,0.511691987514496,0.449371993541718,0.382903933525085,0.363113820552826,0.500641107559204,0.63303405046463,0.568797051906586,0.513266324996948,0.479502141475677,0.400981783866882,0.343590795993805,0.319789528846741,0.364819705486298,0.368099808692932,0.356193274259567,0.347802996635437,0.322815954685211,0.299272567033768,0.233189821243286,0.220295712351799,0.205793589353561,0.200958922505379,0.215283334255219,0.230616241693497,0.191713750362396,0.183030039072037,0.0890410169959068,0.0893333554267883,0.0898140296339989,0.0882409289479256,0.0823692157864571,0.0817583724856377,0.0813308730721474,0.0812014490365982,0.0764521136879921,0.0778205990791321,0.0781673863530159,0.0768891200423241,0.0801830887794495,0.081156849861145,0.0800600051879883,0.0825292617082596,0.0896483659744263,0.089089646935463,0.0859999805688858
"19507",4.68754482269287,4.64948081970215,5.0548849105835,5.22127914428711,4.77457571029663,4.03789043426514,3.98319125175476,3.82642555236816,3.94019341468811,4.04031944274902,3.82801866531372,4.57205677032471,5.29372787475586,5.38959646224976,5.17573976516724,4.96244668960571,4.84847736358643,4.67110824584961,4.8980188369751,5.00990772247314,4.79524517059326,4.37066745758057,4.88729906082153,5.17111539840698,4.46559953689575,2.50074505805969,1.84757661819458,1.89645433425903,2.0266969203949,2.14905333518982,2.33635950088501,1.98904836177826,1.59838080406189,1.58163452148438,1.35599434375763,1.20133280754089,1.17675518989563,1.09620034694672,1.1631281375885,1.06391549110413,0.902433395385742,0.719729542732239,0.627781987190247,0.516939163208008,0.551773130893707,0.534286975860596,0.607752084732056,0.581417679786682,0.536365389823914,0.566169142723083,0.552376747131348,0.638333082199097,0.595379889011383,0.542088568210602,0.515818059444427,0.521538138389587,0.669249534606934,0.75609827041626,0.727052986621857,0.691090106964111,0.661356925964355,0.447910487651825,0.420108199119568,0.418314874172211,0.467835068702698,0.444062173366547,0.394098401069641,0.396333962678909,0.386002838611603,0.372931897640228,0.278543323278427,0.254372954368591,0.232330068945885,0.239486694335938,0.255436956882477,0.273273944854736,0.240753427147865,0.223336160182953,0.0919555202126503,0.0937103033065796,0.0945316851139069,0.0923839807510376,0.0855740234255791,0.08834508061409,0.0909172222018242,0.0927922800183296,0.0890495106577873,0.0901262983679771,0.0898070856928825,0.0887449681758881,0.0907642915844917,0.0901600942015648,0.089444026350975,0.091996431350708,0.0975301936268806,0.0974462181329727,0.0915250778198242
"19508",2.78747701644897,2.81075763702393,2.94535207748413,2.92109298706055,2.61297464370728,2.38331317901611,2.44312953948975,2.48925566673279,2.68953013420105,2.87588334083557,3.1592526435852,3.26774096488953,3.34420967102051,3.24795269966125,3.12679028511047,3.10160541534424,3.18100619316101,3.34529542922974,3.32428336143494,3.20562362670898,3.03576374053955,2.98835611343384,3.60174083709717,3.61004066467285,2.9141092300415,1.73986828327179,1.36535286903381,1.42889666557312,1.49939799308777,1.53637599945068,1.66038119792938,1.44553542137146,1.15403509140015,1.0411856174469,0.872256755828857,0.764881730079651,0.741419911384583,0.721731722354889,0.7629154920578,0.712734460830688,0.633779525756836,0.508023858070374,0.461542785167694,0.40252560377121,0.424142837524414,0.415070176124573,0.452108561992645,0.440231025218964,0.41802579164505,0.442890286445618,0.4265998005867,0.463639378547668,0.446409583091736,0.42578512430191,0.420100510120392,0.422701418399811,0.508772253990173,0.56268984079361,0.542933166027069,0.521094620227814,0.503967702388763,0.350993812084198,0.336186051368713,0.334974050521851,0.358752489089966,0.340217709541321,0.301094710826874,0.30454021692276,0.302941501140594,0.299270838499069,0.24514839053154,0.226315230131149,0.209403216838837,0.210081085562706,0.217555969953537,0.225532054901123,0.195075884461403,0.181319072842598,0.0845630392432213,0.0882514268159866,0.091352604329586,0.0901825278997421,0.0847266763448715,0.0868330970406532,0.0877587869763374,0.0882424563169479,0.085897758603096,0.0863397046923637,0.0848811864852905,0.0837611183524132,0.0832795202732086,0.083853155374527,0.0855855867266655,0.0886824950575829,0.0889225527644157,0.0889977142214775,0.0859859734773636
