"","1.2960327273029","1.3380327273029","1.39742969692257","1.43842969692257","1.49712381928588","1.53912381928588","1.59852078890556","1.63952078890555","1.68152078890555","1.72352078890556","1.78221491126887","1.82421491126888","1.86621491126888","1.90721491126888","1.96661188088855","2.00861188088855","2.04961188088855","2.10830600325187","2.15030600325187","2.20900012561518","2.25100012561519","2.29300012561519","2.3516942479785","2.3936942479785","2.45238837034182","2.49338837034182","2.53538837034182","2.57738837034182","2.61838837034182","2.67778533996149","2.73718230958116","2.77818230958117","2.82018230958117","2.86218230958117","2.92087643194449","2.96287643194449","3.00487643194449","3.06357055430781","3.10557055430781","3.16426467667112","3.20526467667112","3.24726467667112","3.28926467667112","3.34724743272841","3.38924743272842","3.43124743272842"
"2022-05-31",0.814883589744568,0.878593325614929,0.906745553016663,1.01215410232544,0.930685043334961,0.787222802639008,0.915389060974121,0.906691789627075,0.918660283088684,0.955683350563049,1.01695275306702,1.14743399620056,1.09409201145172,1.01964807510376,1.06933510303497,0.97787219285965,0.844772934913635,0.824378967285156,0.718477368354797,0.65806245803833,0.574857831001282,0.475476235151291,0.56076568365097,0.534489512443542,0.67417448759079,0.602014541625977,0.505125284194946,0.427929073572159,0.390588462352753,0.509549975395203,0.626628518104553,0.605595946311951,0.573227643966675,0.542548179626465,0.34195351600647,0.303666234016418,0.291983485221863,0.379422426223755,0.367607951164246,0.377363741397858,0.353305459022522,0.317415088415146,0.290553629398346,0.200019299983978,0.181764379143715,0.166242063045502
"2022-06-01",0.583046913146973,0.59065181016922,0.654893398284912,0.69647890329361,0.666411280632019,0.597694039344788,0.691867291927338,0.688785791397095,0.66932737827301,0.672577142715454,0.709713339805603,0.764784097671509,0.754263401031494,0.739719033241272,0.765782594680786,0.734204769134521,0.665814161300659,0.561389923095703,0.50987046957016,0.456768423318863,0.442559540271759,0.411523699760437,0.395225167274475,0.386588513851166,0.449417978525162,0.431801676750183,0.402890503406525,0.378316819667816,0.365709900856018,0.401033997535706,0.470252990722656,0.464783847332001,0.454320520162582,0.443280518054962,0.307876765727997,0.278107434511185,0.266343712806702,0.302923679351807,0.30088809132576,0.28663232922554,0.289557844400406,0.286139369010925,0.279212027788162,0.214910238981247,0.186709612607956,0.161873027682304
"2022-06-02",0.439081251621246,0.437313258647919,0.511783301830292,0.533652484416962,0.523849725723267,0.482414603233337,0.567572712898254,0.572378635406494,0.551226913928986,0.533257842063904,0.533746480941772,0.560219943523407,0.55487072467804,0.552873969078064,0.589293301105499,0.578884363174438,0.545290052890778,0.44468355178833,0.41109025478363,0.371657431125641,0.365827262401581,0.349870145320892,0.31456845998764,0.308060348033905,0.348042964935303,0.346820712089539,0.341182708740234,0.333043575286865,0.325287193059921,0.328198820352554,0.373601257801056,0.373699635267258,0.370748549699783,0.366422653198242,0.285863727331161,0.263018578290939,0.248399257659912,0.257638990879059,0.254099875688553,0.235164776444435,0.241889700293541,0.247323662042618,0.248909205198288,0.216917335987091,0.194177269935608,0.17092627286911
"2022-06-03",0.367728263139725,0.371261864900589,0.42793744802475,0.453364759683609,0.453510701656342,0.430828839540482,0.537974178791046,0.515276372432709,0.468046724796295,0.438138246536255,0.421001225709915,0.434090495109558,0.430025517940521,0.428813755512238,0.452164888381958,0.442330718040466,0.416052609682083,0.347548961639404,0.33169037103653,0.322362244129181,0.312903016805649,0.294882625341415,0.269537478685379,0.267182260751724,0.291875809431076,0.2915158867836,0.289408981800079,0.285449028015137,0.280100494623184,0.282632380723953,0.31142595410347,0.309598624706268,0.305847197771072,0.301791846752167,0.241202563047409,0.223971337080002,0.213157266378403,0.222707062959671,0.218049347400665,0.202006638050079,0.208027422428131,0.213371694087982,0.215583026409149,0.197357624769211,0.18203829228878,0.166064977645874
"2022-06-04",0.339211612939835,0.34138485789299,0.392577111721039,0.412105202674866,0.420222878456116,0.406031787395477,0.534176707267761,0.522274732589722,0.456385225057602,0.398144125938416,0.347322285175323,0.345372021198273,0.340366303920746,0.335302352905273,0.34696751832962,0.34198060631752,0.328904420137405,0.291433423757553,0.283934473991394,0.288016587495804,0.281640321016312,0.267296433448792,0.241717308759689,0.238069027662277,0.251570582389832,0.251900196075439,0.250864505767822,0.24811777472496,0.243903338909149,0.245538949966431,0.263804107904434,0.262320905923843,0.258975505828857,0.255507379770279,0.208696842193604,0.194031357765198,0.184729307889938,0.192641273140907,0.190120652318001,0.176436483860016,0.181458279490471,0.186718195676804,0.189797952771187,0.180457577109337,0.168674647808075,0.155044361948967
"2022-06-05",0.327661842107773,0.326805472373962,0.365988373756409,0.381304949522018,0.392306923866272,0.384074687957764,0.525322020053864,0.532101094722748,0.478001356124878,0.413277506828308,0.314856022596359,0.284596502780914,0.280404537916183,0.274359613656998,0.270613759756088,0.270449668169022,0.268730074167252,0.256703525781631,0.255138367414474,0.26230052113533,0.258915930986404,0.24907648563385,0.221957862377167,0.215821593999863,0.21934112906456,0.219627052545547,0.219311773777008,0.217691004276276,0.214524522423744,0.215628102421761,0.226763799786568,0.226003795862198,0.224139451980591,0.22196564078331,0.186870321631432,0.173707127571106,0.163923323154449,0.168457686901093,0.166469037532806,0.157174900174141,0.161626726388931,0.166205406188965,0.168755605816841,0.162692591547966,0.15337248146534,0.143363639712334
"2022-06-06",0.830295503139496,0.918337464332581,0.992312908172607,1.15224850177765,1.19481801986694,0.97047233581543,1.24779748916626,1.24995350837708,1.21352648735046,1.16082167625427,1.0957567691803,1.21456217765808,1.13169622421265,1.03228986263275,1.06623995304108,1.06045770645142,1.05288803577423,1.08317840099335,1.03970348834991,1.09575569629669,1.00261688232422,0.825620412826538,0.698114156723022,0.565189480781555,0.659073412418365,0.534271597862244,0.401262223720551,0.300006210803986,0.266256511211395,0.344551980495453,0.460601717233658,0.434214293956757,0.415104746818542,0.404590904712677,0.331499099731445,0.278207421302795,0.268487751483917,0.334101259708405,0.351548194885254,0.385443210601807,0.355763494968414,0.317644059658051,0.298881620168686,0.282252371311188,0.278694540262222,0.266078144311905
"2022-06-07",0.920302391052246,1.00632643699646,1.16571044921875,1.29623353481293,1.24605941772461,1.11613976955414,1.58387470245361,1.52159214019775,1.36553931236267,1.19895482063293,1.20616006851196,1.30638039112091,1.25838971138,1.20523738861084,1.272416472435,1.2745178937912,1.26991391181946,1.30066967010498,1.25397324562073,1.2992377281189,1.17729675769806,0.949705243110657,0.715861678123474,0.640895307064056,0.667026102542877,0.591081261634827,0.483291327953339,0.40336200594902,0.378157019615173,0.447234034538269,0.566901981830597,0.560806930065155,0.546165823936462,0.530426502227783,0.398291409015656,0.387671768665314,0.402011722326279,0.477401673793793,0.467289865016937,0.446448534727097,0.446760833263397,0.433829307556152,0.419137746095657,0.360032737255096,0.342994630336761,0.325067579746246
"2022-06-08",0.728469610214233,0.794343590736389,0.89665412902832,0.98666250705719,0.962018966674805,0.909795165061951,1.3590350151062,1.31728291511536,1.10501074790955,0.915154874324799,0.78854238986969,0.818992495536804,0.790604293346405,0.764731526374817,0.800871014595032,0.804687440395355,0.81005859375,0.856002449989319,0.84071695804596,0.862038433551788,0.799350619316101,0.676980555057526,0.518425583839417,0.473727941513062,0.444495975971222,0.419088125228882,0.384532243013382,0.358011215925217,0.346633702516556,0.370172202587128,0.436016619205475,0.429987221956253,0.419332325458527,0.40964087843895,0.337214112281799,0.336619704961777,0.345499098300934,0.387471139431,0.373660773038864,0.32470428943634,0.337818026542664,0.348392605781555,0.352852374315262,0.316680371761322,0.298062980175018,0.280346989631653
"2022-06-09",0.614540219306946,0.668976783752441,0.740092992782593,0.813175976276398,0.806300103664398,0.771506905555725,1.20043766498566,1.17619323730469,1.01731824874878,0.833390712738037,0.627959370613098,0.59864616394043,0.576873004436493,0.555642604827881,0.549331724643707,0.553646922111511,0.562731862068176,0.614424049854279,0.61613130569458,0.631762862205505,0.617968320846558,0.567880809307098,0.435493290424347,0.403029531240463,0.358072191476822,0.345999538898468,0.328749477863312,0.313508778810501,0.30241447687149,0.293795228004456,0.33675879240036,0.335827589035034,0.331257432699203,0.325615167617798,0.281552374362946,0.278879106044769,0.28590339422226,0.306645929813385,0.296300828456879,0.239749372005463,0.251036703586578,0.26353645324707,0.27147763967514,0.27185982465744,0.26304891705513,0.252517640590668
"2022-06-10",0.558612823486328,0.597208857536316,0.646185994148254,0.709421277046204,0.704139709472656,0.65236359834671,1.02528715133667,1.04049324989319,0.96653801202774,0.843340516090393,0.592643439769745,0.524531543254852,0.495538175106049,0.463462263345718,0.40934807062149,0.406685143709183,0.406996488571167,0.445310354232788,0.449418604373932,0.481442660093307,0.482167422771454,0.465497851371765,0.394949346780777,0.370200753211975,0.318428307771683,0.307531982660294,0.292613655328751,0.27726212143898,0.263414919376373,0.246309608221054,0.26910400390625,0.26467889547348,0.256553649902344,0.253374636173248,0.239168971776962,0.238050043582916,0.240380227565765,0.247011318802834,0.237671867012978,0.195807099342346,0.202224537730217,0.209260195493698,0.213499635457993,0.221439450979233,0.221165090799332,0.217745810747147
"2022-06-11",0.543423533439636,0.570610404014587,0.586246490478516,0.640118598937988,0.627297639846802,0.565712213516235,0.824230790138245,0.844816029071808,0.82245683670044,0.788407385349274,0.572667002677917,0.499358981847763,0.469464629888535,0.430196523666382,0.339764952659607,0.332429260015488,0.32424795627594,0.322734892368317,0.325933694839478,0.358797252178192,0.363176167011261,0.361292839050293,0.344500511884689,0.331011027097702,0.29292818903923,0.283369898796082,0.269406139850616,0.253847718238831,0.238466188311577,0.217124164104462,0.219914108514786,0.216337308287621,0.211690425872803,0.209722772240639,0.204662218689919,0.204168453812599,0.204257518053055,0.206167936325073,0.199781745672226,0.171669855713844,0.17557518184185,0.179951876401901,0.182930946350098,0.191306471824646,0.191095530986786,0.186843574047089
"2022-06-12",0.566399216651917,0.57932585477829,0.568807065486908,0.604691207408905,0.578424036502838,0.520532011985779,0.71357923746109,0.712477445602417,0.662655830383301,0.622136414051056,0.467119008302689,0.412795066833496,0.393507122993469,0.363490402698517,0.298577845096588,0.289065480232239,0.277406424283981,0.250896334648132,0.251213490962982,0.268851548433304,0.271893709897995,0.274157822132111,0.284989595413208,0.282028168439865,0.267399579286575,0.262431114912033,0.253803372383118,0.24194361269474,0.22697576880455,0.193626642227173,0.189508140087128,0.187841609120369,0.185713648796082,0.183948829770088,0.178245693445206,0.176974639296532,0.176093876361847,0.177000239491463,0.1724933385849,0.150223106145859,0.153258621692657,0.15682215988636,0.159398749470711,0.167976796627045,0.168326362967491,0.165746867656708
"2022-06-13",0.957359731197357,1.08149456977844,1.35082042217255,1.45844995975494,1.79162096977234,1.70016431808472,2.01580476760864,1.59894335269928,1.28204917907715,1.25779211521149,1.05883610248566,1.11694264411926,1.07310044765472,0.989391803741455,0.957570374011993,0.923401057720184,0.876974105834961,0.862668335437775,0.796061038970947,0.87473738193512,0.844253420829773,0.781769871711731,0.828713893890381,0.756934940814972,0.900153279304504,0.817881226539612,0.667113900184631,0.493938505649567,0.397768437862396,0.536510229110718,0.746836304664612,0.67587685585022,0.612673878669739,0.566637396812439,0.518005192279816,0.411713749170303,0.373491883277893,0.453557401895523,0.469935715198517,0.482433438301086,0.454359620809555,0.40616774559021,0.370813637971878,0.301155507564545,0.292824804782867,0.278492122888565
"2022-06-14",1.16556763648987,1.24271547794342,1.71074509620667,1.89758217334747,2.11579585075378,1.90634667873383,2.3900146484375,1.99839913845062,1.49564433097839,1.28561842441559,1.11908233165741,1.14224314689636,1.10203242301941,1.02084600925446,1.05577564239502,1.00961995124817,0.948944389820099,0.962873041629791,0.927527785301208,0.976958632469177,0.937081098556519,0.86895215511322,0.864430665969849,0.845616221427917,0.955243587493896,0.89722752571106,0.793207347393036,0.684950709342957,0.620706617832184,0.74825930595398,0.89918315410614,0.882230162620544,0.852487146854401,0.821017742156982,0.572791159152985,0.531572341918945,0.528113901615143,0.614096820354462,0.591059565544128,0.550593137741089,0.556404888629913,0.545971155166626,0.531805157661438,0.416140288114548,0.370173633098602,0.326160967350006
"2022-06-15",1.1040301322937,1.16156363487244,1.41321563720703,1.55026233196259,1.6017472743988,1.47378122806549,1.91020333766937,1.63128900527954,1.17958796024323,0.895992517471313,0.675218820571899,0.653342068195343,0.630248785018921,0.591889798641205,0.606513023376465,0.581327974796295,0.550203144550323,0.594913303852081,0.58531904220581,0.637468159198761,0.624604344367981,0.595337748527527,0.592876076698303,0.581433355808258,0.609680593013763,0.591144561767578,0.559702813625336,0.52642834186554,0.503898203372955,0.548743009567261,0.617440462112427,0.606216907501221,0.58888828754425,0.571729063987732,0.424214363098145,0.401917695999146,0.397574722766876,0.442705273628235,0.427367180585861,0.388280510902405,0.400632500648499,0.409828960895538,0.414011240005493,0.353400826454163,0.308901369571686,0.267188131809235
"2022-06-16",1.02274334430695,1.06993556022644,1.20308792591095,1.29732084274292,1.29388117790222,1.20081472396851,1.6162474155426,1.45542907714844,1.0946159362793,0.788392841815948,0.486858069896698,0.413873255252838,0.402990281581879,0.385688662528992,0.38716471195221,0.371542453765869,0.351506799459457,0.390797436237335,0.38874614238739,0.45531839132309,0.45229634642601,0.441644549369812,0.439566195011139,0.432627260684967,0.44712969660759,0.442414253950119,0.433813154697418,0.423139482736588,0.413499414920807,0.420961797237396,0.457249224185944,0.453868627548218,0.447295546531677,0.440068125724792,0.361861139535904,0.339896023273468,0.327494740486145,0.344709545373917,0.335883617401123,0.302310436964035,0.315479278564453,0.329177737236023,0.336923360824585,0.309697031974792,0.278519332408905,0.244995221495628
"2022-06-17",0.953917503356934,1.00163745880127,1.05647087097168,1.12961781024933,1.10266709327698,1.03479897975922,1.43891310691833,1.31714618206024,1.03353428840637,0.77589750289917,0.435130774974823,0.32167860865593,0.311951100826263,0.295340329408646,0.270781368017197,0.260903596878052,0.246989026665688,0.268834322690964,0.27142733335495,0.338843464851379,0.335855901241302,0.329012274742126,0.347693115472794,0.346268445253372,0.35162764787674,0.348440945148468,0.343967169523239,0.339629560709,0.336460173130035,0.343163132667542,0.362868964672089,0.36216151714325,0.358687043190002,0.355332911014557,0.303074091672897,0.284617245197296,0.272482454776764,0.27916020154953,0.273473352193832,0.251174539327621,0.262144684791565,0.273500144481659,0.280054718255997,0.268000423908234,0.24795663356781,0.224216178059578
"2022-06-18",0.901162981987,0.958813309669495,0.960644841194153,1.02239418029785,0.979254603385925,0.922839045524597,1.30262041091919,1.22138285636902,0.993342518806458,0.76894861459732,0.431655913591385,0.301659405231476,0.289139330387115,0.267245382070541,0.211254417896271,0.202852994203568,0.191342234611511,0.200216919183731,0.202969685196877,0.258132070302963,0.256562739610672,0.252792447805405,0.282049119472504,0.284476816654205,0.288141667842865,0.285768330097198,0.28261524438858,0.279916644096375,0.27846896648407,0.284566700458527,0.298821926116943,0.299050986766815,0.296753257513046,0.294124484062195,0.25657719373703,0.242435693740845,0.232889205217361,0.235750943422318,0.232165306806564,0.213490933179855,0.221649125218391,0.230533719062805,0.236145809292793,0.23199300467968,0.219200327992439,0.20317368209362
"2022-06-19",0.836726427078247,0.905132472515106,0.883636057376862,0.932624161243439,0.867242336273193,0.807976245880127,1.11715173721313,1.09066796302795,0.948405385017395,0.783666968345642,0.467103183269501,0.314503073692322,0.308352112770081,0.286693692207336,0.192600190639496,0.180862456560135,0.166040897369385,0.15275464951992,0.152948677539825,0.196913421154022,0.194405302405357,0.191884696483612,0.226757749915123,0.232076853513718,0.238556772470474,0.236624598503113,0.234429597854614,0.232212156057358,0.230847805738449,0.235359460115433,0.245438233017921,0.245973989367485,0.245342165231705,0.24417245388031,0.224981755018234,0.216362237930298,0.208379149436951,0.204591557383537,0.201356008648872,0.183196634054184,0.188776090741158,0.195245519280434,0.199707165360451,0.200856104493141,0.192472636699677,0.181560412049294
"2022-06-20",1.10317969322205,1.15261054039001,1.29502439498901,1.35252499580383,1.31445789337158,1.15757071971893,1.49983537197113,1.43344712257385,1.32783663272858,1.2709469795227,1.06051051616669,1.07196450233459,1.01191103458405,0.923485994338989,0.927841246128082,0.896007299423218,0.841930389404297,0.703414082527161,0.669879913330078,0.656489253044128,0.656281590461731,0.611722767353058,0.716941833496094,0.632829546928406,0.787133455276489,0.690791368484497,0.563283085823059,0.430140256881714,0.356502652168274,0.513302564620972,0.762910544872284,0.73917943239212,0.722655832767487,0.709511280059814,0.731687545776367,0.584602117538452,0.45376193523407,0.423406600952148,0.45366570353508,0.550935566425323,0.523899853229523,0.480391323566437,0.449904233217239,0.373347908258438,0.35958594083786,0.337587833404541
"2022-06-21",1.21545660495758,1.26919496059418,1.39062178134918,1.46541571617126,1.38274919986725,1.28202044963837,1.70666003227234,1.48695278167725,1.23928308486938,1.09899818897247,1.03828275203705,1.08112895488739,1.01974070072174,0.946970701217651,0.985891759395599,0.953984379768372,0.909139335155487,0.874209225177765,0.849410772323608,0.848553895950317,0.80632209777832,0.739875674247742,0.693643808364868,0.669610977172852,0.826526999473572,0.787279903888702,0.713881611824036,0.619095265865326,0.534915447235107,0.626699447631836,0.81664627790451,0.851790547370911,0.901187419891357,0.939043641090393,0.841425657272339,0.790773153305054,0.699458837509155,0.589195728302002,0.590374052524567,0.653100967407227,0.660673916339874,0.650783121585846,0.633730411529541,0.50871479511261,0.461237847805023,0.418303191661835
"2022-06-22",1.08688879013062,1.15632820129395,1.11871457099915,1.20493566989899,1.17935717105865,1.14622354507446,1.50915729999542,1.0974634885788,0.749738216400146,0.614481389522552,0.615189552307129,0.619386792182922,0.603527545928955,0.572725832462311,0.578516125679016,0.562712669372559,0.541167199611664,0.557026147842407,0.557314395904541,0.606757521629333,0.591154098510742,0.559525370597839,0.493506252765656,0.481749325990677,0.538521766662598,0.525040805339813,0.497252196073532,0.459833055734634,0.42405554652214,0.46184515953064,0.53569620847702,0.551129221916199,0.57485842704773,0.593393087387085,0.559581279754639,0.549809575080872,0.519002854824066,0.477487236261368,0.47022020816803,0.476285010576248,0.48825678229332,0.495195299386978,0.495207875967026,0.423960655927658,0.381655156612396,0.341153234243393
"2022-06-23",0.928595781326294,0.997568905353546,0.952871263027191,1.04099225997925,1.0432984828949,0.980005204677582,1.19648623466492,0.903727650642395,0.575178623199463,0.412835597991943,0.384517967700958,0.391103535890579,0.385381937026978,0.374196887016296,0.381717920303345,0.372052013874054,0.358944892883301,0.373822450637817,0.378538697957993,0.440655708312988,0.440227925777435,0.432108044624329,0.389753699302673,0.378943085670471,0.392222344875336,0.385895729064941,0.372285544872284,0.353209257125854,0.334265321493149,0.352287292480469,0.386336982250214,0.39199087023735,0.400753706693649,0.407438576221466,0.398333072662354,0.398962497711182,0.389984101057053,0.378821492195129,0.374129474163055,0.370505839586258,0.379973530769348,0.387573421001434,0.390012681484222,0.34726345539093,0.314513027667999,0.281537532806396
"2022-06-24",0.763309359550476,0.809641063213348,0.801627278327942,0.867541611194611,0.85482519865036,0.782638669013977,0.911144852638245,0.735219478607178,0.498959928750992,0.352635264396667,0.261444956064224,0.249850451946259,0.247801318764687,0.245538026094437,0.252666562795639,0.247923016548157,0.241048917174339,0.250694453716278,0.256335377693176,0.318406939506531,0.318746268749237,0.317029118537903,0.309533685445786,0.304282486438751,0.304766118526459,0.299740135669708,0.289566099643707,0.276103645563126,0.263562887907028,0.278639227151871,0.290183067321777,0.290977120399475,0.292975276708603,0.29473277926445,0.293073356151581,0.2968430519104,0.298151940107346,0.305112212896347,0.302363008260727,0.302511364221573,0.306656956672668,0.308719098567963,0.308118641376495,0.275533139705658,0.253373712301254,0.232016488909721
"2022-06-25",0.61835777759552,0.653230667114258,0.658735513687134,0.710486173629761,0.699719607830048,0.639439105987549,0.729524493217468,0.608856081962585,0.433016955852509,0.311830371618271,0.21203938126564,0.186396703124046,0.18456082046032,0.18217471241951,0.185653820633888,0.182329773902893,0.177922576665878,0.183390706777573,0.190268486738205,0.24168136715889,0.242349073290825,0.242463022470474,0.249992847442627,0.247943550348282,0.247810751199722,0.242841213941574,0.233818352222443,0.223374798893929,0.214863166213036,0.229048848152161,0.232659012079239,0.231073126196861,0.229612231254578,0.228897035121918,0.227859258651733,0.232707619667053,0.237929001450539,0.254706531763077,0.253131210803986,0.257090538740158,0.257660984992981,0.255421310663223,0.252291947603226,0.223395466804504,0.208002880215645,0.193873420357704
"2022-06-26",0.513164758682251,0.539540946483612,0.548191428184509,0.59296703338623,0.58833122253418,0.542539179325104,0.623519420623779,0.531808257102966,0.393023908138275,0.288590908050537,0.185225158929825,0.154615432024002,0.153362154960632,0.150144308805466,0.141884028911591,0.139615699648857,0.13747401535511,0.146702706813812,0.15537303686142,0.196290656924248,0.19704532623291,0.197776466608047,0.207689195871353,0.205805629491806,0.203423738479614,0.198156446218491,0.190284267067909,0.182389929890633,0.177225679159164,0.19178181886673,0.192059725522995,0.18999445438385,0.187619298696518,0.186159372329712,0.185530483722687,0.190033838152885,0.195813551545143,0.215087532997131,0.214515000581741,0.218951508402824,0.218963548541069,0.216125696897507,0.212632656097412,0.186682775616646,0.174762576818466,0.164223581552505
"2022-06-27",0.607426822185516,0.683927893638611,0.780480325222015,0.939408898353577,1.16700232028961,0.977858066558838,1.1926600933075,1.18295574188232,1.07655489444733,0.935726642608643,0.69458281993866,0.69412100315094,0.66126275062561,0.616748154163361,0.58030104637146,0.552254378795624,0.504165172576904,0.574149489402771,0.543985068798065,0.685349345207214,0.618056952953339,0.501832067966461,0.487663626670837,0.466340780258179,0.63403582572937,0.527188181877136,0.382733106613159,0.279590994119644,0.262252151966095,0.438339322805405,0.639283120632172,0.578327417373657,0.520272970199585,0.48563826084137,0.407120585441589,0.332837283611298,0.318311482667923,0.413390070199966,0.425638973712921,0.46440914273262,0.43944925069809,0.391358464956284,0.351247817277908,0.252401471138,0.235294833779335,0.217019587755203
"2022-06-28",0.660867691040039,0.714409172534943,0.885446429252625,1.06383323669434,1.191077709198,1.10312521457672,1.48176574707031,1.21999168395996,0.992846071720123,0.888084769248962,0.749192535877228,0.797617197036743,0.737185835838318,0.663894057273865,0.668590307235718,0.629883408546448,0.586487293243408,0.649841964244843,0.631639838218689,0.721457362174988,0.665960311889648,0.575015783309937,0.542104840278625,0.521758377552032,0.615075707435608,0.535248816013336,0.441556096076965,0.39556959271431,0.410165131092072,0.606248676776886,0.720448553562164,0.687929093837738,0.640986442565918,0.60515433549881,0.424181699752808,0.4152412712574,0.433595657348633,0.53554368019104,0.516483545303345,0.526149034500122,0.504937469959259,0.468045294284821,0.438080459833145,0.305025666952133,0.270754724740982,0.244503319263458
"2022-06-29",0.588834583759308,0.673243463039398,0.779297471046448,0.913896799087524,0.985680282115936,0.938309907913208,1.11199617385864,0.833210110664368,0.599213421344757,0.512398362159729,0.454139828681946,0.477438122034073,0.450555264949799,0.415030807256699,0.426433682441711,0.413075000047684,0.405035048723221,0.458210170269012,0.449747264385223,0.469077229499817,0.43752846121788,0.387978196144104,0.384571015834808,0.363082885742188,0.379446864128113,0.359912276268005,0.341121196746826,0.338033318519592,0.347950756549835,0.439156293869019,0.472270518541336,0.446175038814545,0.409078598022461,0.386560320854187,0.318921357393265,0.329145729541779,0.343166917562485,0.397387951612473,0.38097470998764,0.371466159820557,0.369806468486786,0.359959185123444,0.352833807468414,0.271703720092773,0.237433344125748,0.208913654088974
"2022-06-30",0.526538252830505,0.598618626594543,0.69296532869339,0.798036813735962,0.830786526203156,0.738988161087036,0.737822651863098,0.552347898483276,0.384275108575821,0.320914387702942,0.295689761638641,0.31294396519661,0.301622331142426,0.288063526153564,0.307333260774612,0.304977208375931,0.306874871253967,0.343622833490372,0.337812960147858,0.33351743221283,0.317433476448059,0.288676112890244,0.280026078224182,0.267092972993851,0.275955259799957,0.270926177501678,0.265935838222504,0.264147073030472,0.265652269124985,0.309925973415375,0.335145056247711,0.326327562332153,0.311488926410675,0.302010774612427,0.258511900901794,0.261321693658829,0.26879620552063,0.300123929977417,0.292496502399445,0.268045604228973,0.275119543075562,0.280907154083252,0.284224152565002,0.247960329055786,0.220292553305626,0.193096905946732
"2022-07-01",0.456311881542206,0.50525176525116,0.589481711387634,0.667994976043701,0.688826441764832,0.600308418273926,0.561677098274231,0.436433672904968,0.303874135017395,0.240938425064087,0.212689444422722,0.223139524459839,0.218552395701408,0.213617250323296,0.231964439153671,0.231179475784302,0.233601212501526,0.261240869760513,0.261806815862656,0.26565146446228,0.256675899028778,0.238657027482986,0.219155132770538,0.209418535232544,0.215470016002655,0.211665242910385,0.207016468048096,0.203818470239639,0.203143745660782,0.228279203176498,0.251879125833511,0.24982813000679,0.247169032692909,0.244955629110336,0.216641813516617,0.214516818523407,0.216112792491913,0.235504537820816,0.231760948896408,0.215522617101669,0.221375912427902,0.22724749147892,0.230382800102234,0.212904945015907,0.194284111261368,0.174233481287956
"2022-07-02",0.38173508644104,0.434387445449829,0.498515427112579,0.569796442985535,0.58634740114212,0.508939981460571,0.484072864055634,0.371918559074402,0.255641281604767,0.198486909270287,0.16389599442482,0.167846381664276,0.165378957986832,0.162898972630501,0.180867373943329,0.182497903704643,0.187341466546059,0.212852403521538,0.214702978730202,0.221486046910286,0.213584989309311,0.197827979922295,0.18176206946373,0.174011960625648,0.176945388317108,0.173493206501007,0.169439822435379,0.167428776621819,0.168031722307205,0.187457486987114,0.20306883752346,0.20136933028698,0.199619650840759,0.198309868574142,0.180159866809845,0.179729372262955,0.180550068616867,0.19429886341095,0.190393626689911,0.185179203748703,0.189154744148254,0.192074552178383,0.193438857793808,0.179639801383018,0.168047398328781,0.155507132411003
"2022-07-03",0.329737633466721,0.385174006223679,0.42942351102829,0.50258219242096,0.514495015144348,0.442364990711212,0.43169030547142,0.32195109128952,0.213396161794662,0.163219124078751,0.127472206950188,0.129132479429245,0.128197401762009,0.128505140542984,0.147690519690514,0.151369109749794,0.158236056566238,0.180131405591965,0.179620891809464,0.179930418729782,0.172610267996788,0.158700600266457,0.151706784963608,0.146194845438004,0.149042949080467,0.146590188145638,0.144403755664825,0.143748998641968,0.144547939300537,0.15899071097374,0.168670877814293,0.166864231228828,0.164816975593567,0.163281142711639,0.150815635919571,0.150694832205772,0.151303976774216,0.162587389349937,0.159931749105453,0.155837178230286,0.159209251403809,0.161749467253685,0.16327029466629,0.153416663408279,0.145176202058792,0.136764317750931
"2022-07-04",0.779749870300293,0.94080775976181,1.00175285339355,1.2104058265686,1.13788056373596,0.885367035865784,1.25399494171143,1.10295557975769,0.893769025802612,0.749264061450958,0.532527267932892,0.542645037174225,0.530446648597717,0.507983863353729,0.605338215827942,0.539437115192413,0.442919820547104,0.566614508628845,0.494841277599335,0.55085027217865,0.455295383930206,0.333135783672333,0.356700271368027,0.332472920417786,0.513922035694122,0.420154303312302,0.30481743812561,0.225723251700401,0.222530141472816,0.389349818229675,0.538179039955139,0.459282696247101,0.394738703966141,0.358033776283264,0.331813842058182,0.272103786468506,0.239082157611847,0.279294371604919,0.295942962169647,0.349339962005615,0.336742073297501,0.309203863143921,0.287066429853439,0.231424286961555,0.21702928841114,0.20002469420433
"2022-07-05",0.837926149368286,0.982465624809265,1.04292118549347,1.21353220939636,1.1506130695343,0.988983035087585,1.30755662918091,1.18228805065155,0.986602902412415,0.860476016998291,0.656801700592041,0.662508368492126,0.62897539138794,0.577921867370605,0.608553171157837,0.568224787712097,0.516183733940125,0.563173353672028,0.5301633477211,0.525912702083588,0.485035598278046,0.408591777086258,0.352691113948822,0.346005976200104,0.470446527004242,0.434609889984131,0.38353431224823,0.350748062133789,0.356660574674606,0.491419434547424,0.579864859580994,0.562840700149536,0.539220571517944,0.517059922218323,0.366121113300323,0.329594284296036,0.317954391241074,0.371999680995941,0.373963534832001,0.38713064789772,0.398218154907227,0.399042010307312,0.394983768463135,0.31388047337532,0.27828773856163,0.243619561195374
"2022-07-06",0.600948929786682,0.680367231369019,0.722831130027771,0.821380257606506,0.839533269405365,0.765831470489502,0.946275651454926,0.847288370132446,0.694144010543823,0.591679632663727,0.460212826728821,0.429079532623291,0.414461463689804,0.382209032773972,0.374992728233337,0.362552255392075,0.344699293375015,0.37006813287735,0.354669034481049,0.346746474504471,0.319590449333191,0.277127206325531,0.255853235721588,0.250981271266937,0.298370629549026,0.289408713579178,0.279427766799927,0.278510719537735,0.285619050264359,0.348841786384583,0.395723432302475,0.390008062124252,0.382268726825714,0.374255955219269,0.277626693248749,0.259773194789886,0.255354464054108,0.286066800355911,0.286361902952194,0.281549274921417,0.293153911828995,0.303136318922043,0.309106886386871,0.278469622135162,0.250375986099243,0.223656371235847
"2022-07-07",0.459175050258636,0.51617568731308,0.554293394088745,0.62826406955719,0.687451362609863,0.646803617477417,0.781763434410095,0.680693566799164,0.539632439613342,0.436051338911057,0.330661058425903,0.310378819704056,0.29777592420578,0.278540909290314,0.275504648685455,0.270875930786133,0.266845107078552,0.281648188829422,0.265422135591507,0.24302077293396,0.227941945195198,0.207424715161324,0.209815263748169,0.206915110349655,0.229729786515236,0.225215047597885,0.220432385802269,0.221372842788696,0.227701112627983,0.273802071809769,0.300068378448486,0.29425910115242,0.287542819976807,0.281682074069977,0.220132231712341,0.210356652736664,0.207016140222549,0.226939380168915,0.225250765681267,0.227399915456772,0.235188201069832,0.241331741213799,0.244433477520943,0.222071275115013,0.201911345124245,0.185687705874443
"2022-07-08",0.378254115581512,0.41962343454361,0.469854295253754,0.524873614311218,0.590427100658417,0.560284972190857,0.666111171245575,0.586686193943024,0.462081283330917,0.350154399871826,0.247082889080048,0.229820519685745,0.223727777600288,0.215140774846077,0.215486258268356,0.215175539255142,0.216019704937935,0.225922390818596,0.213959336280823,0.192683458328247,0.185291200876236,0.174741074442863,0.182708784937859,0.179337233304977,0.194063037633896,0.191508129239082,0.188964769244194,0.188401564955711,0.190469577908516,0.221130281686783,0.240931496024132,0.236357241868973,0.230951845645905,0.226103618741035,0.182239085435867,0.174876660108566,0.171967625617981,0.195175752043724,0.191468119621277,0.199258998036385,0.200917556881905,0.199944525957108,0.197341352701187,0.173544123768806,0.157436519861221,0.138680383563042
"2022-07-09",0.343073695898056,0.361692756414413,0.401135444641113,0.445107221603394,0.498388409614563,0.474839001893997,0.597395062446594,0.55608057975769,0.460404634475708,0.36151659488678,0.236140877008438,0.190570086240768,0.188055217266083,0.183529809117317,0.176917165517807,0.176220864057541,0.176479429006577,0.187684923410416,0.183975607156754,0.169252157211304,0.165373876690865,0.158403128385544,0.156604096293449,0.15359765291214,0.164886429905891,0.163042575120926,0.160523444414139,0.15916083753109,0.159792229533195,0.177654147148132,0.194763720035553,0.192418336868286,0.189958795905113,0.188432052731514,0.159140005707741,0.153144478797913,0.149308890104294,0.166999444365501,0.164348110556602,0.170709058642387,0.172211095690727,0.171745896339417,0.17016090452671,0.14797368645668,0.133135765790939,0.114250093698502
"2022-07-10",0.3641557097435,0.356759250164032,0.345351010560989,0.364970594644547,0.396069228649139,0.380521953105927,0.5179802775383,0.527380704879761,0.496792554855347,0.440501630306244,0.283378005027771,0.200905248522758,0.199282929301262,0.193690180778503,0.157267138361931,0.154001027345657,0.150296300649643,0.154815465211868,0.154929742217064,0.155878156423569,0.155398860573769,0.151809960603714,0.139366507530212,0.136075094342232,0.142018914222717,0.140688225626945,0.138575077056885,0.137029975652695,0.136912181973457,0.148930430412292,0.162201061844826,0.160883709788322,0.159134164452553,0.15797932446003,0.139702558517456,0.135636985301971,0.132366612553596,0.141780212521553,0.140893504023552,0.146868422627449,0.149087518453598,0.149977922439575,0.149720698595047,0.127378597855568,0.116156928241253,0.102381624281406
"2022-07-11",1.03756725788116,1.09509861469269,0.969552516937256,1.02726137638092,0.927511215209961,0.786102771759033,1.06880939006805,1.0120462179184,1.01014792919159,1.06221961975098,0.901505947113037,0.929157495498657,0.893703043460846,0.792951583862305,0.813116431236267,0.744659304618835,0.648241996765137,0.655190050601959,0.600699126720428,0.633698105812073,0.545940279960632,0.431430011987686,0.53668874502182,0.49151486158371,0.594347894191742,0.505850970745087,0.380485564470291,0.283228695392609,0.271258890628815,0.457430899143219,0.642691969871521,0.610929489135742,0.582885384559631,0.562149882316589,0.49705183506012,0.374273300170898,0.290025651454926,0.298508882522583,0.32516598701477,0.408483743667603,0.402547180652618,0.383943051099777,0.365358799695969,0.277350008487701,0.25524315237999,0.225744336843491
"2022-07-12",1.21304321289062,1.28421819210052,1.18188953399658,1.21579670906067,1.08057451248169,0.938042879104614,1.15006899833679,1.09019231796265,1.07110226154327,1.11299824714661,0.981326222419739,1.05046725273132,0.98372608423233,0.882810473442078,0.900464534759521,0.833056092262268,0.749893426895142,0.755089581012726,0.707135915756226,0.674199819564819,0.633206486701965,0.565209984779358,0.536507546901703,0.514789402484894,0.611872315406799,0.570972084999084,0.514330983161926,0.461773604154587,0.443932831287384,0.608938157558441,0.757467269897461,0.765495121479034,0.768125236034393,0.762965798377991,0.588792264461517,0.509833753108978,0.448542982339859,0.412440180778503,0.430181264877319,0.483803540468216,0.499795973300934,0.504268169403076,0.500174999237061,0.40121579170227,0.360382676124573,0.317469745874405
"2022-07-13",0.892503678798676,0.961258471012115,0.847383499145508,0.865319788455963,0.782115459442139,0.713207006454468,0.867301940917969,0.821137368679047,0.793220281600952,0.795045495033264,0.667693018913269,0.677593946456909,0.637039661407471,0.587385535240173,0.58901035785675,0.550673961639404,0.5071981549263,0.509275913238525,0.486708581447601,0.458476513624191,0.447164952754974,0.42272612452507,0.360626757144928,0.34910660982132,0.385573774576187,0.379661738872528,0.372385263442993,0.363588929176331,0.359702110290527,0.421109735965729,0.503034055233002,0.509075105190277,0.51360946893692,0.51396256685257,0.411382853984833,0.381300508975983,0.361974030733109,0.343530088663101,0.346670299768448,0.347758233547211,0.36417281627655,0.379850447177887,0.387981027364731,0.3473140001297,0.307817488908768,0.270529270172119
"2022-07-14",0.693760991096497,0.757276475429535,0.638192653656006,0.661706447601318,0.615941643714905,0.576948523521423,0.719653248786926,0.679422855377197,0.633127927780151,0.604561567306519,0.498010009527206,0.494185268878937,0.470301449298859,0.438949018716812,0.428239852190018,0.408871173858643,0.383874475955963,0.3746737241745,0.362690448760986,0.352372407913208,0.347454011440277,0.335638105869293,0.289170444011688,0.280389845371246,0.285207033157349,0.28322896361351,0.281644761562347,0.280570536851883,0.282643735408783,0.317231893539429,0.366439372301102,0.371190130710602,0.37427169084549,0.374760031700134,0.315749526023865,0.300024271011353,0.291602551937103,0.284410685300827,0.284964054822922,0.272781103849411,0.283127397298813,0.294782549142838,0.302179664373398,0.289091169834137,0.26491990685463,0.240968197584152
"2022-07-15",0.55727481842041,0.616579532623291,0.524567604064941,0.542769074440002,0.51306027173996,0.48780757188797,0.620858132839203,0.586828947067261,0.531770944595337,0.47017428278923,0.402245104312897,0.394841462373734,0.375087082386017,0.347048997879028,0.319602400064468,0.309133410453796,0.296344041824341,0.285885512828827,0.278115808963776,0.280985563993454,0.276819229125977,0.268256664276123,0.244458109140396,0.237759530544281,0.232309401035309,0.230645149946213,0.228623032569885,0.227223783731461,0.22914707660675,0.252104759216309,0.28481137752533,0.28740331530571,0.289075255393982,0.289449453353882,0.260552048683167,0.251933068037033,0.246625304222107,0.240001529455185,0.237525716423988,0.226172134280205,0.231923401355743,0.236353725194931,0.240843236446381,0.240141078829765,0.230283498764038,0.216747015714645
"2022-07-16",0.464773714542389,0.510365009307861,0.438956618309021,0.449012964963913,0.44141036272049,0.435640394687653,0.563252568244934,0.514245748519897,0.466137766838074,0.420373320579529,0.336592257022858,0.317286610603333,0.307193696498871,0.286148548126221,0.259271144866943,0.243212103843689,0.225641086697578,0.220294296741486,0.215894162654877,0.227620184421539,0.222902372479439,0.215063542127609,0.206000506877899,0.201571404933929,0.197390168905258,0.195844933390617,0.194341957569122,0.194947868585587,0.197524443268776,0.212635815143585,0.232221752405167,0.23157200217247,0.230665370821953,0.229535415768623,0.204497039318085,0.200428083539009,0.200153648853302,0.203984037041664,0.199779823422432,0.193875432014465,0.194762423634529,0.193884640932083,0.193364277482033,0.182559669017792,0.181985050439835,0.181419536471367
"2022-07-17",0.41025310754776,0.436051368713379,0.370435416698456,0.381113052368164,0.41037729382515,0.415516018867493,0.524290680885315,0.459212422370911,0.387141734361649,0.332171738147736,0.266643285751343,0.256017208099365,0.246663242578506,0.229238122701645,0.206651449203491,0.19372433423996,0.17939592897892,0.187641620635986,0.180925846099854,0.188042342662811,0.185719862580299,0.180906623601913,0.178565561771393,0.175027146935463,0.172151640057564,0.171360969543457,0.170651629567146,0.170429542660713,0.171185836195946,0.181939885020256,0.193756058812141,0.19260086119175,0.191238522529602,0.189994975924492,0.174445867538452,0.170891940593719,0.167796239256859,0.174034908413887,0.170457452535629,0.169824793934822,0.170457676053047,0.169974073767662,0.16899973154068,0.151437923312187,0.145911693572998,0.141702547669411
"2022-07-18",0.592024266719818,0.698452472686768,0.665368676185608,0.773114323616028,0.854422569274902,0.733879327774048,0.937829971313477,0.883511781692505,0.804092407226562,0.789495229721069,0.821501195430756,0.912039279937744,0.890795707702637,0.830927014350891,0.827659368515015,0.763870716094971,0.683987855911255,0.815913558006287,0.754533648490906,0.798267006874084,0.726572871208191,0.612742185592651,0.697903752326965,0.639876902103424,0.704123198986053,0.585144996643066,0.413805902004242,0.290976792573929,0.274858593940735,0.488905191421509,0.692016780376434,0.610826194286346,0.556554079055786,0.531509220600128,0.459189713001251,0.350588649511337,0.262249529361725,0.290335029363632,0.292903214693069,0.338854312896729,0.313346266746521,0.268180996179581,0.244476959109306,0.175199702382088,0.167311802506447,0.154093056917191
"2022-07-19",0.624030470848083,0.686659038066864,0.716696739196777,0.813045918941498,0.842945575714111,0.763912320137024,0.973989605903625,0.886611461639404,0.819493651390076,0.826218366622925,0.892868638038635,0.987829744815826,0.949487626552582,0.878095626831055,0.899282693862915,0.841700792312622,0.767973840236664,0.85992169380188,0.81136292219162,0.835013508796692,0.785509288311005,0.702172935009003,0.675740301609039,0.635761857032776,0.674828231334686,0.60270631313324,0.49587282538414,0.40990424156189,0.386327803134918,0.573497593402863,0.73793888092041,0.734502494335175,0.725463330745697,0.711611926555634,0.510856568813324,0.432191073894501,0.358711689710617,0.345170855522156,0.338987857103348,0.366083204746246,0.35502889752388,0.328806847333908,0.308592110872269,0.20344789326191,0.185164466500282,0.170207887887955
"2022-07-20",0.501216113567352,0.543721139431,0.529215097427368,0.595335483551025,0.622618198394775,0.584798157215118,0.726393401622772,0.647177934646606,0.563144445419312,0.540860772132874,0.543330788612366,0.583319246768951,0.565788745880127,0.532474517822266,0.554341316223145,0.524889588356018,0.48734039068222,0.513252913951874,0.496657371520996,0.530853986740112,0.51984304189682,0.491926670074463,0.435506939888,0.416522443294525,0.413001656532288,0.391993999481201,0.358891993761063,0.332196086645126,0.322387546300888,0.386658161878586,0.479351550340652,0.482553899288177,0.483540236949921,0.481155961751938,0.367942750453949,0.33217665553093,0.303924113512039,0.281917363405228,0.277988940477371,0.271789014339447,0.274208605289459,0.268976837396622,0.259365856647491,0.190873593091965,0.171136662364006,0.157112777233124
"2022-07-21",0.424664795398712,0.469885140657425,0.436298996210098,0.479788690805435,0.498006343841553,0.471147477626801,0.590940415859222,0.527827501296997,0.444485366344452,0.402717471122742,0.365214109420776,0.385630071163177,0.373744785785675,0.358107358217239,0.378534644842148,0.365216732025146,0.345403730869293,0.348273128271103,0.342057466506958,0.379105925559998,0.37780100107193,0.368578195571899,0.335044384002686,0.323690533638,0.309985905885696,0.304333567619324,0.293741822242737,0.28086045384407,0.271871536970139,0.290775388479233,0.346323549747467,0.350772947072983,0.353031098842621,0.353438168764114,0.288764715194702,0.272893100976944,0.259716600179672,0.242318019270897,0.238229066133499,0.222059145569801,0.226628467440605,0.229625180363655,0.229678332805634,0.189689099788666,0.168520152568817,0.15296958386898
"2022-07-22",0.355286478996277,0.409358978271484,0.378201514482498,0.411413431167603,0.411940455436707,0.39043390750885,0.497108280658722,0.443480044603348,0.368754208087921,0.31601470708847,0.270252197980881,0.276793122291565,0.265276044607162,0.252884030342102,0.260905295610428,0.256226301193237,0.248155012726784,0.254161030054092,0.251088291406631,0.27908992767334,0.278499156236649,0.274162650108337,0.266216456890106,0.26054260134697,0.251196146011353,0.248184278607368,0.242670789361,0.235754132270813,0.230077803134918,0.235222578048706,0.266141772270203,0.269978582859039,0.27265852689743,0.273559868335724,0.245621472597122,0.236143425107002,0.22620801627636,0.211838945746422,0.207309186458588,0.190128937363625,0.194373175501823,0.198290854692459,0.199937790632248,0.179329350590706,0.164903149008751,0.151335269212723
"2022-07-23",0.323627650737762,0.372243463993073,0.356876075267792,0.38578474521637,0.37485009431839,0.356374561786652,0.465049207210541,0.420176088809967,0.353117525577545,0.297696948051453,0.230366706848145,0.22378171980381,0.211924880743027,0.197287082672119,0.190578609704971,0.185207277536392,0.179188966751099,0.190239369869232,0.188361823558807,0.215209484100342,0.213118761777878,0.209299564361572,0.215839982032776,0.214125245809555,0.212070003151894,0.209016606211662,0.204667508602142,0.200021654367447,0.196469247341156,0.199830204248428,0.214602619409561,0.217736810445786,0.221544355154037,0.222333520650864,0.206376165151596,0.201065927743912,0.194860622286797,0.186130493879318,0.182379201054573,0.168072357773781,0.17121085524559,0.17430704832077,0.175839155912399,0.164745450019836,0.155122384428978,0.14655876159668
"2022-07-24",0.288889586925507,0.335134834051132,0.327353090047836,0.360743880271912,0.35109755396843,0.334394812583923,0.432673931121826,0.378005683422089,0.318908512592316,0.274915426969528,0.206680983304977,0.198551267385483,0.186012029647827,0.169052481651306,0.149486735463142,0.144699648022652,0.139506116509438,0.14803010225296,0.148745745420456,0.172190085053444,0.171106368303299,0.168693050742149,0.180033668875694,0.17971496284008,0.183290809392929,0.179948478937149,0.175753682851791,0.172064572572708,0.169858545064926,0.173149704933167,0.181569322943687,0.18358139693737,0.186041757464409,0.186465919017792,0.174693077802658,0.170948997139931,0.166858717799187,0.164658725261688,0.16146694123745,0.15194633603096,0.154201656579971,0.156234934926033,0.15710175037384,0.14946311712265,0.143536388874054,0.138383120298386
"2022-07-25",0.527933239936829,0.674217700958252,0.732540488243103,0.905050873756409,0.942962050437927,0.731489300727844,0.927217185497284,0.859133243560791,0.787244319915771,0.756450593471527,0.766234993934631,0.854862093925476,0.795082449913025,0.699248313903809,0.59239387512207,0.55880081653595,0.514250457286835,0.550782561302185,0.513213515281677,0.631871700286865,0.56977242231369,0.475419253110886,0.58960098028183,0.548263490200043,0.697570562362671,0.596988141536713,0.440857470035553,0.305777221918106,0.257495105266571,0.453439176082611,0.669069886207581,0.617091357707977,0.565595626831055,0.536255478858948,0.51874840259552,0.413083016872406,0.329524040222168,0.320708423852921,0.32290455698967,0.342885673046112,0.321444809436798,0.283753126859665,0.253749489784241,0.171571865677834,0.15751788020134,0.14556585252285
"2022-07-26",0.594738662242889,0.677936971187592,0.800227761268616,0.9101881980896,0.904419004917145,0.785098910331726,1.00647270679474,0.94044840335846,0.872208714485168,0.839290201663971,0.83111447095871,0.886688351631165,0.840182662010193,0.773436725139618,0.710825264453888,0.683476686477661,0.635160207748413,0.617089927196503,0.597356617450714,0.658846855163574,0.623498320579529,0.568741679191589,0.580919742584229,0.564232528209686,0.681899070739746,0.631229102611542,0.547805786132812,0.462272673845291,0.41834881901741,0.556820511817932,0.711848974227905,0.71240234375,0.710957169532776,0.707432806491852,0.570586919784546,0.509413659572601,0.444966793060303,0.406766295433044,0.390265762805939,0.380333572626114,0.36969929933548,0.342325985431671,0.318243831396103,0.206660717725754,0.178593263030052,0.159414425492287
"2022-07-27",0.51453685760498,0.564410507678986,0.614314913749695,0.670376121997833,0.679614901542664,0.651994943618774,0.856460928916931,0.802819967269897,0.725341379642487,0.671317338943481,0.576818704605103,0.567354619503021,0.551993191242218,0.520190715789795,0.49276739358902,0.471024572849274,0.43827748298645,0.434839338064194,0.41969045996666,0.438057482242584,0.426588982343674,0.406060755252838,0.410752862691879,0.400626420974731,0.425419986248016,0.403380751609802,0.374504625797272,0.351960033178329,0.344453513622284,0.403328657150269,0.46645376086235,0.465447843074799,0.465133666992188,0.462480306625366,0.361460536718369,0.334694474935532,0.312040209770203,0.313927590847015,0.296429187059402,0.284754902124405,0.273812353610992,0.258108049631119,0.247085362672806,0.181969970464706,0.163608938455582,0.150308325886726
"2022-07-28",0.476476311683655,0.511082887649536,0.521750509738922,0.557077527046204,0.593092083930969,0.591736674308777,0.748960494995117,0.685749173164368,0.580016374588013,0.497432678937912,0.412847608327866,0.402389049530029,0.387786895036697,0.361655563116074,0.339179128408432,0.325917035341263,0.310991704463959,0.331305235624313,0.321489214897156,0.328858733177185,0.324116498231888,0.314301192760468,0.320532590150833,0.31068280339241,0.310097187757492,0.299587666988373,0.287376970052719,0.280337423086166,0.278728663921356,0.323540389537811,0.357409954071045,0.353502720594406,0.347613990306854,0.340585857629776,0.26407378911972,0.245834410190582,0.233981192111969,0.247203528881073,0.235617533326149,0.230421021580696,0.223348274827003,0.213623970746994,0.206389665603638,0.154750689864159,0.138699144124985,0.12582078576088
"2022-07-29",0.434016644954681,0.467649608850479,0.467800974845886,0.503059506416321,0.548599123954773,0.54273796081543,0.672350406646729,0.58827418088913,0.476293504238129,0.397105902433395,0.309739053249359,0.294741928577423,0.284380942583084,0.266482084989548,0.252117186784744,0.244318544864655,0.235535025596619,0.256089776754379,0.252191305160522,0.263812929391861,0.262329816818237,0.256991118192673,0.258705079555511,0.252200305461884,0.248948648571968,0.244207501411438,0.237945765256882,0.233503997325897,0.232244193553925,0.259906560182571,0.284463763237,0.281385123729706,0.276740044355392,0.271931260824203,0.220107540488243,0.207999169826508,0.198793813586235,0.204095110297203,0.196020543575287,0.193293616175652,0.190345481038094,0.185717448592186,0.181075766682625,0.139184385538101,0.125252187252045,0.112787052989006
"2022-07-30",0.382913887500763,0.421888500452042,0.423141539096832,0.46541965007782,0.501485705375671,0.48660746216774,0.608991265296936,0.52199512720108,0.421306163072586,0.347544461488724,0.251056909561157,0.233803778886795,0.22708922624588,0.213279366493225,0.202516317367554,0.194193810224533,0.185836121439934,0.199602916836739,0.198712572455406,0.215709641575813,0.215898215770721,0.213412180542946,0.216896265745163,0.212731003761292,0.21120747923851,0.208542287349701,0.204643219709396,0.201588958501816,0.200376376509666,0.214574038982391,0.23293824493885,0.230932354927063,0.227825433015823,0.224460601806641,0.188555642962456,0.180422931909561,0.173658102750778,0.177051320672035,0.172379791736603,0.16957750916481,0.169012740254402,0.165901854634285,0.161334186792374,0.125994488596916,0.113946862518787,0.10346569865942
"2022-07-31",0.327051281929016,0.368347346782684,0.390033572912216,0.429021000862122,0.452131271362305,0.435750097036362,0.556623101234436,0.499876499176025,0.416784942150116,0.342091590166092,0.238718032836914,0.206897497177124,0.199070036411285,0.185075029730797,0.170316770672798,0.162332832813263,0.153617277741432,0.156760200858116,0.155522406101227,0.174364969134331,0.174241781234741,0.173140972852707,0.182201355695724,0.180059462785721,0.181900396943092,0.179908886551857,0.177297085523605,0.174975261092186,0.173442602157593,0.180404260754585,0.193891406059265,0.192777305841446,0.190880596637726,0.18873243033886,0.164295583963394,0.158745855093002,0.153936997056007,0.15582287311554,0.152597203850746,0.149402514100075,0.149695217609406,0.147831588983536,0.144337609410286,0.117223434150219,0.105994254350662,0.0956424251198769
"2022-08-01",0.799758911132812,0.966615676879883,0.991573214530945,1.20392608642578,1.29491114616394,1.07769799232483,1.26430916786194,1.24071264266968,1.22067165374756,1.19357860088348,0.980667412281036,1.00245475769043,0.936738014221191,0.841992318630219,0.784666776657104,0.728799045085907,0.661886394023895,0.654880940914154,0.632033705711365,0.718074679374695,0.690942466259003,0.636288821697235,0.668912470340729,0.614865243434906,0.739332139492035,0.672189176082611,0.574704110622406,0.467908293008804,0.418939232826233,0.567479491233826,0.755740404129028,0.72762656211853,0.697197616100311,0.679336726665497,0.556338131427765,0.444086581468582,0.352940291166306,0.312545239925385,0.340307652950287,0.393765598535538,0.390674561262131,0.367404401302338,0.339994639158249,0.24665966629982,0.226306065917015,0.204052105545998
"2022-08-02",0.87169474363327,0.970060706138611,1.05566835403442,1.17822313308716,1.22624969482422,1.07719075679779,1.32595753669739,1.29935741424561,1.24518084526062,1.17157340049744,1.01635229587555,1.03463339805603,0.98148500919342,0.901065945625305,0.862689793109894,0.812986135482788,0.750263333320618,0.751782178878784,0.72626256942749,0.78137344121933,0.751306891441345,0.694740056991577,0.655659914016724,0.638607025146484,0.742281913757324,0.71359384059906,0.675576329231262,0.632006466388702,0.602102041244507,0.675937175750732,0.815137147903442,0.806419134140015,0.79440188407898,0.787695169448853,0.601913094520569,0.532894968986511,0.480821967124939,0.435926467180252,0.44684910774231,0.470189273357391,0.481884181499481,0.48129877448082,0.473076701164246,0.368266731500626,0.330407023429871,0.291071593761444
"2022-08-03",0.611858904361725,0.665534555912018,0.692975282669067,0.754738569259644,0.787391006946564,0.737183094024658,0.912395060062408,0.872301518917084,0.811953365802765,0.733766198158264,0.627022862434387,0.613537430763245,0.59338104724884,0.558730781078339,0.53653210401535,0.511237680912018,0.478485882282257,0.468327522277832,0.454950630664825,0.475965738296509,0.465229243040085,0.442394882440567,0.439206779003143,0.431187689304352,0.457521855831146,0.449760526418686,0.441032767295837,0.431194186210632,0.422787755727768,0.446693807840347,0.50221174955368,0.497004866600037,0.490849226713181,0.4885393679142,0.399291008710861,0.372806817293167,0.358604192733765,0.352453649044037,0.351992070674896,0.345734030008316,0.352737098932266,0.356003671884537,0.354926347732544,0.30576279759407,0.273366898298264,0.238264933228493
"2022-08-04",0.46641731262207,0.509243130683899,0.507784962654114,0.550049185752869,0.575086712837219,0.547682166099548,0.688886642456055,0.643442809581757,0.593883395195007,0.54322350025177,0.45504367351532,0.43378758430481,0.421359956264496,0.402606427669525,0.382960379123688,0.370734572410583,0.353638917207718,0.331706076860428,0.323665767908096,0.335263252258301,0.330283373594284,0.32018518447876,0.322988212108612,0.316827178001404,0.32723605632782,0.323624461889267,0.319905906915665,0.316545993089676,0.313831746578217,0.32360166311264,0.353197574615479,0.351142823696136,0.348285853862762,0.346343874931335,0.299397170543671,0.285188436508179,0.280910164117813,0.28518995642662,0.284478038549423,0.276752531528473,0.281452566385269,0.285037815570831,0.285910487174988,0.256823062896729,0.232769504189491,0.207010865211487
"2022-08-05",0.366857290267944,0.400445222854614,0.412477374076843,0.439480870962143,0.457094192504883,0.43391153216362,0.538946509361267,0.519542872905731,0.490045011043549,0.449232280254364,0.377831190824509,0.355312943458557,0.346376746892929,0.327784478664398,0.29470431804657,0.288131326436996,0.279261648654938,0.260834395885468,0.256543695926666,0.258677363395691,0.255025535821915,0.249294191598892,0.255180597305298,0.251485735177994,0.253881007432938,0.251203268766403,0.24768078327179,0.244176596403122,0.241561442613602,0.247966200113297,0.268494963645935,0.26927325129509,0.269426286220551,0.268353283405304,0.235852360725403,0.227893099188805,0.22646027803421,0.235861524939537,0.236014872789383,0.232257053256035,0.23569643497467,0.238352447748184,0.239398658275604,0.219699412584305,0.204805254936218,0.187777012586594
"2022-08-06",0.291977018117905,0.322921961545944,0.344423174858093,0.369763016700745,0.392371773719788,0.374735832214355,0.458287954330444,0.451525330543518,0.444406926631927,0.427479088306427,0.352667391300201,0.327524244785309,0.319968402385712,0.299592107534409,0.262988179922104,0.254607856273651,0.243142262101173,0.21862319111824,0.215532377362251,0.212882965803146,0.210669293999672,0.207128301262856,0.213802576065063,0.21034437417984,0.210134044289589,0.207141071557999,0.202888146042824,0.199162513017654,0.196998536586761,0.202832579612732,0.216903805732727,0.216011479496956,0.215023905038834,0.214052975177765,0.193617582321167,0.191414013504982,0.189961016178131,0.202423572540283,0.201439291238785,0.20407372713089,0.205572172999382,0.206428274512291,0.206485524773598,0.190041527152061,0.17557555437088,0.159509479999542
"2022-08-07",0.253357529640198,0.279542773962021,0.303304135799408,0.327494114637375,0.3586106300354,0.353773593902588,0.431851893663406,0.414218366146088,0.392914950847626,0.373199194669724,0.318043351173401,0.300944745540619,0.295814514160156,0.280563831329346,0.247005999088287,0.236669600009918,0.220013976097107,0.200749978423119,0.196117356419563,0.182512477040291,0.183641240000725,0.183071076869965,0.185769885778427,0.182479754090309,0.180879533290863,0.177823603153229,0.173938244581223,0.170395016670227,0.168110191822052,0.171179071068764,0.180075004696846,0.17888742685318,0.177656576037407,0.176771149039268,0.167457088828087,0.167383372783661,0.166442483663559,0.179789632558823,0.177890330553055,0.184301942586899,0.18457305431366,0.184280693531036,0.183948442339897,0.171049848198891,0.156436607241631,0.141802921891212
"2022-08-08",0.695880770683289,0.826859712600708,0.862968444824219,1.02144157886505,1.07295894622803,0.884469747543335,1.10831797122955,0.9885014295578,0.931970059871674,0.918411076068878,0.855599999427795,0.971956551074982,0.884301543235779,0.781732082366943,0.950619399547577,0.859601676464081,0.729281902313232,0.794540047645569,0.685129821300507,0.72356379032135,0.627763152122498,0.515992760658264,0.676436007022858,0.611412763595581,0.670538008213043,0.557723164558411,0.413710027933121,0.310052841901779,0.273479223251343,0.496853232383728,0.693041920661926,0.642565310001373,0.618794202804565,0.608609557151794,0.452602833509445,0.3649842441082,0.299179255962372,0.373277693986893,0.38732972741127,0.478430867195129,0.43551042675972,0.39700049161911,0.380308300256729,0.301804035902023,0.273854613304138,0.254151940345764
"2022-08-09",0.843505144119263,0.917893648147583,0.994919061660767,1.09504270553589,1.0943318605423,0.966776669025421,1.10076904296875,1.0153443813324,0.91462630033493,0.873976290225983,0.874082565307617,0.944825768470764,0.905787408351898,0.84984564781189,0.917992830276489,0.85646653175354,0.767555117607117,0.755638480186462,0.696728229522705,0.689783155918121,0.652391910552979,0.606297492980957,0.676496267318726,0.64115297794342,0.628432750701904,0.55917751789093,0.466900885105133,0.396183460950851,0.362502485513687,0.565596461296082,0.750895023345947,0.745572507381439,0.735979080200195,0.72180825471878,0.480019450187683,0.422944456338882,0.391637206077576,0.464697510004044,0.461484998464584,0.534027755260468,0.516169250011444,0.496335357427597,0.483788132667542,0.399754405021667,0.350528091192245,0.314539313316345
"2022-08-10",0.621740221977234,0.670217156410217,0.712621688842773,0.769000172615051,0.788622379302979,0.724533021450043,0.767541527748108,0.699211120605469,0.618191361427307,0.567273676395416,0.555519044399261,0.580120325088501,0.565733432769775,0.540127813816071,0.556443452835083,0.530750334262848,0.49141252040863,0.474986553192139,0.454751670360565,0.445441544055939,0.436168909072876,0.420682728290558,0.432051062583923,0.416739463806152,0.394209921360016,0.371970534324646,0.339497625827789,0.309958517551422,0.290974587202072,0.372852742671967,0.47591045498848,0.476731270551682,0.474485009908676,0.46887931227684,0.351239711046219,0.327753841876984,0.316738098859787,0.36131477355957,0.358628690242767,0.389990419149399,0.386413633823395,0.3820441365242,0.379067838191986,0.333252757787704,0.293765097856522,0.255834132432938
"2022-08-11",0.467343240976334,0.515924632549286,0.564566731452942,0.607789695262909,0.629801273345947,0.585044384002686,0.617253661155701,0.563877403736115,0.497525691986084,0.439447909593582,0.405016660690308,0.402886211872101,0.397024810314178,0.38580647110939,0.390917420387268,0.376630336046219,0.354720294475555,0.351718366146088,0.341208696365356,0.33645111322403,0.332856893539429,0.325207859277725,0.324383080005646,0.316191375255585,0.30156409740448,0.291973501443863,0.27698227763176,0.260952770709991,0.247342854738235,0.276379555463791,0.337926894426346,0.34089320898056,0.342578440904617,0.341674208641052,0.278572261333466,0.267560541629791,0.263113915920258,0.294100344181061,0.294128775596619,0.313250035047531,0.313231378793716,0.312319546937943,0.311488032341003,0.281760275363922,0.251253664493561,0.218304678797722
"2022-08-12",0.373978912830353,0.41652375459671,0.471198439598083,0.510426819324493,0.530940413475037,0.498834043741226,0.548609972000122,0.5074662566185,0.444680869579315,0.384064793586731,0.329929411411285,0.307736456394196,0.305034935474396,0.300245106220245,0.295439183712006,0.287170916795731,0.274126410484314,0.274134635925293,0.265497535467148,0.270398318767548,0.267940700054169,0.262469857931137,0.263999491930008,0.258343279361725,0.247693434357643,0.242536798119545,0.234367087483406,0.225316092371941,0.216755628585815,0.225379079580307,0.259764909744263,0.261811137199402,0.263254106044769,0.263127595186234,0.2275530397892,0.221847340464592,0.221067488193512,0.249582633376122,0.250136941671371,0.26659694314003,0.266966581344604,0.266141593456268,0.265735954046249,0.243868052959442,0.220109820365906,0.193552553653717
"2022-08-13",0.331621468067169,0.365959614515305,0.418619394302368,0.45380312204361,0.474053710699081,0.452485978603363,0.515151619911194,0.477785289287567,0.415716379880905,0.356129765510559,0.288832694292068,0.259638607501984,0.256923258304596,0.252347648143768,0.238888099789619,0.234143674373627,0.227162152528763,0.226440578699112,0.221168249845505,0.227238804101944,0.225165039300919,0.220365718007088,0.22516468167305,0.220394372940063,0.214802324771881,0.21086448431015,0.204997360706329,0.199024617671967,0.193618386983871,0.196190029382706,0.214598819613457,0.215411856770515,0.215685442090034,0.215230017900467,0.193838611245155,0.190378725528717,0.190515756607056,0.218359366059303,0.21841424703598,0.234012275934219,0.234279185533524,0.233861565589905,0.233776643872261,0.216092392802238,0.197605907917023,0.176982283592224
"2022-08-14",0.29147943854332,0.319361656904221,0.373425543308258,0.40472936630249,0.429394066333771,0.414430618286133,0.493223071098328,0.464596211910248,0.415297448635101,0.361654549837112,0.277815610170364,0.237648546695709,0.233952790498734,0.228349775075912,0.207382470369339,0.204834699630737,0.20110572874546,0.198419257998466,0.19447223842144,0.196899741888046,0.19574724137783,0.192511945962906,0.195139527320862,0.191637873649597,0.18990683555603,0.187463134527206,0.183687955141068,0.179565459489822,0.175432190299034,0.172897666692734,0.183431386947632,0.184189930558205,0.184364557266235,0.183966770768166,0.170168995857239,0.166786685585976,0.166155710816383,0.187612876296043,0.189430311322212,0.205153718590736,0.207592532038689,0.209162771701813,0.209559038281441,0.195166617631912,0.180405661463737,0.163382634520531
"2022-08-15",0.695849657058716,0.854865610599518,0.880982637405396,1.06438291072845,1.1177294254303,0.955684542655945,1.19569778442383,1.09279632568359,1.00182676315308,0.973642110824585,0.876415491104126,0.870960891246796,0.840641260147095,0.810019373893738,0.87558901309967,0.804453313350677,0.698354125022888,0.736926794052124,0.664533138275146,0.775837540626526,0.725664436817169,0.634450078010559,0.617581963539124,0.547048568725586,0.644878566265106,0.534160733222961,0.410266101360321,0.298646539449692,0.240821346640587,0.377657979726791,0.650177419185638,0.594940781593323,0.527605295181274,0.4675552546978,0.327741950750351,0.263792723417282,0.213978141546249,0.289307534694672,0.355692923069,0.513886511325836,0.513654708862305,0.477753609418869,0.42938956618309,0.309988260269165,0.285650134086609,0.261947453022003
"2022-08-16",0.81227308511734,0.906926929950714,0.998572945594788,1.12036979198456,1.13523423671722,1.00878942012787,1.22262454032898,1.14115583896637,1.01098680496216,0.974554300308228,0.949084341526031,0.986371517181396,0.971555531024933,0.939827799797058,0.953445196151733,0.915627002716064,0.85213828086853,0.792941749095917,0.760012686252594,0.817586898803711,0.797759115695953,0.74333667755127,0.637165248394012,0.597021520137787,0.637573838233948,0.593814969062805,0.53214693069458,0.453452795743942,0.377659052610397,0.380982726812363,0.597834646701813,0.62061870098114,0.63399875164032,0.62111759185791,0.395449221134186,0.335367947816849,0.285007238388062,0.32668861746788,0.377105057239532,0.570352971553802,0.593008577823639,0.592301905155182,0.572607934474945,0.425773471593857,0.385459959506989,0.349149376153946
"2022-08-17",0.621448993682861,0.670185923576355,0.727560639381409,0.789770007133484,0.792635917663574,0.73744535446167,0.893979251384735,0.847322106361389,0.76926064491272,0.692173838615417,0.657212257385254,0.666942715644836,0.656834483146667,0.633475363254547,0.628302454948425,0.611028790473938,0.585440278053284,0.553116202354431,0.53553968667984,0.528245568275452,0.51954597234726,0.497732937335968,0.443175405263901,0.425349742174149,0.42695289850235,0.416425347328186,0.401938498020172,0.378629863262177,0.3451187312603,0.285462290048599,0.353154450654984,0.370702147483826,0.397868871688843,0.420019865036011,0.331413894891739,0.296914011240005,0.258043169975281,0.264536470174789,0.288476139307022,0.391353875398636,0.413033068180084,0.434077560901642,0.444344341754913,0.377492904663086,0.347385764122009,0.317540466785431
"2022-08-18",0.53780072927475,0.559567213058472,0.587338626384735,0.621801495552063,0.627848267555237,0.602561235427856,0.755954027175903,0.740638136863708,0.694376111030579,0.632027864456177,0.537489235401154,0.503427982330322,0.496894240379333,0.481101870536804,0.472352981567383,0.457438230514526,0.43955135345459,0.427511215209961,0.415947377681732,0.402839571237564,0.395311117172241,0.379855155944824,0.349422812461853,0.339085757732391,0.334470272064209,0.331137180328369,0.324922263622284,0.313800275325775,0.295924246311188,0.253483235836029,0.273462146520615,0.278106838464737,0.285297930240631,0.290827125310898,0.253157734870911,0.243608057498932,0.233662635087967,0.230566963553429,0.247212991118431,0.308469355106354,0.324703931808472,0.341706871986389,0.35199299454689,0.332625776529312,0.309640109539032,0.285669565200806
"2022-08-19",0.470970988273621,0.495740592479706,0.501705408096313,0.531505107879639,0.547688782215118,0.537114024162292,0.669968008995056,0.644945979118347,0.597214818000793,0.544243276119232,0.449362456798553,0.414585620164871,0.408882021903992,0.396028757095337,0.373757243156433,0.362887561321259,0.349004477262497,0.334792256355286,0.328830569982529,0.325640052556992,0.32057535648346,0.30989745259285,0.293987810611725,0.287093311548233,0.280664622783661,0.276584953069687,0.270693302154541,0.262479811906815,0.251085668802261,0.22766076028347,0.230271086096764,0.228621035814285,0.227057918906212,0.225852862000465,0.199358060956001,0.192809790372849,0.191098943352699,0.208370685577393,0.221815600991249,0.262161821126938,0.273592054843903,0.285374820232391,0.292589634656906,0.285507500171661,0.273251473903656,0.260014295578003
"2022-08-20",0.411602854728699,0.441368341445923,0.440980136394501,0.472114145755768,0.489891767501831,0.472415685653687,0.577467441558838,0.547312617301941,0.50073254108429,0.459597527980804,0.373707830905914,0.349086046218872,0.342840939760208,0.329153418540955,0.310255527496338,0.299910008907318,0.286828130483627,0.273284673690796,0.268545210361481,0.271275103092194,0.268235951662064,0.261865496635437,0.256173640489578,0.250872254371643,0.24310277402401,0.239447250962257,0.233913749456406,0.227267563343048,0.219019785523415,0.200608506798744,0.199295178055763,0.196663990616798,0.193377882242203,0.190713971853256,0.167982369661331,0.161924034357071,0.161819383502007,0.184311985969543,0.195895090699196,0.227120071649551,0.235925883054733,0.245229423046112,0.250990003347397,0.250551521778107,0.242236092686653,0.23238730430603
"2022-08-21",0.365128636360168,0.397102952003479,0.390658050775528,0.421750873327255,0.430761098861694,0.406563401222229,0.492351770401001,0.459288090467453,0.42628538608551,0.408091455698013,0.318460464477539,0.305075258016586,0.29484236240387,0.278844147920609,0.264093339443207,0.254204094409943,0.241219282150269,0.225143194198608,0.220901399850845,0.229056268930435,0.225752770900726,0.221191078424454,0.226140305399895,0.221953496336937,0.214666157960892,0.211307749152184,0.206108182668686,0.200543850660324,0.194195702672005,0.178809329867363,0.174932405352592,0.172474756836891,0.169063374400139,0.166190341114998,0.149146184325218,0.14241199195385,0.141309052705765,0.159912079572678,0.170076489448547,0.198677361011505,0.205408617854118,0.212971359491348,0.217944443225861,0.223159953951836,0.217100545763969,0.209424927830696
"2022-08-22",0.990431487560272,1.2712813615799,1.31241595745087,1.67981684207916,1.82305955886841,1.52930653095245,1.69814968109131,1.4116290807724,1.24305653572083,1.24949419498444,1.0960510969162,1.22395348548889,1.1586446762085,1.06827855110168,1.06428205966949,1.00634849071503,0.921863198280334,0.933248162269592,0.912683367729187,0.997840404510498,0.959858953952789,0.873041570186615,0.777968406677246,0.639946520328522,0.779048323631287,0.63813316822052,0.483993947505951,0.343921780586243,0.268903017044067,0.389493316411972,0.617571711540222,0.548969924449921,0.507817149162292,0.498349875211716,0.519797921180725,0.447095423936844,0.365822523832321,0.319113820791245,0.346765607595444,0.396185159683228,0.382482290267944,0.351350218057632,0.32382732629776,0.268683612346649,0.260385692119598,0.25061497092247
"2022-08-23",1.05602777004242,1.17104125022888,1.33960604667664,1.49209523200989,1.56587648391724,1.38348031044006,1.58895456790924,1.41717147827148,1.26086449623108,1.2196044921875,1.14808678627014,1.24372208118439,1.19221448898315,1.13221454620361,1.12448120117188,1.10275185108185,1.06970691680908,1.0437798500061,1.0223023891449,1.08386445045471,1.04574239253998,0.965743899345398,0.769933819770813,0.712751626968384,0.728694200515747,0.674355268478394,0.605616450309753,0.519242525100708,0.435835003852844,0.451941430568695,0.634579420089722,0.642444849014282,0.652431190013885,0.661057472229004,0.568608582019806,0.552472472190857,0.523907840251923,0.449064910411835,0.443350464105606,0.4411441385746,0.443658500909805,0.4347765147686,0.422217696905136,0.314240276813507,0.296859264373779,0.27865195274353
"2022-08-24",0.706081807613373,0.76496434211731,0.821491122245789,0.882005929946899,0.887081146240234,0.827180504798889,0.976491868495941,0.894254207611084,0.797279596328735,0.717850089073181,0.699592769145966,0.750067472457886,0.717235088348389,0.682595610618591,0.67004656791687,0.662567496299744,0.651566565036774,0.640648484230042,0.63473117351532,0.653292536735535,0.637844979763031,0.607535481452942,0.530147433280945,0.507759749889374,0.468371033668518,0.451498836278915,0.430259346961975,0.400968670845032,0.366002976894379,0.340527951717377,0.410178482532501,0.415429800748825,0.423173069953918,0.430131196975708,0.370090395212173,0.370053619146347,0.371913224458694,0.362382382154465,0.353007376194,0.334348231554031,0.337632447481155,0.33814924955368,0.337648808956146,0.276942729949951,0.260164380073547,0.237889692187309
"2022-08-25",0.541514873504639,0.575047850608826,0.593556106090546,0.629597306251526,0.633966684341431,0.604362964630127,0.712681412696838,0.661503911018372,0.589429497718811,0.529151380062103,0.4870465695858,0.507462382316589,0.482749164104462,0.457080394029617,0.438258856534958,0.43440967798233,0.429681658744812,0.42508190870285,0.425561398267746,0.446893066167831,0.440273284912109,0.428273528814316,0.40463262796402,0.393160313367844,0.354434281587601,0.345044493675232,0.332056373357773,0.315900444984436,0.296280235052109,0.269436240196228,0.297688215970993,0.298624724149704,0.300416171550751,0.302280277013779,0.265635401010513,0.265601187944412,0.271201938390732,0.285567492246628,0.280625075101852,0.265977114439011,0.269208818674088,0.271785020828247,0.273116290569305,0.241158917546272,0.228552952408791,0.21042089164257
"2022-08-26",0.447947442531586,0.469859808683395,0.46328392624855,0.490589052438736,0.499992579221725,0.484835505485535,0.586113691329956,0.54327380657196,0.476642727851868,0.41798985004425,0.365917354822159,0.366627156734467,0.352248221635818,0.334278762340546,0.309930980205536,0.307583153247833,0.304660320281982,0.30190509557724,0.304761439561844,0.328032493591309,0.324601829051971,0.31965646147728,0.325951099395752,0.318943053483963,0.290355265140533,0.283360660076141,0.273097455501556,0.261313885450363,0.247573167085648,0.223242521286011,0.23356057703495,0.232483774423599,0.231371492147446,0.230709001421928,0.206729024648666,0.205948814749718,0.209386914968491,0.227719783782959,0.227062091231346,0.221161916851997,0.224894538521767,0.228289142251015,0.229753822088242,0.212442979216576,0.202354460954666,0.187930643558502
"2022-08-27",0.392920970916748,0.4145587682724,0.389061570167542,0.414785236120224,0.425046801567078,0.417778730392456,0.528680801391602,0.48374405503273,0.428173124790192,0.373863488435745,0.301649749279022,0.280695080757141,0.274448305368423,0.263982892036438,0.241577863693237,0.238687977194786,0.235150933265686,0.232731312513351,0.235378623008728,0.258081138134003,0.25592502951622,0.253421008586884,0.273133277893066,0.268222540616989,0.25013479590416,0.244379878044128,0.235232979059219,0.225536718964577,0.215459540486336,0.1962760835886,0.197024717926979,0.195003986358643,0.192398011684418,0.190412536263466,0.173464819788933,0.170415192842484,0.171748295426369,0.187584966421127,0.189371377229691,0.190502315759659,0.193866685032845,0.197142034769058,0.198871254920959,0.190028756856918,0.181481346487999,0.170191660523415
"2022-08-28",0.361508011817932,0.383577466011047,0.349211156368256,0.371054470539093,0.380523681640625,0.376059502363205,0.488142818212509,0.447598814964294,0.406457424163818,0.358085781335831,0.279352843761444,0.245140075683594,0.239239454269409,0.22888945043087,0.200281322002411,0.196860194206238,0.19306206703186,0.190009087324142,0.192014649510384,0.21442648768425,0.212639212608337,0.211117714643478,0.235649928450584,0.232289671897888,0.223373591899872,0.218710705637932,0.210534676909447,0.202230483293533,0.194413110613823,0.180683612823486,0.176980242133141,0.174657106399536,0.171539679169655,0.169044300913811,0.157080173492432,0.152517780661583,0.151478916406631,0.160690933465958,0.163679644465446,0.169563323259354,0.172693178057671,0.175909087061882,0.177825376391411,0.17431378364563,0.167417019605637,0.157954320311546
"2022-08-29",0.731843054294586,0.949289321899414,0.931596040725708,1.18097877502441,1.21061635017395,0.886791169643402,1.11151242256165,1.03315556049347,1.01746225357056,1.0373899936676,0.931421518325806,0.965040564537048,0.912481129169464,0.839874267578125,0.872815608978271,0.850205659866333,0.796623587608337,0.777832627296448,0.720314264297485,0.851880311965942,0.806151807308197,0.735887169837952,0.774492502212524,0.685035884380341,0.806307435035706,0.644522190093994,0.465753257274628,0.319552481174469,0.251052528619766,0.397429138422012,0.636879742145538,0.566835701465607,0.522321224212646,0.506627976894379,0.483244299888611,0.399728089570999,0.31764942407608,0.26316699385643,0.276751101016998,0.330257892608643,0.323832273483276,0.303219854831696,0.282507300376892,0.226599723100662,0.21179673075676,0.193621382117271
"2022-08-30",0.8112713098526,0.941268801689148,1.06632792949677,1.16981649398804,1.08574676513672,0.882435917854309,1.09012174606323,1.04246425628662,1.03905344009399,1.05040335655212,0.982498526573181,1.02014374732971,0.989578902721405,0.94726037979126,0.981273412704468,0.94905561208725,0.891110956668854,0.848276972770691,0.815831899642944,0.887551426887512,0.874005973339081,0.839623630046844,0.78050434589386,0.74817967414856,0.762175559997559,0.698039352893829,0.609318733215332,0.501531481742859,0.405830770730972,0.437242686748505,0.646437466144562,0.656050443649292,0.666984796524048,0.675256371498108,0.54984176158905,0.517812430858612,0.468062192201614,0.353009343147278,0.342206001281738,0.353383928537369,0.366968810558319,0.374666601419449,0.376583456993103,0.30996298789978,0.268508404493332,0.218984365463257
"2022-08-31",0.628260731697083,0.698504507541656,0.763702511787415,0.807412505149841,0.733406186103821,0.644285798072815,0.77399754524231,0.75903707742691,0.74883508682251,0.738478541374207,0.683713316917419,0.675668954849243,0.66432535648346,0.646910667419434,0.643190979957581,0.626321792602539,0.597704529762268,0.568333268165588,0.55154013633728,0.559365570545197,0.547800123691559,0.526454865932465,0.524185419082642,0.510081768035889,0.495486795902252,0.472156971693039,0.435810923576355,0.388016909360886,0.334829717874527,0.312873393297195,0.412356436252594,0.416498124599457,0.424966335296631,0.432355672121048,0.322989016771317,0.317403495311737,0.306903034448624,0.300008863210678,0.287506133317947,0.269969999790192,0.271320343017578,0.273523271083832,0.27685272693634,0.247488617897034,0.222234636545181,0.191845148801804
"2022-09-01",0.548994719982147,0.593352437019348,0.624538362026215,0.651479005813599,0.612355053424835,0.569763541221619,0.667559027671814,0.651663243770599,0.625372529029846,0.59484601020813,0.542823374271393,0.527902960777283,0.5142862200737,0.492937296628952,0.467909574508667,0.452335178852081,0.429803669452667,0.41616702079773,0.403087764978409,0.399093955755234,0.393195867538452,0.382219135761261,0.393878012895584,0.382876098155975,0.362909138202667,0.341582000255585,0.3090540766716,0.275475949048996,0.244605049490929,0.23192772269249,0.294480502605438,0.293152004480362,0.290996819734573,0.28814685344696,0.216941714286804,0.212252408266068,0.210773006081581,0.23330120742321,0.22482942044735,0.222120761871338,0.219331979751587,0.216233596205711,0.214878097176552,0.196302533149719,0.182347193360329,0.167245909571648
"2022-09-02",0.507211863994598,0.541847229003906,0.553645491600037,0.579417765140533,0.576934397220612,0.541819274425507,0.59379506111145,0.54748547077179,0.495078295469284,0.450977295637131,0.402246326208115,0.395409971475601,0.385132789611816,0.368700921535492,0.347732603549957,0.337406039237976,0.322460830211639,0.315999537706375,0.309386998414993,0.310152739286423,0.307240009307861,0.300695836544037,0.307021617889404,0.296803176403046,0.276626944541931,0.261767953634262,0.24117748439312,0.222307980060577,0.206739082932472,0.204466134309769,0.235859349370003,0.234318375587463,0.231672987341881,0.228823810815811,0.188608437776566,0.184580504894257,0.182412758469582,0.19611020386219,0.191550835967064,0.191998690366745,0.191683650016785,0.190827831625938,0.190483763813972,0.178202569484711,0.165797337889671,0.150929912924767
"2022-09-03",0.47896820306778,0.508193492889404,0.527079880237579,0.551126420497894,0.552529811859131,0.508683979511261,0.530138611793518,0.468463480472565,0.40710374712944,0.363015711307526,0.317209154367447,0.307657837867737,0.301474511623383,0.291167616844177,0.276643693447113,0.27049919962883,0.260417997837067,0.257008373737335,0.252951830625534,0.252708047628403,0.251742154359818,0.247540578246117,0.25048440694809,0.244039788842201,0.229799658060074,0.221488416194916,0.209448114037514,0.198022782802582,0.188191890716553,0.181791141629219,0.198121160268784,0.197543352842331,0.196076706051826,0.194252222776413,0.167609557509422,0.162772700190544,0.159665286540985,0.169902235269547,0.16795626282692,0.170745715498924,0.171930536627769,0.172469779849052,0.172638118267059,0.162894636392593,0.15193347632885,0.13839253783226
"2022-09-04",0.443886339664459,0.475009083747864,0.50224757194519,0.534352719783783,0.527662634849548,0.473752915859222,0.47227418422699,0.40289843082428,0.339802801609039,0.303044945001602,0.264491230249405,0.252477526664734,0.247213304042816,0.239046573638916,0.228741705417633,0.223782554268837,0.215446084737778,0.214128777384758,0.210439518094063,0.211188584566116,0.211046293377876,0.20828515291214,0.211375311017036,0.207048982381821,0.199522271752357,0.194955095648766,0.187883108854294,0.180525466799736,0.173537343740463,0.164675399661064,0.173085495829582,0.172626242041588,0.171293944120407,0.169633284211159,0.150856673717499,0.146884575486183,0.144439309835434,0.15003128349781,0.149693608283997,0.154037162661552,0.155825555324554,0.157317206263542,0.158029362559319,0.149888515472412,0.140686094760895,0.12919744849205
"2022-09-05",0.833684206008911,0.971695840358734,1.02355074882507,1.18308877944946,1.24722588062286,1.09366083145142,1.1827392578125,1.03588163852692,0.940456092357635,0.949605822563171,0.857338547706604,0.904586672782898,0.856621026992798,0.811255037784576,0.888442754745483,0.819894075393677,0.696183323860168,0.605612695217133,0.532088935375214,0.575644850730896,0.514222860336304,0.435930490493774,0.527233719825745,0.464881420135498,0.625161051750183,0.528733134269714,0.418512314558029,0.314980447292328,0.246890723705292,0.374167501926422,0.564676403999329,0.489325046539307,0.451235979795456,0.445122182369232,0.33289235830307,0.292116105556488,0.249361768364906,0.309838533401489,0.334540396928787,0.441339671611786,0.441819459199905,0.415926694869995,0.382649570703506,0.208712264895439,0.18436174094677,0.156274542212486
"2022-09-06",0.872352957725525,1.01379799842834,1.20311045646667,1.32054007053375,1.33186769485474,1.18778514862061,1.31250262260437,1.17971134185791,1.05358219146729,1.03546035289764,0.956138014793396,0.998249888420105,0.966971755027771,0.925273299217224,0.961903810501099,0.915089070796967,0.824430346488953,0.677008152008057,0.615776777267456,0.581984460353851,0.568103671073914,0.525177597999573,0.453696727752686,0.439152747392654,0.599527478218079,0.562040328979492,0.489763826131821,0.408007740974426,0.335690975189209,0.391168236732483,0.571236968040466,0.567910969257355,0.563141882419586,0.556532442569733,0.363333314657211,0.335525244474411,0.311899363994598,0.353320986032486,0.370355844497681,0.464473038911819,0.510662734508514,0.545873403549194,0.554001927375793,0.2878378033638,0.223249733448029,0.173752024769783
"2022-09-07",0.663707256317139,0.749553680419922,0.947791337966919,1.03692960739136,1.03640675544739,0.950744986534119,1.03550708293915,0.890875518321991,0.75814163684845,0.707487344741821,0.638479113578796,0.645293235778809,0.632909655570984,0.611010789871216,0.614041745662689,0.594547152519226,0.556403875350952,0.475363522768021,0.439250946044922,0.40556588768959,0.391178280115128,0.364679843187332,0.311385154724121,0.306223601102829,0.381406843662262,0.372168302536011,0.351412206888199,0.323342502117157,0.297058016061783,0.303526759147644,0.386115312576294,0.3905308842659,0.392962157726288,0.391265511512756,0.279164522886276,0.260290026664734,0.248390942811966,0.280640929937363,0.285925686359406,0.315121948719025,0.34318482875824,0.376934260129929,0.395541697740555,0.290909498929977,0.220984801650047,0.17932453751564
"2022-09-08",0.600063443183899,0.659297585487366,0.842988431453705,0.908532440662384,0.917414903640747,0.856276869773865,0.912561535835266,0.770151615142822,0.619263172149658,0.534896016120911,0.470271676778793,0.463481456041336,0.454697102308273,0.438909471035004,0.438696384429932,0.423238694667816,0.395439386367798,0.350123018026352,0.32806196808815,0.309219866991043,0.293517261743546,0.270410150289536,0.253230303525925,0.251336187124252,0.29118812084198,0.286539286375046,0.277250200510025,0.263905376195908,0.248976826667786,0.264154642820358,0.306399792432785,0.30893748998642,0.308890461921692,0.307159155607224,0.234713152050972,0.220449551939964,0.214376375079155,0.236223608255386,0.239112719893456,0.255133658647537,0.268280386924744,0.282850176095963,0.29148006439209,0.257420778274536,0.226700350642204,0.196265786886215
"2022-09-09",0.636998414993286,0.686086773872375,0.805289268493652,0.856882929801941,0.843514919281006,0.754250943660736,0.736782252788544,0.599469065666199,0.474136650562286,0.403486847877502,0.348137676715851,0.342095464468002,0.337288320064545,0.328336715698242,0.318834751844406,0.305777668952942,0.284006118774414,0.257020205259323,0.244063556194305,0.235256940126419,0.227828532457352,0.21675942838192,0.218270346522331,0.216848939657211,0.239450424909592,0.23434242606163,0.22556571662426,0.21487620472908,0.206476673483849,0.230743527412415,0.262326925992966,0.260298490524292,0.2568678855896,0.253471702337265,0.198329970240593,0.189296618103981,0.186102315783501,0.206993132829666,0.21008126437664,0.221502780914307,0.229105800390244,0.236612543463707,0.240810096263885,0.223175078630447,0.205341517925262,0.187175333499908
"2022-09-10",0.678536295890808,0.716093957424164,0.744354486465454,0.790390610694885,0.739830791950226,0.617747187614441,0.538269519805908,0.434670269489288,0.351673901081085,0.299425661563873,0.264927059412003,0.266321212053299,0.263407349586487,0.257535576820374,0.243158608675003,0.233116179704666,0.217291191220284,0.204830884933472,0.196151107549667,0.193063884973526,0.190910428762436,0.186349108815193,0.192428007721901,0.18948170542717,0.201223447918892,0.197166189551353,0.190859824419022,0.183680534362793,0.17859297990799,0.199700385332108,0.224103763699532,0.221309781074524,0.217320054769516,0.21346515417099,0.172864824533463,0.1671352237463,0.165164306759834,0.18372468650341,0.186865776777267,0.194681599736214,0.199596747756004,0.203402042388916,0.205278605222702,0.191046848893166,0.180119648575783,0.171578243374825
"2022-09-11",0.661687254905701,0.696436047554016,0.662741780281067,0.706446886062622,0.63651716709137,0.513977408409119,0.418948352336884,0.339890420436859,0.276409268379211,0.239560768008232,0.218464970588684,0.216099977493286,0.215023577213287,0.21163521707058,0.202673375606537,0.196110397577286,0.185414895415306,0.176469132304192,0.17065118253231,0.167542964220047,0.167023211717606,0.164787024259567,0.169325277209282,0.166396915912628,0.173198729753494,0.170227497816086,0.165830820798874,0.161078974604607,0.157661184668541,0.173732429742813,0.19339357316494,0.191787093877792,0.189191415905952,0.186320871114731,0.154810279607773,0.150840297341347,0.149869441986084,0.164672717452049,0.166753232479095,0.17179000377655,0.174946382641792,0.176775589585304,0.177113547921181,0.163826107978821,0.158151999115944,0.154116347432137
"2022-09-12",1.20641875267029,1.35488986968994,1.30631041526794,1.46281337738037,1.41006278991699,1.12994515895844,1.05387449264526,0.923834025859833,0.81341540813446,0.79566353559494,0.690307199954987,0.77197265625,0.7148756980896,0.640521883964539,0.71136087179184,0.654724180698395,0.57757306098938,0.600110828876495,0.535998940467834,0.536554932594299,0.492972433567047,0.412002921104431,0.401940375566483,0.349435597658157,0.524283766746521,0.43440505862236,0.341224431991577,0.266921371221542,0.237211272120476,0.373348504304886,0.612499833106995,0.535597622394562,0.49595719575882,0.485720485448837,0.33661150932312,0.295140326023102,0.258591860532761,0.39281702041626,0.414668321609497,0.470115751028061,0.446817874908447,0.387406885623932,0.329281479120255,0.176971510052681,0.167507335543633,0.151132524013519
"2022-09-13",1.35770320892334,1.38036179542542,1.53183269500732,1.60183954238892,1.51505863666534,1.28704690933228,1.27898216247559,1.16575479507446,0.993144035339355,0.911585211753845,0.815520644187927,0.845972299575806,0.81314080953598,0.766432285308838,0.79507964849472,0.764290809631348,0.714518427848816,0.673325896263123,0.623330175876617,0.596461713314056,0.555161833763123,0.476085364818573,0.407575786113739,0.391049057245255,0.504970490932465,0.461045563220978,0.391409426927567,0.329302877187729,0.295691013336182,0.415433973073959,0.631972074508667,0.627923548221588,0.6214799284935,0.611547529697418,0.382415056228638,0.350515753030777,0.32854813337326,0.462946832180023,0.471520811319351,0.493281900882721,0.507673740386963,0.49205482006073,0.45622593164444,0.209364548325539,0.184900850057602,0.153738990426064
"2022-09-14",1.0871741771698,1.0860960483551,1.18472838401794,1.21101891994476,1.11787486076355,0.981440544128418,1.01221323013306,0.934229254722595,0.784652948379517,0.682177484035492,0.580090999603271,0.569069266319275,0.554993152618408,0.534413874149323,0.538243174552917,0.530956089496613,0.515104055404663,0.461841344833374,0.446541786193848,0.406892240047455,0.39766189455986,0.366002798080444,0.318020701408386,0.308683753013611,0.344106942415237,0.325577616691589,0.293279141187668,0.260346829891205,0.242788851261139,0.312186658382416,0.431521713733673,0.437702983617783,0.4405337870121,0.436881840229034,0.296370059251785,0.274546593427658,0.25751718878746,0.312093496322632,0.311796456575394,0.336760938167572,0.353618502616882,0.367013186216354,0.370246767997742,0.228672817349434,0.197378292679787,0.167844042181969
"2022-09-15",0.937232851982117,0.944505572319031,0.977184414863586,1.00344467163086,0.903821110725403,0.79477322101593,0.835168361663818,0.752986311912537,0.637199640274048,0.553385019302368,0.453881978988647,0.433728992938995,0.424244284629822,0.410561442375183,0.404472768306732,0.401260733604431,0.392395287752151,0.341778725385666,0.337922990322113,0.299759089946747,0.296765923500061,0.28659725189209,0.260649502277374,0.25358635187149,0.272318780422211,0.261996865272522,0.243494808673859,0.225860729813576,0.216459736227989,0.26427236199379,0.338295370340347,0.343100488185883,0.344559401273727,0.340801179409027,0.2410708963871,0.22182434797287,0.206432104110718,0.235990956425667,0.240907996892929,0.275617897510529,0.283864498138428,0.291587442159653,0.297268748283386,0.241965383291245,0.210669577121735,0.180952981114388
"2022-09-16",0.771979331970215,0.813119769096375,0.786563098430634,0.843105256557465,0.764274418354034,0.657877683639526,0.655632376670837,0.559161007404327,0.476832211017609,0.417979836463928,0.354825675487518,0.346274971961975,0.338243961334229,0.327106416225433,0.317039012908936,0.306358605623245,0.29017761349678,0.266667932271957,0.254875063896179,0.240533575415611,0.233374521136284,0.222246736288071,0.221285820007324,0.214162662625313,0.226593181490898,0.217945724725723,0.206257045269012,0.19736123085022,0.193856656551361,0.240251138806343,0.288197040557861,0.285599052906036,0.28067883849144,0.274708449840546,0.196338623762131,0.183059528470039,0.176932573318481,0.212331146001816,0.214895516633987,0.244694322347641,0.243060186505318,0.239403411746025,0.2368134111166,0.200724318623543,0.184427544474602,0.171170726418495
"2022-09-17",0.56508469581604,0.611916840076447,0.592723786830902,0.642885267734528,0.58595073223114,0.488282978534698,0.457112491130829,0.394646942615509,0.345611780881882,0.309695422649384,0.279649674892426,0.277214527130127,0.272541224956512,0.265017926692963,0.252604246139526,0.243742242455482,0.231128871440887,0.217201188206673,0.208793237805367,0.199462875723839,0.194851070642471,0.186874523758888,0.189862266182899,0.183681607246399,0.191112145781517,0.186347931623459,0.181383699178696,0.178984880447388,0.179608419537544,0.219984605908394,0.249457612633705,0.243210420012474,0.234507665038109,0.22647525370121,0.164572611451149,0.15643298625946,0.15581576526165,0.195149660110474,0.193516075611115,0.210733324289322,0.20727202296257,0.202823102474213,0.200049102306366,0.17663936316967,0.164019986987114,0.151957333087921
"2022-09-18",0.476454854011536,0.515561282634735,0.502840995788574,0.537533938884735,0.483133286237717,0.405844867229462,0.356681883335114,0.315725922584534,0.283484041690826,0.25966739654541,0.237802773714066,0.235172241926193,0.232417985796928,0.227567002177238,0.217942968010902,0.212230280041695,0.203741565346718,0.191571369767189,0.186001002788544,0.176540419459343,0.174249351024628,0.169306889176369,0.168908894062042,0.164831832051277,0.170441806316376,0.168472155928612,0.166308954358101,0.165033712983131,0.164999917149544,0.192083731293678,0.215173274278641,0.210713982582092,0.204025894403458,0.197620287537575,0.149090498685837,0.141292631626129,0.139970645308495,0.171669974923134,0.172041460871696,0.18571101129055,0.185948476195335,0.184813722968102,0.183639079332352,0.167286723852158,0.156324446201324,0.14451976120472
"2022-09-19",1.33311533927917,1.43262672424316,1.53931760787964,1.64608693122864,1.55421686172485,1.33097243309021,1.26675617694855,1.10872721672058,0.907875418663025,0.854519188404083,0.687685906887054,0.756233215332031,0.688161075115204,0.603884279727936,0.587782561779022,0.538548946380615,0.496062606573105,0.498032987117767,0.471620738506317,0.574837684631348,0.544965744018555,0.495421767234802,0.512771487236023,0.467437148094177,0.637448608875275,0.554157912731171,0.465241134166718,0.394950091838837,0.360844314098358,0.54501074552536,0.794506788253784,0.713851451873779,0.686517834663391,0.691316485404968,0.522664248943329,0.455921530723572,0.39563924074173,0.607833802700043,0.639163851737976,0.803596138954163,0.73125296831131,0.600085079669952,0.545982956886292,0.372162699699402,0.337004572153091,0.318779975175858
"2022-09-20",1.57840657234192,1.67276978492737,1.76706099510193,1.88527417182922,1.76298069953918,1.4917573928833,1.42845368385315,1.26842761039734,1.05551314353943,0.952005743980408,0.837960124015808,0.846240162849426,0.804796934127808,0.74941873550415,0.687494575977325,0.667668581008911,0.64631187915802,0.629502058029175,0.630088448524475,0.684340596199036,0.672872364521027,0.642923295497894,0.63945996761322,0.617588996887207,0.678540825843811,0.636956870555878,0.580384969711304,0.536548674106598,0.516788244247437,0.677734196186066,0.890449345111847,0.888897001743317,0.883010983467102,0.871606707572937,0.607073724269867,0.55133318901062,0.519574522972107,0.743572056293488,0.730884730815887,0.874842882156372,0.837477147579193,0.775972545146942,0.7419793009758,0.543237566947937,0.47502988576889,0.417994022369385
"2022-09-21",1.09308195114136,1.14639127254486,1.17357993125916,1.23767495155334,1.18679916858673,1.04819965362549,0.988451242446899,0.892849266529083,0.780505776405334,0.691818356513977,0.601569473743439,0.582230150699615,0.568478345870972,0.548582673072815,0.516467452049255,0.509838283061981,0.50235503911972,0.499352276325226,0.495048135519028,0.49607241153717,0.493293046951294,0.483039349317551,0.482555896043777,0.468170493841171,0.474002063274384,0.460062325000763,0.443700104951859,0.434119313955307,0.434449225664139,0.52656614780426,0.617041766643524,0.61332356929779,0.605027914047241,0.594089686870575,0.446842402219772,0.415923178195953,0.401488304138184,0.508431673049927,0.504777848720551,0.573647975921631,0.570874750614166,0.564385950565338,0.558292806148529,0.468369394540787,0.419822216033936,0.371209383010864
"2022-09-22",0.852437734603882,0.880890071392059,0.878912210464478,0.916803479194641,0.902214825153351,0.824213147163391,0.80890166759491,0.741337895393372,0.649238228797913,0.568135619163513,0.473621428012848,0.444529712200165,0.438176900148392,0.428528338670731,0.410242438316345,0.407463431358337,0.404043197631836,0.403328329324722,0.400143891572952,0.390085160732269,0.391169816255569,0.387343287467957,0.381134837865829,0.372550249099731,0.372718662023544,0.367493897676468,0.361957639455795,0.359752118587494,0.362340718507767,0.418057024478912,0.46515154838562,0.460941880941391,0.4532310962677,0.444430321455002,0.35457855463028,0.3349988758564,0.326592743396759,0.392244279384613,0.393803387880325,0.435892939567566,0.440607339143753,0.443712919950485,0.443676114082336,0.399060130119324,0.367447346448898,0.332943081855774
"2022-09-23",0.719366312026978,0.728061616420746,0.712418556213379,0.733801901340485,0.73564749956131,0.693003296852112,0.721344351768494,0.673394203186035,0.58309006690979,0.504025936126709,0.398990094661713,0.363126903772354,0.358196496963501,0.351064622402191,0.336792498826981,0.33546832203865,0.333886116743088,0.33532240986824,0.332649946212769,0.323815107345581,0.326201677322388,0.325311660766602,0.318817764520645,0.312941521406174,0.311014831066132,0.30833175778389,0.305792331695557,0.305355936288834,0.307766199111938,0.342481583356857,0.37209078669548,0.368931651115417,0.363108187913895,0.356609612703323,0.294943809509277,0.281143546104431,0.275766730308533,0.320642054080963,0.324893176555634,0.355827212333679,0.362857103347778,0.368755221366882,0.37146782875061,0.345248848199844,0.323537886142731,0.298850417137146
"2022-09-24",0.636676371097565,0.642504811286926,0.615347743034363,0.636769890785217,0.642258524894714,0.61971116065979,0.699053645133972,0.660420417785645,0.571465015411377,0.47983968257904,0.354868084192276,0.312324374914169,0.30643218755722,0.29863566160202,0.284822225570679,0.284086883068085,0.283559203147888,0.287794560194016,0.285790741443634,0.281610012054443,0.283404439687729,0.283255100250244,0.281392365694046,0.276500940322876,0.272736251354218,0.270514935255051,0.268491685390472,0.268254309892654,0.270107418298721,0.294775992631912,0.314856767654419,0.311493277549744,0.306013494729996,0.300353795289993,0.253127664327621,0.243106707930565,0.239942997694016,0.274752140045166,0.28020167350769,0.307482272386551,0.314727276563644,0.320823162794113,0.323532432317734,0.303919613361359,0.288214683532715,0.27044278383255
"2022-09-25",0.564559817314148,0.577359318733215,0.570255696773529,0.589477598667145,0.601924002170563,0.593153834342957,0.699774980545044,0.658408045768738,0.554468095302582,0.46300745010376,0.31754532456398,0.274867743253708,0.267234683036804,0.258041143417358,0.245934456586838,0.246405467391014,0.247422635555267,0.253146052360535,0.252878785133362,0.251498252153397,0.253079503774643,0.252872854471207,0.253442585468292,0.248762086033821,0.245151862502098,0.243400111794472,0.241995990276337,0.241801857948303,0.242520704865456,0.260592460632324,0.273920029401779,0.270206034183502,0.264107227325439,0.258216351270676,0.220261633396149,0.213102251291275,0.211907133460045,0.239372193813324,0.245097979903221,0.270648628473282,0.278274953365326,0.285455971956253,0.287456452846527,0.270707905292511,0.259109824895859,0.246054023504257
"2022-09-26",1.03015172481537,1.06859076023102,1.09758400917053,1.18255162239075,1.18821907043457,0.962214589118958,1.00585901737213,0.95146644115448,0.849741220474243,0.78400981426239,0.713826715946198,0.788735389709473,0.744747757911682,0.688306093215942,0.735372304916382,0.706639289855957,0.656452715396881,0.676872253417969,0.647775888442993,0.681434392929077,0.660121142864227,0.611021101474762,0.60658061504364,0.548180878162384,0.683158934116364,0.612021744251251,0.526601672172546,0.434368968009949,0.424500107765198,0.60119241476059,0.787777900695801,0.715744078159332,0.681749284267426,0.68441516160965,0.58436530828476,0.504622161388397,0.432747691869736,0.693461120128632,0.772449314594269,1.03532588481903,1.00821590423584,0.935899913311005,0.866168797016144,0.651508033275604,0.53887152671814,0.499951124191284
"2022-09-27",1.12711727619171,1.17621374130249,1.19187617301941,1.27021980285645,1.17852067947388,1.02167916297913,1.0938446521759,1.00693941116333,0.905803561210632,0.862803339958191,0.872386455535889,0.925566494464874,0.893005967140198,0.845402777194977,0.85425591468811,0.809919714927673,0.75314050912857,0.777949571609497,0.757829964160919,0.792886555194855,0.762583494186401,0.698994219303131,0.687657356262207,0.647076785564423,0.718383073806763,0.665523052215576,0.592284023761749,0.534990608692169,0.535047471523285,0.725050270557404,0.918886542320251,0.905790030956268,0.893857777118683,0.879360854625702,0.621150314807892,0.567584991455078,0.544501066207886,0.836597323417664,0.883879244327545,1.13843405246735,1.20179843902588,1.24394404888153,1.25942766666412,0.944442689418793,0.730110585689545,0.62237685918808
"2022-09-28",0.83291482925415,0.867433190345764,0.875091552734375,0.930694341659546,0.898714244365692,0.81813246011734,0.889813542366028,0.792416334152222,0.698136448860168,0.658573985099792,0.641741216182709,0.655197083950043,0.633622348308563,0.60183584690094,0.57371973991394,0.550232470035553,0.521993517875671,0.540265142917633,0.525564551353455,0.534998297691345,0.510952293872833,0.473118036985397,0.490523844957352,0.467960834503174,0.491395115852356,0.472681760787964,0.452086865901947,0.446593016386032,0.456004023551941,0.57132613658905,0.66713136434555,0.655336260795593,0.639006435871124,0.621964812278748,0.450351744890213,0.426123529672623,0.429229557514191,0.615805625915527,0.629406452178955,0.72863358259201,0.769099533557892,0.814820885658264,0.840683281421661,0.735699713230133,0.618773818016052,0.514640033245087
"2022-09-29",0.67184454202652,0.688300430774689,0.72933828830719,0.772369384765625,0.759036600589752,0.693267822265625,0.742032885551453,0.660153090953827,0.570733189582825,0.527253568172455,0.492965847253799,0.494651138782501,0.479477941989899,0.45820540189743,0.438529193401337,0.425773739814758,0.40920352935791,0.413707911968231,0.400730043649673,0.399064689874649,0.386618137359619,0.366945058107376,0.382378190755844,0.370632588863373,0.391797482967377,0.386498719453812,0.384512603282928,0.387507259845734,0.395365506410599,0.475866168737411,0.524190127849579,0.507940173149109,0.485571980476379,0.465839117765427,0.347078561782837,0.335082530975342,0.346601635217667,0.481169790029526,0.489771544933319,0.55614048242569,0.576620817184448,0.599715948104858,0.613437473773956,0.560021460056305,0.496563732624054,0.433987587690353
"2022-09-30",0.569991827011108,0.579199492931366,0.638245224952698,0.669927537441254,0.655045390129089,0.593858599662781,0.624280154705048,0.561684250831604,0.47781440615654,0.432848989963531,0.391734004020691,0.388906449079514,0.380096465349197,0.36806532740593,0.358074486255646,0.350516647100449,0.338923692703247,0.335032016038895,0.324290454387665,0.321222633123398,0.31684935092926,0.308449238538742,0.320484042167664,0.315795958042145,0.337330728769302,0.335429549217224,0.336578547954559,0.339931339025497,0.344358593225479,0.399209916591644,0.424186587333679,0.408322602510452,0.384654372930527,0.366101771593094,0.283909261226654,0.281810909509659,0.297800987958908,0.406498908996582,0.416593641042709,0.463088035583496,0.475980013608932,0.488619655370712,0.495648771524429,0.463144183158875,0.418856918811798,0.37477496266365
"2022-10-01",0.49826991558075,0.511950850486755,0.551479637622833,0.581891477108002,0.565598249435425,0.512862801551819,0.531624317169189,0.484617590904236,0.413511842489243,0.371068000793457,0.325907468795776,0.319018691778183,0.314514100551605,0.308515310287476,0.305176943540573,0.301950395107269,0.296888262033463,0.286943018436432,0.282863676548004,0.27339243888855,0.275296419858932,0.274522483348846,0.278657495975494,0.276591062545776,0.29479393362999,0.294053971767426,0.295182019472122,0.298511564731598,0.301681011915207,0.332627475261688,0.353544056415558,0.342475652694702,0.326790302991867,0.314202785491943,0.254890143871307,0.256394177675247,0.272920101881027,0.364695966243744,0.370822131633759,0.389749854803085,0.402130305767059,0.414446383714676,0.421388685703278,0.398753255605698,0.363422632217407,0.327986627817154
"2022-10-02",0.436457574367523,0.45218500494957,0.471425712108612,0.501270771026611,0.488231360912323,0.445614516735077,0.469597041606903,0.433659315109253,0.369509339332581,0.329425990581512,0.283888816833496,0.272718220949173,0.269877105951309,0.266335427761078,0.266191780567169,0.265244215726852,0.263166815042496,0.254607647657394,0.250073969364166,0.241782024502754,0.244162857532501,0.244843065738678,0.248012036085129,0.247075900435448,0.261908084154129,0.261991441249847,0.262589633464813,0.264744848012924,0.266277641057968,0.285265117883682,0.30254465341568,0.295238196849823,0.28565776348114,0.277706533670425,0.233435347676277,0.238432437181473,0.254547446966171,0.324516147375107,0.326516151428223,0.332129955291748,0.343263357877731,0.355025768280029,0.362204283475876,0.350604444742203,0.323463886976242,0.291557013988495
"2022-10-03",0.740910708904266,0.792207598686218,0.85947972536087,0.920033693313599,0.904994606971741,0.803609251976013,0.883071184158325,0.835293173789978,0.746728956699371,0.733125925064087,0.662572860717773,0.731164693832397,0.702175676822662,0.666346490383148,0.644662261009216,0.623983442783356,0.610428810119629,0.628903269767761,0.60826826095581,0.664144158363342,0.638622879981995,0.58715295791626,0.639558374881744,0.623335242271423,0.864661693572998,0.784117102622986,0.689950048923492,0.587900221347809,0.554625332355499,0.746527969837189,1.00697159767151,0.898673713207245,0.862394392490387,0.873791098594666,0.862594485282898,0.806291401386261,0.775641441345215,0.938524723052979,0.998918235301971,1.07175397872925,1.13924622535706,1.20356702804565,1.2302029132843,1.17680406570435,1.03570747375488,1.0051281452179
"2022-10-04",0.930302560329437,0.956956148147583,1.0450667142868,1.11127507686615,1.05581593513489,0.966723203659058,1.09894073009491,1.03216147422791,0.915003418922424,0.878288865089417,0.865535795688629,0.886749267578125,0.872824370861053,0.852352678775787,0.824423432350159,0.810161828994751,0.78876918554306,0.79567551612854,0.771715342998505,0.80392462015152,0.778712630271912,0.730190694332123,0.77690851688385,0.781894266605377,0.980296015739441,0.923988521099091,0.840108454227448,0.773692667484283,0.740282356739044,0.945652067661285,1.17609870433807,1.16946041584015,1.16954076290131,1.1701807975769,0.952365636825562,0.964500606060028,0.999380350112915,1.34883534908295,1.34656846523285,1.38460063934326,1.44783997535706,1.50218665599823,1.53167057037354,1.40262913703918,1.29065704345703,1.24713623523712
"2022-10-05",0.773055195808411,0.791556000709534,0.845585644245148,0.892644643783569,0.866036891937256,0.812009513378143,0.943911612033844,0.88476574420929,0.768923223018646,0.713585376739502,0.668561518192291,0.666783571243286,0.657259404659271,0.643164277076721,0.629304647445679,0.619409739971161,0.605575561523438,0.607328593730927,0.588951826095581,0.586613714694977,0.578059077262878,0.56012487411499,0.603463768959045,0.59333086013794,0.668140113353729,0.64233410358429,0.607688844203949,0.589956879615784,0.592194139957428,0.729151904582977,0.852395415306091,0.843670964241028,0.83334356546402,0.822891235351562,0.66875171661377,0.685366094112396,0.729771673679352,0.956674456596375,0.936626374721527,0.926274359226227,0.956228315830231,0.980569243431091,0.988161504268646,0.922504305839539,0.897875964641571,0.866914093494415
"2022-10-06",0.666202902793884,0.679855763912201,0.722632646560669,0.763514578342438,0.748924016952515,0.7129185795784,0.850039601325989,0.793892920017242,0.670802652835846,0.608110666275024,0.541449248790741,0.528204917907715,0.520771920681,0.509991526603699,0.498588442802429,0.492415755987167,0.484870135784149,0.483486592769623,0.473994821310043,0.471001595258713,0.469146877527237,0.459399104118347,0.480268150568008,0.471158266067505,0.510572731494904,0.500564277172089,0.488758414983749,0.490327060222626,0.500697612762451,0.582475244998932,0.654406368732452,0.646117687225342,0.63575667142868,0.626504957675934,0.535595059394836,0.553679883480072,0.590370535850525,0.71246862411499,0.704344391822815,0.685052394866943,0.702256381511688,0.715721309185028,0.720017492771149,0.699377238750458,0.679485440254211,0.654874444007874
"2022-10-07",0.598410248756409,0.614661991596222,0.649973034858704,0.68954336643219,0.68316262960434,0.654333710670471,0.795305728912354,0.72198498249054,0.609865128993988,0.536134362220764,0.455705285072327,0.435631364583969,0.429159045219421,0.420133262872696,0.408955514431,0.405069023370743,0.400439828634262,0.4012211561203,0.396386086940765,0.396574884653091,0.395444095134735,0.388201802968979,0.40006759762764,0.393983036279678,0.421069234609604,0.417793214321136,0.414972096681595,0.420803517103195,0.429474174976349,0.480713963508606,0.527146399021149,0.520623624324799,0.512693822383881,0.506479263305664,0.459620386362076,0.476069688796997,0.4969702064991,0.570465564727783,0.559743583202362,0.548429369926453,0.560216546058655,0.570126354694366,0.575865268707275,0.561145067214966,0.544166684150696,0.523850798606873
"2022-10-08",0.563950896263123,0.577564716339111,0.61439722776413,0.647186517715454,0.641347050666809,0.613780438899994,0.756369531154633,0.685880243778229,0.570480108261108,0.487018525600433,0.393894821405411,0.369758903980255,0.363949775695801,0.35615947842598,0.345434427261353,0.342996120452881,0.340257853269577,0.342721074819565,0.340120613574982,0.340577006340027,0.340785324573517,0.336310982704163,0.346402794122696,0.342667639255524,0.364025056362152,0.363123714923859,0.362265914678574,0.364305734634399,0.367913126945496,0.405778884887695,0.440027922391891,0.435465395450592,0.430479824542999,0.426575928926468,0.389703512191772,0.395672559738159,0.406334757804871,0.466507375240326,0.462508589029312,0.459740519523621,0.469539940357208,0.477530390024185,0.481429398059845,0.467082589864731,0.451880156993866,0.434085845947266
"2022-10-09",0.549836039543152,0.555574059486389,0.592388272285461,0.618765830993652,0.60803097486496,0.585057020187378,0.738732695579529,0.656742811203003,0.52865481376648,0.445120602846146,0.345022022724152,0.319239318370819,0.313683807849884,0.306821644306183,0.297856718301773,0.296742677688599,0.296028763055801,0.302854359149933,0.30160641670227,0.302490741014481,0.303341120481491,0.300761669874191,0.311473995447159,0.307557284832001,0.323186993598938,0.32198229432106,0.320199370384216,0.318414360284805,0.319068551063538,0.351579129695892,0.377400457859039,0.373537331819534,0.369237512350082,0.365677237510681,0.328325271606445,0.327937364578247,0.332495242357254,0.394890010356903,0.391947209835052,0.39750325679779,0.40482622385025,0.410332918167114,0.412585139274597,0.397900402545929,0.38430905342102,0.36898347735405
"2022-10-10",1.02333378791809,1.0646698474884,1.03913879394531,1.09817051887512,1.04178261756897,0.9208083152771,1.15069508552551,1.07857084274292,0.922055244445801,0.933286249637604,0.869160234928131,0.986307740211487,0.890797853469849,0.761869490146637,0.826640903949738,0.744262278079987,0.64557147026062,0.780778765678406,0.727737307548523,0.848985075950623,0.754690706729889,0.625272154808044,0.737427949905396,0.653553009033203,0.883164465427399,0.799302637577057,0.691415429115295,0.567501962184906,0.552160024642944,0.852836668491364,1.18474817276001,1.06699764728546,1.00035464763641,0.982955098152161,0.874201714992523,0.803212404251099,0.728735387325287,1.01502513885498,1.02069425582886,1.14290285110474,1.11412906646729,1.07639765739441,1.10112798213959,0.982421159744263,0.923856377601624,0.889767527580261
"2022-10-11",1.22265887260437,1.25076413154602,1.23195385932922,1.29249608516693,1.1803320646286,1.07539689540863,1.3595073223114,1.27847027778625,1.10587787628174,1.06951320171356,1.05224776268005,1.11725986003876,1.04452633857727,0.940300345420837,0.878228902816772,0.818708181381226,0.756416857242584,0.877128064632416,0.858839869499207,0.886468768119812,0.828228235244751,0.734916865825653,0.793296158313751,0.767768979072571,0.921193718910217,0.864431023597717,0.772534191608429,0.690005302429199,0.696930110454559,1.02737545967102,1.33442103862762,1.32242071628571,1.31173825263977,1.30028867721558,0.982815980911255,0.91054493188858,0.862694561481476,1.17136514186859,1.16970384120941,1.28464329242706,1.30545687675476,1.31747603416443,1.33204793930054,1.22811901569366,1.13200068473816,1.02945673465729
"2022-10-12",1.01919293403625,1.03463196754456,1.04269790649414,1.08033668994904,1.01022839546204,0.953226864337921,1.21017861366272,1.12854325771332,0.930126488208771,0.845870018005371,0.770535230636597,0.771710991859436,0.735851168632507,0.681404054164886,0.616004884243011,0.592359721660614,0.570230484008789,0.628453552722931,0.617019295692444,0.615371942520142,0.596837818622589,0.563223600387573,0.597915351390839,0.580460250377655,0.630822241306305,0.605216562747955,0.572568893432617,0.551984190940857,0.57377827167511,0.745944857597351,0.914136528968811,0.912960410118103,0.912208378314972,0.909227192401886,0.702294290065765,0.664585709571838,0.669224262237549,0.832548379898071,0.845127463340759,0.888389766216278,0.911100149154663,0.928512871265411,0.939478754997253,0.88482928276062,0.823303639888763,0.753597438335419
"2022-10-13",0.887656807899475,0.898548603057861,0.920945405960083,0.952411472797394,0.911309838294983,0.872497797012329,1.10946524143219,1.01875352859497,0.808984935283661,0.702729761600494,0.599633157253265,0.581750929355621,0.558728814125061,0.524567186832428,0.479687809944153,0.467715680599213,0.457423031330109,0.493200033903122,0.484438091516495,0.4785957634449,0.469122409820557,0.451417922973633,0.474683672189713,0.462082475423813,0.486529350280762,0.476993203163147,0.468412190675735,0.47007218003273,0.486592233181,0.590137958526611,0.689919948577881,0.687489032745361,0.685319721698761,0.682962477207184,0.545477151870728,0.523729383945465,0.53322184085846,0.651477992534637,0.656551539897919,0.675500333309174,0.692501068115234,0.706726312637329,0.713521182537079,0.677644968032837,0.637268543243408,0.591473758220673
"2022-10-14",0.792296767234802,0.799530029296875,0.83796626329422,0.866125881671906,0.842713534832001,0.815000236034393,1.03101634979248,0.941603541374207,0.722083747386932,0.605488061904907,0.487246841192245,0.461227864027023,0.446114540100098,0.423953920602798,0.393108159303665,0.386384874582291,0.381001740694046,0.403073370456696,0.398227572441101,0.391963958740234,0.388479173183441,0.378534108400345,0.391399562358856,0.384272336959839,0.402562588453293,0.399116426706314,0.396584212779999,0.400464832782745,0.414099097251892,0.480168133974075,0.547820091247559,0.545519053936005,0.543032824993134,0.54053407907486,0.444441318511963,0.429653525352478,0.438699662685394,0.52600485086441,0.530247569084167,0.539100885391235,0.552210628986359,0.563726365566254,0.569819629192352,0.543503046035767,0.514748096466064,0.482913255691528
"2022-10-15",0.72942465543747,0.726479470729828,0.787525296211243,0.806978940963745,0.793996691703796,0.773190259933472,0.973236322402954,0.895509719848633,0.672162294387817,0.540925443172455,0.412129461765289,0.380617439746857,0.369418799877167,0.35341888666153,0.332463055849075,0.328620404005051,0.325826048851013,0.340309768915176,0.337800800800323,0.334832549095154,0.334284126758575,0.328489869832993,0.334578663110733,0.331243067979813,0.348414450883865,0.346772104501724,0.344742178916931,0.346918433904648,0.356315940618515,0.400172263383865,0.449777334928513,0.448035329580307,0.445896327495575,0.443822264671326,0.375661462545395,0.365277945995331,0.373375773429871,0.438299834728241,0.44180104136467,0.446503490209579,0.456248998641968,0.465489119291306,0.471471339464188,0.450165808200836,0.428600996732712,0.405811101198196
"2022-10-16",0.690202116966248,0.67974066734314,0.758514404296875,0.76977127790451,0.763100266456604,0.746936798095703,0.935293078422546,0.866498947143555,0.648418068885803,0.501476228237152,0.361532807350159,0.323766022920609,0.315162062644958,0.303074151277542,0.286662548780441,0.284652173519135,0.283554702997208,0.294361233711243,0.293698072433472,0.293647021055222,0.294715285301208,0.291581302881241,0.294574618339539,0.292831212282181,0.308624893426895,0.307650625705719,0.305803388357162,0.306819885969162,0.31184309720993,0.342689573764801,0.38067027926445,0.379464864730835,0.377608895301819,0.375791102647781,0.325604438781738,0.318290174007416,0.325670093297958,0.374928832054138,0.37765046954155,0.380290329456329,0.388210743665695,0.395434468984604,0.399449467658997,0.382696330547333,0.365500807762146,0.347557127475739
"2022-10-17",1.40499210357666,1.46436381340027,1.66003680229187,1.77204823493958,1.77549576759338,1.58462011814117,1.86734688282013,1.76530957221985,1.51368451118469,1.28879678249359,1.03621315956116,1.067063331604,1.12999546527863,1.21089363098145,1.11416816711426,1.07463705539703,0.995734572410583,0.797981977462769,0.83943784236908,0.881066262722015,0.908232569694519,0.869004487991333,0.611501455307007,0.60141932964325,0.766744792461395,0.71128898859024,0.627390742301941,0.56213515996933,0.586052060127258,0.832568466663361,1.11989545822144,1.02812814712524,0.969048857688904,0.953116357326508,0.866001963615417,0.795869052410126,0.809269726276398,0.925238788127899,0.963740587234497,0.937218546867371,0.95302677154541,0.940062403678894,0.909477829933167,0.747739732265472,0.706791281700134,0.695715487003326
"2022-10-18",1.76342666149139,1.77263069152832,2.01634454727173,2.10906934738159,2.03174734115601,1.87261986732483,2.23021984100342,2.11409759521484,1.80158615112305,1.58848702907562,1.46573662757874,1.46911203861237,1.49053621292114,1.50340974330902,1.48745274543762,1.43753182888031,1.34265756607056,1.14244437217712,1.10187089443207,1.10283136367798,1.08256542682648,0.989542245864868,0.806538283824921,0.783068120479584,0.860723316669464,0.825818777084351,0.772703647613525,0.778343915939331,0.830530226230621,1.02350866794586,1.2755708694458,1.2684143781662,1.26173269748688,1.25598907470703,1.02943301200867,0.991833865642548,1.02785980701447,1.17567121982574,1.14761900901794,1.05490493774414,1.08503091335297,1.09565722942352,1.08853840827942,0.943644642829895,0.87798935174942,0.813970148563385
"2022-10-19",1.40820717811584,1.40442609786987,1.51675009727478,1.57113862037659,1.51742672920227,1.45460259914398,1.79087281227112,1.67572689056396,1.40545272827148,1.21868300437927,1.08150339126587,1.06549835205078,1.05365633964539,1.03120732307434,1.01023554801941,0.979322195053101,0.923720419406891,0.83232980966568,0.787720680236816,0.763074994087219,0.74613744020462,0.696495890617371,0.620642304420471,0.60544103384018,0.629057466983795,0.617675364017487,0.600403726100922,0.608427345752716,0.634824872016907,0.727068483829498,0.874608814716339,0.877082228660583,0.880126357078552,0.880322456359863,0.737101137638092,0.731403470039368,0.745734572410583,0.829624474048615,0.80602377653122,0.74706757068634,0.762543797492981,0.775124907493591,0.782339692115784,0.731703877449036,0.685841381549835,0.636615812778473
"2022-10-20",1.20331358909607,1.16539454460144,1.26714301109314,1.27076804637909,1.23945105075836,1.22167444229126,1.55804324150085,1.51541662216187,1.22836852073669,0.996378540992737,0.828193426132202,0.801722407341003,0.786090910434723,0.761232018470764,0.733793437480927,0.711366713047028,0.674122154712677,0.614304959774017,0.588469684123993,0.583053708076477,0.565458238124847,0.530386388301849,0.500634551048279,0.492667555809021,0.507037222385406,0.501602530479431,0.49350368976593,0.49702113866806,0.502958655357361,0.573989152908325,0.661011278629303,0.660565674304962,0.659799635410309,0.657896459102631,0.570016980171204,0.566569209098816,0.570393085479736,0.624412357807159,0.611462712287903,0.59272837638855,0.602469027042389,0.609804749488831,0.616066992282867,0.586139619350433,0.554060876369476,0.51985514163971
"2022-10-21",1.05391323566437,0.982740998268127,1.1069164276123,1.07373309135437,1.05164206027985,1.05468547344208,1.38099610805511,1.43829989433289,1.16095614433289,0.861817359924316,0.659978032112122,0.623952746391296,0.608940958976746,0.587386548519135,0.562731981277466,0.54933625459671,0.528568983078003,0.49156978726387,0.482209533452988,0.470573723316193,0.463788241147995,0.446158081293106,0.431782603263855,0.425162881612778,0.435353487730026,0.429952800273895,0.42090380191803,0.415512830018997,0.412519991397858,0.471528977155685,0.535265505313873,0.534226834774017,0.530918478965759,0.527226984500885,0.457753092050552,0.44954052567482,0.451977342367172,0.504769444465637,0.498740017414093,0.493288159370422,0.50111722946167,0.506836950778961,0.511360704898834,0.483927518129349,0.459193974733353,0.43254691362381
"2022-10-22",0.920817494392395,0.860617160797119,0.992601335048676,0.954238891601562,0.916555345058441,0.921276092529297,1.19271552562714,1.24020004272461,0.995992422103882,0.743439078330994,0.540941596031189,0.49958747625351,0.483622848987579,0.463649749755859,0.448828369379044,0.442285060882568,0.434414207935333,0.422876238822937,0.41649129986763,0.40054839849472,0.400757014751434,0.392083048820496,0.377221673727036,0.37050387263298,0.379146456718445,0.372927963733673,0.36272731423378,0.354568034410477,0.349761605262756,0.39083531498909,0.442756861448288,0.444283008575439,0.442052096128464,0.437434673309326,0.374213308095932,0.36378026008606,0.362878739833832,0.409582614898682,0.40899121761322,0.416932761669159,0.425280451774597,0.431748300790787,0.435525208711624,0.411694526672363,0.392152011394501,0.370881587266922
"2022-10-23",0.874455809593201,0.827981233596802,0.954925656318665,0.930289387702942,0.893146991729736,0.872907519340515,1.07478070259094,0.989949226379395,0.741754531860352,0.597055554389954,0.438978940248489,0.407958269119263,0.393332183361053,0.37650939822197,0.371254563331604,0.368946820497513,0.366061061620712,0.365790367126465,0.359472125768661,0.349903076887131,0.34869521856308,0.341695606708527,0.335029423236847,0.328991830348969,0.336403042078018,0.330874741077423,0.322672575712204,0.316066950559616,0.313249588012695,0.345815718173981,0.384095042943954,0.383396297693253,0.379765570163727,0.374332875013351,0.316555738449097,0.308465212583542,0.309018850326538,0.346772700548172,0.350114196538925,0.362585365772247,0.371166169643402,0.378342419862747,0.381995916366577,0.362890779972076,0.346523284912109,0.330276548862457
"2022-10-24",1.927734375,1.99743103981018,2.29336071014404,2.41415405273438,2.17383766174316,1.79185938835144,1.88453483581543,1.60251712799072,1.22098255157471,1.11545586585999,1.12660157680511,1.18544089794159,1.10396337509155,1.00290739536285,1.04364418983459,0.929855823516846,0.802947998046875,0.814179062843323,0.770406484603882,0.765654981136322,0.703935146331787,0.631486773490906,0.598429918289185,0.688347458839417,1.07768678665161,0.948179185390472,0.765470147132874,0.630500316619873,0.608957707881927,0.878073275089264,1.14500689506531,1.06059372425079,0.979472517967224,0.962474286556244,0.93197774887085,0.872466206550598,0.841010868549347,1.00594711303711,1.07313656806946,1.09749853610992,1.14421439170837,1.20008838176727,1.2311532497406,1.20299863815308,1.08454751968384,1.04552888870239
"2022-10-25",2.28148698806763,2.296715259552,2.53457164764404,2.64285612106323,2.29011416435242,1.89446187019348,1.96599674224854,1.71894240379333,1.44753479957581,1.36988592147827,1.34030830860138,1.40786480903625,1.31975865364075,1.19578337669373,1.0975536108017,1.04702997207642,0.983993411064148,0.930243968963623,0.900307834148407,0.840018153190613,0.846081793308258,0.861065983772278,0.895102500915527,0.933341026306152,1.15405309200287,1.07286620140076,0.959896683692932,0.868416666984558,0.844355583190918,1.10157310962677,1.35931599140167,1.33510875701904,1.30310904979706,1.28813326358795,1.05390846729279,1.05450332164764,1.09958636760712,1.40726375579834,1.43509769439697,1.49279880523682,1.54555189609528,1.59112048149109,1.61552321910858,1.54192209243774,1.40318751335144,1.3311539888382
"2022-10-26",1.63966250419617,1.65558195114136,1.70838284492493,1.78976726531982,1.59987735748291,1.38894033432007,1.44131672382355,1.29292452335358,1.08117270469666,0.99237048625946,0.917281925678253,0.93586677312851,0.890730023384094,0.82404088973999,0.747734546661377,0.734390318393707,0.715613305568695,0.684433341026306,0.682149410247803,0.667454481124878,0.687274873256683,0.708594143390656,0.725160002708435,0.718052208423615,0.763694882392883,0.746122479438782,0.726083755493164,0.714668929576874,0.719256043434143,0.825459480285645,0.956077098846436,0.942046582698822,0.924668788909912,0.913532197475433,0.773655116558075,0.790040850639343,0.838117837905884,1.05444121360779,1.05572021007538,1.06269073486328,1.09500062465668,1.12283515930176,1.1388955116272,1.08333098888397,1.01328265666962,0.96709144115448
"2022-10-27",1.28844451904297,1.27944910526276,1.32415413856506,1.37092339992523,1.26432967185974,1.1276444196701,1.18709218502045,1.08501160144806,0.871782779693604,0.774973690509796,0.687312543392181,0.686565816402435,0.661139726638794,0.625769555568695,0.585041761398315,0.580385684967041,0.574134469032288,0.560834884643555,0.561176836490631,0.553662538528442,0.566147923469543,0.577805578708649,0.584972143173218,0.579269289970398,0.597760081291199,0.59574568271637,0.597394049167633,0.604272603988647,0.611866116523743,0.658626139163971,0.722163677215576,0.713350892066956,0.703533351421356,0.695277035236359,0.638532400131226,0.669847905635834,0.70778101682663,0.825754046440125,0.814329624176025,0.781864404678345,0.805516839027405,0.828920006752014,0.843268573284149,0.831446766853333,0.795580267906189,0.747924089431763
"2022-10-28",1.07814645767212,1.07471477985382,1.11471319198608,1.16022336483002,1.08488750457764,0.983234524726868,1.05114984512329,0.973453760147095,0.764771282672882,0.654280960559845,0.554278314113617,0.538822412490845,0.525000751018524,0.504433155059814,0.480058372020721,0.476865202188492,0.47402560710907,0.469639360904694,0.470809459686279,0.46675831079483,0.475894093513489,0.484942823648453,0.493132770061493,0.489743709564209,0.501248180866241,0.502711355686188,0.507749021053314,0.514626860618591,0.518829822540283,0.541718006134033,0.577057123184204,0.572607338428497,0.567555665969849,0.564297378063202,0.559161007404327,0.580254912376404,0.598695635795593,0.656452476978302,0.643740355968475,0.608651697635651,0.626276791095734,0.645496785640717,0.657063901424408,0.657832205295563,0.631305634975433,0.601283609867096
"2022-10-29",0.969408392906189,0.972154378890991,1.00812530517578,1.05116951465607,0.986976027488708,0.903546214103699,0.9830242395401,0.916649222373962,0.720934748649597,0.586556017398834,0.473506391048431,0.44605165719986,0.436432093381882,0.422217190265656,0.406041502952576,0.402200430631638,0.399184018373489,0.396736055612564,0.399138063192368,0.400358855724335,0.407909601926804,0.416170120239258,0.426582217216492,0.424297392368317,0.433389514684677,0.434615164995193,0.437410116195679,0.441179990768433,0.443543463945389,0.457291543483734,0.481662750244141,0.479646146297455,0.476886749267578,0.475551933050156,0.477709084749222,0.490978926420212,0.501442790031433,0.534998893737793,0.525894522666931,0.499121934175491,0.51053774356842,0.523386180400848,0.531354784965515,0.531061768531799,0.514852702617645,0.498902171850204
"2022-10-30",0.902086615562439,0.909483432769775,0.945806980133057,0.987874329090118,0.929095029830933,0.856615781784058,0.963536620140076,0.909205913543701,0.712962687015533,0.558688104152679,0.421396613121033,0.384351044893265,0.375294774770737,0.361852765083313,0.344586104154587,0.34205561876297,0.34029433131218,0.340527176856995,0.343754678964615,0.349405586719513,0.356245964765549,0.364256113767624,0.377914130687714,0.376006841659546,0.382661610841751,0.383056372404099,0.383700102567673,0.384961813688278,0.38672336935997,0.394677191972733,0.413433492183685,0.411927998065948,0.409755676984787,0.409149974584579,0.411425888538361,0.421299874782562,0.428949266672134,0.451317727565765,0.445177257061005,0.423622727394104,0.431857526302338,0.44077467918396,0.446337550878525,0.447521984577179,0.436871200799942,0.424615919589996
"2022-10-31",1.8244754076004,1.9565155506134,1.95605230331421,2.13658452033997,2.02069997787476,1.68912982940674,1.80821490287781,1.84432482719421,1.65322303771973,1.43269109725952,1.24572563171387,1.27469491958618,1.24974262714386,1.21483850479126,1.2853889465332,1.18765449523926,1.01722264289856,0.988368272781372,0.88220202922821,0.920760869979858,0.876706898212433,0.788296461105347,0.835999608039856,0.784570693969727,1.06853401660919,0.953033924102783,0.843313217163086,0.720893025398254,0.665359735488892,0.809767603874207,1.06476902961731,0.999202847480774,0.962968289852142,0.955258369445801,0.939653754234314,0.871588110923767,0.850105881690979,0.936837673187256,1.0097017288208,1.02720928192139,1.08875775337219,1.151371717453,1.18029928207397,1.04654264450073,1.02346670627594,1.02561485767365
"2022-11-01",2.13666582107544,2.16745281219482,2.32439136505127,2.44077014923096,2.21153593063354,1.96135687828064,2.25720739364624,2.36354923248291,2.05939984321594,1.74101495742798,1.5787250995636,1.64981663227081,1.59449172019958,1.50936412811279,1.5242213010788,1.44348311424255,1.31722629070282,1.15979552268982,1.09844720363617,1.03023076057434,1.02635717391968,0.987916707992554,0.855863690376282,0.863864183425903,1.1335324048996,1.10109353065491,1.04011654853821,0.971347332000732,0.939931154251099,1.04682385921478,1.27160453796387,1.27632141113281,1.27833664417267,1.27705276012421,1.14402294158936,1.15893638134003,1.19299566745758,1.34043300151825,1.33820116519928,1.25485873222351,1.32321178913116,1.39451718330383,1.43631768226624,1.33476710319519,1.2965235710144,1.25679206848145
"2022-11-02",1.62879645824432,1.64152717590332,1.78658080101013,1.84934401512146,1.69974637031555,1.59086585044861,1.91338682174683,1.98208832740784,1.67621505260468,1.34179520606995,1.14671647548676,1.14941692352295,1.11124861240387,1.05236780643463,1.01805484294891,0.980480670928955,0.924777984619141,0.85791289806366,0.826990306377411,0.762513637542725,0.764477550983429,0.75130832195282,0.67744916677475,0.679834365844727,0.793413579463959,0.792959928512573,0.784802556037903,0.773140549659729,0.767527520656586,0.801687777042389,0.92269766330719,0.928404927253723,0.934051215648651,0.937994718551636,0.892205238342285,0.911069273948669,0.931185960769653,1.00767362117767,0.98946350812912,0.911721527576447,0.941814363002777,0.976345121860504,0.998786330223083,0.98598301410675,0.957871973514557,0.923806488513947
"2022-11-03",1.35665488243103,1.36802983283997,1.47774338722229,1.52690982818604,1.42504215240479,1.35892152786255,1.67413353919983,1.7052161693573,1.4151885509491,1.13406825065613,0.906309187412262,0.867796897888184,0.836592435836792,0.788601517677307,0.7410888671875,0.714376449584961,0.686726331710815,0.665151953697205,0.652029931545258,0.616905987262726,0.620560586452484,0.614061772823334,0.572536110877991,0.568931460380554,0.628861248493195,0.63056880235672,0.627724826335907,0.622134387493134,0.611366629600525,0.640527069568634,0.719608247280121,0.719016134738922,0.719229996204376,0.723164618015289,0.667047739028931,0.681764006614685,0.69286173582077,0.761113345623016,0.750341475009918,0.713366150856018,0.734337568283081,0.755609929561615,0.766565561294556,0.764978885650635,0.744270443916321,0.719092428684235
"2022-11-04",1.13883745670319,1.17108082771301,1.19009780883789,1.2587559223175,1.16904187202454,1.10026550292969,1.40871477127075,1.33603048324585,1.18268716335297,1.03316915035248,0.776602268218994,0.694409012794495,0.667164862155914,0.627042591571808,0.562398672103882,0.546813368797302,0.532182574272156,0.525453686714172,0.519492387771606,0.500729322433472,0.501899540424347,0.495690137147903,0.489934086799622,0.486060827970505,0.519435167312622,0.516960680484772,0.508969604969025,0.495590806007385,0.475217878818512,0.483809322118759,0.557393670082092,0.558358073234558,0.557587504386902,0.555142998695374,0.455295830965042,0.450215816497803,0.457999587059021,0.544622004032135,0.552566051483154,0.568554282188416,0.589962661266327,0.610537350177765,0.620264768600464,0.614736795425415,0.598757028579712,0.578253626823425
"2022-11-05",0.999396502971649,1.03998827934265,1.01523315906525,1.06070125102997,1.04576969146729,1.00702726840973,1.19089663028717,1.14749240875244,1.07253563404083,0.974419951438904,0.711694240570068,0.609538733959198,0.580332338809967,0.539250135421753,0.461206912994385,0.449984490871429,0.439888805150986,0.439735770225525,0.435611486434937,0.424648612737656,0.429164886474609,0.429528445005417,0.441307842731476,0.437135934829712,0.452433377504349,0.445092588663101,0.432624816894531,0.418536812067032,0.404012024402618,0.41875821352005,0.469954907894135,0.465750336647034,0.460724979639053,0.456372231245041,0.380573987960815,0.382249772548676,0.39735358953476,0.458875000476837,0.469629466533661,0.485517024993896,0.503846883773804,0.519527614116669,0.527945339679718,0.518673419952393,0.506229400634766,0.492625504732132
"2022-11-06",0.928419589996338,0.968903601169586,0.979194045066833,1.02742075920105,1.03974950313568,1.00520205497742,1.19577050209045,1.17524981498718,1.06843161582947,0.943885624408722,0.675642549991608,0.560085892677307,0.533786773681641,0.494406819343567,0.396363079547882,0.388221591711044,0.381786972284317,0.382270812988281,0.381004929542542,0.379256933927536,0.386476844549179,0.391274064779282,0.406540006399155,0.400304734706879,0.404473096132278,0.396353900432587,0.38428458571434,0.372116059064865,0.361866325139999,0.373675107955933,0.407456040382385,0.401357680559158,0.39444887638092,0.389562666416168,0.349570363759995,0.358933866024017,0.374520629644394,0.42674058675766,0.430420398712158,0.430725038051605,0.443704009056091,0.454884499311447,0.461387753486633,0.450754106044769,0.439883589744568,0.42901349067688
"2022-11-07",1.44288718700409,1.49372792243958,1.61449217796326,1.71485602855682,1.72080588340759,1.645188331604,1.96860384941101,1.96136724948883,1.77030181884766,1.55082249641418,1.34289526939392,1.38162708282471,1.31821620464325,1.2298219203949,1.19882822036743,1.13470077514648,1.09478354454041,1.14905500411987,1.10667145252228,1.06594181060791,1.02863335609436,0.957156956195831,0.904048025608063,0.8526211977005,0.983365297317505,0.938823223114014,0.904159307479858,0.826454997062683,0.806100487709045,0.911969363689423,1.07664179801941,1.02765250205994,1.04194188117981,1.08518326282501,1.20973253250122,1.09861600399017,0.984128773212433,0.949886083602905,0.93054324388504,0.845072329044342,0.857018172740936,0.85786098241806,0.849528074264526,0.795270681381226,0.7793288230896,0.777565538883209
"2022-11-08",1.79426383972168,1.79176962375641,1.95712184906006,2.0362114906311,1.9861958026886,1.90103650093079,2.2743980884552,2.50973510742188,2.29160141944885,1.90509462356567,1.67530965805054,1.69365155696869,1.6430960893631,1.57122731208801,1.49810802936554,1.4573392868042,1.41589784622192,1.46638464927673,1.41285228729248,1.34662270545959,1.33184504508972,1.26993250846863,1.10275602340698,1.07655262947083,1.16133975982666,1.14508676528931,1.12026011943817,1.08934378623962,1.09992301464081,1.22326242923737,1.40707588195801,1.4396561384201,1.4831303358078,1.51962220668793,1.41177403926849,1.34302258491516,1.23825478553772,1.18945682048798,1.13016128540039,1.01594078540802,1.02948462963104,1.03946995735168,1.0438197851181,1.00800836086273,0.98497062921524,0.961572289466858
"2022-11-09",1.59721755981445,1.59978151321411,1.70539927482605,1.74553918838501,1.67547345161438,1.62748122215271,1.97681474685669,2.17277669906616,1.9745237827301,1.67505156993866,1.37832260131836,1.309121966362,1.27044701576233,1.21478044986725,1.1160147190094,1.08959543704987,1.05366635322571,1.0488121509552,1.0223560333252,0.991562128067017,0.993858456611633,0.974314570426941,0.89702320098877,0.878055334091187,0.898203194141388,0.891322135925293,0.879324197769165,0.868718206882477,0.886660873889923,0.966167688369751,1.09801840782166,1.10630941390991,1.11454927921295,1.12075865268707,0.985380828380585,0.947820782661438,0.903834939002991,0.893517732620239,0.864234685897827,0.789009690284729,0.80327570438385,0.817561328411102,0.826010346412659,0.811010897159576,0.791476547718048,0.769578397274017
"2022-11-10",1.40951609611511,1.42532467842102,1.49427080154419,1.53515470027924,1.47814345359802,1.44524216651917,1.80385208129883,1.82952845096588,1.61613273620605,1.45237457752228,1.14525437355042,1.05625903606415,1.01738512516022,0.96339601278305,0.857764065265656,0.836945950984955,0.807571649551392,0.797045171260834,0.784198999404907,0.772082209587097,0.77270233631134,0.759953916072845,0.738025546073914,0.725773513317108,0.735886931419373,0.730966210365295,0.724721848964691,0.724649012088776,0.739859521389008,0.796989679336548,0.871486365795135,0.867380321025848,0.861534833908081,0.85657274723053,0.750705301761627,0.723197817802429,0.698392331600189,0.709263324737549,0.689444661140442,0.639657735824585,0.654538452625275,0.667962491512299,0.675765097141266,0.665726959705353,0.650106430053711,0.632366359233856
"2022-11-11",1.24286508560181,1.26276278495789,1.32925486564636,1.36792612075806,1.3335497379303,1.30515396595001,1.61685073375702,1.59251999855042,1.3675457239151,1.23355185985565,0.94255268573761,0.852751135826111,0.812650859355927,0.759786069393158,0.664752781391144,0.656958401203156,0.648431181907654,0.652946054935455,0.645327925682068,0.632750570774078,0.637673377990723,0.633875012397766,0.634836316108704,0.625019371509552,0.632295191287994,0.629416346549988,0.627013683319092,0.630997538566589,0.638320088386536,0.675144791603088,0.717525839805603,0.709461390972137,0.698983073234558,0.689126014709473,0.588875710964203,0.567255735397339,0.555696487426758,0.578451454639435,0.56681752204895,0.541334748268127,0.556795239448547,0.569078266620636,0.574353575706482,0.561801552772522,0.548688471317291,0.5347740650177
"2022-11-12",1.12594199180603,1.14808261394501,1.18933010101318,1.24160504341125,1.20757937431335,1.16195321083069,1.44042897224426,1.40327382087708,1.20400893688202,1.07889842987061,0.794494986534119,0.701782941818237,0.672169387340546,0.633542954921722,0.557714283466339,0.555691838264465,0.552632927894592,0.560784816741943,0.556680560112,0.550675630569458,0.556667447090149,0.556231617927551,0.568882882595062,0.558694541454315,0.563554763793945,0.558487951755524,0.552654325962067,0.550584256649017,0.551597654819489,0.582291960716248,0.610677599906921,0.599945306777954,0.586021602153778,0.573568224906921,0.488129198551178,0.471795856952667,0.464231014251709,0.492680072784424,0.486331045627594,0.472008973360062,0.485769361257553,0.495697289705276,0.498923301696777,0.485475361347198,0.473767578601837,0.462200671434402
"2022-11-13",1.04783666133881,1.06462478637695,1.08666658401489,1.13183426856995,1.1049313545227,1.06118643283844,1.27523076534271,1.20527160167694,1.07232928276062,0.932646691799164,0.666830658912659,0.588207066059113,0.567606508731842,0.540326714515686,0.484313875436783,0.481559813022614,0.479273587465286,0.489411473274231,0.486004650592804,0.488728642463684,0.495187133550644,0.49586483836174,0.510230183601379,0.498552262783051,0.499101340770721,0.492753356695175,0.486168414354324,0.482716202735901,0.480616360902786,0.502992212772369,0.522680103778839,0.511016368865967,0.496201872825623,0.483790934085846,0.414545029401779,0.403031200170517,0.399784773588181,0.428675502538681,0.424751490354538,0.416765600442886,0.4286789894104,0.43636679649353,0.438396900892258,0.425410807132721,0.415089726448059,0.405578911304474
"2022-11-14",1.04382491111755,1.01543378829956,1.04735028743744,1.07081508636475,1.05515146255493,1.02979612350464,1.15109825134277,1.105135679245,1.00193989276886,0.965446829795837,1.02558779716492,1.16550469398499,1.12030935287476,1.0404782295227,0.975717425346375,0.923079550266266,0.88061660528183,0.931493580341339,0.898813247680664,0.868576169013977,0.824052631855011,0.765324115753174,0.942696928977966,0.887896180152893,0.953558087348938,0.914580345153809,0.888911664485931,0.824746608734131,0.770290374755859,0.985494554042816,1.16359603404999,1.08483564853668,1.03750813007355,1.02310657501221,0.98016083240509,0.858062624931335,0.761690735816956,0.785673320293427,0.781559646129608,0.77134907245636,0.768199145793915,0.75626266002655,0.755642056465149,0.702546954154968,0.684281408786774,0.678090453147888
"2022-11-15",1.03161680698395,1.00188004970551,1.06208562850952,1.04543590545654,1.02175033092499,1.02736794948578,1.11290633678436,1.1422643661499,1.10497784614563,1.14644753932953,1.29104149341583,1.37761926651001,1.32774305343628,1.24699401855469,1.14889967441559,1.09468758106232,1.04262840747833,1.04031896591187,1.01634979248047,0.964152336120605,0.946348428726196,0.918585062026978,1.03794467449188,1.01302564144135,1.12002015113831,1.08076620101929,1.02917456626892,0.988930821418762,0.983323097229004,1.21233820915222,1.43970561027527,1.43927216529846,1.43624293804169,1.4281632900238,1.14381587505341,1.04198682308197,0.955672740936279,0.964950501918793,0.946353673934937,0.929026424884796,0.945478796958923,0.952746629714966,0.952443897724152,0.89638763666153,0.866135776042938,0.83610337972641
"2022-11-16",1.02810633182526,1.00877404212952,1.07241082191467,1.06219792366028,1.03277993202209,1.02109670639038,1.10868740081787,1.10839903354645,1.04719638824463,1.02881479263306,1.01557552814484,1.02906131744385,0.999409079551697,0.95223468542099,0.878724575042725,0.851397752761841,0.821198284626007,0.814391851425171,0.803283393383026,0.782364070415497,0.788450837135315,0.785677492618561,0.829475224018097,0.812497496604919,0.856673419475555,0.838321149349213,0.817929983139038,0.810819864273071,0.845857560634613,0.950035631656647,1.09853720664978,1.10317671298981,1.10480666160583,1.09977602958679,0.881607830524445,0.81707751750946,0.773304462432861,0.774433851242065,0.763319492340088,0.737217426300049,0.754993319511414,0.771805703639984,0.780604660511017,0.74847537279129,0.723039448261261,0.696711421012878
"2022-11-17",1.02945137023926,1.0199990272522,1.07783567905426,1.08921837806702,1.05695331096649,1.01499152183533,1.09030425548553,1.05504107475281,0.956241250038147,0.901822090148926,0.831106305122375,0.822646677494049,0.8014235496521,0.769508004188538,0.722328543663025,0.707425534725189,0.690247654914856,0.693475484848022,0.688827395439148,0.680919945240021,0.691074430942535,0.690903186798096,0.703421115875244,0.688829064369202,0.711979985237122,0.701523900032043,0.691463351249695,0.695562303066254,0.731162548065186,0.796610414981842,0.896014094352722,0.89769721031189,0.893279314041138,0.88616132736206,0.726891875267029,0.676182568073273,0.647071838378906,0.656996965408325,0.649916887283325,0.623768091201782,0.638867139816284,0.65314257144928,0.660588502883911,0.637042284011841,0.617786586284637,0.598414659500122
"2022-11-18",1.01091063022614,1.00972270965576,1.0467814207077,1.07662844657898,1.04107654094696,0.976306676864624,1.03549110889435,0.965671718120575,0.865445911884308,0.791585683822632,0.696670472621918,0.676589727401733,0.661806702613831,0.64069402217865,0.612847030162811,0.604899883270264,0.596383929252625,0.60217422246933,0.59799063205719,0.592984735965729,0.59764289855957,0.594166219234467,0.604270577430725,0.595133423805237,0.611559748649597,0.608833312988281,0.607301533222198,0.616903245449066,0.637843668460846,0.67337828874588,0.744139313697815,0.74212646484375,0.738236248493195,0.733180165290833,0.609618604183197,0.573547184467316,0.554997503757477,0.565444231033325,0.559297859668732,0.536263585090637,0.550776839256287,0.563569009304047,0.569181263446808,0.549197793006897,0.534255683422089,0.519226372241974
"2022-11-19",0.957852959632874,0.966969668865204,0.961799144744873,1.00109791755676,0.958612203598022,0.88030207157135,0.914874970912933,0.843731820583344,0.764958798885345,0.687902867794037,0.586866438388824,0.565335273742676,0.554645955562592,0.540921330451965,0.528544008731842,0.522903561592102,0.516310632228851,0.524028539657593,0.517307162284851,0.520942509174347,0.523360431194305,0.520402371883392,0.541141033172607,0.532557368278503,0.549740850925446,0.546730697154999,0.544348955154419,0.543595731258392,0.545624494552612,0.581758618354797,0.62795090675354,0.621897339820862,0.613284409046173,0.604220032691956,0.501138031482697,0.480115383863449,0.469488710165024,0.491152882575989,0.484982132911682,0.473450988531113,0.486113667488098,0.494628548622131,0.497092932462692,0.479846805334091,0.467782109975815,0.456878274679184
"2022-11-20",0.912259936332703,0.943126320838928,0.917604446411133,0.949342906475067,0.89830619096756,0.819944977760315,0.840746283531189,0.786971688270569,0.701899766921997,0.623189747333527,0.517204999923706,0.489310383796692,0.482041031122208,0.472798496484756,0.468314468860626,0.465965241193771,0.463498145341873,0.478241413831711,0.474330425262451,0.474396884441376,0.477538824081421,0.475382387638092,0.493706434965134,0.485409736633301,0.500856161117554,0.496609389781952,0.492328315973282,0.489625811576843,0.488650500774384,0.518916666507721,0.549129366874695,0.539019525051117,0.525453269481659,0.513498604297638,0.43014270067215,0.41492971777916,0.409783393144608,0.439690262079239,0.435047000646591,0.425856709480286,0.436063349246979,0.442546397447586,0.444048911333084,0.427276074886322,0.417083650827408,0.408629328012466
"2022-11-21",1.15256190299988,1.24313271045685,1.24917256832123,1.36767590045929,1.34806251525879,1.21665322780609,1.30856502056122,1.20371031761169,1.11382758617401,1.06074118614197,0.944503664970398,0.998471975326538,0.96234267950058,0.911880850791931,0.93455582857132,0.876671075820923,0.820557713508606,0.87577223777771,0.839394807815552,0.896678924560547,0.855404019355774,0.805063307285309,0.860582113265991,0.820416390895844,0.944521903991699,0.901006281375885,0.850059390068054,0.779458165168762,0.722322344779968,0.827724933624268,0.969573020935059,0.938992440700531,0.951546013355255,0.984303176403046,0.986958861351013,0.896884560585022,0.794387757778168,0.766055047512054,0.73211008310318,0.684582948684692,0.675883233547211,0.662914514541626,0.663105487823486,0.625249207019806,0.612259149551392,0.608605206012726
"2022-11-22",1.21909356117249,1.28090977668762,1.33906018733978,1.41855478286743,1.41774344444275,1.32484459877014,1.38594949245453,1.32606136798859,1.26107859611511,1.20772635936737,1.15736556053162,1.17182350158691,1.13484954833984,1.08814024925232,1.06417965888977,1.02973639965057,0.992459774017334,1.00066542625427,0.975621163845062,0.987360417842865,0.967886805534363,0.93987238407135,0.987442851066589,0.96806275844574,1.05370044708252,1.00553154945374,0.945066511631012,0.901093423366547,0.883073687553406,1.04391300678253,1.20156073570251,1.2188184261322,1.2391175031662,1.25026726722717,1.03264141082764,0.943303167819977,0.856233954429626,0.855578303337097,0.820869624614716,0.780457854270935,0.790334045886993,0.792218089103699,0.789740741252899,0.756842732429504,0.73602420091629,0.716584920883179
"2022-11-23",1.17672884464264,1.209956407547,1.23246514797211,1.27605760097504,1.25347590446472,1.1780241727829,1.18784403800964,1.12158238887787,1.04559707641602,0.987195134162903,0.919719815254211,0.922242283821106,0.900204300880432,0.871977686882019,0.854991793632507,0.842733263969421,0.827994704246521,0.828391849994659,0.815784692764282,0.801214098930359,0.802862882614136,0.796530246734619,0.824100852012634,0.802579343318939,0.818483650684357,0.799910068511963,0.779645442962646,0.77346670627594,0.783406436443329,0.918163537979126,1.02258706092834,1.0114518404007,0.995671391487122,0.980395674705505,0.751377642154694,0.692385852336884,0.654198825359344,0.686471283435822,0.673632383346558,0.658683061599731,0.67242968082428,0.679812669754028,0.681169629096985,0.652792930603027,0.633473634719849,0.615495681762695
"2022-11-24",1.14115798473358,1.16871964931488,1.16404557228088,1.20155119895935,1.17102634906769,1.09450447559357,1.07867121696472,1.0131106376648,0.925314724445343,0.8596510887146,0.779613852500916,0.771380543708801,0.757530331611633,0.739821553230286,0.73212319612503,0.726311802864075,0.71931266784668,0.723049342632294,0.712697267532349,0.691080689430237,0.694708228111267,0.690614223480225,0.701612830162048,0.686891317367554,0.695899367332458,0.686779737472534,0.676628530025482,0.673519730567932,0.681086778640747,0.768693327903748,0.857005417346954,0.848087728023529,0.83342319726944,0.819291591644287,0.641712427139282,0.595630586147308,0.567099869251251,0.59074342250824,0.584461987018585,0.575209677219391,0.590565919876099,0.600504755973816,0.603066682815552,0.577740132808685,0.560558915138245,0.543770313262939
"2022-11-25",1.0998044013977,1.110267162323,1.11280846595764,1.14386665821075,1.10411190986633,1.01848483085632,1.00803959369659,0.937441408634186,0.825128138065338,0.752373516559601,0.668663442134857,0.655822515487671,0.64538037776947,0.633664608001709,0.6367107629776,0.635060906410217,0.633156538009644,0.637941420078278,0.628269612789154,0.60840904712677,0.612050175666809,0.608309805393219,0.613695442676544,0.602850019931793,0.610864102840424,0.604312539100647,0.597635507583618,0.595598042011261,0.605443477630615,0.664119839668274,0.729631066322327,0.721599221229553,0.708490252494812,0.696213960647583,0.557919383049011,0.522775411605835,0.503231227397919,0.522303223609924,0.518660962581635,0.51084303855896,0.525097548961639,0.535142779350281,0.537987351417542,0.516261577606201,0.501304924488068,0.486669182777405
"2022-11-26",1.03173208236694,1.05032336711884,1.05457270145416,1.0816205739975,1.02709805965424,0.931789219379425,0.909025013446808,0.836607217788696,0.735207617282867,0.656219780445099,0.574165463447571,0.5604327917099,0.554279744625092,0.54826807975769,0.560009062290192,0.560672640800476,0.561326146125793,0.569161176681519,0.562622845172882,0.542178452014923,0.545933663845062,0.54296487569809,0.544932842254639,0.53551059961319,0.5406853556633,0.536603212356567,0.533446788787842,0.533733546733856,0.540394425392151,0.583578169345856,0.629887580871582,0.620832204818726,0.607581257820129,0.595489025115967,0.482031762599945,0.455892205238342,0.444249868392944,0.468295395374298,0.465056598186493,0.458491027355194,0.471070051193237,0.480002731084824,0.482496798038483,0.46374499797821,0.450900197029114,0.438764423131943
"2022-11-27",0.970225691795349,1.00398421287537,1.01188600063324,1.04175424575806,0.986330449581146,0.89162403345108,0.85558944940567,0.788055539131165,0.68176007270813,0.599426805973053,0.509085714817047,0.487361431121826,0.483483135700226,0.479757964611053,0.494761347770691,0.496407061815262,0.498772203922272,0.512936472892761,0.508715689182281,0.488156646490097,0.492414563894272,0.49084135890007,0.488199889659882,0.48055163025856,0.484030216932297,0.481546431779861,0.479909151792526,0.480834990739822,0.484832793474197,0.511732518672943,0.545512557029724,0.537227869033813,0.525467395782471,0.51466566324234,0.424179673194885,0.40427964925766,0.39632573723793,0.419873803853989,0.417758643627167,0.411011338233948,0.422621101140976,0.431299120187759,0.433717608451843,0.41885644197464,0.40807831287384,0.397757560014725
"2022-11-28",1.21814727783203,1.28028535842896,1.40103435516357,1.52746438980103,1.50510692596436,1.24804425239563,1.28604865074158,1.23004138469696,1.11751461029053,1.09123516082764,0.977189660072327,1.05504333972931,0.970278024673462,0.873219549655914,0.899606585502625,0.840706825256348,0.793664753437042,0.894188046455383,0.857555270195007,0.88348126411438,0.826362192630768,0.751223862171173,0.853308856487274,0.813583672046661,0.962198734283447,0.894914865493774,0.831232786178589,0.74683940410614,0.685808658599854,0.803382575511932,0.970776557922363,0.940010368824005,0.941812515258789,0.958497941493988,0.910220086574554,0.847885727882385,0.783136069774628,0.858625948429108,0.836578845977783,0.860172390937805,0.834041655063629,0.801068663597107,0.797783255577087,0.724702954292297,0.701504707336426,0.691569805145264
"2022-11-29",1.35405349731445,1.39597368240356,1.53437113761902,1.62366127967834,1.49868655204773,1.32084441184998,1.42657506465912,1.38609838485718,1.30821287631989,1.26951694488525,1.20023918151855,1.22814869880676,1.16098964214325,1.07794034481049,1.02678871154785,0.995628297328949,0.962975263595581,1.01258218288422,0.969461262226105,0.949083387851715,0.925998747348785,0.898829102516174,0.994369685649872,0.971771061420441,1.07844138145447,1.01814460754395,0.944423198699951,0.890888452529907,0.870286643505096,1.04734075069427,1.23435819149017,1.24602341651917,1.25817251205444,1.26406943798065,1.04052150249481,0.972099840641022,0.914299428462982,1.05667173862457,1.01796519756317,1.04106688499451,1.04065334796906,1.03514850139618,1.02928125858307,0.945509314537048,0.897952973842621,0.853991746902466
"2022-11-30",1.1671621799469,1.1986768245697,1.25007200241089,1.30357980728149,1.22953987121582,1.13884472846985,1.20415997505188,1.16586434841156,1.0884200334549,1.02303075790405,0.939794063568115,0.933635711669922,0.901892066001892,0.861834824085236,0.831176161766052,0.816533863544464,0.800322592258453,0.808130383491516,0.790833353996277,0.774519205093384,0.77705329656601,0.776124477386475,0.81877464056015,0.796857595443726,0.816228449344635,0.796712160110474,0.780218720436096,0.780214726924896,0.796324729919434,0.936858832836151,1.03954136371613,1.02686488628387,1.00862503051758,0.990785777568817,0.781501531600952,0.740705728530884,0.724215090274811,0.842463195323944,0.823602020740509,0.841882348060608,0.849213600158691,0.85248076915741,0.852048218250275,0.79594475030899,0.753824532032013,0.714686512947083
"2022-12-01",1.03860223293304,1.06049430370331,1.09058749675751,1.12856185436249,1.07686221599579,0.996717989444733,1.03782224655151,0.996527969837189,0.916510581970215,0.848020255565643,0.767956972122192,0.75713723897934,0.740032613277435,0.719096064567566,0.709487974643707,0.702347695827484,0.695013582706451,0.702988088130951,0.694036543369293,0.681714415550232,0.684637665748596,0.681856751441956,0.691974878311157,0.678303182125092,0.694293856620789,0.691809356212616,0.694366157054901,0.703558206558228,0.716370582580566,0.805040955543518,0.864262640476227,0.845324754714966,0.820079684257507,0.797418713569641,0.64590060710907,0.622428774833679,0.618093907833099,0.708610475063324,0.694860339164734,0.705242097377777,0.713288724422455,0.716868162155151,0.716818749904633,0.674835562705994,0.641924321651459,0.611466228961945
"2022-12-02",0.942791104316711,0.955886244773865,0.970028162002563,1.0014431476593,0.948015332221985,0.869450688362122,0.89537513256073,0.849346697330475,0.777828395366669,0.716420829296112,0.646648287773132,0.637540936470032,0.628345549106598,0.618551194667816,0.625369429588318,0.623242974281311,0.621480345726013,0.632854580879211,0.624789953231812,0.608296751976013,0.609715580940247,0.60493016242981,0.607447862625122,0.599724531173706,0.620471358299255,0.621058225631714,0.624645829200745,0.62988942861557,0.634888529777527,0.685613751411438,0.724636137485504,0.708188831806183,0.686839401721954,0.66829115152359,0.559242844581604,0.542385160923004,0.539227485656738,0.603617489337921,0.59556245803833,0.599234998226166,0.609690189361572,0.615491211414337,0.616169214248657,0.583259165287018,0.558263897895813,0.533717751502991
"2022-12-03",0.850752949714661,0.863230407238007,0.852213621139526,0.877410173416138,0.821732461452484,0.748515784740448,0.751588940620422,0.712468326091766,0.657985150814056,0.60615861415863,0.555607616901398,0.553330779075623,0.549873650074005,0.548493087291718,0.569438695907593,0.569013476371765,0.568416357040405,0.576798558235168,0.566960394382477,0.549761414527893,0.549934148788452,0.544487118721008,0.550518035888672,0.544642686843872,0.565892517566681,0.564599454402924,0.56452226638794,0.565097510814667,0.56531286239624,0.59705924987793,0.624735057353973,0.611060678958893,0.594236314296722,0.580187320709229,0.496164053678513,0.483721494674683,0.482057243585587,0.530998229980469,0.525579631328583,0.52637642621994,0.536517560482025,0.542445540428162,0.543321967124939,0.516362190246582,0.497074604034424,0.478216975927353
"2022-12-04",0.760872721672058,0.769800424575806,0.737479269504547,0.759099006652832,0.705219686031342,0.642326533794403,0.628873527050018,0.597809851169586,0.552456021308899,0.512666523456573,0.485456138849258,0.487577766180038,0.490384370088577,0.496604561805725,0.523520290851593,0.523377299308777,0.521240532398224,0.519873261451721,0.510286748409271,0.492055773735046,0.493906587362289,0.490794837474823,0.498828828334808,0.494653046131134,0.510486602783203,0.508789241313934,0.507242858409882,0.505361557006836,0.502378821372986,0.518147468566895,0.535912871360779,0.524260580539703,0.509855031967163,0.498070329427719,0.438600063323975,0.432021856307983,0.432829737663269,0.467401742935181,0.463943779468536,0.462275296449661,0.471992909908295,0.478080898523331,0.478911370038986,0.459098190069199,0.444546431303024,0.430320173501968
"2022-12-05",0.889352142810822,0.916836261749268,1.00298857688904,1.06080722808838,1.03315186500549,0.93767637014389,0.995682001113892,0.947448134422302,0.865890741348267,0.869079768657684,0.841346442699432,0.887383699417114,0.863705217838287,0.834508657455444,0.850878715515137,0.81302148103714,0.791596293449402,0.837886929512024,0.825910806655884,0.843235313892365,0.82105165719986,0.778219819068909,0.773001730442047,0.753713726997375,0.849925875663757,0.810634970664978,0.761062264442444,0.703838586807251,0.677026271820068,0.771072447299957,0.902915894985199,0.893251240253448,0.904599249362946,0.911480724811554,0.872977614402771,0.788900911808014,0.734501838684082,0.811432123184204,0.811733663082123,0.784782290458679,0.780161559581757,0.752087414264679,0.72199136018753,0.642017602920532,0.644869267940521,0.646704316139221
"2022-12-06",1.06993615627289,1.06312799453735,1.20768213272095,1.24713027477264,1.19153618812561,1.10096740722656,1.16501665115356,1.1572470664978,1.09102475643158,1.0772477388382,1.07402324676514,1.10827302932739,1.08152103424072,1.04285526275635,1.00038969516754,0.976023316383362,0.957843244075775,0.984652817249298,0.977391362190247,0.959669232368469,0.951322317123413,0.91985672712326,0.865543007850647,0.858894228935242,0.966183364391327,0.934056639671326,0.88481616973877,0.852351188659668,0.868130326271057,1.0135338306427,1.19135546684265,1.20769715309143,1.22332680225372,1.22776877880096,1.01750731468201,0.964916527271271,0.935466110706329,1.02488672733307,0.993285894393921,0.953938126564026,0.948049068450928,0.923967957496643,0.903305947780609,0.817267000675201,0.802059650421143,0.795820236206055
"2022-12-07",0.963123381137848,0.969600439071655,1.03574120998383,1.06892693042755,1.02359557151794,0.972303152084351,1.03065133094788,1.02682757377625,0.96154260635376,0.93458491563797,0.908995032310486,0.917332291603088,0.903139591217041,0.882892072200775,0.862392365932465,0.849957406520844,0.833487212657928,0.825275182723999,0.803781151771545,0.773518025875092,0.763763189315796,0.745116770267487,0.735855042934418,0.729949712753296,0.761714339256287,0.754628658294678,0.748374462127686,0.753252625465393,0.791207253932953,0.903939187526703,1.00988054275513,1.00313341617584,0.992510795593262,0.980440855026245,0.813277840614319,0.787725925445557,0.780168056488037,0.826225936412811,0.803698003292084,0.773306608200073,0.781863212585449,0.782211661338806,0.777859628200531,0.732187867164612,0.715233504772186,0.69946938753128
"2022-12-08",0.861221969127655,0.866851925849915,0.911518394947052,0.940067887306213,0.914675831794739,0.880195260047913,0.944383502006531,0.929844379425049,0.86210823059082,0.823980093002319,0.784263730049133,0.780867338180542,0.772493243217468,0.760909974575043,0.751445472240448,0.740702033042908,0.723216891288757,0.695816278457642,0.676962196826935,0.6465944647789,0.648530900478363,0.646100223064423,0.647144854068756,0.644601166248322,0.663258492946625,0.668840885162354,0.679664015769958,0.694917976856232,0.72431093454361,0.790748238563538,0.844095408916473,0.829942107200623,0.811477780342102,0.794951319694519,0.674101769924164,0.659064173698425,0.657192647457123,0.689037501811981,0.679486572742462,0.654647529125214,0.66763436794281,0.67566990852356,0.676178157329559,0.65126895904541,0.638864696025848,0.627100050449371
"2022-12-09",0.767107009887695,0.772461533546448,0.797950267791748,0.82393217086792,0.812117457389832,0.787349343299866,0.84688925743103,0.825172603130341,0.771411299705505,0.732111155986786,0.685176312923431,0.678049385547638,0.672399044036865,0.664716303348541,0.658609330654144,0.647120177745819,0.629478812217712,0.598688185214996,0.587940037250519,0.570976138114929,0.57690817117691,0.579820990562439,0.58565491437912,0.584973216056824,0.605399429798126,0.612801194190979,0.623749613761902,0.635883152484894,0.651068091392517,0.681824743747711,0.710297107696533,0.697280466556549,0.680866420269012,0.667085111141205,0.582986772060394,0.573178648948669,0.573534429073334,0.597015976905823,0.591706991195679,0.573593497276306,0.586095809936523,0.595325708389282,0.597360551357269,0.581706345081329,0.572478234767914,0.563827276229858
"2022-12-10",0.68091344833374,0.692450165748596,0.712313890457153,0.737447798252106,0.728197932243347,0.70622968673706,0.761765360832214,0.743405759334564,0.698269009590149,0.663302659988403,0.613869667053223,0.603631496429443,0.598893046379089,0.592056453227997,0.584314942359924,0.574592113494873,0.559874296188354,0.53755110502243,0.531286418437958,0.522247612476349,0.527435600757599,0.530105173587799,0.541795432567596,0.541283965110779,0.563098907470703,0.566843867301941,0.571901202201843,0.576648771762848,0.579328119754791,0.593276977539062,0.612762212753296,0.602738201618195,0.589893937110901,0.579095482826233,0.520023763179779,0.513679385185242,0.514646172523499,0.532213628292084,0.528458893299103,0.514963328838348,0.526591598987579,0.534721076488495,0.53665429353714,0.52432519197464,0.517005383968353,0.510390818119049
"2022-12-11",0.60468202829361,0.622976779937744,0.645088076591492,0.668204367160797,0.657922983169556,0.634457886219025,0.67833137512207,0.666829645633698,0.637316346168518,0.605793416500092,0.554809749126434,0.539557576179504,0.535939574241638,0.530552744865417,0.520570397377014,0.513535797595978,0.502877175807953,0.486156731843948,0.482063621282578,0.476348668336868,0.482729077339172,0.487398564815521,0.501767635345459,0.500582754611969,0.514962136745453,0.515683710575104,0.516438066959381,0.5163294672966,0.514315605163574,0.517266571521759,0.53070855140686,0.523131489753723,0.513277351856232,0.505172789096832,0.465990483760834,0.461653500795364,0.462069123983383,0.47533255815506,0.473345667123795,0.461377829313278,0.472580403089523,0.480621635913849,0.482701331377029,0.473857164382935,0.468073070049286,0.462796181440353
"2022-12-12",0.57562792301178,0.592162370681763,0.629463613033295,0.656543076038361,0.710413813591003,0.776566743850708,1.06539559364319,1.01552617549896,0.944600999355316,0.932237029075623,0.881255447864532,0.93496435880661,0.891081154346466,0.837481260299683,0.859072029590607,0.814737617969513,0.769024133682251,0.813378572463989,0.785008549690247,0.776380777359009,0.75130707025528,0.720956683158875,0.740214169025421,0.720904171466827,0.809086620807648,0.772347927093506,0.737281620502472,0.692460775375366,0.6613889336586,0.72859525680542,0.831163883209229,0.807775974273682,0.801680088043213,0.803038239479065,0.79132753610611,0.73213666677475,0.690048933029175,0.738676428794861,0.74406623840332,0.729887247085571,0.711138963699341,0.678648889064789,0.664952754974365,0.607458710670471,0.598023295402527,0.596980333328247
"2022-12-13",0.579573512077332,0.595422983169556,0.701424837112427,0.739030480384827,0.841648101806641,0.906659245491028,1.19094479084015,1.17003870010376,1.15043938159943,1.13581478595734,1.10327196121216,1.12103509902954,1.09136629104614,1.05448925495148,1.01402282714844,0.988377630710602,0.955540180206299,0.935780584812164,0.904153943061829,0.876842558383942,0.86165714263916,0.842347979545593,0.860974967479706,0.851323843002319,0.907477617263794,0.880060911178589,0.845847010612488,0.8244389295578,0.826192796230316,0.945255517959595,1.05228841304779,1.05406737327576,1.05225455760956,1.04557144641876,0.892610967159271,0.851751327514648,0.825064897537231,0.90182888507843,0.874611377716064,0.841099381446838,0.833083927631378,0.814254522323608,0.799508631229401,0.732004761695862,0.716242611408234,0.704166650772095
"2022-12-14",0.649004578590393,0.650204718112946,0.764390885829926,0.791360557079315,0.834475338459015,0.842783093452454,0.991754055023193,0.990384578704834,1.00005686283112,1.00416469573975,0.963288187980652,0.965964138507843,0.946936130523682,0.921023368835449,0.885122299194336,0.866923093795776,0.840582489967346,0.787895619869232,0.769797563552856,0.742197632789612,0.743082880973816,0.740577518939972,0.758705496788025,0.747676134109497,0.763660252094269,0.756926774978638,0.751822054386139,0.754673421382904,0.772255599498749,0.847151756286621,0.922253966331482,0.911666214466095,0.89588063955307,0.880464911460876,0.743788480758667,0.718172371387482,0.705073595046997,0.751984894275665,0.735526323318481,0.706405401229858,0.71174955368042,0.710900664329529,0.707277357578278,0.666415750980377,0.652391195297241,0.641010284423828
"2022-12-15",0.661356449127197,0.65724778175354,0.755934357643127,0.77613639831543,0.779099762439728,0.766380965709686,0.871167182922363,0.869135141372681,0.882864832878113,0.892616093158722,0.857327580451965,0.860019564628601,0.840981721878052,0.816033959388733,0.787718176841736,0.771478891372681,0.748690962791443,0.704187989234924,0.688781201839447,0.668240249156952,0.670693278312683,0.669618129730225,0.679863393306732,0.67093014717102,0.68682849407196,0.685182452201843,0.686188161373138,0.690976500511169,0.704798221588135,0.753797113895416,0.808152616024017,0.796132683753967,0.779980659484863,0.765313386917114,0.65397846698761,0.63398402929306,0.62497866153717,0.658885657787323,0.646532297134399,0.626602470874786,0.633893370628357,0.637104392051697,0.636817693710327,0.607604086399078,0.595890939235687,0.586349666118622
"2022-12-16",0.660609602928162,0.658184170722961,0.72549319267273,0.738787949085236,0.724901676177979,0.707395553588867,0.780545175075531,0.779566586017609,0.782662153244019,0.784653186798096,0.755532503128052,0.755623042583466,0.741249859333038,0.721405744552612,0.69364607334137,0.67898553609848,0.657772541046143,0.62557727098465,0.61649888753891,0.603140890598297,0.606880128383636,0.60668158531189,0.609244346618652,0.604549169540405,0.618277907371521,0.619840085506439,0.623648643493652,0.627448439598083,0.634610772132874,0.663948178291321,0.699630618095398,0.687677502632141,0.671639204025269,0.657647728919983,0.571605265140533,0.5581876039505,0.554167091846466,0.57780659198761,0.570970416069031,0.555224537849426,0.563942015171051,0.569575667381287,0.570900797843933,0.551226675510406,0.541739583015442,0.533286154270172
"2022-12-17",0.630878806114197,0.642876744270325,0.677797675132751,0.703306198120117,0.684383630752563,0.65628707408905,0.709761023521423,0.711939930915833,0.703102171421051,0.692666471004486,0.666337966918945,0.664137721061707,0.652764678001404,0.635783016681671,0.606342136859894,0.593069672584534,0.576249182224274,0.553528845310211,0.548755884170532,0.541528046131134,0.545618653297424,0.546456694602966,0.550942778587341,0.549054861068726,0.561508595943451,0.56335175037384,0.565947830677032,0.567094802856445,0.567096292972565,0.579700946807861,0.599082887172699,0.586637735366821,0.570588707923889,0.557528495788574,0.498509436845779,0.492763519287109,0.492833018302917,0.508487105369568,0.505179107189178,0.493712306022644,0.504182457923889,0.510228991508484,0.511214315891266,0.498754441738129,0.491592884063721,0.48489186167717
"2022-12-18",0.602634906768799,0.6158607006073,0.644089937210083,0.669944822788239,0.652788758277893,0.621661067008972,0.657277882099152,0.652723014354706,0.638663530349731,0.622731804847717,0.596168696880341,0.5915687084198,0.582252562046051,0.567883491516113,0.538836300373077,0.529363811016083,0.517864167690277,0.500702619552612,0.498629987239838,0.492595732212067,0.498555243015289,0.501903355121613,0.506620943546295,0.505144357681274,0.515831768512726,0.515387415885925,0.513856530189514,0.51050865650177,0.504962205886841,0.502788424491882,0.515625417232513,0.5065838098526,0.495018988847733,0.485792934894562,0.448967784643173,0.44551894068718,0.44582924246788,0.456358522176743,0.454560250043869,0.44393327832222,0.454502522945404,0.46101576089859,0.462522208690643,0.454319357872009,0.449025690555573,0.444105863571167
"2022-12-19",0.912241458892822,0.937005877494812,0.9994797706604,1.05917227268219,1.12423467636108,1.03324210643768,1.08001852035522,1.0440993309021,0.994306087493896,0.99410605430603,0.96096658706665,1.02603125572205,0.991032421588898,0.946109294891357,0.900323867797852,0.858396649360657,0.818338513374329,0.854473769664764,0.845090508460999,0.842918336391449,0.816686809062958,0.77474969625473,0.819581031799316,0.791060447692871,0.904730498790741,0.856395661830902,0.808371305465698,0.738523960113525,0.69004100561142,0.737612664699554,0.85596239566803,0.82278162240982,0.823936879634857,0.837688446044922,0.836833417415619,0.771984875202179,0.7067950963974,0.68438446521759,0.691306948661804,0.672701418399811,0.679790258407593,0.680030882358551,0.683153927326202,0.646461248397827,0.640805959701538,0.6446812748909
"2022-12-20",1.10997903347015,1.1102374792099,1.25040698051453,1.29388868808746,1.28270196914673,1.18503618240356,1.27215027809143,1.26734375953674,1.23015594482422,1.21899032592773,1.21085095405579,1.25430738925934,1.2307368516922,1.19579327106476,1.12672173976898,1.08872210979462,1.04038536548615,1.04672157764435,1.01893258094788,0.99733155965805,0.974156379699707,0.938214361667633,0.955695331096649,0.945952653884888,1.03960132598877,1.00094985961914,0.944416105747223,0.89117830991745,0.85792875289917,0.921970963478088,1.07331109046936,1.09048521518707,1.10896825790405,1.11870360374451,0.956450760364532,0.904576182365417,0.855826258659363,0.855356156826019,0.844412446022034,0.826052725315094,0.83849424123764,0.845627665519714,0.846067845821381,0.814832448959351,0.804225921630859,0.795663416385651
"2022-12-21",0.977327823638916,0.970042109489441,1.07217407226562,1.08997869491577,1.05384087562561,1.01456475257874,1.1063894033432,1.17138373851776,1.14928770065308,1.1104701757431,1.06509590148926,1.07729601860046,1.06910789012909,1.05624687671661,1.0164008140564,0.996206283569336,0.954825639724731,0.877436220645905,0.853395402431488,0.833155512809753,0.838193356990814,0.832492887973785,0.82956463098526,0.819103240966797,0.848959028720856,0.832037687301636,0.809191226959229,0.797984600067139,0.79496556520462,0.834814071655273,0.935864210128784,0.939715206623077,0.941944181919098,0.939479529857635,0.793270528316498,0.759412407875061,0.73591548204422,0.748990833759308,0.743175804615021,0.723347723484039,0.735381484031677,0.746036410331726,0.75104284286499,0.73203581571579,0.72019624710083,0.708714127540588
"2022-12-22",0.875082612037659,0.869364202022552,0.948891520500183,0.954709768295288,0.929660677909851,0.913973867893219,1.01205027103424,1.09990334510803,1.0997006893158,1.06093406677246,0.967413425445557,0.962633490562439,0.955596387386322,0.944753408432007,0.928606867790222,0.91467273235321,0.878191947937012,0.776368618011475,0.754769861698151,0.735091745853424,0.74199515581131,0.739969253540039,0.731586992740631,0.721251547336578,0.737249612808228,0.730093479156494,0.722175061702728,0.723779857158661,0.726796567440033,0.752524316310883,0.819930076599121,0.816772520542145,0.810645461082458,0.802797555923462,0.694049715995789,0.670525252819061,0.656764149665833,0.672591209411621,0.668369650840759,0.646339237689972,0.657313823699951,0.66784393787384,0.673328459262848,0.659234046936035,0.648469984531403,0.63782411813736
"2022-12-23",0.802649617195129,0.798565864562988,0.865600228309631,0.867903470993042,0.846547901630402,0.834887206554413,0.930290699005127,1.03460144996643,1.06626582145691,1.05342936515808,0.919381201267242,0.894578337669373,0.88404905796051,0.866816222667694,0.851020574569702,0.837803363800049,0.805912554264069,0.707946419715881,0.687485218048096,0.659557640552521,0.665679454803467,0.663792371749878,0.651699602603912,0.643920361995697,0.659268736839294,0.656747043132782,0.657260537147522,0.661166250705719,0.662810444831848,0.675658047199249,0.723359763622284,0.718863785266876,0.711621582508087,0.703773379325867,0.61878502368927,0.602056860923767,0.595462024211884,0.613141477108002,0.609502673149109,0.58342844247818,0.594309031963348,0.605671226978302,0.612175941467285,0.597680747509003,0.588385045528412,0.57904052734375
"2022-12-24",0.74667876958847,0.742977499961853,0.804234385490417,0.803286731243134,0.779268622398376,0.766220688819885,0.85734760761261,0.966105818748474,1.01099002361298,1.01530539989471,0.872783422470093,0.847385585308075,0.834172606468201,0.812011063098907,0.781900703907013,0.767890572547913,0.737202167510986,0.647125542163849,0.627584517002106,0.595491111278534,0.599006235599518,0.596455991268158,0.585943937301636,0.5804802775383,0.59515792131424,0.594633519649506,0.598499536514282,0.602066397666931,0.601615369319916,0.606943011283875,0.641150832176208,0.636893033981323,0.630209624767303,0.623311460018158,0.554802536964417,0.543344676494598,0.541319370269775,0.559700667858124,0.555229008197784,0.527413725852966,0.537938892841339,0.549313187599182,0.555925250053406,0.545325636863708,0.536463797092438,0.528376221656799
"2022-12-25",0.70214831829071,0.69701761007309,0.755395710468292,0.754585266113281,0.72940981388092,0.717976093292236,0.81032931804657,0.914832174777985,0.951138257980347,0.953920841217041,0.825828552246094,0.808387994766235,0.792736411094666,0.766509294509888,0.733963489532471,0.720268368721008,0.690912246704102,0.59904944896698,0.58005940914154,0.545888543128967,0.547955989837646,0.545092701911926,0.534920334815979,0.53048837184906,0.545033991336823,0.54596072435379,0.550325989723206,0.552670240402222,0.551046967506409,0.551076352596283,0.576365113258362,0.572407186031342,0.56632387638092,0.56039309501648,0.504554688930511,0.495982199907303,0.495629012584686,0.513897955417633,0.509909451007843,0.483008861541748,0.492323070764542,0.502862095832825,0.509520769119263,0.505081176757812,0.493099212646484,0.486133009195328
"2022-12-26",0.924417853355408,0.924511432647705,0.995469629764557,1.02361333370209,1.07199335098267,0.99356073141098,1.06169867515564,1.11358904838562,1.10475516319275,1.08616030216217,1.01012253761292,0.974660933017731,0.987929463386536,0.990455746650696,0.886889576911926,0.862985789775848,0.804233908653259,0.596760809421539,0.565689504146576,0.50577974319458,0.506272614002228,0.503772795200348,0.492554873228073,0.489012628793716,0.50386381149292,0.506601512432098,0.509671866893768,0.510409116744995,0.507349193096161,0.502479016780853,0.522297859191895,0.518630802631378,0.512655377388,0.507206737995148,0.462734341621399,0.456390112638474,0.457207232713699,0.474105179309845,0.471149265766144,0.445106506347656,0.453514903783798,0.46318307518959,0.469499588012695,0.468075096607208,0.455770879983902,0.449657201766968
"2022-12-27",1.07004988193512,1.06291270256042,1.18229794502258,1.18449926376343,1.16443228721619,1.10943567752838,1.17874717712402,1.26869177818298,1.27718353271484,1.25275123119354,1.17946815490723,1.1518394947052,1.15964543819427,1.15986692905426,1.08314752578735,1.03912782669067,0.935769140720367,0.625448942184448,0.564753353595734,0.469886064529419,0.465723663568497,0.461499959230423,0.456814646720886,0.454592078924179,0.470148056745529,0.472750842571259,0.473169714212418,0.47041529417038,0.464889943599701,0.460621654987335,0.477102726697922,0.473249554634094,0.46705350279808,0.46147620677948,0.42677691578865,0.423652827739716,0.42591267824173,0.438880205154419,0.436133027076721,0.412727117538452,0.422021150588989,0.43131297826767,0.43684846162796,0.431518703699112,0.423912554979324,0.41827329993248
"2022-12-28",0.99140727519989,0.98634546995163,1.07377672195435,1.06431663036346,1.01635599136353,0.998881876468658,1.10844469070435,1.20979833602905,1.23266792297363,1.20459175109863,1.09418296813965,1.07218396663666,1.06496906280518,1.04578125476837,0.986999154090881,0.925573468208313,0.809499025344849,0.565166115760803,0.515857100486755,0.435834556818008,0.429363995790482,0.423385083675385,0.426838278770447,0.425279200077057,0.43804857134819,0.437401294708252,0.434222102165222,0.429118603467941,0.423356980085373,0.423606425523758,0.436441332101822,0.432290494441986,0.425306886434555,0.419588804244995,0.393975615501404,0.393608778715134,0.395880162715912,0.407603532075882,0.404123425483704,0.385187268257141,0.39495587348938,0.40347620844841,0.407849133014679,0.399188250303268,0.395427793264389,0.390288293361664
"2022-12-29",0.916580200195312,0.911630749702454,0.977368414402008,0.966041922569275,0.928275108337402,0.922106623649597,1.04923534393311,1.15895915031433,1.17910194396973,1.14425408840179,1.01054549217224,0.987998247146606,0.968271195888519,0.930132031440735,0.845904588699341,0.789143323898315,0.690226078033447,0.496260672807693,0.457363307476044,0.40472349524498,0.400158584117889,0.395904272794724,0.401365578174591,0.399154871702194,0.409941375255585,0.407391905784607,0.402637988328934,0.397000402212143,0.391545802354813,0.391307085752487,0.401105761528015,0.396897554397583,0.390536904335022,0.385956406593323,0.366611659526825,0.366759866476059,0.369254857301712,0.381752550601959,0.379013568162918,0.362207293510437,0.370448440313339,0.378469973802567,0.382950663566589,0.375754952430725,0.371538162231445,0.365935683250427
"2022-12-30",0.843887150287628,0.838309943675995,0.89411199092865,0.88305789232254,0.851684212684631,0.848605751991272,0.975033283233643,1.11164557933807,1.14425373077393,1.10347008705139,0.94298779964447,0.908193469047546,0.883065462112427,0.837988495826721,0.748867273330688,0.703280568122864,0.620491743087769,0.460892736911774,0.427152216434479,0.384536355733871,0.380557835102081,0.376378208398819,0.376948595046997,0.374394148588181,0.384185940027237,0.381646305322647,0.37703400850296,0.371477067470551,0.366236627101898,0.364823579788208,0.372498691082001,0.368699222803116,0.363670527935028,0.360254019498825,0.345015317201614,0.345248311758041,0.348050028085709,0.361486256122589,0.359413743019104,0.342828154563904,0.349732398986816,0.357407718896866,0.362207353115082,0.359305918216705,0.353499919176102,0.346363365650177
"2022-12-31",0.781789422035217,0.768450975418091,0.821066975593567,0.808675229549408,0.781501114368439,0.776719212532043,0.894558131694794,1.0558774471283,1.1215900182724,1.08914756774902,0.902768492698669,0.846437871456146,0.822317838668823,0.77831107378006,0.692961871623993,0.663279891014099,0.605764210224152,0.440964967012405,0.41062194108963,0.371546685695648,0.366635292768478,0.360554218292236,0.354055106639862,0.35169443488121,0.362557470798492,0.360132366418839,0.355627059936523,0.350348502397537,0.345334321260452,0.342469871044159,0.348779231309891,0.346180379390717,0.342387020587921,0.339704036712646,0.327936440706253,0.328831374645233,0.332194685935974,0.345392882823944,0.34341499209404,0.325577408075333,0.332618415355682,0.340643107891083,0.345899671316147,0.348325043916702,0.343098372220993,0.33607080578804
"2023-01-01",0.717628300189972,0.695836544036865,0.751447558403015,0.73408830165863,0.707282245159149,0.70066374540329,0.797576725482941,0.970995426177979,1.08092606067657,1.08445346355438,0.889271855354309,0.812730550765991,0.791327118873596,0.749711394309998,0.667824566364288,0.646330833435059,0.606715977191925,0.466507136821747,0.431157648563385,0.367045789957047,0.358047187328339,0.347374022006989,0.332311004400253,0.330144733190536,0.34250620007515,0.341359615325928,0.338186323642731,0.333696842193604,0.32869815826416,0.322283744812012,0.328429192304611,0.326865583658218,0.324216574430466,0.322278678417206,0.312624424695969,0.313521236181259,0.317000716924667,0.330623060464859,0.329087823629379,0.308850854635239,0.315678596496582,0.323729425668716,0.329367399215698,0.338634639978409,0.335834801197052,0.32987317442894
"2023-01-02",0.658020317554474,0.630909979343414,0.690095007419586,0.666129052639008,0.667465686798096,0.688306510448456,0.859650313854218,0.998046517372131,1.1452202796936,1.1999077796936,1.16790330410004,1.26982581615448,1.21930718421936,1.11932134628296,0.952194690704346,0.915083169937134,0.844807803630829,0.708276927471161,0.681665062904358,0.677132785320282,0.663608431816101,0.633553743362427,0.592581927776337,0.593121290206909,0.66472977399826,0.625939071178436,0.568590581417084,0.502850949764252,0.463167518377304,0.495422810316086,0.611441552639008,0.593577980995178,0.578058123588562,0.571775197982788,0.639169156551361,0.60956084728241,0.584373116493225,0.603280603885651,0.632932543754578,0.605448663234711,0.594678163528442,0.555650055408478,0.514219582080841,0.428244084119797,0.417089879512787,0.407597661018372
"2023-01-03",0.604278564453125,0.57738584280014,0.647150158882141,0.614939212799072,0.616707742214203,0.644445061683655,0.809851050376892,1.01234602928162,1.18797588348389,1.29774129390717,1.41939842700958,1.52000951766968,1.46848213672638,1.36585128307343,1.18997812271118,1.12734627723694,1.03921592235565,0.893546521663666,0.875781297683716,0.862903654575348,0.8725506067276,0.858139276504517,0.784630835056305,0.768245756626129,0.837502002716064,0.801483511924744,0.739347755908966,0.682716965675354,0.658607661724091,0.680074274539948,0.802528917789459,0.820045828819275,0.83476972579956,0.841172277927399,0.830424070358276,0.831718444824219,0.838316857814789,0.889990508556366,0.871320903301239,0.78497987985611,0.790189027786255,0.776274561882019,0.752947628498077,0.599577724933624,0.557509064674377,0.532127678394318
"2023-01-04",0.567433655261993,0.54783707857132,0.606174468994141,0.584842205047607,0.571137487888336,0.586133718490601,0.700668215751648,0.890830516815186,1.07003831863403,1.21466946601868,1.34898483753204,1.39718353748322,1.36584007740021,1.29548931121826,1.13223695755005,1.08065986633301,1.00516939163208,0.85187041759491,0.830984234809875,0.777826309204102,0.771647691726685,0.743747174739838,0.682545781135559,0.663533806800842,0.696033895015717,0.682700514793396,0.661619603633881,0.645257771015167,0.640642166137695,0.646975219249725,0.741266965866089,0.752999901771545,0.76356053352356,0.768843054771423,0.736878633499146,0.737796485424042,0.738489151000977,0.77668285369873,0.749106109142303,0.668554067611694,0.684079766273499,0.695748507976532,0.698257505893707,0.61650139093399,0.579270839691162,0.550199031829834
"2023-01-05",0.536898195743561,0.519976913928986,0.572221636772156,0.555919289588928,0.53105765581131,0.536296427249908,0.621136009693146,0.773007452487946,0.935441613197327,1.0693393945694,1.2277934551239,1.28862690925598,1.26909255981445,1.2233715057373,1.08742308616638,1.04662775993347,0.984652519226074,0.831949591636658,0.799971520900726,0.701580286026001,0.68969601392746,0.658517062664032,0.594239950180054,0.579894840717316,0.605204343795776,0.60539835691452,0.602625489234924,0.599799871444702,0.599890530109406,0.599385917186737,0.671570360660553,0.680121123790741,0.68701446056366,0.69046539068222,0.651888132095337,0.647981882095337,0.645868837833405,0.671402215957642,0.653832376003265,0.576148331165314,0.593200027942657,0.611904621124268,0.623463749885559,0.60540246963501,0.580164134502411,0.554370224475861
"2023-01-06",0.518405139446259,0.499681890010834,0.555918514728546,0.53848659992218,0.507281303405762,0.51531445980072,0.5882488489151,0.740120708942413,0.896611928939819,1.01777696609497,1.16189551353455,1.21720612049103,1.19994759559631,1.16210508346558,1.05145478248596,1.02190661430359,0.970022439956665,0.793827295303345,0.750777304172516,0.63519960641861,0.615661144256592,0.582081019878387,0.529120981693268,0.519320964813232,0.546587467193604,0.55182296037674,0.556279003620148,0.558325052261353,0.558380424976349,0.550472438335419,0.610764443874359,0.616852343082428,0.62129133939743,0.622900784015656,0.585863709449768,0.580987811088562,0.578412175178528,0.595049262046814,0.580296814441681,0.509189009666443,0.524765074253082,0.543270766735077,0.555687725543976,0.56805408000946,0.557383954524994,0.540912985801697
"2023-01-07",0.516333997249603,0.496607184410095,0.557848215103149,0.540350496768951,0.507332384586334,0.519223034381866,0.601213693618774,0.762518763542175,0.922223687171936,1.03177535533905,1.13341975212097,1.17323589324951,1.16013646125793,1.12992119789124,1.04783964157104,1.02033805847168,0.964053392410278,0.737375378608704,0.68803596496582,0.574846744537354,0.551905751228333,0.519970238208771,0.478748470544815,0.473414957523346,0.505369424819946,0.511076271533966,0.515788376331329,0.517583608627319,0.516500115394592,0.507175981998444,0.557719230651855,0.561776041984558,0.563915371894836,0.563911259174347,0.528001546859741,0.522171080112457,0.518702924251556,0.526327669620514,0.51596200466156,0.460117816925049,0.473040878772736,0.488634467124939,0.499454349279404,0.520445585250854,0.517644345760345,0.509850323200226
"2023-01-08",0.512027978897095,0.488942384719849,0.561246275901794,0.54446667432785,0.510605216026306,0.519149899482727,0.617738962173462,0.77240663766861,0.935401558876038,1.04715573787689,1.11124682426453,1.14907097816467,1.12761926651001,1.09088575839996,1.04420828819275,1.00570571422577,0.929298043251038,0.684267401695251,0.631288707256317,0.52220755815506,0.497873038053513,0.470057010650635,0.44435852766037,0.441626310348511,0.476095467805862,0.475642651319504,0.473258137702942,0.468975275754929,0.462396144866943,0.475035727024078,0.515374958515167,0.514212787151337,0.511237800121307,0.50873875617981,0.466599643230438,0.463492304086685,0.461655795574188,0.48021873831749,0.472913593053818,0.430727899074554,0.443117618560791,0.45419192314148,0.45962992310524,0.445449948310852,0.451350718736649,0.455927461385727
"2023-01-09",1.42467772960663,1.52670991420746,1.75053608417511,1.81831312179565,1.62041068077087,1.34961271286011,1.39028692245483,1.51005756855011,1.60518908500671,1.67181861400604,1.48254776000977,1.49182879924774,1.43225502967834,1.32874500751495,1.16971850395203,1.10886466503143,1.02260422706604,0.91629958152771,0.883211970329285,0.881329715251923,0.866904020309448,0.821482717990875,0.772660374641418,0.751961886882782,0.854193210601807,0.80245566368103,0.738091111183167,0.667880117893219,0.629121661186218,0.75548905134201,0.912876009941101,0.883431077003479,0.859664142131805,0.85183984041214,0.903007805347443,0.848282039165497,0.79152774810791,0.850983023643494,0.885549664497375,0.874973893165588,0.90118008852005,0.905455112457275,0.884307980537415,0.75205260515213,0.766398072242737,0.757677555084229
"2023-01-10",2.26536583900452,2.3239426612854,2.54979133605957,2.614985704422,2.17683792114258,1.85701131820679,1.92722725868225,2.10421895980835,2.15603423118591,2.15355467796326,1.79626512527466,1.72114896774292,1.6592710018158,1.53320503234863,1.26222562789917,1.20558428764343,1.14125525951385,1.09139490127563,1.08282601833344,1.09895586967468,1.07880139350891,1.02582275867462,0.966482698917389,0.949035286903381,1.01762127876282,0.966194927692413,0.893986582756042,0.841133177280426,0.832708775997162,0.986955285072327,1.16538393497467,1.17028522491455,1.17358136177063,1.17488610744476,1.06317734718323,1.05675232410431,1.06228220462799,1.21833777427673,1.22172796726227,1.23034536838531,1.24182343482971,1.23592185974121,1.2217139005661,1.10811328887939,1.09839975833893,1.08457922935486
"2023-01-11",1.9654107093811,1.99067175388336,2.04301333427429,2.07594227790833,1.77547693252563,1.61225807666779,1.73040354251862,1.93458247184753,1.95578765869141,1.86677646636963,1.6128386259079,1.54140710830688,1.48956954479218,1.39257860183716,1.17392778396606,1.11951899528503,1.04712915420532,0.947436511516571,0.922894895076752,0.898278474807739,0.880267024040222,0.846365928649902,0.819796919822693,0.804214119911194,0.825706899166107,0.811043977737427,0.798018157482147,0.799839854240417,0.821215987205505,0.910278141498566,1.00600171089172,0.999763786792755,0.989298820495605,0.982316613197327,0.901558637619019,0.917781352996826,0.942042589187622,1.08392632007599,1.06172752380371,1.04268860816956,1.05823874473572,1.0678459405899,1.0712559223175,1.01727902889252,0.995389461517334,0.977129876613617
"2023-01-12",1.59876096248627,1.62742030620575,1.65675950050354,1.68281435966492,1.50078654289246,1.41523945331573,1.55871868133545,1.720543384552,1.71719694137573,1.63934147357941,1.46093606948853,1.4164412021637,1.36710095405579,1.27755331993103,1.06290483474731,0.9955193400383,0.906780064105988,0.786563515663147,0.767084777355194,0.745872378349304,0.738328635692596,0.722397685050964,0.709570407867432,0.704361140727997,0.729732513427734,0.732570469379425,0.741560876369476,0.753078937530518,0.76573234796524,0.818715274333954,0.867422819137573,0.853850960731506,0.837832868099213,0.829377293586731,0.780834913253784,0.796627283096313,0.816136002540588,0.923124551773071,0.902122795581818,0.87684166431427,0.895982146263123,0.913512706756592,0.923757076263428,0.903525233268738,0.884870529174805,0.865326881408691
"2023-01-13",1.30524265766144,1.32921504974365,1.38084983825684,1.39796030521393,1.28011953830719,1.23206329345703,1.36155128479004,1.51452934741974,1.54040694236755,1.48011565208435,1.33971989154816,1.29660022258759,1.25392270088196,1.17256855964661,0.959540009498596,0.888861179351807,0.792086839675903,0.659152626991272,0.647301912307739,0.635555326938629,0.638296365737915,0.637013792991638,0.631927490234375,0.632343411445618,0.658389270305634,0.662787795066833,0.673204123973846,0.681018590927124,0.684990167617798,0.712376654148102,0.74331271648407,0.732600510120392,0.719254970550537,0.711520910263062,0.680093824863434,0.692634046077728,0.707722008228302,0.777464389801025,0.76370096206665,0.735872685909271,0.754997670650482,0.775232493877411,0.787681877613068,0.787295341491699,0.772878766059875,0.755205273628235
"2023-01-14",1.10543024539948,1.12804341316223,1.19472432136536,1.20572853088379,1.11719632148743,1.08864259719849,1.19629716873169,1.33975648880005,1.4012542963028,1.36848020553589,1.24947488307953,1.19127035140991,1.14264059066772,1.07195711135864,0.862479567527771,0.785773932933807,0.688258290290833,0.576152324676514,0.572309851646423,0.565753281116486,0.5728679895401,0.577843308448792,0.579688668251038,0.580124199390411,0.600514829158783,0.603290498256683,0.608730137348175,0.610952973365784,0.609599411487579,0.62713760137558,0.65043967962265,0.641931116580963,0.631277740001678,0.624607145786285,0.59505170583725,0.60320520401001,0.614635825157166,0.669614374637604,0.65709400177002,0.637335479259491,0.654791831970215,0.673269689083099,0.685048282146454,0.687976896762848,0.6739302277565,0.656630873680115
"2023-01-15",0.988110899925232,0.995392680168152,1.06475448608398,1.06733047962189,0.995740056037903,0.979017853736877,1.07581090927124,1.22569072246552,1.3011177778244,1.27626895904541,1.14669847488403,1.0785117149353,1.02945828437805,0.949906826019287,0.739353656768799,0.670838415622711,0.591247200965881,0.520843029022217,0.519472718238831,0.516051352024078,0.524823129177094,0.531967341899872,0.535481631755829,0.534497022628784,0.549067556858063,0.549575626850128,0.549812912940979,0.54818469285965,0.544953167438507,0.555435836315155,0.574025511741638,0.567113220691681,0.558339595794678,0.552609205245972,0.522883057594299,0.527214109897614,0.536548316478729,0.584821403026581,0.576768279075623,0.560616254806519,0.574975192546844,0.591550230979919,0.601820826530457,0.601530969142914,0.582816660404205,0.562821865081787
"2023-01-16",1.17849147319794,1.18878972530365,1.3352507352829,1.38843786716461,1.42885613441467,1.2807332277298,1.27224898338318,1.38290333747864,1.33220839500427,1.2804651260376,1.31835281848907,1.36816596984863,1.30289125442505,1.18719255924225,1.03361618518829,0.971175193786621,0.886742532253265,0.845584750175476,0.824916005134583,0.879635691642761,0.844943523406982,0.79962682723999,0.811768054962158,0.807019472122192,0.926762700080872,0.861583948135376,0.785166501998901,0.718950271606445,0.703462421894073,0.802533388137817,0.885515749454498,0.846671462059021,0.808364748954773,0.783326864242554,0.781459510326385,0.770326435565948,0.789525866508484,0.867920517921448,0.848497092723846,0.756044387817383,0.723537504673004,0.679084539413452,0.646920442581177,0.596186101436615,0.577638506889343,0.556405186653137
"2023-01-17",1.30660152435303,1.31209230422974,1.5145435333252,1.54969811439514,1.46033525466919,1.34240198135376,1.38493752479553,1.3916699886322,1.35157310962677,1.34988105297089,1.40250253677368,1.46765685081482,1.37673091888428,1.25124430656433,1.14737510681152,1.07905113697052,0.997734725475311,0.998973608016968,0.964649498462677,0.998414814472198,0.967058062553406,0.923169791698456,0.946653187274933,0.926785588264465,1.00397861003876,0.954964697360992,0.899012565612793,0.871389806270599,0.877511024475098,1.01385951042175,1.06574082374573,1.03961741924286,1.00940668582916,0.992112338542938,0.95402067899704,0.969419360160828,0.970643281936646,0.98188066482544,0.91997766494751,0.823029518127441,0.790241956710815,0.741234004497528,0.70346337556839,0.598242342472076,0.574469685554504,0.555927693843842
"2023-01-18",1.24839282035828,1.23873329162598,1.32178616523743,1.32725977897644,1.21509146690369,1.16684579849243,1.25168323516846,1.24711358547211,1.21329915523529,1.20817995071411,1.12753570079803,1.15344214439392,1.07748627662659,0.973045647144318,0.86635959148407,0.832720935344696,0.797481417655945,0.802722334861755,0.787323355674744,0.795326888561249,0.784327030181885,0.766552031040192,0.77317601442337,0.759406924247742,0.787053942680359,0.776103019714355,0.763104856014252,0.763366937637329,0.768249988555908,0.844993710517883,0.89482045173645,0.881457090377808,0.866604149341583,0.858113050460815,0.787067234516144,0.77727198600769,0.761470019817352,0.76546710729599,0.728133320808411,0.677524149417877,0.661238133907318,0.633554995059967,0.617195010185242,0.535362005233765,0.517354846000671,0.513012588024139
"2023-01-19",1.1054835319519,1.10722160339355,1.1275771856308,1.15151357650757,1.07575368881226,1.02155518531799,1.07846009731293,1.03820598125458,0.991869449615479,0.966489195823669,0.889052510261536,0.900586605072021,0.848498344421387,0.781296014785767,0.706173121929169,0.68951541185379,0.67397266626358,0.675648748874664,0.667334258556366,0.666354596614838,0.664342761039734,0.657414793968201,0.659278690814972,0.651450991630554,0.667430520057678,0.662243604660034,0.657002687454224,0.655975103378296,0.659979462623596,0.705704689025879,0.75285279750824,0.741629838943481,0.728978097438812,0.719452381134033,0.638005197048187,0.627117395401001,0.61660885810852,0.61487752199173,0.590868592262268,0.548286080360413,0.542417287826538,0.530162930488586,0.52211606502533,0.479917794466019,0.477888882160187,0.480650067329407
"2023-01-20",0.92494398355484,0.951023578643799,0.954408347606659,0.992919683456421,0.946816802024841,0.885057032108307,0.90358316898346,0.872746765613556,0.829252481460571,0.788498997688293,0.72449803352356,0.720454454421997,0.690455734729767,0.652954816818237,0.607666194438934,0.600537717342377,0.594917714595795,0.595112562179565,0.591852188110352,0.585138320922852,0.587601363658905,0.586780905723572,0.58515077829361,0.581763744354248,0.593645572662354,0.592609524726868,0.592131555080414,0.59294718503952,0.595214366912842,0.614518642425537,0.644172668457031,0.633967399597168,0.621384084224701,0.611221671104431,0.549636721611023,0.539038896560669,0.530667841434479,0.512948095798492,0.502007007598877,0.470300167798996,0.474017828702927,0.472480833530426,0.469101786613464,0.450070440769196,0.451730847358704,0.455649733543396
"2023-01-21",0.795263051986694,0.840881943702698,0.859530687332153,0.890056848526001,0.857427000999451,0.801904201507568,0.793473482131958,0.775548994541168,0.739214897155762,0.697060227394104,0.630019664764404,0.612689137458801,0.598922967910767,0.579476416110992,0.545018196105957,0.541129589080811,0.53800892829895,0.537757098674774,0.536380350589752,0.526914060115814,0.531573712825775,0.533843517303467,0.532030761241913,0.53053617477417,0.537914574146271,0.538409233093262,0.539057493209839,0.539519011974335,0.53931313753128,0.5412917137146,0.557361721992493,0.550960779190063,0.542205929756165,0.534501850605011,0.492523819208145,0.481765300035477,0.473742991685867,0.44902691245079,0.444184958934784,0.417252361774445,0.425387650728226,0.428553760051727,0.427842885255814,0.420982927083969,0.424568295478821,0.428873777389526
"2023-01-22",0.666913866996765,0.698403239250183,0.755459249019623,0.79181182384491,0.785650730133057,0.744705975055695,0.732449412345886,0.726385831832886,0.700923562049866,0.66251528263092,0.586185991764069,0.551483392715454,0.543890416622162,0.531693458557129,0.498051166534424,0.494621247053146,0.491642117500305,0.491524547338486,0.490537464618683,0.483348965644836,0.48846024274826,0.491687446832657,0.491427659988403,0.489744305610657,0.495159029960632,0.495102643966675,0.494829684495926,0.494206964969635,0.492595314979553,0.486904472112656,0.496472150087357,0.492024630308151,0.485683917999268,0.479957491159439,0.447962939739227,0.438247710466385,0.430640757083893,0.404828697443008,0.403299868106842,0.382389932870865,0.392340809106827,0.396757960319519,0.397348165512085,0.395578324794769,0.399778604507446,0.403771042823792
"2023-01-23",0.943062901496887,1.02251756191254,1.06615400314331,1.22180533409119,1.45238494873047,1.21135222911835,1.51054000854492,1.50924110412598,1.48944878578186,1.46869814395905,1.16826224327087,1.08689618110657,1.06471681594849,1.00733661651611,0.938036918640137,0.868710994720459,0.812097549438477,0.858663856983185,0.809276700019836,0.880728662014008,0.814322829246521,0.744381606578827,0.803995430469513,0.754874885082245,0.840042591094971,0.77393627166748,0.707472205162048,0.646571338176727,0.611922740936279,0.723530113697052,0.83963131904602,0.779174745082855,0.742906451225281,0.727541387081146,0.674469113349915,0.627902567386627,0.596067905426025,0.633722722530365,0.628618359565735,0.611777603626251,0.611525177955627,0.602929592132568,0.595906555652618,0.532872974872589,0.531176686286926,0.536931335926056
"2023-01-24",1.10823667049408,1.17504680156708,1.35232198238373,1.47270572185516,1.58575320243835,1.49566531181335,1.79129838943481,1.86542022228241,1.90821242332458,1.87542963027954,1.56177246570587,1.47547256946564,1.39804887771606,1.29099452495575,1.11980247497559,1.07015645503998,1.01696109771729,1.00023114681244,0.970023214817047,0.964856326580048,0.932997465133667,0.892160892486572,0.911202847957611,0.88267570734024,0.913003325462341,0.863345384597778,0.803367912769318,0.764716982841492,0.753487884998322,0.905624985694885,1.01528036594391,0.992760479450226,0.965645253658295,0.941760718822479,0.756592571735382,0.722990870475769,0.707934081554413,0.78539103269577,0.767797112464905,0.751864194869995,0.750248968601227,0.7402703166008,0.730677962303162,0.670684099197388,0.660203874111176,0.65397310256958
"2023-01-25",1.05934500694275,1.11701047420502,1.28729510307312,1.36092555522919,1.39466309547424,1.35846281051636,1.55812704563141,1.62942183017731,1.65108156204224,1.61786377429962,1.33949398994446,1.22915887832642,1.16767621040344,1.0803337097168,0.915804922580719,0.888080298900604,0.858901798725128,0.830888330936432,0.816327571868896,0.790829002857208,0.786626935005188,0.772406876087189,0.756169080734253,0.737449288368225,0.734625041484833,0.719592332839966,0.703399360179901,0.69543981552124,0.696147859096527,0.784899353981018,0.859229803085327,0.840790748596191,0.818434536457062,0.798860311508179,0.652212381362915,0.630711734294891,0.624942064285278,0.673642992973328,0.662409722805023,0.644651591777802,0.651605367660522,0.652562618255615,0.650329828262329,0.622428715229034,0.613083839416504,0.605122745037079
"2023-01-26",1.05974185466766,1.11087608337402,1.24473643302917,1.30078601837158,1.31641793251038,1.28443121910095,1.45272517204285,1.48780572414398,1.48415017127991,1.43174064159393,1.15623342990875,1.0436042547226,0.989441990852356,0.91440224647522,0.774325907230377,0.755260765552521,0.736885249614716,0.719628572463989,0.711065828800201,0.68589860200882,0.685025632381439,0.67526364326477,0.651408731937408,0.641101479530334,0.643139064311981,0.638790011405945,0.634826302528381,0.633639454841614,0.634680032730103,0.687573552131653,0.73385763168335,0.717231392860413,0.696952879428864,0.67987859249115,0.576506733894348,0.563125193119049,0.560359716415405,0.590867519378662,0.584042906761169,0.568309545516968,0.578929662704468,0.584514856338501,0.585234045982361,0.571479678153992,0.564193904399872,0.557277023792267
"2023-01-27",1.02026307582855,1.08336305618286,1.19043099880219,1.24457895755768,1.25692248344421,1.21828043460846,1.34501504898071,1.35394787788391,1.32782471179962,1.26069211959839,1.00657391548157,0.898740351200104,0.855996012687683,0.795969307422638,0.671454012393951,0.658077955245972,0.646123230457306,0.638158082962036,0.63249397277832,0.608185112476349,0.609169542789459,0.60331392288208,0.583204805850983,0.577394366264343,0.586057245731354,0.583912551403046,0.581257879734039,0.578704059123993,0.576279938220978,0.603952288627625,0.63666695356369,0.624567687511444,0.609487891197205,0.5967578291893,0.522436320781708,0.511725902557373,0.508979678153992,0.529840767383575,0.526125490665436,0.512197732925415,0.523783624172211,0.53120356798172,0.533412575721741,0.52565199136734,0.519862353801727,0.514335453510284
"2023-01-28",0.915699183940887,0.977885246276855,1.10998857021332,1.16579854488373,1.19454503059387,1.15768206119537,1.23911762237549,1.26338052749634,1.24716567993164,1.18849611282349,0.943632245063782,0.83004355430603,0.795128047466278,0.742828905582428,0.610602915287018,0.597195446491241,0.584349095821381,0.572906136512756,0.569221138954163,0.550448596477509,0.554053127765656,0.552277445793152,0.535848677158356,0.531690299510956,0.537402749061584,0.535454869270325,0.53243350982666,0.529024124145508,0.525692939758301,0.536698043346405,0.562761604785919,0.555950939655304,0.546607911586761,0.538106620311737,0.482892274856567,0.472644001245499,0.468818843364716,0.480750739574432,0.479150295257568,0.4656141102314,0.477765738964081,0.48634922504425,0.489247858524323,0.485326051712036,0.480946570634842,0.476399421691895
"2023-01-29",0.824713408946991,0.869961202144623,1.0349794626236,1.08235287666321,1.11980247497559,1.09429728984833,1.174320936203,1.24249362945557,1.25464200973511,1.21280670166016,0.937271952629089,0.812111258506775,0.774352550506592,0.717446446418762,0.570718050003052,0.554669916629791,0.538492977619171,0.518858850002289,0.515672385692596,0.50309544801712,0.508345127105713,0.509466409683228,0.497946113348007,0.494036555290222,0.495622396469116,0.493883401155472,0.491090834140778,0.487943857908249,0.484788864850998,0.486659616231918,0.507173001766205,0.503173112869263,0.497087121009827,0.491234123706818,0.450022220611572,0.441043943166733,0.436947822570801,0.442815601825714,0.441622585058212,0.427577376365662,0.439238548278809,0.448553204536438,0.451821088790894,0.45033872127533,0.447220832109451,0.44380459189415
"2023-01-30",1.03249990940094,1.08334565162659,1.16213583946228,1.25134932994843,1.30363488197327,1.17888903617859,1.24959802627563,1.36204481124878,1.44281435012817,1.47690558433533,1.2406839132309,1.17287504673004,1.1052953004837,0.996682465076447,0.87860894203186,0.821508944034576,0.758772790431976,0.778277695178986,0.74749106168747,0.784575700759888,0.766386985778809,0.708031475543976,0.689294457435608,0.658035099506378,0.746909260749817,0.688922703266144,0.625083982944489,0.570608794689178,0.54446017742157,0.600273013114929,0.730786800384521,0.688506186008453,0.668321669101715,0.666796684265137,0.619007647037506,0.590338349342346,0.59504246711731,0.70395690202713,0.711074948310852,0.684505045413971,0.687438547611237,0.669944107532501,0.644027948379517,0.58101886510849,0.572921693325043,0.575603187084198
"2023-01-31",1.13322079181671,1.14543986320496,1.25363171100616,1.28550493717194,1.24313974380493,1.15580785274506,1.23040056228638,1.42243838310242,1.58917438983917,1.6762101650238,1.49916505813599,1.38893961906433,1.29597353935242,1.15204012393951,0.997761309146881,0.938342571258545,0.869367003440857,0.877249300479889,0.855884253978729,0.874020338058472,0.866040945053101,0.813845753669739,0.695974171161652,0.681562066078186,0.791057705879211,0.755544602870941,0.692019402980804,0.63830554485321,0.605850517749786,0.654082357883453,0.808096349239349,0.807405710220337,0.805603265762329,0.802614569664001,0.675660967826843,0.67060911655426,0.695871770381927,0.869346857070923,0.855901718139648,0.8287633061409,0.831503868103027,0.819695889949799,0.802522003650665,0.723634302616119,0.707749485969543,0.698645949363708
"2023-02-01",1.07085561752319,1.06708443164825,1.17251086235046,1.16461944580078,1.09254574775696,1.0596067905426,1.15158486366272,1.3805365562439,1.57341980934143,1.64994823932648,1.3448326587677,1.19406533241272,1.11548614501953,0.995233297348022,0.826772093772888,0.783507108688354,0.733511567115784,0.71555882692337,0.703908443450928,0.693742871284485,0.6920605301857,0.666399896144867,0.587125957012177,0.579656541347504,0.63084751367569,0.61884731054306,0.594200372695923,0.572193086147308,0.56075382232666,0.584762573242188,0.682241797447205,0.684032320976257,0.683182299137115,0.680507957935333,0.596474051475525,0.602952420711517,0.626743614673615,0.728374481201172,0.724130630493164,0.699462532997131,0.712699115276337,0.722415447235107,0.724655091762543,0.675502121448517,0.661768913269043,0.649608016014099
"2023-02-02",1.05018925666809,1.02612280845642,1.11990737915039,1.10384094715118,1.04069697856903,1.02108144760132,1.13208389282227,1.36615252494812,1.53508365154266,1.57331943511963,1.15645170211792,1.02402007579803,0.9591463804245,0.864827871322632,0.707086741924286,0.66763973236084,0.625079095363617,0.599433243274689,0.593598961830139,0.58400970697403,0.580935597419739,0.564981341362,0.521142780780792,0.515700101852417,0.542978942394257,0.540693342685699,0.533935248851776,0.526346981525421,0.523248314857483,0.53598564863205,0.597197532653809,0.598488509654999,0.597282469272614,0.594929873943329,0.5450758934021,0.55170738697052,0.570466995239258,0.641474843025208,0.638892710208893,0.611958384513855,0.625058174133301,0.638258635997772,0.645404994487762,0.623858153820038,0.612007319927216,0.600831031799316
"2023-02-03",1.02945125102997,0.992783069610596,1.07934045791626,1.06093811988831,1.00926244258881,0.995100557804108,1.1209921836853,1.32885611057281,1.42062890529633,1.3786586523056,0.966062903404236,0.88632082939148,0.829380810260773,0.747011244297028,0.60006445646286,0.566594898700714,0.535732805728912,0.522252082824707,0.518810927867889,0.509015679359436,0.507677733898163,0.49956801533699,0.473358601331711,0.469495892524719,0.484928667545319,0.485252439975739,0.484699219465256,0.484086155891418,0.484877914190292,0.493950635194778,0.534531772136688,0.535357415676117,0.534520447254181,0.532880365848541,0.506515562534332,0.51447319984436,0.528099596500397,0.576528251171112,0.572135746479034,0.546229541301727,0.559314787387848,0.571277976036072,0.577459573745728,0.57315993309021,0.563514471054077,0.554817914962769
"2023-02-04",0.982361018657684,0.95072329044342,1.04454755783081,1.0308803319931,0.99179083108902,0.965897083282471,1.09981048107147,1.21842193603516,1.23842287063599,1.18765592575073,0.824031293392181,0.751523792743683,0.706571936607361,0.642682194709778,0.50883424282074,0.49471989274025,0.479371845722198,0.46496593952179,0.461591005325317,0.450403869152069,0.452081084251404,0.449227273464203,0.434435456991196,0.432506531476974,0.440660059452057,0.441291153430939,0.441782772541046,0.442704528570175,0.44562840461731,0.45634800195694,0.484257578849792,0.484654039144516,0.484132349491119,0.483098298311234,0.470251262187958,0.475225001573563,0.482944935560226,0.513812363147736,0.510334372520447,0.492040812969208,0.507039546966553,0.519221782684326,0.524725317955017,0.52282303571701,0.517573833465576,0.511086344718933
"2023-02-05",0.828174233436584,0.800392270088196,0.95300430059433,0.943528175354004,0.935239493846893,0.902754545211792,1.02227139472961,1.13275289535522,1.19381403923035,1.1847083568573,0.804774641990662,0.684482216835022,0.648368239402771,0.597342729568481,0.474815309047699,0.463412523269653,0.450438052415848,0.424475342035294,0.420771151781082,0.406389564275742,0.410263001918793,0.411682039499283,0.407200962305069,0.4053775370121,0.40947300195694,0.409857511520386,0.410914719104767,0.413383543491364,0.417879998683929,0.427511781454086,0.447061330080032,0.447535991668701,0.447637557983398,0.44745197892189,0.439695924520493,0.441985368728638,0.446229636669159,0.467230349779129,0.465964019298553,0.450759053230286,0.465065330266953,0.476498901844025,0.481510549783707,0.481292098760605,0.477186381816864,0.472278118133545
"2023-02-06",1.15432143211365,1.1464512348175,1.18837404251099,1.28309535980225,1.25565886497498,1.13588881492615,1.26832962036133,1.30911719799042,1.33103942871094,1.35121536254883,1.09117841720581,1.08497309684753,0.978817820549011,0.830417037010193,0.708522796630859,0.6372891664505,0.574431896209717,0.62786728143692,0.582578599452972,0.612714409828186,0.547255516052246,0.469998419284821,0.522379100322723,0.485090762376785,0.599206924438477,0.537317097187042,0.488535076379776,0.446878612041473,0.424655318260193,0.499093621969223,0.628721117973328,0.593018710613251,0.574881672859192,0.567332088947296,0.517008602619171,0.502529561519623,0.495746552944183,0.554324150085449,0.551302015781403,0.539903581142426,0.527388155460358,0.502462327480316,0.489782571792603,0.458186447620392,0.451115190982819,0.445866465568542
"2023-02-07",1.5460706949234,1.48894715309143,1.37108731269836,1.42076671123505,1.32714319229126,1.22324061393738,1.38752055168152,1.41079759597778,1.39840006828308,1.3705940246582,1.20692944526672,1.18682193756104,1.0770515203476,0.92143189907074,0.714236855506897,0.66113930940628,0.605690240859985,0.645024299621582,0.601948022842407,0.566801905632019,0.524160742759705,0.47376823425293,0.492850244045258,0.48392242193222,0.559786677360535,0.523599624633789,0.478600084781647,0.446930736303329,0.439410865306854,0.558598279953003,0.68738728761673,0.675905585289001,0.660386383533478,0.646484076976776,0.532878220081329,0.522265195846558,0.518567502498627,0.582596123218536,0.561828851699829,0.531656563282013,0.523715019226074,0.50781661272049,0.496184170246124,0.449046403169632,0.438259601593018,0.429777264595032
"2023-02-08",1.32078957557678,1.31601762771606,1.19566249847412,1.21468794345856,1.19127988815308,1.13811755180359,1.27275383472443,1.28140330314636,1.24363946914673,1.17939805984497,0.969260811805725,0.896412789821625,0.805879473686218,0.688671350479126,0.533953785896301,0.509098410606384,0.484390884637833,0.479814529418945,0.457863003015518,0.420432507991791,0.415190070867538,0.407939910888672,0.420763254165649,0.415343135595322,0.435915231704712,0.427443832159042,0.421273738145828,0.424739629030228,0.439788103103638,0.52331805229187,0.586774289608002,0.574367165565491,0.558293700218201,0.544849276542664,0.468178302049637,0.460301637649536,0.457289397716522,0.47787281870842,0.465557634830475,0.440020591020584,0.446001201868057,0.447095483541489,0.444801330566406,0.42233407497406,0.415351152420044,0.408863365650177
"2023-02-09",1.13774180412292,1.15175402164459,1.11204528808594,1.14058983325958,1.14416670799255,1.09663820266724,1.18165171146393,1.15545034408569,1.07416093349457,0.957299709320068,0.716076374053955,0.652432143688202,0.593033611774445,0.518736362457275,0.427700698375702,0.416287481784821,0.406052976846695,0.399672955274582,0.391764104366302,0.369246929883957,0.37428230047226,0.376834154129028,0.379085749387741,0.378093361854553,0.394001245498657,0.397953391075134,0.405866026878357,0.416378259658813,0.42986536026001,0.476546913385391,0.510307610034943,0.499674677848816,0.485878586769104,0.474509626626968,0.419937074184418,0.412607908248901,0.40926605463028,0.412945002317429,0.407525390386581,0.387510240077972,0.397666901350021,0.403438866138458,0.404270350933075,0.394538372755051,0.390637367963791,0.386852592229843
"2023-02-10",1.0503396987915,1.07700526714325,1.07283854484558,1.10813045501709,1.10585677623749,1.05194592475891,1.08316504955292,1.03436481952667,0.914897441864014,0.784122049808502,0.562659978866577,0.508944511413574,0.473802506923676,0.428449809551239,0.3702113032341,0.364434599876404,0.360788404941559,0.362120777368546,0.359619528055191,0.343681246042252,0.350023686885834,0.354421675205231,0.354312539100647,0.355546712875366,0.37245512008667,0.377490818500519,0.385241985321045,0.393310934305191,0.403045117855072,0.425787568092346,0.450563758611679,0.444088071584702,0.435124456882477,0.427296847105026,0.386893570423126,0.379872560501099,0.376436293125153,0.373156994581223,0.370173275470734,0.351604163646698,0.362589776515961,0.370174735784531,0.372438222169876,0.368967890739441,0.366729080677032,0.364631116390228
"2023-02-11",1.01795792579651,1.04173994064331,1.06995892524719,1.1027524471283,1.08737802505493,1.02999806404114,1.04334306716919,1.01392793655396,0.841312289237976,0.708885669708252,0.49955290555954,0.43712991476059,0.413181990385056,0.380371242761612,0.334209591150284,0.331345289945602,0.331061542034149,0.338144838809967,0.337412267923355,0.324280679225922,0.330228179693222,0.335710227489471,0.336495876312256,0.337520211935043,0.351076483726501,0.355196326971054,0.361359298229218,0.368075847625732,0.37550675868988,0.38642829656601,0.406158238649368,0.402709871530533,0.397457510232925,0.392531335353851,0.363813132047653,0.357473969459534,0.353303104639053,0.345790326595306,0.342426270246506,0.324830591678619,0.334686428308487,0.342725455760956,0.34613624215126,0.345951497554779,0.344812333583832,0.343847930431366
"2023-02-12",0.980005443096161,0.993599653244019,1.05039393901825,1.08824992179871,1.06776368618011,1.00878286361694,1.03015112876892,1.00499141216278,0.83377879858017,0.689311265945435,0.475263297557831,0.401960432529449,0.38155609369278,0.351926535367966,0.305553615093231,0.304122805595398,0.306464999914169,0.317358195781708,0.317939907312393,0.308068186044693,0.312821567058563,0.318346798419952,0.321289241313934,0.32194396853447,0.332211703062057,0.33567687869072,0.340822577476501,0.347785115242004,0.353343725204468,0.356176167726517,0.372411608695984,0.370872437953949,0.367903649806976,0.364942789077759,0.344648748636246,0.338966459035873,0.33349746465683,0.32361227273941,0.320294171571732,0.303523272275925,0.31064647436142,0.318234145641327,0.322978645563126,0.325532585382462,0.325143337249756,0.324994444847107
"2023-02-13",0.909876108169556,0.941387057304382,0.961216628551483,1.0401862859726,1.03168332576752,0.914005815982819,0.981855273246765,1.02381980419159,0.946869194507599,0.82683539390564,0.672745227813721,0.684256851673126,0.637378215789795,0.573414504528046,0.534128904342651,0.494806528091431,0.456128865480423,0.489243477582932,0.463578820228577,0.485965728759766,0.458234876394272,0.410750567913055,0.415675848722458,0.396749675273895,0.5036740899086,0.459209054708481,0.414991170167923,0.3801029920578,0.375248968601227,0.434687376022339,0.558876574039459,0.532527506351471,0.523948669433594,0.528234660625458,0.47820857167244,0.430303156375885,0.395051389932632,0.383285909891129,0.385956615209579,0.37522155046463,0.37439700961113,0.366366177797318,0.357037454843521,0.329426497220993,0.326886773109436,0.326914995908737
"2023-02-14",0.780264973640442,0.783717274665833,0.836360216140747,0.885230183601379,0.848756670951843,0.769655108451843,0.856459736824036,0.980779349803925,0.981262505054474,0.881006240844727,0.79490864276886,0.820255517959595,0.772742331027985,0.702734351158142,0.641323864459991,0.604756891727448,0.557485580444336,0.536149144172668,0.518868207931519,0.524713218212128,0.506796002388,0.462561547756195,0.39010351896286,0.389769852161407,0.508330941200256,0.491193860769272,0.465588867664337,0.448127001523972,0.451129972934723,0.501762509346008,0.639549255371094,0.64119690656662,0.644280672073364,0.645977079868317,0.505508005619049,0.467654943466187,0.439475566148758,0.439971745014191,0.429289788007736,0.40237894654274,0.40857195854187,0.408155858516693,0.404205143451691,0.345073223114014,0.338321626186371,0.335243314504623
"2023-02-15",0.747755527496338,0.75914716720581,0.794109582901001,0.822104573249817,0.781167209148407,0.74736100435257,0.839462161064148,0.971413731575012,0.994559526443481,0.907557845115662,0.713969230651855,0.688424229621887,0.655027568340302,0.603199362754822,0.53048437833786,0.507459402084351,0.475877314805984,0.448245704174042,0.439779669046402,0.432678729295731,0.419741809368134,0.39140796661377,0.339342415332794,0.340693235397339,0.416000634431839,0.420019537210464,0.425054848194122,0.429704397916794,0.43428310751915,0.465263605117798,0.554627001285553,0.553228497505188,0.549865901470184,0.543747782707214,0.41176837682724,0.38830578327179,0.377962410449982,0.384690999984741,0.375691890716553,0.350509852170944,0.358146876096725,0.362921208143234,0.364637047052383,0.331329166889191,0.325599014759064,0.321589171886444
"2023-02-16",0.738598942756653,0.73879861831665,0.780009746551514,0.781851053237915,0.75199419260025,0.738349080085754,0.832351565361023,0.978475749492645,1.03529000282288,0.97942590713501,0.66020405292511,0.604320049285889,0.575837910175323,0.531111240386963,0.452993333339691,0.433965384960175,0.408194482326508,0.38870170712471,0.383646070957184,0.376686602830887,0.366837084293365,0.347673654556274,0.311452478170395,0.312975406646729,0.372298508882523,0.381498396396637,0.392217338085175,0.40065398812294,0.40554866194725,0.431371718645096,0.492215931415558,0.486850678920746,0.477989107370377,0.467243194580078,0.358671247959137,0.341581106185913,0.336531609296799,0.343279927968979,0.337933331727982,0.318601131439209,0.325077772140503,0.330457508563995,0.332960337400436,0.314778804779053,0.310474008321762,0.307044237852097
"2023-02-17",0.732675075531006,0.721418023109436,0.776312947273254,0.761444509029388,0.736687004566193,0.727298498153687,0.811690449714661,0.968425035476685,1.06227111816406,1.0346794128418,0.633464813232422,0.554029226303101,0.528200685977936,0.486696124076843,0.398708701133728,0.381715625524521,0.362457931041718,0.350628346204758,0.348080217838287,0.341041833162308,0.337277710437775,0.325954914093018,0.293717086315155,0.294002115726471,0.336691915988922,0.347280263900757,0.360557943582535,0.371558845043182,0.377949684858322,0.393071323633194,0.438363641500473,0.433967530727386,0.425672173500061,0.415709912776947,0.334163188934326,0.318090915679932,0.312050312757492,0.316072136163712,0.313125610351562,0.296874970197678,0.30219042301178,0.307855904102325,0.311110496520996,0.300867527723312,0.296322762966156,0.293301999568939
"2023-02-18",0.732809782028198,0.712838053703308,0.780673682689667,0.753248691558838,0.728675067424774,0.718525171279907,0.791659832000732,0.955630421638489,1.07319176197052,1.06814551353455,0.633093178272247,0.533261477947235,0.508202373981476,0.467971384525299,0.366005957126617,0.35061240196228,0.333972275257111,0.322636127471924,0.321475267410278,0.315300077199936,0.3151715695858,0.308551371097565,0.282878547906876,0.281573623418808,0.308885753154755,0.317923039197922,0.330632537603378,0.342549085617065,0.350394010543823,0.358538031578064,0.395497679710388,0.392835855484009,0.386172235012054,0.378715425729752,0.318609446287155,0.303990483283997,0.296514600515366,0.296255201101303,0.294158458709717,0.279940217733383,0.284937083721161,0.290430068969727,0.293920487165451,0.291056782007217,0.284879148006439,0.280758947134018
"2023-02-19",0.73078316450119,0.708324015140533,0.779967784881592,0.748370170593262,0.721770703792572,0.710496425628662,0.778021931648254,0.94514274597168,1.06901597976685,1.07223081588745,0.645157814025879,0.533355712890625,0.50646984577179,0.462878197431564,0.348270654678345,0.332641333341599,0.315255045890808,0.297915577888489,0.297736883163452,0.293075740337372,0.295012325048447,0.292298972606659,0.275142014026642,0.273112446069717,0.290269255638123,0.297431200742722,0.308178842067719,0.31898507475853,0.326618403196335,0.330763280391693,0.361346185207367,0.359664678573608,0.354649126529694,0.349219173192978,0.300861656665802,0.288169264793396,0.28105553984642,0.27898371219635,0.277391135692596,0.264816999435425,0.269913196563721,0.275635272264481,0.279369443655014,0.281376004219055,0.276845872402191,0.270418167114258
"2023-02-20",0.738652586936951,0.711578726768494,0.784734189510345,0.75166118144989,0.723263025283813,0.710896015167236,0.777175426483154,0.944280207157135,1.06612753868103,1.07501006126404,0.656263291835785,0.542894244194031,0.51263552904129,0.463136672973633,0.338917881250381,0.322214782238007,0.303174823522568,0.278593182563782,0.278671264648438,0.274294704198837,0.277472138404846,0.277901530265808,0.268748998641968,0.266564190387726,0.2790147960186,0.284860789775848,0.293812811374664,0.302591621875763,0.308284550905228,0.309210896492004,0.334055483341217,0.332341849803925,0.327892303466797,0.323136538267136,0.280445098876953,0.269770503044128,0.264389932155609,0.263916850090027,0.262821853160858,0.251451790332794,0.256649136543274,0.262455880641937,0.266285121440887,0.2710120677948,0.268512427806854,0.264411091804504
"2023-02-21",0.747948825359344,0.714677095413208,0.795005261898041,0.759706020355225,0.728240072727203,0.713901162147522,0.771277546882629,0.941208362579346,1.068843126297,1.07870018482208,0.682531833648682,0.557786464691162,0.521532297134399,0.465580880641937,0.333990275859833,0.315956830978394,0.29513356089592,0.263741701841354,0.263321161270142,0.257891923189163,0.261930763721466,0.264720112085342,0.261632651090622,0.259802758693695,0.269398897886276,0.273939311504364,0.280753076076508,0.287317484617233,0.291393995285034,0.291310369968414,0.309110879898071,0.30656373500824,0.301349490880966,0.296284377574921,0.260392099618912,0.252071917057037,0.248808860778809,0.250019669532776,0.249563857913017,0.238697946071625,0.243524998426437,0.249088928103447,0.25288724899292,0.260268092155457,0.259469836950302,0.25676816701889
"2023-02-22",0.756056368350983,0.724450290203094,0.813154697418213,0.781004309654236,0.746294856071472,0.728357911109924,0.787289083003998,0.953115165233612,1.08137822151184,1.09889793395996,0.721700727939606,0.568374693393707,0.528366267681122,0.467456549406052,0.329913526773453,0.309186339378357,0.285437911748886,0.252489864826202,0.252171814441681,0.247340902686119,0.251159965991974,0.254745721817017,0.255785316228867,0.255004644393921,0.264019519090652,0.267013698816299,0.27133321762085,0.275285542011261,0.277396202087402,0.276694148778915,0.289706498384476,0.286286115646362,0.280412048101425,0.275247395038605,0.245016485452652,0.238917663693428,0.237476274371147,0.240646824240685,0.240248948335648,0.229281455278397,0.233520269393921,0.238387778401375,0.241829574108124,0.250404357910156,0.251233518123627,0.250354140996933
"2023-02-23",0.762476742267609,0.73562502861023,0.829578042030334,0.800764799118042,0.765427231788635,0.748342990875244,0.815308570861816,0.988718569278717,1.10904097557068,1.10811710357666,0.702366054058075,0.564188957214355,0.521716892719269,0.457889467477798,0.318714290857315,0.297182887792587,0.272802442312241,0.241770073771477,0.24256756901741,0.240649461746216,0.244563668966293,0.248758599162102,0.251577287912369,0.251195132732391,0.259801596403122,0.261454880237579,0.263569056987762,0.265276908874512,0.265767991542816,0.263812124729156,0.27174636721611,0.267761170864105,0.261661678552628,0.256667912006378,0.233647659420967,0.22967454791069,0.229559153318405,0.23355570435524,0.233004853129387,0.221154242753983,0.225426316261292,0.230101644992828,0.233321323990822,0.242325678467751,0.243792071938515,0.243604347109795
"2023-02-24",0.752877950668335,0.728312969207764,0.828202366828918,0.807216823101044,0.77317750453949,0.74995219707489,0.819534480571747,0.984992623329163,1.10765266418457,1.12217903137207,0.722439408302307,0.556751191616058,0.515521883964539,0.456691950559616,0.306930661201477,0.287696927785873,0.266242742538452,0.235543876886368,0.236610934138298,0.237905204296112,0.2417411506176,0.245933011174202,0.250498443841934,0.249114707112312,0.256256997585297,0.256783306598663,0.257002532482147,0.256935328245163,0.256456136703491,0.253021538257599,0.256846278905869,0.253611892461777,0.24848672747612,0.244173899292946,0.228679612278938,0.224918648600578,0.22407965362072,0.227160006761551,0.226364895701408,0.214275792241096,0.218311086297035,0.222749143838882,0.225862309336662,0.235789254307747,0.237384170293808,0.236743614077568
"2023-02-25",0.650944232940674,0.665064930915833,0.740096628665924,0.767206311225891,0.743620157241821,0.703689694404602,0.769124150276184,0.831570565700531,0.879701554775238,0.91046679019928,0.65753823518753,0.548336386680603,0.513132035732269,0.46138396859169,0.312203109264374,0.2980917096138,0.280960619449615,0.244577676057816,0.24235662817955,0.235722333192825,0.239714473485947,0.242930978536606,0.247096419334412,0.245657473802567,0.249675050377846,0.248728781938553,0.247115269303322,0.245872110128403,0.245497539639473,0.241312205791473,0.245422139763832,0.243141919374466,0.239479884505272,0.236244410276413,0.224475651979446,0.220517843961716,0.218462631106377,0.217646136879921,0.216839045286179,0.207398653030396,0.212450310587883,0.216845065355301,0.21934475004673,0.222843408584595,0.222041547298431,0.22063447535038
"2023-02-26",0.551913678646088,0.578853607177734,0.639010488986969,0.672037243843079,0.692649841308594,0.674243032932281,0.732270300388336,0.721746802330017,0.686078548431396,0.633769273757935,0.510794579982758,0.474692314863205,0.436435222625732,0.385895907878876,0.293975383043289,0.286355018615723,0.277591198682785,0.250202566385269,0.249188035726547,0.236011445522308,0.241063296794891,0.243923529982567,0.242611110210419,0.240763753652573,0.239825174212456,0.238398790359497,0.23656964302063,0.235162705183029,0.233502298593521,0.226702630519867,0.232280045747757,0.230152294039726,0.227096155285835,0.224459201097488,0.212759152054787,0.21000374853611,0.208352401852608,0.205815508961678,0.206144347786903,0.202476397156715,0.208591789007187,0.212307378649712,0.213697493076324,0.211649656295776,0.209541618824005,0.207658991217613
"2023-02-27",0.918605029582977,0.978121399879456,1.11265408992767,1.23662734031677,1.01577484607697,0.936276316642761,1.01410675048828,1.03829956054688,1.02237701416016,0.997320711612701,0.868528544902802,0.930627286434174,0.868603646755219,0.794419825077057,0.775939226150513,0.732040464878082,0.685556888580322,0.650474846363068,0.584170460700989,0.630077838897705,0.586675584316254,0.544127404689789,0.569503784179688,0.533240377902985,0.631930708885193,0.554380118846893,0.474423289299011,0.397818475961685,0.360091000795364,0.454107642173767,0.595139145851135,0.55353856086731,0.53337824344635,0.528810918331146,0.474263906478882,0.429024785757065,0.395053207874298,0.431170463562012,0.426217436790466,0.424641311168671,0.410688102245331,0.389940559864044,0.376510381698608,0.31900218129158,0.311803430318832,0.30939707159996
"2023-02-28",1.19752466678619,1.2527928352356,1.33237838745117,1.40275895595551,1.24291276931763,1.16864025592804,1.27170503139496,1.27645754814148,1.24084901809692,1.20300734043121,1.17836833000183,1.22658896446228,1.16948795318604,1.10048949718475,1.06914591789246,1.01337015628815,0.943221628665924,0.846610248088837,0.81808739900589,0.779378056526184,0.763535141944885,0.733547389507294,0.698602378368378,0.659387171268463,0.664447128772736,0.605516135692596,0.548438966274261,0.534050703048706,0.564422786235809,0.734032392501831,0.840523540973663,0.809112906455994,0.768848359584808,0.736081540584564,0.539123237133026,0.511207282543182,0.500437915325165,0.57609623670578,0.551170825958252,0.536979258060455,0.525118350982666,0.507867276668549,0.495385646820068,0.437494933605194,0.424194484949112,0.412499278783798
"2023-03-01",1.14847254753113,1.18959712982178,1.20185446739197,1.2436558008194,1.19321703910828,1.12946140766144,1.1651303768158,1.11722207069397,1.05191028118134,1.00799119472504,0.986613392829895,1.00659799575806,0.967209875583649,0.917231440544128,0.866654515266418,0.831166446208954,0.788045048713684,0.713535785675049,0.691549301147461,0.621410071849823,0.608780682086945,0.579905867576599,0.515182256698608,0.509070694446564,0.514566004276276,0.525193989276886,0.542857587337494,0.561640858650208,0.577328264713287,0.63339638710022,0.681663811206818,0.647537231445312,0.607095539569855,0.577722191810608,0.44966921210289,0.439618021249771,0.439029961824417,0.474266111850739,0.460353821516037,0.448063552379608,0.448995113372803,0.445485174655914,0.442117124795914,0.415156573057175,0.404365569353104,0.394502282142639
"2023-03-02",1.07145643234253,1.10729646682739,1.11805868148804,1.1625189781189,1.11700451374054,1.03282260894775,1.02272725105286,0.972088158130646,0.910871624946594,0.86987578868866,0.842321276664734,0.854195475578308,0.827698945999146,0.790962874889374,0.73688393831253,0.710968136787415,0.677574217319489,0.602201104164124,0.579100489616394,0.507493734359741,0.507322311401367,0.50223582983017,0.479691952466965,0.489630371332169,0.514102339744568,0.521026074886322,0.526419997215271,0.525169551372528,0.516677260398865,0.526155292987823,0.558490693569183,0.538726806640625,0.514495611190796,0.496380597352982,0.408643573522568,0.399554312229156,0.397837489843369,0.41593736410141,0.409273415803909,0.397704422473907,0.403456777334213,0.405468851327896,0.405133605003357,0.390007436275482,0.382567018270493,0.375603497028351
"2023-03-03",0.974554300308228,1.00532078742981,1.0291736125946,1.08197748661041,1.03710043430328,0.952501654624939,0.921400666236877,0.878147840499878,0.816012978553772,0.775310099124908,0.739111065864563,0.743887007236481,0.726676642894745,0.699601292610168,0.64643806219101,0.624373018741608,0.594340443611145,0.521563410758972,0.501951575279236,0.455526441335678,0.464107185602188,0.473198056221008,0.471294939517975,0.474754750728607,0.488960087299347,0.487832188606262,0.483187168836594,0.474921941757202,0.461357891559601,0.457993268966675,0.483300626277924,0.473281800746918,0.460417538881302,0.45010569691658,0.381389141082764,0.37068697810173,0.36711448431015,0.379947543144226,0.376306056976318,0.364989936351776,0.372267484664917,0.377234876155853,0.378247886896133,0.369112968444824,0.36367255449295,0.358234703540802
"2023-03-04",0.867166876792908,0.894119143486023,0.950016260147095,0.999750137329102,0.967670202255249,0.89354407787323,0.872662425041199,0.840760946273804,0.762986600399017,0.714078783988953,0.665487945079803,0.660756826400757,0.648050308227539,0.626257300376892,0.576917171478271,0.558406710624695,0.533353626728058,0.467074871063232,0.45392894744873,0.425633758306503,0.434139996767044,0.444506645202637,0.448087275028229,0.447306275367737,0.452186703681946,0.44898447394371,0.44245845079422,0.43259197473526,0.419983416795731,0.41233292222023,0.43239414691925,0.426875799894333,0.419160276651382,0.41255459189415,0.358946919441223,0.348290920257568,0.343874245882034,0.352086991071701,0.349799454212189,0.340238690376282,0.347569048404694,0.353596210479736,0.35583108663559,0.3504598736763,0.346224457025528,0.341689586639404
"2023-03-05",0.792516708374023,0.803236484527588,0.879321813583374,0.915736615657806,0.901606023311615,0.843639850616455,0.843745112419128,0.830812811851501,0.746237993240356,0.678717732429504,0.611292541027069,0.597950458526611,0.586470067501068,0.566812753677368,0.523280084133148,0.50728839635849,0.483197748661041,0.42110601067543,0.415059059858322,0.398953199386597,0.405743211507797,0.414738923311234,0.41966986656189,0.417542278766632,0.416882514953613,0.413280546665192,0.406259387731552,0.39569553732872,0.386171728372574,0.378539025783539,0.393898516893387,0.390234231948853,0.384548634290695,0.379430949687958,0.337835609912872,0.328403681516647,0.324321568012238,0.329372406005859,0.328058421611786,0.319965839385986,0.326348930597305,0.332354128360748,0.335715919733047,0.333051979541779,0.329448163509369,0.325591266155243
"2023-03-06",0.888271510601044,0.906988799571991,0.973816514015198,1.02954947948456,0.999895513057709,0.887538194656372,0.985233306884766,1.0515638589859,1.03109121322632,0.981108665466309,0.849301695823669,0.892523407936096,0.857378482818604,0.813529133796692,0.788649320602417,0.746641755104065,0.692012071609497,0.690415441989899,0.667279124259949,0.652959167957306,0.626453340053558,0.583834648132324,0.534617960453033,0.52650374174118,0.619252860546112,0.587226808071136,0.54651015996933,0.49329462647438,0.461389541625977,0.502123057842255,0.654038190841675,0.607994377613068,0.580254971981049,0.569464445114136,0.506070077419281,0.460863053798676,0.432529091835022,0.465434581041336,0.48186582326889,0.495848178863525,0.487647861242294,0.462922960519791,0.438451617956161,0.371675193309784,0.359900653362274,0.359133213758469
"2023-03-07",0.898007392883301,0.888302981853485,0.984915494918823,0.988227844238281,0.91291606426239,0.851822674274445,0.973312020301819,1.13428592681885,1.18358147144318,1.15646815299988,0.998761832714081,1.02523052692413,1.00648140907288,0.974717855453491,0.923490405082703,0.899779558181763,0.86483883857727,0.843008399009705,0.81940633058548,0.759172677993774,0.746074318885803,0.70882374048233,0.597186148166656,0.605164051055908,0.676093578338623,0.656907618045807,0.623985588550568,0.587728798389435,0.564478695392609,0.607475340366364,0.74810928106308,0.746053576469421,0.73842054605484,0.729296445846558,0.553697228431702,0.516962885856628,0.500482976436615,0.585618257522583,0.578322052955627,0.563664674758911,0.575160384178162,0.57123863697052,0.55632072687149,0.428388386964798,0.394668102264404,0.378449618816376
"2023-03-08",0.817449033260345,0.792001605033875,0.882288098335266,0.864165961742401,0.812462389469147,0.789193093776703,0.875133752822876,1.00385665893555,1.03938710689545,1.01047825813293,0.862916231155396,0.858191609382629,0.854669451713562,0.840207576751709,0.790825605392456,0.781513094902039,0.763746500015259,0.727977871894836,0.706396043300629,0.629409611225128,0.628782093524933,0.615435123443604,0.55546098947525,0.552545309066772,0.563124299049377,0.558945119380951,0.550595343112946,0.53860068321228,0.527643263339996,0.54882800579071,0.634941160678864,0.637116074562073,0.632653951644897,0.624805212020874,0.483149081468582,0.453085631132126,0.441994100809097,0.499787271022797,0.495227009057999,0.473746716976166,0.488740861415863,0.499981433153152,0.502582252025604,0.439004391431808,0.39797767996788,0.366080582141876
"2023-03-09",0.757408022880554,0.730007886886597,0.817128777503967,0.800413846969604,0.766941070556641,0.747570693492889,0.81467604637146,0.907216429710388,0.931013464927673,0.913025081157684,0.783814549446106,0.746288537979126,0.742760896682739,0.731564879417419,0.696267008781433,0.685011684894562,0.666682481765747,0.625107765197754,0.605251431465149,0.538010895252228,0.538322329521179,0.533039450645447,0.505874872207642,0.501326978206635,0.49773970246315,0.495059043169022,0.490273743867874,0.484914392232895,0.481117457151413,0.498253792524338,0.554585814476013,0.555493295192719,0.550361692905426,0.541408479213715,0.432888448238373,0.409260332584381,0.399604499340057,0.438025504350662,0.435802578926086,0.421398371458054,0.434618234634399,0.44568258523941,0.449784696102142,0.414146840572357,0.382538557052612,0.350340038537979
"2023-03-10",0.721216797828674,0.694857597351074,0.777269721031189,0.762616634368896,0.735826551914215,0.719757437705994,0.780847728252411,0.852298319339752,0.85537052154541,0.827925443649292,0.699553728103638,0.659857034683228,0.655471444129944,0.643417239189148,0.612569749355316,0.597005426883698,0.572192549705505,0.522365808486938,0.506442546844482,0.468652188777924,0.469664454460144,0.468669265508652,0.458708345890045,0.45319339632988,0.446444720029831,0.444698393344879,0.442467987537384,0.44080775976181,0.44018816947937,0.453963071107864,0.494330585002899,0.489585131406784,0.479791730642319,0.470300167798996,0.381059259176254,0.36327263712883,0.357703059911728,0.390136897563934,0.387815684080124,0.384656190872192,0.395067155361176,0.403067260980606,0.406233906745911,0.377094477415085,0.354873865842819,0.332866072654724
"2023-03-11",0.694897830486298,0.676574110984802,0.74154144525528,0.741281390190125,0.719070136547089,0.699107825756073,0.77437025308609,0.791531682014465,0.747595489025116,0.708820939064026,0.600396931171417,0.581223130226135,0.567499279975891,0.547850608825684,0.514447808265686,0.497259497642517,0.476220488548279,0.443629950284958,0.43696740269661,0.417829990386963,0.422857046127319,0.425984650850296,0.416524261236191,0.412764996290207,0.405358374118805,0.40526470541954,0.405594944953918,0.405019581317902,0.403449952602386,0.412211388349533,0.439925521612167,0.43110117316246,0.418848872184753,0.4084632396698,0.337546646595001,0.327666878700256,0.327662646770477,0.35423082113266,0.351514756679535,0.354823082685471,0.360657155513763,0.364425182342529,0.366480231285095,0.342023581266403,0.327378451824188,0.312778264284134
"2023-03-12",0.649494707584381,0.637489318847656,0.705675959587097,0.71737277507782,0.703157186508179,0.675599992275238,0.747534513473511,0.712442100048065,0.633389234542847,0.581201791763306,0.506386935710907,0.49825918674469,0.482297718524933,0.458702325820923,0.428045362234116,0.421357810497284,0.413005411624908,0.396271109580994,0.395774245262146,0.378748506307602,0.386828303337097,0.392707467079163,0.378768086433411,0.376650243997574,0.369647264480591,0.370116233825684,0.369983434677124,0.368767619132996,0.366328656673431,0.365380167961121,0.382896155118942,0.373668938875198,0.361732840538025,0.351912707090378,0.300848692655563,0.298541158437729,0.301501661539078,0.320943474769592,0.318828076124191,0.321277320384979,0.325411230325699,0.327449560165405,0.328771859407425,0.31189438700676,0.302811473608017,0.294248074293137
"2023-03-13",1.00584089756012,1.00125241279602,1.026123046875,1.06995153427124,1.07501804828644,0.942474603652954,1.0591858625412,1.06469106674194,0.985297203063965,0.934406876564026,0.824808776378632,0.872561872005463,0.813606142997742,0.714163720607758,0.630680024623871,0.574566543102264,0.515666842460632,0.567849278450012,0.524390578269958,0.550021290779114,0.508496642112732,0.447203755378723,0.464301943778992,0.436187565326691,0.515371024608612,0.461665868759155,0.404455602169037,0.360384792089462,0.344794899225235,0.467858374118805,0.626727521419525,0.572397410869598,0.521617412567139,0.492994606494904,0.399302572011948,0.367312073707581,0.353618204593658,0.407090663909912,0.41307145357132,0.435907453298569,0.424450904130936,0.398949861526489,0.376367628574371,0.325701802968979,0.3170166015625,0.306234776973724
"2023-03-14",1.12449312210083,1.09333324432373,1.20101451873779,1.22869992256165,1.16434073448181,1.05171489715576,1.23578727245331,1.28871417045593,1.19034838676453,1.10598742961884,0.982616782188416,1.0371470451355,0.960732698440552,0.842139840126038,0.698996841907501,0.643430411815643,0.575350105762482,0.566535234451294,0.52605414390564,0.528528153896332,0.493397504091263,0.438878506422043,0.434870302677155,0.422073006629944,0.479560136795044,0.439669340848923,0.386721849441528,0.35015407204628,0.34413743019104,0.522825539112091,0.697854578495026,0.67175829410553,0.63506281375885,0.602477192878723,0.38265860080719,0.360261380672455,0.360283523797989,0.452830642461777,0.448870718479156,0.463766723871231,0.461983352899551,0.447918921709061,0.432946771383286,0.348461776971817,0.324477881193161,0.302028924226761
"2023-03-15",0.908279836177826,0.906775712966919,1.01198315620422,1.05652952194214,1.00159502029419,0.923632860183716,1.09016251564026,1.05851578712463,0.962770700454712,0.91193699836731,0.799627780914307,0.821796715259552,0.770271062850952,0.684789657592773,0.559758722782135,0.511585056781769,0.453040212392807,0.422787189483643,0.405381619930267,0.398821175098419,0.386839479207993,0.367835462093353,0.362403839826584,0.353298991918564,0.364833444356918,0.351985186338425,0.338498800992966,0.333908230066299,0.341994404792786,0.448742866516113,0.564312636852264,0.549733221530914,0.528096497058868,0.508451998233795,0.32901930809021,0.312555253505707,0.319553464651108,0.394212126731873,0.39125445485115,0.404882729053497,0.409199327230453,0.408103168010712,0.403201282024384,0.32990300655365,0.31016743183136,0.288194984197617
"2023-03-16",0.805181562900543,0.801877737045288,0.907309174537659,0.945798277854919,0.899287462234497,0.819455623626709,0.932587087154388,0.92722749710083,0.845561921596527,0.778978586196899,0.674407005310059,0.675505220890045,0.639126420021057,0.577889502048492,0.462907761335373,0.42631471157074,0.384203106164932,0.350847780704498,0.343551099300385,0.335277944803238,0.332763254642487,0.325811922550201,0.315435081720352,0.311737149953842,0.313457816839218,0.312967568635941,0.316670596599579,0.325400978326797,0.337146610021591,0.396329164505005,0.470800250768661,0.460354089736938,0.44378450512886,0.429931849241257,0.306719899177551,0.297970533370972,0.307309627532959,0.362156510353088,0.358679085969925,0.355046004056931,0.365065008401871,0.371747702360153,0.372301489114761,0.306733071804047,0.291673600673676,0.275188565254211
"2023-03-17",0.738062858581543,0.720521628856659,0.824221014976501,0.85258424282074,0.806970179080963,0.736500382423401,0.824807465076447,0.8556227684021,0.803532004356384,0.733177661895752,0.60595977306366,0.584306240081787,0.557974934577942,0.512106537818909,0.411927103996277,0.385098934173584,0.351031303405762,0.311398297548294,0.305986702442169,0.296724498271942,0.297699719667435,0.296341568231583,0.288587272167206,0.287280112504959,0.28836777806282,0.290726035833359,0.297816067934036,0.307496041059494,0.316754758358002,0.352386206388474,0.399486184120178,0.393268018960953,0.383501648902893,0.374041616916656,0.288833290338516,0.280990093946457,0.285786122083664,0.327531188726425,0.323288977146149,0.311459988355637,0.321618914604187,0.331000477075577,0.335243701934814,0.300687730312347,0.280804187059402,0.262369394302368
"2023-03-18",0.700009107589722,0.675726175308228,0.760416150093079,0.785415530204773,0.744235157966614,0.68318247795105,0.765064299106598,0.811912477016449,0.785762965679169,0.733396708965302,0.566291689872742,0.531921625137329,0.509672343730927,0.468604624271393,0.376869678497314,0.354094386100769,0.323308736085892,0.280294746160507,0.276525348424911,0.269131153821945,0.271532386541367,0.273417860269547,0.270061045885086,0.269735455513,0.271051287651062,0.27385002374649,0.281427204608917,0.290351778268814,0.297231942415237,0.317005425691605,0.35044002532959,0.346049517393112,0.33912992477417,0.33245000243187,0.267960846424103,0.261157870292664,0.264119654893875,0.294381946325302,0.291999995708466,0.27728345990181,0.286496520042419,0.296641409397125,0.30276945233345,0.28970330953598,0.270061165094376,0.249618411064148
"2023-03-19",0.668845176696777,0.634022116661072,0.716462552547455,0.730484306812286,0.698020040988922,0.646405220031738,0.73206377029419,0.795976340770721,0.788934469223022,0.748417019844055,0.538607716560364,0.496990650892258,0.473172038793564,0.431294023990631,0.346363395452499,0.324451386928558,0.295271694660187,0.256507903337479,0.255109846591949,0.25071120262146,0.254253774881363,0.258078128099442,0.257195889949799,0.257129669189453,0.2587531208992,0.261716663837433,0.268561333417892,0.274608433246613,0.277948021888733,0.290379822254181,0.315066963434219,0.311298668384552,0.305549383163452,0.300076127052307,0.247836172580719,0.242761537432671,0.245713755488396,0.270428568124771,0.268754094839096,0.254682332277298,0.262442588806152,0.271150767803192,0.276742219924927,0.272057801485062,0.256205350160599,0.237799435853958
"2023-03-20",1.58034253120422,1.59436821937561,1.51400530338287,1.63312911987305,1.46221399307251,1.12977194786072,1.16582560539246,1.22868037223816,1.21257281303406,1.17950785160065,0.943733215332031,0.931725323200226,0.89344334602356,0.822444558143616,0.718291997909546,0.64559805393219,0.555713951587677,0.540388524532318,0.500993728637695,0.532786667346954,0.489097088575363,0.419994384050369,0.425927758216858,0.402178674936295,0.514675080776215,0.449787706136703,0.37635612487793,0.324756234884262,0.319718897342682,0.431770116090775,0.609557092189789,0.555386245250702,0.50398600101471,0.475908488035202,0.415566027164459,0.368452459573746,0.338489323854446,0.3670774102211,0.384275496006012,0.407073050737381,0.4007967710495,0.377739757299423,0.355516105890274,0.303552150726318,0.284105271100998,0.262705951929092
"2023-03-21",1.99749565124512,2.04712533950806,1.88118720054626,2.05793523788452,1.73144245147705,1.38012897968292,1.44740724563599,1.55641198158264,1.55275774002075,1.517737865448,1.25059509277344,1.23226642608643,1.17550873756409,1.07489609718323,0.900849640369415,0.825456082820892,0.72273451089859,0.657958507537842,0.618383765220642,0.606923997402191,0.584107398986816,0.524798691272736,0.446046829223633,0.434985429048538,0.548519611358643,0.513169169425964,0.465275079011917,0.437676966190338,0.446354627609253,0.539014041423798,0.731521427631378,0.720650672912598,0.693406581878662,0.667664110660553,0.48432058095932,0.447342574596405,0.434067159891129,0.473125278949738,0.469734311103821,0.440648138523102,0.45946928858757,0.46954607963562,0.468596398830414,0.379991561174393,0.337447881698608,0.299329251050949
"2023-03-22",1.60293912887573,1.61396908760071,1.51875460147858,1.61728763580322,1.39500212669373,1.18134260177612,1.28407883644104,1.42514503002167,1.46559202671051,1.44042336940765,1.13398551940918,1.06002855300903,1.01606369018555,0.936063766479492,0.763073801994324,0.705678820610046,0.622853755950928,0.520669102668762,0.493966698646545,0.469464659690857,0.461105018854141,0.430416375398636,0.360430717468262,0.353841453790665,0.430739372968674,0.432334661483765,0.432088434696198,0.433044195175171,0.436820477247238,0.454455375671387,0.591849267482758,0.592848658561707,0.584355115890503,0.572653591632843,0.423794686794281,0.397656053304672,0.389000058174133,0.416472494602203,0.406362503767014,0.356202930212021,0.375540912151337,0.39650946855545,0.409009754657745,0.379820913076401,0.345134079456329,0.30950716137886
"2023-03-23",1.37522721290588,1.33818912506104,1.2928181886673,1.33119213581085,1.18274307250977,1.04165863990784,1.15531969070435,1.32854866981506,1.42505311965942,1.43436801433563,1.10061049461365,0.991959154605865,0.944948017597198,0.860522449016571,0.663360357284546,0.606768310070038,0.527191400527954,0.422974228858948,0.403884500265121,0.388667285442352,0.382026523351669,0.361062198877335,0.311255365610123,0.309120088815689,0.378734558820724,0.385669708251953,0.390992879867554,0.392653614282608,0.392065525054932,0.401681274175644,0.494534969329834,0.49337163567543,0.485593855381012,0.476718127727509,0.3690505027771,0.350216388702393,0.343689501285553,0.363914787769318,0.355156123638153,0.308438569307327,0.32320773601532,0.340489327907562,0.35210531949997,0.353052407503128,0.331144392490387,0.301749378442764
"2023-03-24",1.15970611572266,1.13567709922791,1.11845946311951,1.14024090766907,1.03276741504669,0.93607360124588,1.06826376914978,1.2581934928894,1.37838864326477,1.41010212898254,1.06760382652283,0.953976511955261,0.900948762893677,0.809752345085144,0.575922608375549,0.519114911556244,0.444882869720459,0.354328095912933,0.341622710227966,0.332129240036011,0.32840371131897,0.31468790769577,0.280322730541229,0.28012689948082,0.335947781801224,0.340673595666885,0.344173729419708,0.345134556293488,0.344187438488007,0.363468915224075,0.419209867715836,0.416855871677399,0.409909874200821,0.402391731739044,0.327798962593079,0.314312607049942,0.309200823307037,0.32656517624855,0.319534063339233,0.276490062475204,0.288673937320709,0.302480578422546,0.311691969633102,0.318330436944962,0.304284900426865,0.287820637226105
"2023-03-25",0.976018786430359,0.980926156044006,0.984909772872925,1.00912690162659,0.925674319267273,0.861253321170807,1.01336324214935,1.15157151222229,1.19000363349915,1.16077518463135,0.845946192741394,0.790594220161438,0.735202550888062,0.644711911678314,0.458437830209732,0.410076141357422,0.352749466896057,0.297796338796616,0.2914619743824,0.288996756076813,0.285783529281616,0.277001649141312,0.258284032344818,0.260010540485382,0.307222962379456,0.308938443660736,0.310422390699387,0.310465306043625,0.308470368385315,0.336596548557281,0.372442603111267,0.366320937871933,0.355771720409393,0.348043918609619,0.278567254543304,0.274490743875504,0.275626301765442,0.295819163322449,0.289519906044006,0.257792890071869,0.269294500350952,0.280914425849915,0.287398278713226,0.290205359458923,0.278553605079651,0.265608847141266
"2023-03-26",0.854917526245117,0.868078351020813,0.897500693798065,0.923655569553375,0.871486306190491,0.841303527355194,1.02059936523438,1.06690168380737,0.961056530475616,0.848520874977112,0.584916710853577,0.54867160320282,0.485292702913284,0.399207293987274,0.298260599374771,0.280273109674454,0.263685166835785,0.258982002735138,0.25603836774826,0.254252374172211,0.252932608127594,0.248635426163673,0.244548588991165,0.245622232556343,0.272090703248978,0.270821541547775,0.267239063978195,0.263009756803513,0.259296000003815,0.299270451068878,0.331900358200073,0.320008784532547,0.30483090877533,0.294807732105255,0.223733395338058,0.227889642119408,0.237919688224792,0.269869148731232,0.263934671878815,0.241213887929916,0.250753074884415,0.260085314512253,0.265270799398422,0.261278867721558,0.250888794660568,0.24064838886261
"2023-03-27",1.35351884365082,1.33641934394836,1.27978241443634,1.35063791275024,1.21864581108093,1.05289626121521,1.26290011405945,1.2895131111145,1.2702317237854,1.23277842998505,1.06365382671356,1.05378699302673,1.01672422885895,0.948228120803833,0.918603301048279,0.823226571083069,0.682529449462891,0.665848195552826,0.569555699825287,0.613784313201904,0.537618637084961,0.445543646812439,0.486792117357254,0.460147857666016,0.623645961284637,0.534082472324371,0.439304858446121,0.375475883483887,0.381412118673325,0.548107385635376,0.711822092533112,0.673013925552368,0.645953118801117,0.623252093791962,0.510023295879364,0.434236407279968,0.419432312250137,0.517668604850769,0.555474877357483,0.591995120048523,0.597700774669647,0.588664770126343,0.572765111923218,0.504931807518005,0.495231926441193,0.475767761468887
"2023-03-28",1.53446424007416,1.49823260307312,1.37882125377655,1.43990278244019,1.28279972076416,1.18284547328949,1.49145722389221,1.54502427577972,1.54580211639404,1.54427766799927,1.42503023147583,1.44913220405579,1.37676239013672,1.24813985824585,1.11447310447693,0.982406079769135,0.795957863330841,0.697868287563324,0.635000884532928,0.654033780097961,0.611173033714294,0.546750664710999,0.543482422828674,0.538169622421265,0.667933464050293,0.624323487281799,0.583368480205536,0.573982536792755,0.606948375701904,0.804488062858582,0.949267148971558,0.937763154506683,0.91749233007431,0.894543588161469,0.644931495189667,0.615869760513306,0.634364187717438,0.7717005610466,0.789242088794708,0.777459383010864,0.807249307632446,0.826097965240479,0.830574929714203,0.749519228935242,0.71429431438446,0.676639914512634
"2023-03-29",1.24831485748291,1.24318289756775,1.19040894508362,1.22189247608185,1.13094127178192,1.09019470214844,1.37210035324097,1.37360763549805,1.27845656871796,1.20352578163147,1.06254029273987,1.07395839691162,1.00254714488983,0.882932662963867,0.72206449508667,0.64562201499939,0.542944550514221,0.480937272310257,0.460670650005341,0.478836804628372,0.465904116630554,0.441876262426376,0.439314216375351,0.437577545642853,0.506948471069336,0.504179179668427,0.511856615543365,0.52504163980484,0.541370868682861,0.672919452190399,0.773178339004517,0.76082444190979,0.741985440254211,0.724221706390381,0.544038414955139,0.528364896774292,0.541006982326508,0.648957550525665,0.651474177837372,0.615573585033417,0.646395981311798,0.676873326301575,0.694214224815369,0.676122784614563,0.645461976528168,0.611525237560272
"2023-03-30",1.11262965202332,1.11397206783295,1.12479734420776,1.13288331031799,1.06564438343048,1.03470015525818,1.23782277107239,1.2612282037735,1.10166096687317,0.962686598300934,0.791061997413635,0.796525239944458,0.73057621717453,0.625623345375061,0.48515510559082,0.443833708763123,0.399470806121826,0.389323890209198,0.38371816277504,0.395890116691589,0.394292145967484,0.385435819625854,0.386530101299286,0.387638926506042,0.442712694406509,0.443148344755173,0.44741353392601,0.44856470823288,0.448820352554321,0.558609008789062,0.644726932048798,0.634947240352631,0.618941009044647,0.605079591274261,0.46021118760109,0.448335945606232,0.456267178058624,0.550071179866791,0.551876425743103,0.530917227268219,0.551947891712189,0.574017524719238,0.588066458702087,0.589938223361969,0.566752672195435,0.540863156318665
"2023-03-31",1.03198337554932,1.02019917964935,1.06950223445892,1.06602561473846,1.00581181049347,0.953936219215393,1.07714509963989,1.07755661010742,0.905772984027863,0.75266844034195,0.588358938694,0.59406316280365,0.543110132217407,0.465764880180359,0.369065582752228,0.351728498935699,0.337235748767853,0.34484338760376,0.343076258897781,0.346433877944946,0.349010556936264,0.34614634513855,0.349852710962296,0.348894625902176,0.392743170261383,0.389985114336014,0.38837805390358,0.385426044464111,0.384029597043991,0.465908944606781,0.540978908538818,0.536342203617096,0.524476110935211,0.513442873954773,0.389521151781082,0.378929525613785,0.384851396083832,0.462844908237457,0.467926055192947,0.473919987678528,0.487380236387253,0.501432538032532,0.510657668113708,0.511520624160767,0.491274893283844,0.468662679195404
"2023-04-01",0.948455035686493,0.942920506000519,0.976309359073639,0.993820369243622,0.927309632301331,0.84100866317749,0.889451742172241,0.829520285129547,0.664148569107056,0.557104885578156,0.432344019412994,0.446528553962708,0.40864235162735,0.358696103096008,0.309098392724991,0.304921835660934,0.304389506578445,0.310906678438187,0.309907346963882,0.307894885540009,0.310431718826294,0.310137808322906,0.315288960933685,0.315030604600906,0.347618520259857,0.34568652510643,0.343854993581772,0.34294930100441,0.344867616891861,0.39987975358963,0.466768145561218,0.460416555404663,0.449255257844925,0.441238939762115,0.341208130121231,0.335954904556274,0.346667647361755,0.41051709651947,0.417097389698029,0.42856776714325,0.440884858369827,0.4525545835495,0.459055483341217,0.452403903007507,0.436221241950989,0.415871888399124
"2023-04-02",0.858019948005676,0.859283745288849,0.860797643661499,0.890542924404144,0.814103126525879,0.709434986114502,0.695238471031189,0.592957139015198,0.466364651918411,0.395734906196594,0.333362817764282,0.336345046758652,0.324081003665924,0.306151896715164,0.277026861906052,0.27678906917572,0.277497500181198,0.273789882659912,0.273964464664459,0.27374204993248,0.276684880256653,0.278816968202591,0.28673529624939,0.287208080291748,0.309278219938278,0.309155166149139,0.308380454778671,0.308943539857864,0.315309286117554,0.349951267242432,0.396907031536102,0.390672326087952,0.381656408309937,0.3751360476017,0.312588632106781,0.31684485077858,0.330823659896851,0.375848859548569,0.377286374568939,0.380922496318817,0.391428351402283,0.401583611965179,0.409180521965027,0.400214493274689,0.388789355754852,0.372814655303955
"2023-04-03",1.24541163444519,1.28747808933258,1.3368912935257,1.4242559671402,1.34767198562622,1.17312002182007,1.18851017951965,1.13782870769501,1.04311800003052,0.984415292739868,0.865245282649994,0.949018239974976,0.858586609363556,0.743943929672241,0.73660683631897,0.641972482204437,0.559947907924652,0.622972071170807,0.556455135345459,0.632854878902435,0.556699156761169,0.480406284332275,0.573749840259552,0.538907051086426,0.709805488586426,0.636852145195007,0.560541033744812,0.483214914798737,0.459239184856415,0.625377118587494,0.832385659217834,0.769186019897461,0.731379389762878,0.719212889671326,0.630836427211761,0.599273800849915,0.584850311279297,0.739767789840698,0.742218554019928,0.756099462509155,0.743620216846466,0.732131659984589,0.742232024669647,0.706403255462646,0.69015371799469,0.679486989974976
"2023-04-04",1.5595645904541,1.58493447303772,1.68749272823334,1.76738882064819,1.68324673175812,1.49585127830505,1.47947859764099,1.4170138835907,1.29888272285461,1.19723081588745,1.06926584243774,1.11211788654327,1.03033709526062,0.921854019165039,0.837889730930328,0.784515917301178,0.726922512054443,0.709891200065613,0.67288064956665,0.653580188751221,0.629250466823578,0.603306651115417,0.682247996330261,0.669619262218475,0.766901671886444,0.714570820331573,0.658474504947662,0.637668192386627,0.660119771957397,0.892708778381348,1.04010033607483,1.01303291320801,0.978390216827393,0.949681282043457,0.751271724700928,0.738376677036285,0.743787050247192,0.95872437953949,0.935818612575531,0.957314252853394,0.964200854301453,0.970775246620178,0.975695013999939,0.953829765319824,0.92359459400177,0.894986689090729
"2023-04-05",1.47055792808533,1.48894274234772,1.56649911403656,1.6027398109436,1.52864718437195,1.38733530044556,1.26288509368896,1.17786478996277,1.04552567005157,0.929524660110474,0.796680748462677,0.7852703332901,0.751796007156372,0.704329192638397,0.645582616329193,0.624675989151001,0.600640892982483,0.569807469844818,0.557232141494751,0.522150158882141,0.527880012989044,0.53100049495697,0.563052237033844,0.555550754070282,0.588560879230499,0.58426171541214,0.584854066371918,0.595016360282898,0.613517940044403,0.736964762210846,0.821054935455322,0.802791357040405,0.778162598609924,0.756802558898926,0.616787552833557,0.604394316673279,0.611011862754822,0.753793358802795,0.750829935073853,0.783775866031647,0.801251888275146,0.816444575786591,0.824336528778076,0.807808995246887,0.777741432189941,0.744741857051849
"2023-04-06",1.38339293003082,1.40191435813904,1.51428961753845,1.54829382896423,1.47890448570251,1.35621929168701,1.2500307559967,1.16668915748596,1.00490713119507,0.849427103996277,0.660482287406921,0.620271623134613,0.601382732391357,0.575436532497406,0.536842167377472,0.527274131774902,0.51592355966568,0.498115956783295,0.490987867116928,0.463807314634323,0.47082656621933,0.476679623126984,0.490162998437881,0.488271832466125,0.51558244228363,0.516980707645416,0.521373212337494,0.529595255851746,0.542255997657776,0.610830068588257,0.673689723014832,0.665155291557312,0.652472376823425,0.640633583068848,0.538922190666199,0.524575889110565,0.528518557548523,0.620238900184631,0.630465686321259,0.662826538085938,0.682953119277954,0.69982498884201,0.70898711681366,0.693800985813141,0.668552398681641,0.637979388237
"2023-04-07",1.33769547939301,1.346435546875,1.46676826477051,1.49876189231873,1.4104700088501,1.30060172080994,1.26566243171692,1.24397325515747,1.11164009571075,0.933991491794586,0.585606157779694,0.511164844036102,0.495135128498077,0.474573373794556,0.450346499681473,0.447573184967041,0.444618582725525,0.436961352825165,0.432018548250198,0.413595110177994,0.419912040233612,0.42774087190628,0.437624633312225,0.437385469675064,0.455044835805893,0.457944005727768,0.463545799255371,0.473671197891235,0.485884755849838,0.522186517715454,0.566011548042297,0.56204617023468,0.55536288022995,0.549122095108032,0.476436346769333,0.465682595968246,0.472796678543091,0.529537379741669,0.544025897979736,0.564967513084412,0.582398056983948,0.59995687007904,0.610686719417572,0.6024129986763,0.582850754261017,0.558098912239075
"2023-04-08",1.30155253410339,1.3142431974411,1.42335867881775,1.45404386520386,1.34940004348755,1.2541401386261,1.2878623008728,1.30626368522644,1.18730592727661,0.991736054420471,0.547090291976929,0.435283720493317,0.41933536529541,0.400447845458984,0.379498153924942,0.381113857030869,0.38574492931366,0.388558715581894,0.387527793645859,0.375920593738556,0.384256720542908,0.392617642879486,0.400468766689301,0.400481641292572,0.411907583475113,0.414782375097275,0.419569581747055,0.429187089204788,0.438840270042419,0.459243416786194,0.490132868289948,0.486536085605621,0.481313347816467,0.476319015026093,0.427127599716187,0.42407700419426,0.432843923568726,0.471704244613647,0.484036445617676,0.492670178413391,0.50847727060318,0.524020910263062,0.533297896385193,0.528920412063599,0.514380097389221,0.496022522449493
"2023-04-09",1.29573726654053,1.3363025188446,1.40024065971375,1.42903470993042,1.31848835945129,1.24391615390778,1.35514330863953,1.34776520729065,1.17977976799011,0.945807754993439,0.484756529331207,0.366606384515762,0.352513283491135,0.338596940040588,0.326301664113998,0.334062039852142,0.346000969409943,0.356407910585403,0.357484251260757,0.34758460521698,0.357832044363022,0.366659939289093,0.371488243341446,0.37140166759491,0.380693793296814,0.383348107337952,0.38704389333725,0.392363160848618,0.396457761526108,0.409668445587158,0.431223392486572,0.427625954151154,0.422764003276825,0.418231010437012,0.388654232025146,0.392746269702911,0.401579558849335,0.434823602437973,0.438052862882614,0.438899040222168,0.453547477722168,0.46688324213028,0.474423974752426,0.469645917415619,0.458674430847168,0.445581078529358
"2023-04-10",1.71400356292725,1.79228186607361,1.81792628765106,1.8593807220459,1.73540842533112,1.5349657535553,1.63418352603912,1.64025187492371,1.51429295539856,1.34447884559631,0.94392454624176,0.905409455299377,0.86902129650116,0.827104330062866,0.879189193248749,0.870110809803009,0.840931177139282,0.8876713514328,0.839634537696838,0.852466464042664,0.793592691421509,0.694775342941284,0.70761102437973,0.66852343082428,0.844698071479797,0.78002393245697,0.702914118766785,0.618221282958984,0.576599597930908,0.680887520313263,0.832649111747742,0.807614803314209,0.806326389312744,0.80535763502121,0.758381605148315,0.695326805114746,0.680640339851379,0.798541128635406,0.85519951581955,0.851238369941711,0.854508817195892,0.827717900276184,0.789940118789673,0.731839418411255,0.713142573833466,0.700246810913086
"2023-04-11",2.05565166473389,2.07443809509277,2.1653733253479,2.20171809196472,1.97677874565125,1.7676477432251,1.83610188961029,1.99681079387665,2.00480914115906,1.88034129142761,1.314781665802,1.15369653701782,1.12339961528778,1.0783885717392,1.12060654163361,1.09258222579956,1.05694317817688,1.1115437746048,1.04142820835114,0.986819982528687,0.926471948623657,0.834869563579559,0.795163035392761,0.791540741920471,0.966615557670593,0.915761351585388,0.833001017570496,0.759205102920532,0.717540621757507,0.845664381980896,1.05554914474487,1.06448125839233,1.07383382320404,1.07808351516724,0.876201272010803,0.862170040607452,0.870919585227966,1.04510283470154,1.04984307289124,1.04528295993805,1.05546891689301,1.04475057125092,1.02808773517609,0.948010861873627,0.916220664978027,0.883434176445007
"2023-04-12",1.94018471240997,1.93469607830048,2.02511262893677,2.06223201751709,1.85038340091705,1.70026803016663,1.84674477577209,2.03655695915222,2.10574436187744,2.08299541473389,1.27196550369263,0.942332625389099,0.894821405410767,0.832979738712311,0.79259204864502,0.781384110450745,0.777054667472839,0.805850744247437,0.769594788551331,0.732188165187836,0.70750880241394,0.669296741485596,0.65801614522934,0.654831528663635,0.729006230831146,0.708082735538483,0.676401734352112,0.648696541786194,0.63898777961731,0.72367787361145,0.860665798187256,0.861645638942719,0.858869791030884,0.853878498077393,0.695530831813812,0.691043615341187,0.711260080337524,0.853173136711121,0.85401439666748,0.83005678653717,0.855068445205688,0.876577734947205,0.885960817337036,0.824367642402649,0.794928669929504,0.759697556495667
"2023-04-13",1.8066508769989,1.85651350021362,1.81291842460632,1.84895551204681,1.74330651760101,1.7084596157074,1.97584366798401,1.97972893714905,1.79895424842834,1.51383233070374,0.886901140213013,0.723983824253082,0.674383521080017,0.623288869857788,0.600894689559937,0.60437273979187,0.60958731174469,0.626874089241028,0.599849104881287,0.576217114925385,0.572051227092743,0.561120390892029,0.571856796741486,0.564247012138367,0.59369570016861,0.580595016479492,0.56670618057251,0.564093947410583,0.567759394645691,0.640185415744781,0.717077612876892,0.70576286315918,0.690846621990204,0.678578019142151,0.561197221279144,0.565751671791077,0.587830305099487,0.716209828853607,0.710929572582245,0.693086862564087,0.714188575744629,0.731571793556213,0.740328371524811,0.710422992706299,0.68654215335846,0.65618360042572
"2023-04-14",1.66709876060486,1.70101928710938,1.69210863113403,1.75710296630859,1.78149771690369,1.72262680530548,1.85492050647736,1.54992175102234,1.17320203781128,0.917892634868622,0.573818802833557,0.524765372276306,0.506750524044037,0.495981872081757,0.508495390415192,0.509067356586456,0.505753993988037,0.511762380599976,0.498354554176331,0.488576471805573,0.490528881549835,0.485510498285294,0.498682618141174,0.489812344312668,0.50925076007843,0.504310071468353,0.499542832374573,0.498685896396637,0.498904347419739,0.547667384147644,0.598474383354187,0.583808183670044,0.566400051116943,0.554331600666046,0.476921558380127,0.492761462926865,0.515828728675842,0.617651581764221,0.610264480113983,0.599979102611542,0.61628383398056,0.630155205726624,0.638653337955475,0.618772625923157,0.599250495433807,0.575886845588684
"2023-04-15",1.49329137802124,1.54301106929779,1.63243758678436,1.70500707626343,1.65192759037018,1.44081234931946,1.31772601604462,1.03041577339172,0.739863932132721,0.576455950737,0.430978775024414,0.417134821414948,0.419450879096985,0.427268177270889,0.449579268693924,0.44909405708313,0.445147812366486,0.44144082069397,0.434693455696106,0.423155844211578,0.427813231945038,0.427254855632782,0.435496389865875,0.43046373128891,0.448545098304749,0.445899844169617,0.442456126213074,0.438636839389801,0.434561878442764,0.466106534004211,0.500656247138977,0.49080502986908,0.47844985127449,0.469176113605499,0.413911879062653,0.424181222915649,0.443751990795135,0.532063245773315,0.528355956077576,0.519399523735046,0.534171283245087,0.548413336277008,0.556869029998779,0.543384969234467,0.526552736759186,0.505660593509674
"2023-04-16",1.37430489063263,1.42587947845459,1.5855907201767,1.63441002368927,1.4892463684082,1.22641134262085,1.01098442077637,0.816121459007263,0.589740216732025,0.46025562286377,0.369309186935425,0.35944852232933,0.364952147006989,0.375976502895355,0.406943380832672,0.407863140106201,0.405457347631454,0.397508978843689,0.392947763204575,0.379641950130463,0.385648608207703,0.387746632099152,0.393830180168152,0.389751493930817,0.403082132339478,0.400078058242798,0.395970851182938,0.39198362827301,0.388411521911621,0.409430682659149,0.436084151268005,0.429524451494217,0.421122521162033,0.414582818746567,0.377858757972717,0.388570845127106,0.406223356723785,0.475467920303345,0.47015380859375,0.460667550563812,0.474943548440933,0.488474428653717,0.495860457420349,0.483686715364456,0.469716608524323,0.452732235193253
"2023-04-17",1.46073472499847,1.54069125652313,1.69323742389679,1.75676274299622,1.61133694648743,1.40176844596863,1.32597541809082,1.26965928077698,1.14772844314575,1.02800488471985,0.900823831558228,0.943847060203552,0.929924249649048,0.923031568527222,0.928194224834442,0.905743718147278,0.863996267318726,0.897318482398987,0.850391447544098,0.854556679725647,0.816872775554657,0.734958648681641,0.763073444366455,0.733779430389404,0.838900089263916,0.77785986661911,0.697752237319946,0.614230751991272,0.599050164222717,0.749757051467896,0.911201417446136,0.891518592834473,0.891972362995148,0.894555807113647,0.829922318458557,0.742454767227173,0.723791241645813,0.856588184833527,0.908228874206543,0.888011813163757,0.938793540000916,0.985610246658325,0.999251961708069,0.899620771408081,0.883964538574219,0.861462235450745
"2023-04-18",1.48377156257629,1.52445781230927,1.76199233531952,1.79574429988861,1.68377900123596,1.57240033149719,1.72235178947449,1.74947369098663,1.58751368522644,1.42085886001587,1.24604833126068,1.24386918544769,1.23697340488434,1.22097420692444,1.24487936496735,1.19751286506653,1.12852573394775,1.12295174598694,1.06855666637421,1.0479884147644,1.01077020168304,0.929089546203613,0.88275945186615,0.862492501735687,0.997564554214478,0.954938769340515,0.901624083518982,0.879496514797211,0.894800245761871,1.0557314157486,1.24961245059967,1.25765144824982,1.26184451580048,1.25626254081726,0.979710102081299,0.964634597301483,0.996696352958679,1.22046375274658,1.22810077667236,1.18074488639832,1.23515963554382,1.28441047668457,1.30701196193695,1.22783374786377,1.19451773166656,1.1557549238205
"2023-04-19",1.33903789520264,1.34753727912903,1.61435794830322,1.62509346008301,1.53749847412109,1.45620536804199,1.65502941608429,1.68501663208008,1.49404585361481,1.28482174873352,1.02051401138306,0.979410529136658,0.967768132686615,0.950039505958557,0.976785123348236,0.947173714637756,0.906418085098267,0.878019034862518,0.842534065246582,0.814026236534119,0.791584849357605,0.746996760368347,0.704567968845367,0.693950235843658,0.775657176971436,0.782545208930969,0.787818193435669,0.794187784194946,0.80133843421936,0.87333357334137,1.0247415304184,1.02079343795776,1.01171588897705,1.00013780593872,0.811357796192169,0.820781350135803,0.859277963638306,1.03497266769409,1.01601219177246,0.955485880374908,0.993993043899536,1.03313863277435,1.05634331703186,1.03883194923401,1.00546741485596,0.96551775932312
"2023-04-20",1.21001386642456,1.22512018680573,1.4995698928833,1.50518608093262,1.44022047519684,1.39445543289185,1.6134626865387,1.58103561401367,1.32795810699463,1.09838557243347,0.819810509681702,0.780784606933594,0.76581084728241,0.741676330566406,0.755906522274017,0.736686706542969,0.71116292476654,0.693827629089355,0.663775205612183,0.654665648937225,0.633375108242035,0.603328168392181,0.597783088684082,0.596655666828156,0.66337913274765,0.670305013656616,0.676233649253845,0.679458558559418,0.679423272609711,0.752149283885956,0.843653917312622,0.83088880777359,0.81464558839798,0.799424886703491,0.679659128189087,0.696456968784332,0.725377082824707,0.844260632991791,0.830711305141449,0.797218680381775,0.828429102897644,0.858777046203613,0.876882612705231,0.878702282905579,0.850500226020813,0.814796090126038
"2023-04-21",1.19869363307953,1.19805407524109,1.45716989040375,1.44026041030884,1.38553929328918,1.34614753723145,1.52629852294922,1.38860285282135,1.06819820404053,0.846954524517059,0.632215976715088,0.613132357597351,0.60230827331543,0.587913513183594,0.59841787815094,0.589688777923584,0.574301838874817,0.552130579948425,0.533320903778076,0.532728493213654,0.528442025184631,0.519997537136078,0.534644722938538,0.534023523330688,0.596102058887482,0.592761754989624,0.589450120925903,0.586414635181427,0.582713782787323,0.645459532737732,0.70393431186676,0.689934015274048,0.672592997550964,0.660154044628143,0.591069102287292,0.608237385749817,0.630127429962158,0.718804240226746,0.708781361579895,0.68283200263977,0.706966161727905,0.732209384441376,0.747130513191223,0.749387979507446,0.725633263587952,0.696429371833801
"2023-04-22",1.21765279769897,1.16932618618011,1.41035485267639,1.37576079368591,1.30860996246338,1.22841048240662,1.32180023193359,1.18948066234589,0.8884596824646,0.684330582618713,0.506978571414948,0.491553962230682,0.486935377120972,0.484174787998199,0.504924237728119,0.502526760101318,0.493368566036224,0.467189788818359,0.457063615322113,0.45648580789566,0.46025288105011,0.461057603359222,0.470149576663971,0.467923760414124,0.519718587398529,0.519915819168091,0.518251121044159,0.514466166496277,0.508888602256775,0.541493892669678,0.589457035064697,0.582358121871948,0.572023570537567,0.565108835697174,0.521092176437378,0.532440960407257,0.549838125705719,0.618080198764801,0.614086329936981,0.590586602687836,0.607467770576477,0.627480983734131,0.639898419380188,0.644869685173035,0.624729812145233,0.59863942861557
"2023-04-23",1.12814104557037,1.03980016708374,1.30785274505615,1.25503599643707,1.18301570415497,1.09731101989746,1.16017651557922,1.10882592201233,0.858482003211975,0.623772144317627,0.423966407775879,0.399949073791504,0.398049831390381,0.398673266172409,0.429497539997101,0.432048439979553,0.430256307125092,0.409452378749847,0.404232740402222,0.406405687332153,0.40984320640564,0.411095917224884,0.415833443403244,0.414052098989487,0.450152099132538,0.453190833330154,0.453581720590591,0.44941782951355,0.441384941339493,0.462354123592377,0.501765251159668,0.499375641345978,0.49488490819931,0.491042912006378,0.449272751808167,0.453421384096146,0.463783740997314,0.526089191436768,0.527423858642578,0.514878630638123,0.528652906417847,0.54286253452301,0.551051735877991,0.555237174034119,0.537823140621185,0.513512849807739
"2023-04-24",1.62160301208496,1.58793377876282,1.77597498893738,1.78718936443329,1.7106945514679,1.56665408611298,1.65500342845917,1.62107491493225,1.44324815273285,1.34288001060486,1.20596981048584,1.24621689319611,1.19088649749756,1.09459435939789,1.06500482559204,0.998810172080994,0.907800912857056,0.947593629360199,0.919298410415649,0.982929527759552,0.920481562614441,0.798586308956146,0.777807056903839,0.751262426376343,0.943101167678833,0.878458023071289,0.791048884391785,0.706544935703278,0.696398258209229,0.910374164581299,1.03957223892212,0.983493447303772,0.91590142250061,0.868569612503052,0.79741233587265,0.728587865829468,0.713065385818481,0.88521158695221,0.947509109973907,1.01430702209473,1.01103317737579,0.97955971956253,0.942869424819946,0.868891716003418,0.851605772972107,0.812477231025696
"2023-04-25",1.93379354476929,1.88199615478516,2.18519639968872,2.16699743270874,2.0569167137146,1.93660449981689,2.1371123790741,1.9993748664856,1.76357316970825,1.6460747718811,1.53774738311768,1.60139203071594,1.5173591375351,1.39408135414124,1.30292081832886,1.25145983695984,1.17575335502625,1.20182573795319,1.14725816249847,1.16541767120361,1.09750127792358,0.980982601642609,0.882535696029663,0.879874229431152,1.08192837238312,1.06069493293762,1.02083945274353,0.994256615638733,1.00251448154449,1.2091817855835,1.34788453578949,1.31047928333282,1.25356960296631,1.20774137973785,0.944286406040192,0.913940966129303,0.949169218540192,1.19656038284302,1.22635006904602,1.24986338615417,1.28159117698669,1.28920722007751,1.27975785732269,1.15176737308502,1.10582113265991,1.05122804641724
"2023-04-26",1.69475209712982,1.60586738586426,1.96389079093933,1.92409908771515,1.83940613269806,1.72014999389648,1.89807152748108,1.76329731941223,1.44730401039124,1.25711393356323,1.11351370811462,1.14235305786133,1.11462593078613,1.06580972671509,1.01733183860779,0.998078107833862,0.957976818084717,0.906807780265808,0.879659235477448,0.869392275810242,0.85688591003418,0.81442379951477,0.694933533668518,0.689162731170654,0.822422564029694,0.842971444129944,0.864099681377411,0.877566933631897,0.882859170436859,0.925946950912476,1.05541300773621,1.04388642311096,1.01996541023254,0.997906684875488,0.832977294921875,0.833568334579468,0.873565673828125,1.01094508171082,1.01328635215759,0.936940550804138,0.977638244628906,1.02037227153778,1.04553437232971,1.01619899272919,0.975020289421082,0.926106095314026
"2023-04-27",1.41229152679443,1.31199526786804,1.72464716434479,1.67979907989502,1.62559676170349,1.5218334197998,1.67327034473419,1.60747909545898,1.29776430130005,1.07648527622223,0.885829329490662,0.884318351745605,0.868341684341431,0.838450312614441,0.830773651599884,0.822522878646851,0.80296516418457,0.744160771369934,0.721790134906769,0.704530298709869,0.696406424045563,0.670737624168396,0.581749439239502,0.58010983467102,0.65404486656189,0.686861991882324,0.720353841781616,0.738175392150879,0.738147854804993,0.750348508358002,0.836944103240967,0.830649971961975,0.816844940185547,0.803019285202026,0.728423595428467,0.739230215549469,0.765747427940369,0.838592708110809,0.829820454120636,0.746175110340118,0.773789644241333,0.805263161659241,0.82626336812973,0.85202693939209,0.83610337972641,0.808467626571655
"2023-04-28",1.19180512428284,1.09686946868896,1.51428711414337,1.46907675266266,1.44512605667114,1.375697016716,1.54791593551636,1.54157280921936,1.27688717842102,0.986174583435059,0.729264736175537,0.707216858863831,0.692139804363251,0.663079142570496,0.666530311107635,0.662446022033691,0.653175950050354,0.626358687877655,0.608169794082642,0.599319219589233,0.589986383914948,0.569578528404236,0.515547811985016,0.515324473381042,0.558208882808685,0.585251569747925,0.611690759658813,0.623872756958008,0.621559262275696,0.634819149971008,0.686981558799744,0.680172443389893,0.668806195259094,0.659566938877106,0.629833698272705,0.643337249755859,0.661566734313965,0.704704225063324,0.694399833679199,0.623276710510254,0.640767157077789,0.661620616912842,0.67638748884201,0.70905590057373,0.705938100814819,0.693394064903259
"2023-04-29",1.12082171440125,1.01295185089111,1.37962102890015,1.31137657165527,1.29788088798523,1.2599081993103,1.4638797044754,1.49868142604828,1.24940013885498,0.952432990074158,0.610823571681976,0.574621140956879,0.56129252910614,0.533164620399475,0.534146308898926,0.533931851387024,0.533679246902466,0.538770496845245,0.530019879341125,0.527425467967987,0.520889759063721,0.50518387556076,0.467792898416519,0.466802656650543,0.498807191848755,0.515621781349182,0.531269550323486,0.537429213523865,0.534375011920929,0.545335829257965,0.582238078117371,0.57748281955719,0.568872809410095,0.561895847320557,0.546238303184509,0.557142317295074,0.570240616798401,0.600353062152863,0.591473877429962,0.534451842308044,0.546403050422668,0.560358345508575,0.570342898368835,0.598681330680847,0.600688815116882,0.595582365989685
"2023-04-30",1.09623003005981,0.972069978713989,1.23276329040527,1.1954060792923,1.19567108154297,1.17134714126587,1.39652192592621,1.34772050380707,1.05705142021179,0.804615199565887,0.5170077085495,0.469797760248184,0.45845153927803,0.434519290924072,0.43479859828949,0.439051896333694,0.447006106376648,0.47131073474884,0.468234479427338,0.467276632785797,0.462498068809509,0.450443625450134,0.424783527851105,0.424344837665558,0.450140595436096,0.455752909183502,0.46330064535141,0.464256942272186,0.459475994110107,0.472953796386719,0.4982068836689,0.49358206987381,0.487299263477325,0.482884705066681,0.473580479621887,0.481834650039673,0.49004653096199,0.510201692581177,0.502681255340576,0.460464805364609,0.472830325365067,0.48523536324501,0.492289036512375,0.51083493232727,0.512314200401306,0.509933412075043
"2023-05-01",1.94577574729919,2.1037003993988,2.14276456832886,2.30913519859314,2.22217607498169,1.69945669174194,1.65633702278137,1.54187655448914,1.34410166740417,1.20636379718781,1.0678915977478,1.08716833591461,1.04109978675842,0.992091238498688,0.976682484149933,0.90176248550415,0.812236785888672,0.886761426925659,0.836240768432617,0.865013837814331,0.819235444068909,0.766369640827179,0.881479024887085,0.853389620780945,0.949930548667908,0.856014728546143,0.761582016944885,0.705382227897644,0.742094278335571,0.922362804412842,0.995917201042175,0.984412729740143,0.989522337913513,0.989532113075256,0.955059826374054,0.854247331619263,0.826055824756622,0.928049147129059,0.935307383537292,0.905917525291443,0.887804567813873,0.841955184936523,0.799766898155212,0.670478463172913,0.668678641319275,0.653020679950714
"2023-05-02",2.50407695770264,2.654545545578,2.50691556930542,2.62348794937134,2.2304949760437,1.79702472686768,1.67116498947144,1.55945730209351,1.45529460906982,1.39381957054138,1.32456815242767,1.32477581501007,1.25373244285583,1.14746356010437,1.08402681350708,1.01460480690002,0.936727046966553,0.995230078697205,0.943949460983276,1.00720071792603,0.99114179611206,0.968188583850861,1.09702253341675,1.04526770114899,1.07385468482971,1.04133105278015,1.04367399215698,1.0815703868866,1.13023102283478,1.3214168548584,1.37529301643372,1.35615241527557,1.33228182792664,1.31020641326904,1.0768256187439,1.06827306747437,1.07510089874268,1.18940424919128,1.12902283668518,1.09644865989685,1.07300138473511,1.01745676994324,0.968954682350159,0.775829195976257,0.745644450187683,0.72202730178833
"2023-05-03",1.86880898475647,1.9730703830719,1.79865550994873,1.89100527763367,1.67340242862701,1.43675136566162,1.34885704517365,1.20836460590363,1.08173847198486,1.01219689846039,0.928533434867859,0.92836320400238,0.892428517341614,0.838834404945374,0.799335181713104,0.773166298866272,0.73945951461792,0.777649998664856,0.774587035179138,0.822049796581268,0.820870637893677,0.805931031703949,0.861161231994629,0.835004210472107,0.885532438755035,0.880397498607635,0.890995621681213,0.896047949790955,0.892603814601898,1.01186990737915,1.0904746055603,1.06621170043945,1.03919112682343,1.01835536956787,0.837337017059326,0.826764225959778,0.821686744689941,0.903286695480347,0.859330654144287,0.830805242061615,0.827934086322784,0.807391822338104,0.785012722015381,0.657183885574341,0.61361813545227,0.575032114982605
"2023-05-04",1.39381003379822,1.46326470375061,1.45680856704712,1.55227494239807,1.44842123985291,1.25483417510986,1.1354968547821,1.00802946090698,0.863623142242432,0.786883890628815,0.728863596916199,0.727085709571838,0.713661909103394,0.689824223518372,0.665554881095886,0.654970049858093,0.640390396118164,0.651410341262817,0.652836918830872,0.671386003494263,0.681479573249817,0.68125456571579,0.697105288505554,0.683806478977203,0.73430860042572,0.724766612052917,0.724328637123108,0.722577929496765,0.718184113502502,0.777438759803772,0.8546422123909,0.844119668006897,0.831215500831604,0.819591820240021,0.680306017398834,0.664076328277588,0.658228933811188,0.709124028682709,0.685997009277344,0.649252891540527,0.65773618221283,0.657309412956238,0.650501251220703,0.562131762504578,0.530868470668793,0.492554098367691
"2023-05-05",1.15555477142334,1.17269444465637,1.27993655204773,1.35451292991638,1.29943442344666,1.13517642021179,1.08330702781677,0.978017807006836,0.798699200153351,0.679750561714172,0.590821623802185,0.587132632732391,0.580167949199677,0.569027245044708,0.564306378364563,0.560104131698608,0.555346786975861,0.557422757148743,0.557117819786072,0.553403913974762,0.567004442214966,0.576270878314972,0.567997813224792,0.561837077140808,0.599415838718414,0.597953736782074,0.601592898368835,0.60353672504425,0.601329684257507,0.618945837020874,0.680047512054443,0.677139282226562,0.671535551548004,0.665894269943237,0.576908349990845,0.558846235275269,0.546809554100037,0.574465036392212,0.559128880500793,0.53025758266449,0.540092468261719,0.547755122184753,0.549160778522491,0.495973438024521,0.465132504701614,0.432703971862793
"2023-05-06",0.987579166889191,0.990922093391418,1.14248275756836,1.19736123085022,1.15911769866943,1.02699065208435,1.05915319919586,0.990278244018555,0.80475664138794,0.65420138835907,0.497509270906448,0.476985037326813,0.469814389944077,0.461355328559875,0.470355063676834,0.46980944275856,0.470811665058136,0.474278002977371,0.47466778755188,0.468813955783844,0.478256940841675,0.486322045326233,0.476085066795349,0.473850786685944,0.502335727214813,0.506869673728943,0.51022082567215,0.50973105430603,0.505211710929871,0.51091194152832,0.552107334136963,0.551003098487854,0.547875165939331,0.544643521308899,0.48324778676033,0.468464195728302,0.458373725414276,0.474474906921387,0.467128217220306,0.446009546518326,0.455704897642136,0.46578311920166,0.471194744110107,0.442263424396515,0.413965940475464,0.383019596338272
"2023-05-07",0.893149137496948,0.897963285446167,1.03913486003876,1.09032881259918,1.04256772994995,0.934726893901825,1.03467059135437,0.975156247615814,0.78696072101593,0.634826064109802,0.432025909423828,0.401183366775513,0.387536942958832,0.375124126672745,0.388202160596848,0.387570023536682,0.391814172267914,0.401136994361877,0.40495702624321,0.407522112131119,0.414855778217316,0.420592367649078,0.412686377763748,0.41183203458786,0.431866735219955,0.43404346704483,0.434630572795868,0.431907117366791,0.426268875598907,0.432382225990295,0.460276782512665,0.458386123180389,0.454707264900208,0.451074719429016,0.401406168937683,0.39177531003952,0.387198030948639,0.403031766414642,0.398266911506653,0.381359398365021,0.390864193439484,0.400310933589935,0.405602037906647,0.3897944688797,0.368713676929474,0.344489216804504
"2023-05-08",2.48195719718933,2.52837419509888,2.52965474128723,2.64478969573975,2.0402512550354,1.67243790626526,1.79883289337158,1.62195229530334,1.39602160453796,1.28259229660034,1.13197946548462,1.13077688217163,1.1163170337677,1.08484077453613,1.05873870849609,0.97979736328125,0.852780997753143,0.851631760597229,0.784323930740356,0.880912184715271,0.845370054244995,0.795138835906982,0.865583062171936,0.845245122909546,0.874923706054688,0.783323287963867,0.686997294425964,0.626096844673157,0.646585047245026,0.843865871429443,0.963000655174255,0.941203236579895,0.93068516254425,0.919603943824768,0.859373211860657,0.734591722488403,0.671913981437683,0.723331093788147,0.780630171298981,0.809932351112366,0.794971346855164,0.739806592464447,0.691989779472351,0.567186295986176,0.560374915599823,0.531304061412811
"2023-05-09",3.39474105834961,3.44485712051392,3.11280560493469,3.25632119178772,2.56367015838623,2.11228346824646,2.23360633850098,1.98502159118652,1.70707428455353,1.58419370651245,1.48257803916931,1.5205215215683,1.45089995861053,1.32185435295105,1.18484139442444,1.07226526737213,0.920888543128967,0.947309732437134,0.919764518737793,1.05958294868469,1.03914046287537,0.997738480567932,1.05462980270386,0.999670326709747,0.966890633106232,0.919904232025146,0.883955359458923,0.904783248901367,0.95126748085022,1.18415188789368,1.28972887992859,1.26768469810486,1.23854756355286,1.21186876296997,0.920685291290283,0.898670792579651,0.906741499900818,1.00352025032043,0.987805485725403,0.978952705860138,0.9543776512146,0.899072766304016,0.852288365364075,0.683572769165039,0.66138756275177,0.627323746681213
"2023-05-10",2.43266844749451,2.47884893417358,2.24844455718994,2.37232780456543,2.05341267585754,1.70396554470062,1.68725144863129,1.4036762714386,1.1816737651825,1.09073948860168,1.01039171218872,1.03520107269287,0.96459972858429,0.863768994808197,0.772749423980713,0.742860078811646,0.694444119930267,0.769335746765137,0.759073615074158,0.816820383071899,0.800827860832214,0.76901787519455,0.788271367549896,0.756963431835175,0.764337062835693,0.760142207145691,0.760183691978455,0.768914461135864,0.770832061767578,0.904685199260712,0.979782581329346,0.947883605957031,0.911361813545227,0.884077370166779,0.683352828025818,0.682374596595764,0.687428593635559,0.791240572929382,0.756682276725769,0.737184405326843,0.727032124996185,0.707953155040741,0.695213675498962,0.592933297157288,0.55365788936615,0.515781462192535
"2023-05-11",1.61734938621521,1.671670794487,1.55666327476501,1.66821432113647,1.43880903720856,1.11957371234894,1.04025018215179,0.886315941810608,0.774715721607208,0.72978138923645,0.696311891078949,0.721917390823364,0.687744915485382,0.642648994922638,0.625746130943298,0.612711787223816,0.601993322372437,0.653917908668518,0.639707684516907,0.651029348373413,0.634853482246399,0.605477690696716,0.630536913871765,0.606393814086914,0.648122906684875,0.635115027427673,0.621641755104065,0.610442161560059,0.598994851112366,0.694385528564453,0.751831769943237,0.724525809288025,0.691426873207092,0.664982795715332,0.493485987186432,0.485980540513992,0.489746451377869,0.606383204460144,0.579128980636597,0.58098840713501,0.577783524990082,0.573861837387085,0.571497201919556,0.508849680423737,0.470597803592682,0.437515020370483
"2023-05-12",1.05665254592896,1.09173011779785,1.00248539447784,1.06584906578064,0.893973886966705,0.720036745071411,0.670973122119904,0.615035772323608,0.566816210746765,0.544607698917389,0.530689120292664,0.544216275215149,0.533675968647003,0.519256591796875,0.529462099075317,0.52448570728302,0.516614437103271,0.536360025405884,0.514464259147644,0.506571173667908,0.493667811155319,0.471860885620117,0.500553488731384,0.485820680856705,0.531325340270996,0.520072937011719,0.505782961845398,0.49042421579361,0.475130796432495,0.539984405040741,0.58543473482132,0.564148426055908,0.536805868148804,0.514417588710785,0.377596497535706,0.365191131830215,0.371487438678741,0.474300682544708,0.466622084379196,0.476474463939667,0.481471627950668,0.484038650989532,0.484179973602295,0.438409924507141,0.404505491256714,0.371237695217133
"2023-05-13",0.757802963256836,0.77171528339386,0.715828895568848,0.750244557857513,0.658046126365662,0.565026342868805,0.546772539615631,0.507490277290344,0.46612885594368,0.44423645734787,0.437412619590759,0.448532700538635,0.446170121431351,0.442665129899979,0.459572821855545,0.455386400222778,0.44580352306366,0.438801169395447,0.422587364912033,0.412247359752655,0.406163781881332,0.392681121826172,0.41161459684372,0.402404129505157,0.437978327274323,0.427285611629486,0.412062466144562,0.39642995595932,0.384999930858612,0.432124555110931,0.471580803394318,0.458708792924881,0.441395461559296,0.426536381244659,0.318478107452393,0.307463616132736,0.314917296171188,0.391992151737213,0.393724977970123,0.405284225940704,0.413464397192001,0.418702602386475,0.420518726110458,0.382766664028168,0.35465669631958,0.324681341648102
"2023-05-14",0.589853763580322,0.606717109680176,0.578376293182373,0.602028548717499,0.55255252122879,0.490952163934708,0.485902547836304,0.445635080337524,0.401987284421921,0.373342126607895,0.366009831428528,0.375625252723694,0.375999927520752,0.377146542072296,0.397818952798843,0.3935626745224,0.383654534816742,0.369553804397583,0.356636643409729,0.349243730306625,0.344870954751968,0.335196018218994,0.350632727146149,0.343251705169678,0.36698567867279,0.357968389987946,0.345896482467651,0.335134446620941,0.329056084156036,0.361925363540649,0.389936864376068,0.379556357860565,0.367036402225494,0.356864482164383,0.278057783842087,0.284288078546524,0.298881471157074,0.355718284845352,0.351178169250488,0.34945273399353,0.357987284660339,0.364519238471985,0.367655754089355,0.344358503818512,0.32256680727005,0.299612641334534
"2023-05-15",0.99373459815979,1.03995072841644,1.23578345775604,1.43522000312805,1.66387319564819,1.41783881187439,1.89796376228333,1.59001457691193,1.34684562683105,1.26751208305359,1.07502233982086,1.23609590530396,1.07063460350037,0.869423627853394,0.871701598167419,0.749326050281525,0.63446569442749,0.708255887031555,0.656886577606201,0.65457409620285,0.6150141954422,0.561337471008301,0.677396178245544,0.63777506351471,0.813873112201691,0.716140270233154,0.597211360931396,0.481802940368652,0.432379901409149,0.589007139205933,0.780920147895813,0.730765223503113,0.709448456764221,0.70012617111206,0.633482754230499,0.550285696983337,0.50435084104538,0.573784232139587,0.57698655128479,0.597951412200928,0.581803798675537,0.551002740859985,0.535958111286163,0.447265148162842,0.420764088630676,0.398549944162369
"2023-05-16",1.3384063243866,1.44201350212097,1.72497248649597,1.89165890216827,2.00094652175903,1.82837390899658,2.14437508583069,1.83700203895569,1.54377007484436,1.3505585193634,1.22429132461548,1.35891723632812,1.20162796974182,1.00330853462219,0.892389476299286,0.80752968788147,0.710618019104004,0.719841182231903,0.668025970458984,0.711623072624207,0.670337557792664,0.62473452091217,0.754930973052979,0.708338379859924,0.834786534309387,0.743962049484253,0.640248358249664,0.576906681060791,0.570165038108826,0.813175141811371,0.980863928794861,0.965242743492126,0.944047927856445,0.921838343143463,0.632173478603363,0.585892796516418,0.568064570426941,0.683596849441528,0.659355938434601,0.687272846698761,0.674223780632019,0.655701994895935,0.643294394016266,0.550876140594482,0.515921592712402,0.482481747865677
"2023-05-17",1.28912830352783,1.36703252792358,1.47762072086334,1.57055699825287,1.55649971961975,1.37799096107483,1.35772633552551,1.13978588581085,0.934404790401459,0.820714473724365,0.789292812347412,0.860686898231506,0.798299431800842,0.711965680122375,0.633553743362427,0.591429352760315,0.541653513908386,0.525790452957153,0.505411207675934,0.531789660453796,0.518336772918701,0.497691482305527,0.551224052906036,0.521508455276489,0.557573258876801,0.535955429077148,0.519004881381989,0.517897069454193,0.529570817947388,0.689857602119446,0.780217170715332,0.751740097999573,0.717192590236664,0.687875628471375,0.47503137588501,0.45198404788971,0.447780609130859,0.550560355186462,0.534788131713867,0.546581387519836,0.545940279960632,0.543329954147339,0.54119747877121,0.494899988174438,0.46374523639679,0.430404603481293
"2023-05-18",1.14953589439392,1.19628024101257,1.238529920578,1.31943273544312,1.28523945808411,1.12381517887115,1.01130414009094,0.857359170913696,0.696675419807434,0.610648214817047,0.585042953491211,0.624045789241791,0.596646189689636,0.555087327957153,0.511633634567261,0.487043678760529,0.456780731678009,0.437388062477112,0.424777090549469,0.431885719299316,0.425620168447495,0.412902355194092,0.440063416957855,0.427130937576294,0.45910769701004,0.452504932880402,0.448275297880173,0.448205411434174,0.452516794204712,0.554747939109802,0.617763042449951,0.597443878650665,0.572102904319763,0.549930572509766,0.394032299518585,0.372003823518753,0.36590176820755,0.450719237327576,0.443175852298737,0.455071866512299,0.46022030711174,0.463708579540253,0.464834809303284,0.435484081506729,0.408271789550781,0.377602696418762
"2023-05-19",0.965477347373962,0.983007550239563,1.04191756248474,1.10897755622864,1.08516263961792,0.943210542201996,0.854142904281616,0.705684781074524,0.556957483291626,0.478610694408417,0.454061806201935,0.477196961641312,0.462648034095764,0.440804541110992,0.425517737865448,0.410432755947113,0.390852719545364,0.374939560890198,0.36311748623848,0.362153083086014,0.360257506370544,0.35386461019516,0.375633299350739,0.369050115346909,0.395688414573669,0.392371714115143,0.390668779611588,0.390741676092148,0.393516302108765,0.458869874477386,0.498818933963776,0.481493532657623,0.45979917049408,0.440844297409058,0.322595447301865,0.30772203207016,0.307094156742096,0.380322158336639,0.377054750919342,0.389086097478867,0.395055711269379,0.399609178304672,0.401221841573715,0.380612999200821,0.3581503033638,0.331638276576996
"2023-05-20",0.808542132377625,0.8256796002388,0.892424285411835,0.944477915763855,0.899743378162384,0.756421327590942,0.664355635643005,0.530967175960541,0.422382891178131,0.368743896484375,0.360022902488708,0.377055495977402,0.36952593922615,0.358717799186707,0.357694327831268,0.347765922546387,0.334483325481415,0.324220031499863,0.315873950719833,0.314916551113129,0.315823078155518,0.313297718763351,0.333515107631683,0.328569173812866,0.350831925868988,0.348624259233475,0.346896886825562,0.344810426235199,0.344011455774307,0.382284283638,0.405888020992279,0.390216916799545,0.371270477771759,0.355399191379547,0.268383175134659,0.260241657495499,0.263927698135376,0.33075749874115,0.328798949718475,0.339032083749771,0.344553858041763,0.348779857158661,0.350269585847855,0.334063768386841,0.315473914146423,0.29361230134964
"2023-05-21",0.680616974830627,0.70208466053009,0.749894678592682,0.798574030399323,0.726969480514526,0.582637906074524,0.474161803722382,0.387370198965073,0.322361826896667,0.294146299362183,0.298384070396423,0.311315774917603,0.308431804180145,0.304182827472687,0.308560520410538,0.302037417888641,0.292866438627243,0.285617768764496,0.279301166534424,0.279869019985199,0.28152585029602,0.280141681432724,0.298461109399796,0.293572932481766,0.313238263130188,0.309267640113831,0.304210156202316,0.29830327630043,0.292523980140686,0.31533670425415,0.33343118429184,0.321514040231705,0.307137191295624,0.295384258031845,0.229190424084663,0.224753007292747,0.231119364500046,0.289233088493347,0.289115816354752,0.295819401741028,0.301612228155136,0.306071758270264,0.307971894741058,0.294674873352051,0.279408186674118,0.261958032846451
"2023-05-22",1.4049563407898,1.4961245059967,1.53112876415253,1.67389273643494,1.40492582321167,1.10450172424316,1.15805006027222,1.07436001300812,1.00075042247772,0.987104058265686,0.900735199451447,0.920676350593567,0.876497685909271,0.77107834815979,0.772651672363281,0.616041660308838,0.515256762504578,0.562436938285828,0.501447558403015,0.508522987365723,0.465493887662888,0.431452453136444,0.473407745361328,0.463475167751312,0.588576972484589,0.537434577941895,0.475309878587723,0.406607180833817,0.403166472911835,0.537330269813538,0.681937456130981,0.631098031997681,0.60204803943634,0.588951051235199,0.523988604545593,0.444169998168945,0.400914877653122,0.448088526725769,0.471951603889465,0.471742480993271,0.457853466272354,0.416361480951309,0.38682347536087,0.311890155076981,0.295280873775482,0.273758709430695
"2023-05-23",1.59072279930115,1.65007495880127,1.77530324459076,1.90027594566345,1.63032507896423,1.36323308944702,1.48231494426727,1.39233267307281,1.2610502243042,1.22225737571716,1.10325050354004,1.17205810546875,1.08541977405548,0.947888314723969,0.796723008155823,0.712922215461731,0.620678663253784,0.594356417655945,0.54169887304306,0.512124001979828,0.493454456329346,0.481919586658478,0.508378744125366,0.507467985153198,0.630401253700256,0.592667400836945,0.537892639636993,0.496659219264984,0.512989699840546,0.66450035572052,0.832608580589294,0.825701832771301,0.81514710187912,0.803292274475098,0.594692528247833,0.552502334117889,0.531705737113953,0.54819792509079,0.542428135871887,0.483766317367554,0.482434749603271,0.46040266752243,0.440761387348175,0.344632923603058,0.319132804870605,0.292693555355072
"2023-05-24",1.16987454891205,1.20151615142822,1.3023624420166,1.40058946609497,1.26585006713867,1.08763945102692,1.11041343212128,0.989657998085022,0.863065481185913,0.816148519515991,0.767596185207367,0.824075222015381,0.771197080612183,0.682769417762756,0.596863746643066,0.536878228187561,0.468222975730896,0.43024355173111,0.405132532119751,0.401459336280823,0.403683066368103,0.399790912866592,0.410792320966721,0.408030033111572,0.464241564273834,0.45820540189743,0.453479260206223,0.456989586353302,0.468742311000824,0.544057011604309,0.646858215332031,0.638350486755371,0.626931309700012,0.615640938282013,0.453039526939392,0.432140916585922,0.425019443035126,0.448608785867691,0.424835801124573,0.37018671631813,0.373186677694321,0.370518684387207,0.366022199392319,0.30949193239212,0.288530200719833,0.27034467458725
"2023-05-25",0.914108335971832,0.966036081314087,1.0323326587677,1.12266266345978,1.03159153461456,0.874722123146057,0.829264461994171,0.70015299320221,0.607550621032715,0.578164756298065,0.563416719436646,0.594017148017883,0.557074189186096,0.496042311191559,0.444466054439545,0.401221930980682,0.356072723865509,0.340938210487366,0.332926213741302,0.344504535198212,0.343801975250244,0.337422788143158,0.353165984153748,0.35007506608963,0.384150415658951,0.383845865726471,0.386917233467102,0.391315162181854,0.394151926040649,0.455072164535522,0.515115976333618,0.501741409301758,0.484687507152557,0.470201790332794,0.33994659781456,0.332616925239563,0.333093404769897,0.355764448642731,0.337756037712097,0.303865224123001,0.304743051528931,0.302816390991211,0.300377428531647,0.267671793699265,0.253381669521332,0.240075558423996
"2023-05-26",0.761111557483673,0.821101725101471,0.850447177886963,0.937160611152649,0.85459554195404,0.704462945461273,0.618884742259979,0.522123217582703,0.455294638872147,0.436683654785156,0.424739301204681,0.445705354213715,0.422922641038895,0.383432626724243,0.344702839851379,0.323310613632202,0.297917932271957,0.293588697910309,0.288894206285477,0.29852232336998,0.29956990480423,0.29498478770256,0.309779554605484,0.305652230978012,0.333404779434204,0.332047760486603,0.33278751373291,0.332606136798859,0.330552518367767,0.377938985824585,0.414722502231598,0.401501059532166,0.384815335273743,0.36993420124054,0.267018228769302,0.263426214456558,0.266841024160385,0.288632422685623,0.278327643871307,0.258573979139328,0.260538578033447,0.260930418968201,0.25999841094017,0.236685112118721,0.225040942430496,0.214359849691391
"2023-05-27",0.667134404182434,0.712602138519287,0.733472108840942,0.811557054519653,0.741852343082428,0.603251516819,0.502327919006348,0.40891033411026,0.34349936246872,0.329502582550049,0.324940860271454,0.350612848997116,0.333188772201538,0.308337092399597,0.292085945606232,0.277975618839264,0.259060472249985,0.255891114473343,0.251793146133423,0.26446121931076,0.264033287763596,0.258072555065155,0.272903680801392,0.268304735422134,0.29246398806572,0.287852853536606,0.282503575086594,0.276975095272064,0.271969676017761,0.313159376382828,0.340383261442184,0.330182790756226,0.317603766918182,0.306016623973846,0.221429735422134,0.219017848372459,0.223546236753464,0.246755033731461,0.239799171686172,0.225518077611923,0.227814346551895,0.229007393121719,0.228903919458389,0.211910784244537,0.202332720160484,0.193151593208313
"2023-05-28",0.597914934158325,0.640294432640076,0.662562251091003,0.729772865772247,0.665813684463501,0.533001363277435,0.424955010414124,0.332335352897644,0.26932430267334,0.24878317117691,0.257972687482834,0.27969041466713,0.271196722984314,0.258228868246078,0.258173733949661,0.24407023191452,0.226259827613831,0.224730551242828,0.22218844294548,0.235595613718033,0.234318435192108,0.228162720799446,0.242719024419785,0.237279087305069,0.254790425300598,0.248636871576309,0.239124894142151,0.230341836810112,0.22486338019371,0.260547637939453,0.282854378223419,0.274378031492233,0.263970375061035,0.255627512931824,0.188145786523819,0.187093079090118,0.192207872867584,0.214607447385788,0.209415256977081,0.197668701410294,0.200353056192398,0.202337175607681,0.202862858772278,0.190691009163857,0.182598888874054,0.174194604158401
"2023-05-29",1.5582914352417,1.74941515922546,1.76665866374969,2.01724982261658,1.67858302593231,1.33001804351807,1.32452821731567,1.11646056175232,1.00147438049316,0.995667278766632,0.932044088840485,0.934871912002563,0.867910861968994,0.742953777313232,0.647572934627533,0.549253702163696,0.437294125556946,0.475491672754288,0.444976657629013,0.54361480474472,0.506612956523895,0.43926277756691,0.4767045378685,0.460886150598526,0.559455335140228,0.511691987514496,0.449371993541718,0.382903933525085,0.363113820552826,0.500641107559204,0.63303405046463,0.568797051906586,0.513266324996948,0.479502141475677,0.400981783866882,0.343590795993805,0.319789528846741,0.364819705486298,0.368099808692932,0.356193274259567,0.347802996635437,0.322815954685211,0.299272567033768,0.233189821243286,0.220295712351799,0.205793589353561
"2023-05-30",1.89645433425903,2.0266969203949,2.14905333518982,2.33635950088501,1.98904836177826,1.59838080406189,1.58163452148438,1.35599434375763,1.20133280754089,1.17675518989563,1.09620034694672,1.1631281375885,1.06391549110413,0.902433395385742,0.719729542732239,0.627781987190247,0.516939163208008,0.551773130893707,0.534286975860596,0.607752084732056,0.581417679786682,0.536365389823914,0.566169142723083,0.552376747131348,0.638333082199097,0.595379889011383,0.542088568210602,0.515818059444427,0.521538138389587,0.669249534606934,0.75609827041626,0.727052986621857,0.691090106964111,0.661356925964355,0.447910487651825,0.420108199119568,0.418314874172211,0.467835068702698,0.444062173366547,0.394098401069641,0.396333962678909,0.386002838611603,0.372931897640228,0.278543323278427,0.254372954368591,0.232330068945885
"2023-05-31",1.42889666557312,1.49939799308777,1.53637599945068,1.66038119792938,1.44553542137146,1.15403509140015,1.0411856174469,0.872256755828857,0.764881730079651,0.741419911384583,0.721731722354889,0.7629154920578,0.712734460830688,0.633779525756836,0.508023858070374,0.461542785167694,0.40252560377121,0.424142837524414,0.415070176124573,0.452108561992645,0.440231025218964,0.41802579164505,0.442890286445618,0.4265998005867,0.463639378547668,0.446409583091736,0.42578512430191,0.420100510120392,0.422701418399811,0.508772253990173,0.56268984079361,0.542933166027069,0.521094620227814,0.503967702388763,0.350993812084198,0.336186051368713,0.334974050521851,0.358752489089966,0.340217709541321,0.301094710826874,0.30454021692276,0.302941501140594,0.299270838499069,0.24514839053154,0.226315230131149,0.209403216838837
"2023-06-01",1.09838807582855,1.15700340270996,1.17183256149292,1.27808380126953,1.13334131240845,0.899654865264893,0.75518125295639,0.635602474212646,0.545034766197205,0.522775053977966,0.509750247001648,0.53399121761322,0.510009288787842,0.469290107488632,0.391537189483643,0.365172207355499,0.333132356405258,0.346420913934708,0.341167747974396,0.361341863870621,0.355940103530884,0.341771483421326,0.353415429592133,0.341900587081909,0.367671251296997,0.35782527923584,0.345153391361237,0.338206350803375,0.333278387784958,0.381395161151886,0.427291929721832,0.41564279794693,0.403102278709412,0.39338681101799,0.288754314184189,0.276123851537704,0.272352576255798,0.282970011234283,0.274707227945328,0.249509230256081,0.253548949956894,0.255178183317184,0.254462063312531,0.222486674785614,0.208633005619049,0.195410668849945
"2023-06-02",0.846345067024231,0.9116530418396,0.916833400726318,1.01902556419373,0.923157393932343,0.738435864448547,0.611941337585449,0.51159793138504,0.418488442897797,0.390275537967682,0.384866535663605,0.403242319822311,0.390339136123657,0.368188500404358,0.326055705547333,0.308586835861206,0.286768525838852,0.288781762123108,0.285617679357529,0.300868332386017,0.299794346094131,0.290921270847321,0.291940182447433,0.283442854881287,0.302495718002319,0.295960634946823,0.287056535482407,0.280784845352173,0.276502251625061,0.304827570915222,0.337110996246338,0.331422060728073,0.32414847612381,0.317945301532745,0.247332155704498,0.235606223344803,0.230360001325607,0.234910309314728,0.230064958333969,0.21062308549881,0.214189872145653,0.216544359922409,0.217498496174812,0.198455706238747,0.189244568347931,0.179905354976654
"2023-06-03",0.689448535442352,0.753799438476562,0.758746922016144,0.846186876296997,0.775759756565094,0.62594336271286,0.532852411270142,0.421559900045395,0.33185338973999,0.298126608133316,0.297576099634171,0.313522219657898,0.304873436689377,0.289346247911453,0.274761736392975,0.259987115859985,0.243879675865173,0.251508176326752,0.249377071857452,0.260031878948212,0.257160902023315,0.247602358460426,0.249855428934097,0.243183195590973,0.256923884153366,0.252046763896942,0.245663329958916,0.240205705165863,0.236761122941971,0.260047048330307,0.280148863792419,0.274555265903473,0.267505586147308,0.261504262685776,0.203493386507034,0.196806013584137,0.195233047008514,0.204535409808159,0.198037624359131,0.182714506983757,0.185562461614609,0.187289908528328,0.187795296311378,0.17739537358284,0.170326381921768,0.163073167204857
"2023-06-04",0.616732358932495,0.65733402967453,0.670542240142822,0.730692744255066,0.670005679130554,0.542035043239594,0.466660916805267,0.361188590526581,0.27341216802597,0.23826277256012,0.240966632962227,0.250983655452728,0.245857328176498,0.236968874931335,0.23255018889904,0.222707092761993,0.212035268545151,0.225643187761307,0.221340194344521,0.229001969099045,0.224172711372375,0.214133828878403,0.222328782081604,0.215885579586029,0.224441319704056,0.219563499093056,0.212828293442726,0.206680744886398,0.202220141887665,0.224090546369553,0.238342449069023,0.232202351093292,0.22474193572998,0.218745335936546,0.170501083135605,0.166254490613937,0.16695262491703,0.179380118846893,0.174706518650055,0.162778481841087,0.165521293878555,0.167668119072914,0.168366283178329,0.159086808562279,0.153104364871979,0.147175133228302
"2023-06-05",1.3689112663269,1.46872091293335,1.48560214042664,1.69994831085205,1.60812067985535,1.30479502677917,1.35894203186035,1.18147301673889,1.00963532924652,0.99428403377533,0.971971750259399,1.05744028091431,0.973921775817871,0.833274066448212,0.766323447227478,0.645308554172516,0.512422978878021,0.60550844669342,0.545473098754883,0.583966672420502,0.542211294174194,0.472776353359222,0.515294790267944,0.475054919719696,0.572356879711151,0.49006998538971,0.386717140674591,0.307549744844437,0.293230473995209,0.432234704494476,0.570767641067505,0.526916086673737,0.5010005235672,0.493744343519211,0.402867645025253,0.331134021282196,0.296471953392029,0.345643401145935,0.356787025928497,0.378855228424072,0.364176988601685,0.327476471662521,0.293100416660309,0.197034075856209,0.182333320379257,0.168433368206024
"2023-06-06",1.77369403839111,1.92809069156647,1.89512705802917,2.10753011703491,1.95024347305298,1.65228223800659,1.6638343334198,1.46144580841064,1.22387766838074,1.17762136459351,1.15642380714417,1.26239585876465,1.16472625732422,1.01374423503876,0.861612319946289,0.765430927276611,0.643848121166229,0.689149796962738,0.650900781154633,0.703429281711578,0.666310012340546,0.588151574134827,0.571667194366455,0.540310263633728,0.615002691745758,0.559153318405151,0.482838273048401,0.436479091644287,0.4394810795784,0.580048024654388,0.708831906318665,0.705256581306458,0.697629570960999,0.687413156032562,0.479885041713715,0.43625146150589,0.420650690793991,0.47699972987175,0.469675421714783,0.431328356266022,0.446596562862396,0.445828795433044,0.432697296142578,0.282153367996216,0.238347455859184,0.207724958658218
"2023-06-07",1.29628992080688,1.41974830627441,1.40092396736145,1.56491875648499,1.49332118034363,1.28899967670441,1.24511921405792,1.06755208969116,0.859126925468445,0.777227997779846,0.754034519195557,0.80047219991684,0.765127003192902,0.701073884963989,0.598720550537109,0.555037260055542,0.49529168009758,0.506547570228577,0.494507670402527,0.519481897354126,0.507569909095764,0.464443206787109,0.418238162994385,0.397635847330093,0.430017530918121,0.415515720844269,0.397435128688812,0.388373285531998,0.393461465835571,0.448318123817444,0.534813523292542,0.534274876117706,0.534048676490784,0.531738460063934,0.411409676074982,0.383497059345245,0.369754612445831,0.393302619457245,0.380716741085052,0.309594929218292,0.330648332834244,0.351811707019806,0.362558305263519,0.30019748210907,0.260660946369171,0.225703477859497
"2023-06-08",0.968453288078308,1.05850338935852,1.07498168945312,1.20073258876801,1.1840101480484,1.04534554481506,1.03790295124054,0.88706648349762,0.694627821445465,0.595388770103455,0.543772637844086,0.5594162940979,0.545566439628601,0.518987774848938,0.469163805246353,0.445927917957306,0.412518918514252,0.402224242687225,0.397855132818222,0.404360055923462,0.402316451072693,0.378487288951874,0.326164603233337,0.31218433380127,0.331424295902252,0.331375867128372,0.332564026117325,0.335275560617447,0.339933395385742,0.3511863052845,0.406800448894501,0.408978223800659,0.410531461238861,0.411693751811981,0.357805371284485,0.339146018028259,0.324119389057159,0.323594152927399,0.309966027736664,0.241675153374672,0.256638735532761,0.274134129285812,0.285331040620804,0.27699875831604,0.256304532289505,0.232384979724884
"2023-06-09",0.762313723564148,0.824944734573364,0.851937711238861,0.945644497871399,0.957932353019714,0.866456270217896,0.928534805774689,0.80563747882843,0.624979615211487,0.508397996425629,0.420563697814941,0.41685289144516,0.408058971166611,0.394252419471741,0.371748268604279,0.359963834285736,0.342079043388367,0.32858395576477,0.326356619596481,0.326323509216309,0.326099753379822,0.311657160520554,0.267103672027588,0.257437974214554,0.269208282232285,0.272919237613678,0.278629422187805,0.283998191356659,0.287425994873047,0.286449819803238,0.322184056043625,0.324325859546661,0.324573278427124,0.325047552585602,0.29818606376648,0.286166340112686,0.274227291345596,0.268450558185577,0.257201313972473,0.201462149620056,0.21105945110321,0.22273913025856,0.230828046798706,0.238588362932205,0.22874154150486,0.214888721704483
"2023-06-10",0.628617525100708,0.675108909606934,0.713197708129883,0.781802356243134,0.80495548248291,0.749374151229858,0.897966980934143,0.815430283546448,0.636598348617554,0.491327553987503,0.356040239334106,0.328615128993988,0.320871591567993,0.310040861368179,0.295583158731461,0.290084004402161,0.281841456890106,0.277282893657684,0.276217341423035,0.274105221033096,0.275309443473816,0.266102612018585,0.229004934430122,0.221716850996017,0.229238256812096,0.232728093862534,0.237809330224991,0.242614045739174,0.245443761348724,0.241428196430206,0.26659631729126,0.268234550952911,0.267786145210266,0.265040397644043,0.250282943248749,0.241853147745132,0.232790976762772,0.226471394300461,0.217028319835663,0.175301164388657,0.181825712323189,0.190163850784302,0.195986226201057,0.206207439303398,0.201967835426331,0.194208592176437
"2023-06-11",0.513618111610413,0.568354606628418,0.59238851070404,0.669028580188751,0.692549645900726,0.653608322143555,0.866201281547546,0.790504932403564,0.630075454711914,0.487747669219971,0.325206518173218,0.27762696146965,0.26832377910614,0.255062758922577,0.236079424619675,0.233674898743629,0.230574250221252,0.234643340110779,0.235208690166473,0.234462559223175,0.234477698802948,0.226282864809036,0.200482249259949,0.19526781141758,0.201455429196358,0.204533666372299,0.208819985389709,0.21214285492897,0.213053837418556,0.209239602088928,0.226815044879913,0.226460993289948,0.223851174116135,0.222056150436401,0.20699967443943,0.199234843254089,0.192306458950043,0.187928959727287,0.182189345359802,0.157895058393478,0.162861526012421,0.169077932834625,0.173263072967529,0.180360808968544,0.17770129442215,0.173542872071266
"2023-06-12",1.46321523189545,1.7844021320343,1.86865699291229,2.16479730606079,1.57538819313049,1.30354642868042,1.70331215858459,1.7211731672287,1.61565041542053,1.57092916965485,1.27136993408203,1.23815178871155,1.17086386680603,1.05400359630585,0.910523116588593,0.81476354598999,0.671366095542908,0.674619436264038,0.559556365013123,0.571619033813477,0.514675378799438,0.441225826740265,0.444278061389923,0.401702523231506,0.504444301128387,0.425122141838074,0.343543469905853,0.285775899887085,0.28324544429779,0.438053756952286,0.613275468349457,0.555664896965027,0.515880763530731,0.499617636203766,0.391320437192917,0.321659564971924,0.290915161371231,0.324605345726013,0.327959656715393,0.3391332924366,0.321669846773148,0.291006118059158,0.265428572893143,0.206622555851936,0.19794388115406,0.187643945217133
"2023-06-13",1.96457695960999,2.07267093658447,2.09550142288208,2.26628851890564,1.81876182556152,1.55138969421387,2.23818111419678,2.23711633682251,2.04349136352539,1.86385059356689,1.519899725914,1.47544002532959,1.37574136257172,1.210373878479,0.991143941879272,0.882840037345886,0.729092240333557,0.664327383041382,0.622408092021942,0.649167418479919,0.591824173927307,0.498722106218338,0.463530778884888,0.442292988300323,0.513059258460999,0.471241235733032,0.421870410442352,0.40029838681221,0.422125041484833,0.603565037250519,0.729090213775635,0.71355664730072,0.689995527267456,0.666407287120819,0.412926018238068,0.376503825187683,0.371752023696899,0.42361131310463,0.412022471427917,0.389308214187622,0.388689994812012,0.373848617076874,0.360181242227554,0.260038644075394,0.229886502027512,0.203644290566444
"2023-06-14",1.3768618106842,1.40018677711487,1.34389925003052,1.43900752067566,1.3368536233902,1.27492237091064,1.97819197177887,1.91009628772736,1.62335252761841,1.38210022449493,0.977288246154785,0.890363812446594,0.82726001739502,0.724395036697388,0.591682493686676,0.535724878311157,0.472563982009888,0.461610734462738,0.450092673301697,0.457923591136932,0.423188209533691,0.366758048534393,0.342592835426331,0.331736952066422,0.363303333520889,0.35633859038353,0.358296692371368,0.368319183588028,0.385379552841187,0.46966165304184,0.52882182598114,0.515628814697266,0.498514026403427,0.483670294284821,0.320612877607346,0.303745716810226,0.304289251565933,0.338740766048431,0.323455780744553,0.286389410495758,0.295055896043777,0.299136281013489,0.300440549850464,0.24480465054512,0.216588348150253,0.191561847925186
"2023-06-15",0.946900844573975,0.985129177570343,0.977084934711456,1.071244597435,1.10243654251099,1.09862613677979,1.70570945739746,1.52466309070587,1.1954391002655,0.964006841182709,0.64077889919281,0.567416787147522,0.524601697921753,0.46332323551178,0.408234298229218,0.378233045339584,0.352148860692978,0.360163509845734,0.348125219345093,0.333988100290298,0.310614258050919,0.277265340089798,0.277426302433014,0.273638486862183,0.2969970703125,0.298437535762787,0.305730640888214,0.313101768493652,0.319456338882446,0.367473512887955,0.400501489639282,0.389556616544724,0.376374512910843,0.365753084421158,0.259367167949677,0.249606624245644,0.248823717236519,0.269343614578247,0.255705118179321,0.229290544986725,0.23591111600399,0.239987999200821,0.242697581648827,0.20817694067955,0.188051745295525,0.168930664658546
"2023-06-16",0.726906299591064,0.759167671203613,0.803859353065491,0.883631706237793,0.934347808361053,0.912605404853821,1.37850308418274,1.20721316337585,0.889360904693604,0.655820369720459,0.421960145235062,0.370186418294907,0.345543622970581,0.313316911458969,0.293357044458389,0.28522127866745,0.279566705226898,0.28928017616272,0.278100907802582,0.253109186887741,0.24301090836525,0.227756381034851,0.235389873385429,0.233354076743126,0.254421025514603,0.254660248756409,0.256683140993118,0.257535487413406,0.258557200431824,0.287786453962326,0.312160044908524,0.305299282073975,0.296850323677063,0.289823532104492,0.220616400241852,0.210879743099213,0.207202434539795,0.219560921192169,0.210240244865417,0.186825394630432,0.193079650402069,0.198151111602783,0.20109061896801,0.17891988158226,0.162447080016136,0.147244855761528
"2023-06-17",0.618468344211578,0.637012124061584,0.695081293582916,0.748923897743225,0.766671895980835,0.736071109771729,1.09374904632568,1.01584935188293,0.777568936347961,0.562913179397583,0.33436506986618,0.269527286291122,0.255374073982239,0.235998541116714,0.223556816577911,0.22180762887001,0.222769320011139,0.241609886288643,0.237051472067833,0.217955470085144,0.212251961231232,0.201327219605446,0.195223554968834,0.193173170089722,0.213035732507706,0.213341325521469,0.214565768837929,0.21503284573555,0.215462565422058,0.229228168725967,0.248598545789719,0.246112793684006,0.242800146341324,0.239605247974396,0.197719112038612,0.187683835625648,0.181231439113617,0.184773460030556,0.177586913108826,0.151378452777863,0.158249527215958,0.16600401699543,0.170964300632477,0.160149186849594,0.147266626358032,0.134799987077713
"2023-06-18",0.554309129714966,0.552082121372223,0.609618365764618,0.634346604347229,0.631182312965393,0.606950402259827,0.896076321601868,0.871216356754303,0.711356461048126,0.535438716411591,0.303880661725998,0.227693617343903,0.216859012842178,0.197581842541695,0.171643882989883,0.169566243886948,0.170708358287811,0.193855345249176,0.195532232522964,0.195711612701416,0.192593961954117,0.183965861797333,0.168413236737251,0.165892362594604,0.178938060998917,0.1798315346241,0.181635022163391,0.183080762624741,0.183709546923637,0.18978725373745,0.204289361834526,0.203955605626106,0.202791914343834,0.201432079076767,0.177141204476357,0.168729946017265,0.161481902003288,0.158297225832939,0.152628555893898,0.128727778792381,0.134406223893166,0.141097754240036,0.145566374063492,0.14461275935173,0.135805532336235,0.12517049908638
"2023-06-19",1.51029992103577,1.62987768650055,1.54682087898254,1.70111238956451,2.12329649925232,1.8997483253479,2.22282433509827,1.97986340522766,1.57929086685181,1.28910601139069,0.930283188819885,0.94007796049118,0.900232076644897,0.800500214099884,0.675651431083679,0.594236254692078,0.48455137014389,0.496142685413361,0.436388403177261,0.449866354465485,0.415973544120789,0.37649005651474,0.470229685306549,0.414585471153259,0.432544142007828,0.39131510257721,0.340185940265656,0.286078572273254,0.267885386943817,0.40036752820015,0.587308466434479,0.552487730979919,0.527438521385193,0.516544282436371,0.477999955415726,0.387517511844635,0.31602132320404,0.314854204654694,0.328978359699249,0.359125852584839,0.348028361797333,0.309948980808258,0.272845298051834,0.1783686876297,0.158385455608368,0.140719071030617
"2023-06-20",2.06523203849792,2.1382851600647,2.27060914039612,2.41624903678894,2.50305128097534,2.26282596588135,2.84368228912354,2.53889632225037,1.96738541126251,1.54370069503784,1.14412426948547,1.10251617431641,1.04836213588715,0.95025110244751,0.823825716972351,0.754620552062988,0.65449458360672,0.550095617771149,0.51296466588974,0.509879469871521,0.503890573978424,0.484836459159851,0.458098828792572,0.430340498685837,0.489395320415497,0.473468691110611,0.439413100481033,0.399397522211075,0.378115892410278,0.488672256469727,0.66094982624054,0.679940640926361,0.697655498981476,0.704408824443817,0.590198457241058,0.537622570991516,0.47946172952652,0.435979753732681,0.428649574518204,0.39677494764328,0.419187933206558,0.427595466375351,0.421209961175919,0.287201523780823,0.231850355863571,0.187555655837059
"2023-06-21",1.53263831138611,1.58485209941864,1.6454610824585,1.75479292869568,1.70387434959412,1.58307552337646,2.0890622138977,1.88060414791107,1.45018720626831,1.11773490905762,0.765652596950531,0.69685685634613,0.664326667785645,0.611509382724762,0.545328974723816,0.514221668243408,0.468537509441376,0.404293477535248,0.389501988887787,0.380991995334625,0.380923449993134,0.372033059597015,0.321461141109467,0.305595219135284,0.344978988170624,0.344438046216965,0.338839173316956,0.329771816730499,0.324646055698395,0.365724623203278,0.449330717325211,0.463940560817719,0.482195824384689,0.494224727153778,0.444498538970947,0.424310177564621,0.394703686237335,0.357554942369461,0.341792404651642,0.283577412366867,0.303884625434875,0.324066817760468,0.334076315164566,0.285795360803604,0.248268455266953,0.21262763440609
"2023-06-22",1.14957106113434,1.18685793876648,1.18559837341309,1.27619910240173,1.25654816627502,1.1859085559845,1.59470367431641,1.40512561798096,1.06229376792908,0.796091914176941,0.526399970054626,0.474239736795425,0.448641180992126,0.409465491771698,0.364611655473709,0.347187995910645,0.324904292821884,0.307420790195465,0.302696883678436,0.306192487478256,0.305488437414169,0.297508597373962,0.253013432025909,0.244043439626694,0.271338135004044,0.27253645658493,0.272808223962784,0.272919833660126,0.275710999965668,0.29682868719101,0.344851195812225,0.35302346944809,0.362988948822021,0.369531035423279,0.345289081335068,0.331042766571045,0.310342371463776,0.286891877651215,0.275166451931,0.234321594238281,0.247056260704994,0.260346055030823,0.267597854137421,0.249106347560883,0.22870446741581,0.206647053360939
"2023-06-23",0.844634354114532,0.898612856864929,0.869136929512024,0.968119144439697,0.980826020240784,0.936926186084747,1.28257930278778,1.0603358745575,0.758325517177582,0.579191446304321,0.368344664573669,0.328678488731384,0.310064285993576,0.279933631420135,0.247030138969421,0.237372756004333,0.227914810180664,0.237251788377762,0.238799408078194,0.25308233499527,0.250797182321548,0.242062509059906,0.212999075651169,0.208674758672714,0.225120693445206,0.227302148938179,0.230198889970779,0.23447559773922,0.240134954452515,0.256488144397736,0.282849848270416,0.284854114055634,0.288697630167007,0.289499014616013,0.269859373569489,0.257364451885223,0.243869096040726,0.237564489245415,0.229467794299126,0.199401989579201,0.207777857780457,0.2149718105793,0.219189167022705,0.205955386161804,0.195180162787437,0.183411985635757
"2023-06-24",0.674691677093506,0.704076290130615,0.6997309923172,0.773651003837585,0.805074393749237,0.770233035087585,1.027184009552,0.815048575401306,0.553207337856293,0.426550924777985,0.254822343587875,0.233409836888313,0.220054462552071,0.19428950548172,0.181534513831139,0.176050096750259,0.17375859618187,0.195807248353958,0.197160959243774,0.208114221692085,0.206067740917206,0.198797225952148,0.186144948005676,0.184507057070732,0.196280717849731,0.199271216988564,0.203761711716652,0.208448976278305,0.212408691644669,0.227579578757286,0.235578507184982,0.234699070453644,0.233510851860046,0.23228195309639,0.204797431826591,0.197614789009094,0.192925408482552,0.201152503490448,0.193942606449127,0.172430530190468,0.176833763718605,0.179680719971657,0.180804431438446,0.165351286530495,0.156900152564049,0.146549165248871
"2023-06-25",0.576635360717773,0.584587097167969,0.596399903297424,0.65174126625061,0.690905511379242,0.659777283668518,0.84835159778595,0.673969507217407,0.447631776332855,0.312711834907532,0.178485333919525,0.162757903337479,0.155009344220161,0.140344530344009,0.136995732784271,0.134659171104431,0.135619506239891,0.161609530448914,0.163279503583908,0.172464683651924,0.172747522592545,0.169318839907646,0.165324240922928,0.163788765668869,0.17493237555027,0.176249444484711,0.178123399615288,0.179574400186539,0.180805370211601,0.19236333668232,0.19903926551342,0.196881055831909,0.194036662578583,0.191563248634338,0.166899889707565,0.162155568599701,0.160375162959099,0.168823510408401,0.163812518119812,0.143466159701347,0.147818922996521,0.150805845856667,0.153114676475525,0.143258720636368,0.135919243097305,0.125437468290329
"2023-06-26",1.83655440807343,2.19586515426636,2.07392430305481,2.42267513275146,2.38441467285156,1.64902830123901,1.7559278011322,1.63980436325073,1.56606793403625,1.45686149597168,0.797398447990417,0.649228453636169,0.625634551048279,0.566295266151428,0.563137292861938,0.507308423519135,0.427438080310822,0.47000789642334,0.404571294784546,0.473132997751236,0.433109849691391,0.384010046720505,0.42351883649826,0.394793659448624,0.534145474433899,0.464827597141266,0.383105725049973,0.300592243671417,0.268585979938507,0.408550202846527,0.591351866722107,0.538734436035156,0.507342457771301,0.495636761188507,0.443340450525284,0.362679898738861,0.303208112716675,0.305953651666641,0.312682956457138,0.326795041561127,0.322507172822952,0.302136242389679,0.280565440654755,0.199012622237206,0.180308327078819,0.161850333213806
"2023-06-27",2.23588871955872,2.43447589874268,2.37563276290894,2.63967204093933,2.3382363319397,1.87526190280914,2.19073867797852,2.03469586372375,1.8135941028595,1.58724570274353,1.03468239307404,0.851175487041473,0.79983389377594,0.714200675487518,0.634376287460327,0.576029360294342,0.492327004671097,0.484960556030273,0.454312145709991,0.510101556777954,0.482595264911652,0.435533165931702,0.437892764806747,0.426703304052353,0.559074759483337,0.521642982959747,0.462293267250061,0.407630980014801,0.38299098610878,0.506753206253052,0.662050664424896,0.659456431865692,0.658906102180481,0.654927968978882,0.500868856906891,0.456007897853851,0.411547750234604,0.39666736125946,0.38177478313446,0.374389797449112,0.370716363191605,0.360906064510345,0.351956605911255,0.263394743204117,0.225242733955383,0.197042047977448
"2023-06-28",1.52392578125,1.57644999027252,1.51632022857666,1.62948441505432,1.57402360439301,1.44671308994293,1.72552561759949,1.46503615379333,1.15030908584595,0.913786172866821,0.612605333328247,0.553417503833771,0.508574187755585,0.44468230009079,0.375410109758377,0.345795810222626,0.31086140871048,0.339460998773575,0.322475850582123,0.342141687870026,0.331877082586288,0.314642399549484,0.330998688936234,0.327869892120361,0.372790277004242,0.355150729417801,0.330461531877518,0.311511367559433,0.306335538625717,0.364383399486542,0.44723716378212,0.444816708564758,0.44012314081192,0.433493345975876,0.30712354183197,0.285134017467499,0.26702293753624,0.287555366754532,0.269158363342285,0.272959411144257,0.265062034130096,0.254559516906738,0.245980218052864,0.171744033694267,0.149725914001465,0.13038481771946
"2023-06-29",1.01112484931946,1.04754996299744,1.09326887130737,1.18944835662842,1.21290051937103,1.08680653572083,1.11553144454956,0.89196515083313,0.646450757980347,0.496347784996033,0.352252572774887,0.348133742809296,0.32378289103508,0.287390053272247,0.247595131397247,0.236001014709473,0.225570321083069,0.259224832057953,0.254703611135483,0.266214311122894,0.264932423830032,0.258188247680664,0.271513193845749,0.265065968036652,0.280521512031555,0.272766321897507,0.262248516082764,0.253241837024689,0.251494258642197,0.294717133045197,0.336187273263931,0.329033613204956,0.318943381309509,0.309400290250778,0.221036076545715,0.203814789652824,0.194302037358284,0.215935498476028,0.208526849746704,0.216787934303284,0.215436726808548,0.210554257035255,0.204849168658257,0.150829032063484,0.123179003596306,0.0941277742385864
"2023-06-30",0.75059962272644,0.765612125396729,0.852953135967255,0.91951596736908,0.937867105007172,0.825206398963928,0.761601805686951,0.624564230442047,0.434814602136612,0.334411948919296,0.249672099947929,0.246785208582878,0.23602782189846,0.218877568840981,0.20039114356041,0.19236646592617,0.18449966609478,0.203499883413315,0.204076588153839,0.221366614103317,0.222618922591209,0.219886064529419,0.218851357698441,0.213835164904594,0.227046072483063,0.223478734493256,0.217483729124069,0.211287215352058,0.209447994828224,0.234969288110733,0.263990104198456,0.261238217353821,0.256935745477676,0.252324193716049,0.197847560048103,0.182425931096077,0.172186657786369,0.177344724535942,0.177283555269241,0.181489244103432,0.185790807008743,0.186137795448303,0.182795614004135,0.14357927441597,0.117697581648827,0.0906737595796585
"2023-07-01",0.590050220489502,0.614788770675659,0.686903178691864,0.745861291885376,0.763619542121887,0.669429361820221,0.631292700767517,0.496439397335052,0.348323285579681,0.269318610429764,0.202130347490311,0.194922134280205,0.18638776242733,0.174300312995911,0.173654645681381,0.166214868426323,0.157950967550278,0.166562169790268,0.167998716235161,0.188224375247955,0.191479444503784,0.192359834909439,0.187783107161522,0.18435937166214,0.19375616312027,0.192785456776619,0.190869763493538,0.188593834638596,0.187106102705002,0.201450616121292,0.221661135554314,0.220554351806641,0.21844656765461,0.216312795877457,0.18233248591423,0.171176806092262,0.160452857613564,0.157426059246063,0.156840622425079,0.159611597657204,0.165358558297157,0.170207768678665,0.171862825751305,0.142336577177048,0.118215978145599,0.0937150344252586
"2023-07-02",0.469397932291031,0.503536701202393,0.558988988399506,0.616048455238342,0.631712675094604,0.552381813526154,0.521825432777405,0.416343122720718,0.291064143180847,0.224624007940292,0.172060236334801,0.164258509874344,0.156799077987671,0.145575851202011,0.14849941432476,0.14250959455967,0.135732725262642,0.141622483730316,0.142762690782547,0.158420532941818,0.162038654088974,0.164491504430771,0.163478121161461,0.161245703697205,0.168827459216118,0.168609261512756,0.168006479740143,0.167153522372246,0.166555240750313,0.175753802061081,0.191142305731773,0.190610438585281,0.189483627676964,0.188384190201759,0.164723306894302,0.156098768115044,0.147096484899521,0.143053084611893,0.142545580863953,0.141617923974991,0.147904127836227,0.154191389679909,0.157364934682846,0.138104602694511,0.119281023740768,0.0974182561039925
"2023-07-03",0.95918333530426,1.16298937797546,1.18074631690979,1.39403283596039,1.28521347045898,0.980960845947266,1.08369755744934,1.07887232303619,1.04227459430695,0.935353636741638,0.728741407394409,0.710736036300659,0.672073483467102,0.608443915843964,0.610485732555389,0.527117252349854,0.408604890108109,0.46000725030899,0.378538846969604,0.414770305156708,0.357015788555145,0.29254812002182,0.372964978218079,0.348544418811798,0.528360366821289,0.425544530153275,0.319348633289337,0.245718389749527,0.236775100231171,0.38401871919632,0.565300345420837,0.512181520462036,0.468738675117493,0.443271785974503,0.365562587976456,0.295518189668655,0.2563855946064,0.27785712480545,0.285191178321838,0.292416721582413,0.286308199167252,0.26835024356842,0.251099705696106,0.190901473164558,0.170803740620613,0.147332802414894
"2023-07-04",1.11075174808502,1.23494434356689,1.28961491584778,1.44969534873962,1.3196724653244,1.1116783618927,1.29362607002258,1.21440577507019,1.12067627906799,1.03884875774384,0.86296147108078,0.856764197349548,0.800411939620972,0.70874834060669,0.645391702651978,0.556690633296967,0.433931171894073,0.422016590833664,0.378915071487427,0.432500004768372,0.399784713983536,0.354302138090134,0.353380978107452,0.352094441652298,0.49856162071228,0.460939109325409,0.404570966959,0.361440241336823,0.358220815658569,0.485244303941727,0.627257227897644,0.622064530849457,0.612320303916931,0.60237580537796,0.433273792266846,0.380107462406158,0.351046562194824,0.368748843669891,0.360223710536957,0.332079201936722,0.343194723129272,0.346614837646484,0.342773973941803,0.26090207695961,0.225143253803253,0.193000286817551
"2023-07-05",0.780917465686798,0.838456630706787,0.901889443397522,0.992054462432861,0.969729721546173,0.873098731040955,0.994905650615692,0.888081252574921,0.75893223285675,0.665442824363708,0.557108402252197,0.546941459178925,0.511903643608093,0.452585220336914,0.379462093114853,0.328793406486511,0.261431396007538,0.261556833982468,0.252010494470596,0.300720304250717,0.292298138141632,0.274783372879028,0.250340133905411,0.249021530151367,0.315099239349365,0.310655534267426,0.306066572666168,0.304063111543655,0.307089269161224,0.346681416034698,0.424361795186996,0.42809846997261,0.43136477470398,0.432363867759705,0.345138490200043,0.317312151193619,0.296656876802444,0.297375977039337,0.286803603172302,0.250360608100891,0.261552423238754,0.27158385515213,0.277910083532333,0.244966447353363,0.220941185951233,0.196351855993271
"2023-07-06",0.59600305557251,0.637356579303741,0.714198052883148,0.780897855758667,0.79539680480957,0.741223216056824,0.84668618440628,0.72294807434082,0.588110148906708,0.484167516231537,0.393088400363922,0.383693903684616,0.355305910110474,0.310119926929474,0.252943575382233,0.21906191110611,0.180809438228607,0.200128510594368,0.200047135353088,0.234236627817154,0.230484932661057,0.220594942569733,0.205197751522064,0.206230148673058,0.238541886210442,0.240083113312721,0.244278132915497,0.249670475721359,0.255990862846375,0.285479635000229,0.324511706829071,0.325505763292313,0.326058983802795,0.325522184371948,0.26973083615303,0.254712492227554,0.243205353617668,0.246726155281067,0.235565230250359,0.208401441574097,0.215431824326515,0.220772504806519,0.22333887219429,0.198132336139679,0.181892856955528,0.172274842858315
"2023-07-07",0.495617598295212,0.53336775302887,0.614460945129395,0.677286922931671,0.700196146965027,0.648183584213257,0.71705812215805,0.598120987415314,0.46674370765686,0.372132122516632,0.28824970126152,0.27793025970459,0.256280094385147,0.222994834184647,0.179941117763519,0.161360859870911,0.143749415874481,0.166914701461792,0.16772249341011,0.185545086860657,0.186043202877045,0.182952538132668,0.183139905333519,0.184020921587944,0.199270352721214,0.201888352632523,0.207592278718948,0.214219003915787,0.220907643437386,0.243240281939507,0.263617515563965,0.261765658855438,0.259092539548874,0.256373465061188,0.215011849999428,0.205683246254921,0.199261546134949,0.200741171836853,0.194413274526596,0.179716572165489,0.184140145778656,0.187083974480629,0.188109204173088,0.165113747119904,0.150895893573761,0.141194194555283
"2023-07-08",0.438788831233978,0.460976779460907,0.544093251228333,0.59205287694931,0.615497708320618,0.566500186920166,0.612992763519287,0.513945281505585,0.381404548883438,0.301328271627426,0.226497665047646,0.214062973856926,0.198968648910522,0.175307884812355,0.145600706338882,0.133033066987991,0.120976388454437,0.136520147323608,0.136317059397697,0.149523168802261,0.151984333992004,0.152863919734955,0.159345388412476,0.159150451421738,0.168461740016937,0.169863641262054,0.17314849793911,0.177883461117744,0.183129727840424,0.198235601186752,0.21366485953331,0.212642133235931,0.210821539163589,0.208998888731003,0.184263661503792,0.177100628614426,0.170965954661369,0.166761547327042,0.163929954171181,0.154679507017136,0.158908918499947,0.162811309099197,0.164619535207748,0.148475795984268,0.135712042450905,0.125068828463554
"2023-07-09",0.391091883182526,0.405379295349121,0.475442826747894,0.517309904098511,0.540684878826141,0.502062439918518,0.563357055187225,0.469757556915283,0.342723786830902,0.271200895309448,0.197284162044525,0.180076569318771,0.168404996395111,0.149204030632973,0.130423933267593,0.120279371738434,0.109371140599251,0.112638875842094,0.112318098545074,0.12327116727829,0.126006960868835,0.127613618969917,0.134208455681801,0.13409186899662,0.143612965941429,0.144186571240425,0.145605713129044,0.148106887936592,0.151801332831383,0.163142487406731,0.177001506090164,0.176953762769699,0.176274046301842,0.175433218479156,0.163350284099579,0.158693566918373,0.15321059525013,0.145191386342049,0.143283486366272,0.136314734816551,0.140323042869568,0.144640609622002,0.14717048406601,0.137375682592392,0.127312883734703,0.11764432489872
"2023-07-10",1.60508966445923,1.83021473884583,1.87551116943359,2.24723196029663,2.26243376731873,1.74545955657959,1.79885065555573,1.59098219871521,1.3523063659668,1.23201406002045,0.868934690952301,0.822533011436462,0.769712686538696,0.682436347007751,0.604051411151886,0.548903942108154,0.463218331336975,0.465699434280396,0.442358434200287,0.510347306728363,0.496119976043701,0.466700971126556,0.532107830047607,0.499040126800537,0.57818603515625,0.499917089939117,0.387759447097778,0.281008124351501,0.226873382925987,0.381925672292709,0.625652134418488,0.58477395772934,0.539702117443085,0.51419734954834,0.474641680717468,0.378093332052231,0.299768328666687,0.270589530467987,0.277543008327484,0.278802126646042,0.278375566005707,0.268769919872284,0.25652027130127,0.205052867531776,0.18979848921299,0.173725485801697
"2023-07-11",2.02512359619141,2.0806393623352,2.16141176223755,2.32919502258301,2.20606470108032,1.881756067276,2.10957145690918,1.84723949432373,1.53642404079437,1.37228584289551,1.00745868682861,0.963726043701172,0.908336222171783,0.81417453289032,0.711057305335999,0.663443565368652,0.592149496078491,0.53809255361557,0.512319028377533,0.580381989479065,0.571070909500122,0.549822270870209,0.566852867603302,0.54947692155838,0.623354196548462,0.592310190200806,0.533739149570465,0.459304630756378,0.39243558049202,0.440371930599213,0.637078881263733,0.657617926597595,0.679211556911469,0.692283987998962,0.600645482540131,0.556326031684875,0.487466961145401,0.373398184776306,0.360664486885071,0.334906876087189,0.346285223960876,0.353064239025116,0.35298016667366,0.292003870010376,0.26121512055397,0.233939006924629
"2023-07-12",1.35639429092407,1.35630750656128,1.35564017295837,1.42750024795532,1.38203024864197,1.28295910358429,1.52102887630463,1.25466597080231,0.979894638061523,0.83346426486969,0.622714877128601,0.594497740268707,0.565711736679077,0.509333729743958,0.465254545211792,0.43339928984642,0.387168288230896,0.35589998960495,0.342188507318497,0.38375449180603,0.370476096868515,0.352128356695175,0.381130248308182,0.376298487186432,0.402617394924164,0.389886200428009,0.368680596351624,0.342687457799911,0.317773371934891,0.326727151870728,0.402758181095123,0.416410118341446,0.436093509197235,0.451894283294678,0.415114909410477,0.409437388181686,0.384497284889221,0.322548538446426,0.30588299036026,0.266062825918198,0.275425851345062,0.284766107797623,0.289423257112503,0.262315422296524,0.239977777004242,0.219137236475945
"2023-07-13",0.893119692802429,0.930625379085541,0.958625853061676,1.02328062057495,1.04086291790009,0.981756925582886,1.09398317337036,0.856723725795746,0.633917927742004,0.509240031242371,0.413713335990906,0.402722835540771,0.3807472884655,0.34527063369751,0.322942972183228,0.29826557636261,0.265602886676788,0.260810494422913,0.251599609851837,0.285917192697525,0.278893887996674,0.268174141645432,0.297308325767517,0.292850971221924,0.304576486349106,0.29266345500946,0.273942738771439,0.256918668746948,0.247610703110695,0.270849764347076,0.312623918056488,0.316470921039581,0.32179319858551,0.325970530509949,0.309161156415939,0.303552865982056,0.287492662668228,0.260905027389526,0.250854253768921,0.227695718407631,0.233143553137779,0.237616240978241,0.2396280169487,0.221593111753464,0.207204386591911,0.192558884620667
"2023-07-14",0.643590748310089,0.692663133144379,0.756340563297272,0.824451327323914,0.841030955314636,0.75210040807724,0.727773666381836,0.560903906822205,0.415726780891418,0.336301684379578,0.28547728061676,0.283872783184052,0.266583889722824,0.242132931947708,0.230375379323959,0.215888530015945,0.197928071022034,0.21193727850914,0.206252500414848,0.225278407335281,0.223014071583748,0.218680188059807,0.244684934616089,0.239490494132042,0.239599570631981,0.231699466705322,0.220428287982941,0.212355613708496,0.211453333497047,0.230779767036438,0.252193927764893,0.253407120704651,0.255168944597244,0.256433367729187,0.238354936242104,0.230790168046951,0.221713483333588,0.215893492102623,0.209973126649857,0.198811039328575,0.202137753367424,0.204021736979485,0.204676628112793,0.187341809272766,0.175381183624268,0.162598684430122
"2023-07-15",0.524264633655548,0.55776858329773,0.629430532455444,0.688452124595642,0.68726909160614,0.589513063430786,0.502810418605804,0.394760191440582,0.29094135761261,0.238058343529701,0.208434909582138,0.212812036275864,0.200917050242424,0.183844685554504,0.181519329547882,0.171957284212112,0.160952359437943,0.174496382474899,0.17110401391983,0.184641152620316,0.184791401028633,0.183140248060226,0.202472567558289,0.198755547404289,0.196367025375366,0.191916540265083,0.185181051492691,0.180290833115578,0.179611787199974,0.192918613553047,0.208183512091637,0.208828687667847,0.20917797088623,0.209058254957199,0.195241495966911,0.190818727016449,0.186451852321625,0.184815883636475,0.181250512599945,0.172012776136398,0.175320893526077,0.177996769547462,0.179253444075584,0.164765700697899,0.153215765953064,0.141680046916008
"2023-07-16",0.434396862983704,0.452467501163483,0.533059537410736,0.575562238693237,0.578016996383667,0.495189726352692,0.414901375770569,0.330047369003296,0.23514187335968,0.189740896224976,0.166754096746445,0.170927360653877,0.16288423538208,0.149683058261871,0.155712753534317,0.146343648433685,0.13655261695385,0.144404739141464,0.142757743597031,0.15447835624218,0.15510705113411,0.154801487922668,0.170322492718697,0.168337047100067,0.169865325093269,0.16655644774437,0.16137307882309,0.156221821904182,0.153371468186378,0.159866228699684,0.171601295471191,0.17265610396862,0.173765406012535,0.173645317554474,0.165877804160118,0.164806455373764,0.163785055279732,0.163834869861603,0.161261484026909,0.150351136922836,0.153760626912117,0.157353892922401,0.159383043646812,0.151120007038116,0.141894951462746,0.132544532418251
"2023-07-17",1.29832530021667,1.5974737405777,1.75102829933167,2.11255407333374,2.16624927520752,1.66161608695984,1.64383924007416,1.30018842220306,1.00562560558319,0.817347705364227,0.679416358470917,0.705270409584045,0.68839293718338,0.635700702667236,0.653419554233551,0.607411623001099,0.542289078235626,0.573815524578094,0.539882302284241,0.599779188632965,0.534485578536987,0.449400067329407,0.575706601142883,0.503332078456879,0.617056488990784,0.521112859249115,0.397284477949142,0.297732532024384,0.269369781017303,0.464553236961365,0.656202733516693,0.626846432685852,0.579502582550049,0.53484570980072,0.448980838060379,0.347776651382446,0.277586936950684,0.269205838441849,0.282290548086166,0.303148925304413,0.295938760042191,0.271853357553482,0.248016998171806,0.181582167744637,0.167361676692963,0.155863434076309
"2023-07-18",1.53571629524231,1.74764227867126,1.9322417974472,2.18238067626953,2.08499050140381,1.73243093490601,1.67801737785339,1.34731912612915,1.04707956314087,0.914097428321838,0.785395205020905,0.821890473365784,0.794081032276154,0.724384009838104,0.705423951148987,0.66562020778656,0.611296236515045,0.616435289382935,0.594923555850983,0.638959884643555,0.600788056850433,0.540659070014954,0.50356924533844,0.476848900318146,0.574100732803345,0.540659487247467,0.481259405612946,0.423638671636581,0.397950112819672,0.541413843631744,0.70220959186554,0.70641028881073,0.706867337226868,0.703081965446472,0.546005427837372,0.46953621506691,0.397074580192566,0.3437579870224,0.340844988822937,0.336171925067902,0.345576196908951,0.343066275119781,0.333199381828308,0.235186830163002,0.206262484192848,0.187736451625824
"2023-07-19",0.982712507247925,1.12390494346619,1.16830277442932,1.32416605949402,1.27959311008453,1.1013046503067,1.04724276065826,0.798997640609741,0.61111319065094,0.534468412399292,0.482818990945816,0.509723544120789,0.490819424390793,0.446424335241318,0.431693404912949,0.401312291622162,0.370104968547821,0.390857517719269,0.385285317897797,0.420217514038086,0.400881558656693,0.370219111442566,0.347035646438599,0.337429285049438,0.358228325843811,0.346961170434952,0.328602254390717,0.312836080789566,0.309103846549988,0.36854150891304,0.44956362247467,0.454081296920776,0.457829087972641,0.458412379026413,0.379076421260834,0.344655692577362,0.310881495475769,0.279126435518265,0.271535754203796,0.25209441781044,0.260986059904099,0.266450226306915,0.268560826778412,0.220507264137268,0.19885091483593,0.182343035936356
"2023-07-20",0.699228346347809,0.785008788108826,0.825533390045166,0.923031210899353,0.917824387550354,0.788239777088165,0.704263985157013,0.549144327640533,0.436201333999634,0.364741623401642,0.339506149291992,0.353803187608719,0.339274108409882,0.311717808246613,0.306691884994507,0.282886624336243,0.26003909111023,0.291308760643005,0.286539167165756,0.310496896505356,0.301912248134613,0.285707592964172,0.279027909040451,0.271723866462708,0.269428461790085,0.262322425842285,0.252334237098694,0.24503131210804,0.244787663221359,0.281911581754684,0.325449347496033,0.326747894287109,0.32740318775177,0.326971054077148,0.282842606306076,0.265853494405746,0.248975217342377,0.232096269726753,0.224114820361137,0.206668451428413,0.212333992123604,0.216219902038574,0.217857450246811,0.194468855857849,0.181184336543083,0.16945144534111
"2023-07-21",0.527775049209595,0.587215542793274,0.635515689849854,0.703540563583374,0.697555840015411,0.579507946968079,0.498327076435089,0.398085951805115,0.327115833759308,0.285350859165192,0.254524648189545,0.257881164550781,0.243325889110565,0.223146989941597,0.223165392875671,0.213210001587868,0.204906359314919,0.235535442829132,0.230361133813858,0.243301331996918,0.239514783024788,0.2317865639925,0.231689959764481,0.223924145102501,0.215297669172287,0.210770711302757,0.206454575061798,0.20511531829834,0.208716109395027,0.233933702111244,0.253385037183762,0.252123028039932,0.249965101480484,0.247696205973625,0.211330875754356,0.201301336288452,0.193152457475662,0.190786436200142,0.184797719120979,0.177627056837082,0.180047661066055,0.179836124181747,0.179732754826546,0.161623060703278,0.15230718255043,0.143188163638115
"2023-07-22",0.435103297233582,0.477774798870087,0.508352160453796,0.56036102771759,0.531210660934448,0.421978831291199,0.339299917221069,0.271013885736465,0.224073335528374,0.204166769981384,0.189534187316895,0.196949660778046,0.190308585762978,0.180656254291534,0.181167840957642,0.178427070379257,0.176516473293304,0.202102214097977,0.197311341762543,0.204275622963905,0.202149167656898,0.19624961912632,0.195202469825745,0.188838422298431,0.181365072727203,0.179019883275032,0.177257493138313,0.177634879946709,0.180386990308762,0.196665555238724,0.207993164658546,0.205655634403229,0.202295809984207,0.199380397796631,0.171745210886002,0.165894538164139,0.161741688847542,0.165906757116318,0.161434933543205,0.157398834824562,0.156902179121971,0.154137700796127,0.151696160435677,0.133736684918404,0.123451739549637,0.11412450671196
"2023-07-23",0.372441530227661,0.403092265129089,0.40984234213829,0.449010610580444,0.406257748603821,0.312319785356522,0.240842312574387,0.195952668786049,0.165770530700684,0.154464513063431,0.15510156750679,0.166649132966995,0.163278847932816,0.157415509223938,0.159225672483444,0.156892701983452,0.1558857858181,0.174748122692108,0.171640276908875,0.174134373664856,0.172827422618866,0.169001430273056,0.169150039553642,0.164468765258789,0.157977849245071,0.155881494283676,0.153946056962013,0.153648972511292,0.155102863907814,0.165851727128029,0.174688830971718,0.173233643174171,0.171144738793373,0.169303983449936,0.150271132588387,0.146061658859253,0.142760783433914,0.1467215269804,0.14371320605278,0.140655845403671,0.140632182359695,0.13858163356781,0.136246174573898,0.117618151009083,0.107554204761982,0.098818689584732
"2023-07-24",1.26838064193726,1.52239632606506,1.52584838867188,1.78216671943665,1.58431661128998,1.1427561044693,0.949456691741943,0.784703850746155,0.696930348873138,0.662827789783478,0.663657248020172,0.709217190742493,0.665606498718262,0.597627639770508,0.700702130794525,0.681642174720764,0.647347271442413,0.737040281295776,0.664121866226196,0.70505964756012,0.618938326835632,0.500982284545898,0.601907312870026,0.542742073535919,0.613439083099365,0.510789275169373,0.392422199249268,0.288911461830139,0.258589595556259,0.43717235326767,0.659697949886322,0.621379375457764,0.59553724527359,0.577253699302673,0.49990040063858,0.38462483882904,0.300125598907471,0.281087011098862,0.29320439696312,0.310479760169983,0.296624153852463,0.264410644769669,0.23950520157814,0.165651023387909,0.149209022521973,0.134316667914391
"2023-07-25",1.34860396385193,1.49649620056152,1.5146164894104,1.68935191631317,1.48170042037964,1.13592839241028,0.98420000076294,0.871825039386749,0.802060186862946,0.774346828460693,0.754532098770142,0.789121091365814,0.756552875041962,0.712945461273193,0.780198574066162,0.753627061843872,0.713321328163147,0.769416153430939,0.719495296478271,0.694352030754089,0.64056932926178,0.564789474010468,0.577326655387878,0.550897836685181,0.599328637123108,0.540763139724731,0.460137993097305,0.400800168514252,0.396269261837006,0.558460474014282,0.722645461559296,0.727311134338379,0.734358370304108,0.736560344696045,0.551852405071259,0.481262385845184,0.420866847038269,0.386530727148056,0.372256278991699,0.367650181055069,0.355774134397507,0.328958481550217,0.31049445271492,0.208246454596519,0.186490669846535,0.168086096644402
"2023-07-26",0.79819792509079,0.884369611740112,0.875365972518921,0.967000722885132,0.878066301345825,0.712013483047485,0.634563684463501,0.569343090057373,0.522078454494476,0.497578382492065,0.485433101654053,0.500814199447632,0.488796770572662,0.469835370779037,0.490913927555084,0.475783437490463,0.454749792814255,0.476706504821777,0.455203026533127,0.429983258247375,0.41391995549202,0.387264877557755,0.379727065563202,0.36488926410675,0.363965511322021,0.345142930746078,0.32293114066124,0.313432365655899,0.319069683551788,0.394047409296036,0.468075633049011,0.46577513217926,0.466225981712341,0.46556967496872,0.350028991699219,0.329347342252731,0.306303322315216,0.29951474070549,0.281348824501038,0.278630137443542,0.27102792263031,0.258945822715759,0.251093745231628,0.177555292844772,0.155934408307076,0.136535793542862
"2023-07-27",0.554513454437256,0.605108737945557,0.623346567153931,0.676011204719543,0.637317836284637,0.536579489707947,0.491451382637024,0.440423905849457,0.396694898605347,0.370223253965378,0.354380935430527,0.362597942352295,0.354974687099457,0.342574596405029,0.353713303804398,0.344293266534805,0.331631541252136,0.342115819454193,0.332446575164795,0.315444886684418,0.310379922389984,0.298626124858856,0.282915145158768,0.274164527654648,0.266163349151611,0.260629087686539,0.254713118076324,0.252991765737534,0.253874570131302,0.290417522192001,0.331066399812698,0.329549014568329,0.328110694885254,0.325484693050385,0.263270735740662,0.251090198755264,0.238581478595734,0.23977342247963,0.227336376905441,0.224498122930527,0.221148550510406,0.215216651558876,0.211285084486008,0.163020253181458,0.140510842204094,0.116680838167667
"2023-07-28",0.43249237537384,0.461889803409576,0.491075396537781,0.530620515346527,0.514084696769714,0.445140182971954,0.423671871423721,0.380293130874634,0.335453599691391,0.305442631244659,0.279812723398209,0.280728340148926,0.275906205177307,0.26780754327774,0.27386599779129,0.267154574394226,0.257457911968231,0.265251010656357,0.259623169898987,0.252765834331512,0.25163871049881,0.246713444590569,0.230510503053665,0.22492416203022,0.215426385402679,0.212121948599815,0.207755088806152,0.205294191837311,0.205026313662529,0.227921605110168,0.256741136312485,0.257647454738617,0.257918953895569,0.256843775510788,0.220654875040054,0.212676256895065,0.203936114907265,0.20244026184082,0.194272339344025,0.191030398011208,0.190368682146072,0.187594175338745,0.18480595946312,0.149733230471611,0.129020720720291,0.108662806451321
"2023-07-29",0.359223484992981,0.373612821102142,0.411461651325226,0.439507842063904,0.436374604701996,0.386543810367584,0.384715378284454,0.349860578775406,0.30089396238327,0.271960496902466,0.236182868480682,0.230217754840851,0.226120367646217,0.219678625464439,0.221884191036224,0.216540724039078,0.208611503243446,0.212870016694069,0.20853354036808,0.209060549736023,0.208374157547951,0.205514669418335,0.1971585303545,0.193369388580322,0.183382123708725,0.180643111467361,0.176583051681519,0.173473045229912,0.172677546739578,0.186898335814476,0.209938555955887,0.211409494280815,0.212377905845642,0.212376415729523,0.189700856804848,0.18520775437355,0.18094502389431,0.178875714540482,0.1751329600811,0.168853268027306,0.170211464166641,0.169294357299805,0.166511163115501,0.138043880462646,0.12092013657093,0.104524865746498
"2023-07-30",0.300535708665848,0.318105161190033,0.351845920085907,0.381146520376205,0.383245259523392,0.342085361480713,0.358352452516556,0.313350200653076,0.2669498026371,0.239606410264969,0.203157365322113,0.195559233427048,0.191096127033234,0.184511691331863,0.184190958738327,0.179571017622948,0.173045516014099,0.17545622587204,0.172283127903938,0.175502136349678,0.174902275204659,0.172611981630325,0.172894269227982,0.170081496238708,0.161829546093941,0.159513473510742,0.155759707093239,0.152457475662231,0.150891035795212,0.159140154719353,0.176640927791595,0.178217530250549,0.179629161953926,0.180311053991318,0.16807833313942,0.165616184473038,0.162902384996414,0.162001639604568,0.158975541591644,0.153185859322548,0.154500424861908,0.154563724994659,0.154032468795776,0.131083875894547,0.116279229521751,0.102653808891773
"2023-07-31",1.26965606212616,1.44637560844421,1.60958206653595,1.76778924465179,1.66552209854126,1.24523663520813,1.35032248497009,1.19290471076965,1.08961045742035,0.968453764915466,0.810526371002197,0.826485633850098,0.793300211429596,0.743734538555145,0.779779672622681,0.720907330513,0.618960201740265,0.63212263584137,0.530270278453827,0.59038633108139,0.51039707660675,0.398325741291046,0.436693370342255,0.38851261138916,0.530225992202759,0.41851481795311,0.309841841459274,0.234192550182343,0.230880945920944,0.457176923751831,0.685059726238251,0.657292306423187,0.642385959625244,0.627525448799133,0.511386096477509,0.374170362949371,0.276803344488144,0.261983841657639,0.286532074213028,0.34694254398346,0.333798944950104,0.296799659729004,0.264003723859787,0.159923896193504,0.140036463737488,0.123535662889481
"2023-08-01",1.50689697265625,1.59536552429199,1.63360798358917,1.75947308540344,1.58965814113617,1.32795405387878,1.29505562782288,1.15536510944366,1.04735660552979,0.976001024246216,0.88670152425766,0.921211123466492,0.88694041967392,0.83161062002182,0.852442920207977,0.781696796417236,0.674138784408569,0.641934335231781,0.576931834220886,0.604715347290039,0.544665694236755,0.452272087335587,0.418175429105759,0.397346794605255,0.481203258037567,0.431152731180191,0.363269716501236,0.322768211364746,0.331572741270065,0.566351532936096,0.770525336265564,0.778179705142975,0.784330070018768,0.778417944908142,0.53978157043457,0.451298981904984,0.389141857624054,0.345668405294418,0.350813776254654,0.382635474205017,0.379578024148941,0.354473024606705,0.335936188697815,0.210017204284668,0.184197023510933,0.1654372215271
"2023-08-02",0.922556161880493,0.975168228149414,0.989718437194824,1.06395864486694,1.00095629692078,0.85038834810257,0.794257640838623,0.69830733537674,0.623063445091248,0.576491892337799,0.54425185918808,0.562495589256287,0.544949114322662,0.514794886112213,0.506779909133911,0.469654560089111,0.41509622335434,0.410744369029999,0.377683460712433,0.369844317436218,0.341078579425812,0.300456076860428,0.290665596723557,0.278208285570145,0.296825975179672,0.278688460588455,0.257973790168762,0.256976306438446,0.275651752948761,0.382576763629913,0.487092018127441,0.486005514860153,0.483891695737839,0.477002739906311,0.34250620007515,0.304603546857834,0.284447729587555,0.289856761693954,0.279872953891754,0.284845292568207,0.277910679578781,0.263464570045471,0.254340618848801,0.169470950961113,0.164369031786919,0.166202113032341
"2023-08-03",0.654985904693604,0.682605862617493,0.720925033092499,0.769270181655884,0.72210419178009,0.608007073402405,0.550025939941406,0.483731389045715,0.428605675697327,0.4004987180233,0.380796581506729,0.39420959353447,0.38242381811142,0.3615802526474,0.351444244384766,0.331543922424316,0.301787495613098,0.293418198823929,0.276048123836517,0.263035446405411,0.250998973846436,0.231385663151741,0.214935272932053,0.206443294882774,0.215864330530167,0.210279032588005,0.204908207058907,0.20880126953125,0.221615225076675,0.289811789989471,0.349910765886307,0.35002738237381,0.34795954823494,0.343288719654083,0.26335072517395,0.241607189178467,0.229316398501396,0.240248635411263,0.234002530574799,0.233353406190872,0.229487761855125,0.22137326002121,0.21507665514946,0.158759921789169,0.151361420750618,0.149242833256721
"2023-08-04",0.48892542719841,0.516111493110657,0.557089745998383,0.594099402427673,0.550487041473389,0.459860920906067,0.41984224319458,0.362156718969345,0.320440530776978,0.298712283372879,0.288043648004532,0.298963069915771,0.289025992155075,0.27280604839325,0.270774662494659,0.257312923669815,0.237647131085396,0.23115399479866,0.21699646115303,0.209730044007301,0.200985044240952,0.187104731798172,0.172081038355827,0.168002247810364,0.175077542662621,0.174604341387749,0.176090493798256,0.182394459843636,0.195832967758179,0.242473289370537,0.27747631072998,0.275488197803497,0.271955341100693,0.267289280891418,0.20816433429718,0.195944741368294,0.189940556883812,0.208846509456635,0.203491300344467,0.20402692258358,0.200675368309021,0.195359364151955,0.191350817680359,0.155237063765526,0.145424112677574,0.137990936636925
"2023-08-05",0.372193574905396,0.41379114985466,0.411837249994278,0.448690503835678,0.401355147361755,0.328482151031494,0.310385048389435,0.272233664989471,0.24713921546936,0.233230531215668,0.227228477597237,0.234391167759895,0.22762705385685,0.217680647969246,0.21660840511322,0.206841751933098,0.193351686000824,0.184449151158333,0.175127699971199,0.168421745300293,0.16306184232235,0.155167669057846,0.151421651244164,0.150054335594177,0.159490883350372,0.161636859178543,0.165471792221069,0.169150173664093,0.177339285612106,0.212634354829788,0.232661306858063,0.228431791067123,0.223339259624481,0.218345820903778,0.169780597090721,0.16282169520855,0.160189971327782,0.18503350019455,0.180234596133232,0.182827591896057,0.180221766233444,0.175869405269623,0.172711402177811,0.145424470305443,0.133580714464188,0.125012114644051
"2023-08-06",0.280038475990295,0.313674688339233,0.308924973011017,0.338868916034698,0.300981968641281,0.248606652021408,0.233314782381058,0.212066650390625,0.19879125058651,0.192944973707199,0.189901039004326,0.195496737957001,0.19124548137188,0.184352785348892,0.18133257329464,0.174815952777863,0.165735960006714,0.155637547373772,0.15016308426857,0.142486304044724,0.140333637595177,0.136209592223167,0.134124100208282,0.133018583059311,0.145576849579811,0.146219000220299,0.146881952881813,0.14735771715641,0.151871487498283,0.1783177703619,0.196575224399567,0.193498104810715,0.189797550439835,0.186124846339226,0.147071331739426,0.141198053956032,0.140793487429619,0.163654342293739,0.161355972290039,0.16583114862442,0.165278702974319,0.163339704275131,0.160990759730339,0.133169114589691,0.122410535812378,0.110762670636177
"2023-08-07",1.03120565414429,1.16257011890411,1.18322348594666,1.36901235580444,1.29679274559021,1.06975197792053,1.02727043628693,0.912535011768341,0.78283703327179,0.722707688808441,0.686484038829803,0.793793797492981,0.725146770477295,0.629479587078094,0.689542055130005,0.585941255092621,0.478632241487503,0.547806560993195,0.464525073766708,0.503933846950531,0.436929643154144,0.340283095836639,0.404011785984039,0.375291913747787,0.55413818359375,0.45172256231308,0.322819948196411,0.233088478446007,0.230898320674896,0.467524141073227,0.728975057601929,0.663665473461151,0.625555753707886,0.6029292345047,0.40927591919899,0.3162602186203,0.274057447910309,0.349651873111725,0.372658044099808,0.460008263587952,0.418751776218414,0.340895295143127,0.273113131523132,0.171917110681534,0.152233645319939,0.137002795934677
"2023-08-08",1.1530590057373,1.24893200397491,1.34142529964447,1.44389200210571,1.36114275455475,1.16649913787842,1.13827288150787,1.025794506073,0.886749804019928,0.826023101806641,0.794030785560608,0.855362832546234,0.80351734161377,0.727068960666656,0.696968674659729,0.625457882881165,0.53981614112854,0.551920294761658,0.498955726623535,0.51743733882904,0.478722333908081,0.418980956077576,0.406121671199799,0.398968547582626,0.535351037979126,0.472465127706528,0.381448715925217,0.31373319029808,0.310440361499786,0.564659655094147,0.792445719242096,0.785272240638733,0.776596128940582,0.762547969818115,0.480267524719238,0.405623912811279,0.372198730707169,0.46728053689003,0.452779293060303,0.50169825553894,0.46680024266243,0.406749159097672,0.357807278633118,0.224003210663795,0.184894740581512,0.159311965107918
"2023-08-09",0.719964861869812,0.783976197242737,0.844701051712036,0.90974634885788,0.87627649307251,0.780047655105591,0.77149087190628,0.702574133872986,0.618425607681274,0.571188151836395,0.5365030169487,0.543950736522675,0.522106647491455,0.485863864421844,0.440210461616516,0.407217681407928,0.365048199892044,0.353603005409241,0.334679931402206,0.346681982278824,0.33515140414238,0.31451815366745,0.29834520816803,0.287397593259811,0.329943895339966,0.307176321744919,0.276646792888641,0.258046716451645,0.270284086465836,0.4138043820858,0.53091835975647,0.528258442878723,0.523990988731384,0.516433894634247,0.355393826961517,0.317471116781235,0.300370424985886,0.357284903526306,0.344766080379486,0.358582586050034,0.346164017915726,0.323131144046783,0.302157998085022,0.218744412064552,0.181384101510048,0.151950091123581
"2023-08-10",0.509071946144104,0.562991857528687,0.613841772079468,0.671584188938141,0.663187503814697,0.59382700920105,0.599639117717743,0.550345540046692,0.490973353385925,0.446727097034454,0.405238181352615,0.398596972227097,0.385428935289383,0.363318860530853,0.326626688241959,0.308302253484726,0.283900231122971,0.266852736473083,0.257122039794922,0.266432642936707,0.260719150304794,0.248871564865112,0.235603228211403,0.226074799895287,0.244219779968262,0.234985008835793,0.22503000497818,0.22321417927742,0.240827798843384,0.333276331424713,0.398857831954956,0.395116597414017,0.390152215957642,0.383548021316528,0.278170436620712,0.254300594329834,0.24388861656189,0.290421307086945,0.282365292310715,0.289532840251923,0.284041672945023,0.271534442901611,0.258281022310257,0.204091683030128,0.173049122095108,0.143700882792473
"2023-08-11",0.38740336894989,0.424459457397461,0.476519405841827,0.523678362369537,0.522999227046967,0.470907986164093,0.48653519153595,0.451516658067703,0.406252384185791,0.368096351623535,0.324586600065231,0.313333958387375,0.304513394832611,0.289173424243927,0.259206712245941,0.246898949146271,0.230586484074593,0.214755401015282,0.209075942635536,0.213170394301414,0.210222497582436,0.202384412288666,0.190334886312485,0.183915600180626,0.196043118834496,0.193270862102509,0.191623479127884,0.194685846567154,0.209293454885483,0.272593319416046,0.313978463411331,0.310449123382568,0.305527299642563,0.299692332744598,0.223827630281448,0.20666292309761,0.20148378610611,0.239610582590103,0.235874712467194,0.240939244627953,0.239447385072708,0.232708528637886,0.224225640296936,0.188478380441666,0.163855135440826,0.137020975351334
"2023-08-12",0.308240354061127,0.329530745744705,0.384126394987106,0.418639779090881,0.422049403190613,0.384164601564407,0.41324120759964,0.386543959379196,0.345219194889069,0.315501719713211,0.272550314664841,0.259085476398468,0.252419978380203,0.240711227059364,0.214929565787315,0.206100180745125,0.193953320384026,0.180045992136002,0.176407009363174,0.178868055343628,0.177579775452614,0.172587990760803,0.160507202148438,0.156332343816757,0.166004776954651,0.165473341941833,0.165765330195427,0.168623924255371,0.179177388548851,0.22412596642971,0.255667328834534,0.253503680229187,0.249761536717415,0.245372712612152,0.18672950565815,0.173701301217079,0.170967906713486,0.200558885931969,0.201584160327911,0.206360206007957,0.207556962966919,0.204960152506828,0.200432136654854,0.174437969923019,0.155382558703423,0.133611932396889
"2023-08-13",0.249622046947479,0.265687167644501,0.319503039121628,0.346985936164856,0.352352440357208,0.323745548725128,0.361767649650574,0.336147367954254,0.299816846847534,0.277305692434311,0.237910866737366,0.224153816699982,0.218460142612457,0.208283618092537,0.185893580317497,0.17901499569416,0.168500557541847,0.156423270702362,0.153500393033028,0.155455812811852,0.15475906431675,0.151507437229156,0.140539437532425,0.137934863567352,0.145429819822311,0.145659610629082,0.146371409296989,0.149122789502144,0.157932624220848,0.189453631639481,0.21524167060852,0.214057564735413,0.211469903588295,0.208478987216949,0.162544012069702,0.15380023419857,0.152570128440857,0.172701328992844,0.175824403762817,0.18174184858799,0.185201093554497,0.187101185321808,0.186777323484421,0.162570416927338,0.1473268866539,0.13048329949379
"2023-08-14",1.06395184993744,1.15592122077942,1.39272046089172,1.52671468257904,1.44987225532532,1.04472589492798,1.17815601825714,1.14831459522247,1.14801704883575,1.16918063163757,0.984128773212433,0.99242514371872,0.946850001811981,0.851436495780945,0.782908976078033,0.69257241487503,0.54597282409668,0.564882040023804,0.476803153753281,0.589886724948883,0.518538653850555,0.412585765123367,0.478431075811386,0.435922056436539,0.591288089752197,0.497826814651489,0.381145358085632,0.277289569377899,0.260478168725967,0.50799959897995,0.77708250284195,0.663562655448914,0.551410496234894,0.492444902658463,0.350134611129761,0.270798206329346,0.241922974586487,0.304913312196732,0.334537386894226,0.388955980539322,0.377103090286255,0.34153687953949,0.30699160695076,0.205318570137024,0.18359000980854,0.162450641393661
"2023-08-15",1.21156597137451,1.33956360816956,1.43243825435638,1.56314849853516,1.37619936466217,1.11121666431427,1.11904919147491,1.06625306606293,1.05040121078491,1.08996438980103,1.03012049198151,1.09377241134644,1.03589010238647,0.932742953300476,0.825610399246216,0.751054883003235,0.639835119247437,0.578973352909088,0.528842091560364,0.57678872346878,0.550142109394073,0.498077720403671,0.444838404655457,0.435054570436478,0.580740332603455,0.52612441778183,0.464487433433533,0.417890310287476,0.426664888858795,0.595019459724426,0.766690015792847,0.727388143539429,0.673824667930603,0.635393977165222,0.403332829475403,0.35177206993103,0.342564076185226,0.393364489078522,0.410981774330139,0.419168144464493,0.431781470775604,0.427538454532623,0.412920415401459,0.280717641115189,0.239688009023666,0.206567034125328
"2023-08-16",0.730161309242249,0.834942877292633,0.866993188858032,0.952815175056458,0.87694638967514,0.758539915084839,0.736374735832214,0.655751466751099,0.608371794223785,0.608815789222717,0.601084232330322,0.636336743831635,0.608943164348602,0.559730887413025,0.509162783622742,0.464549243450165,0.402539432048798,0.368007391691208,0.348381400108337,0.368030965328217,0.358910351991653,0.339066296815872,0.298044741153717,0.293543785810471,0.353412628173828,0.343422472476959,0.339906215667725,0.341719597578049,0.352319955825806,0.404444396495819,0.473026394844055,0.458782315254211,0.439912408590317,0.425719678401947,0.3088538646698,0.29078021645546,0.289875984191895,0.313856989145279,0.317062675952911,0.30449914932251,0.315194875001907,0.318820655345917,0.317173898220062,0.246917754411697,0.221136912703514,0.196468964219093
"2023-08-17",0.527282536029816,0.596632361412048,0.6405930519104,0.705034613609314,0.677554428577423,0.599845111370087,0.580008685588837,0.507675349712372,0.445862054824829,0.424320936203003,0.412755012512207,0.431678980588913,0.414110660552979,0.381672620773315,0.358788907527924,0.323359400033951,0.276039958000183,0.256566226482391,0.250447809696198,0.275170385837555,0.270662575960159,0.259488463401794,0.228442192077637,0.226573184132576,0.264576822519302,0.265857994556427,0.270856618881226,0.277136117219925,0.282424479722977,0.30707174539566,0.34259557723999,0.337307244539261,0.329345792531967,0.32175213098526,0.252748429775238,0.241616502404213,0.239003017544746,0.252074241638184,0.252484679222107,0.243064805865288,0.246978029608727,0.246433988213539,0.243915006518364,0.197878628969193,0.183805257081985,0.169651567935944
"2023-08-18",0.405273914337158,0.454336643218994,0.508338630199432,0.563568115234375,0.563412249088287,0.508771419525146,0.504824042320251,0.437568366527557,0.369599044322968,0.336404860019684,0.312836796045303,0.320112764835358,0.308266043663025,0.287171423435211,0.273439466953278,0.249237075448036,0.216669410467148,0.200579404830933,0.198494955897331,0.221572369337082,0.220388546586037,0.214506953954697,0.189031422138214,0.187957286834717,0.216136068105698,0.218880340456963,0.225080624222755,0.231306418776512,0.236447289586067,0.251806944608688,0.274008840322495,0.270914137363434,0.266216635704041,0.261866599321365,0.217688679695129,0.20878492295742,0.204755783081055,0.210351064801216,0.210838183760643,0.207563117146492,0.210833638906479,0.211428686976433,0.210093170404434,0.173946499824524,0.16146993637085,0.148259773850441
"2023-08-19",0.305888295173645,0.347282141447067,0.402170538902283,0.452492326498032,0.466804325580597,0.427402377128601,0.442032754421234,0.379974544048309,0.31330281496048,0.27860888838768,0.25236713886261,0.25154834985733,0.242499023675919,0.227002888917923,0.219427391886711,0.201874166727066,0.178794711828232,0.168122470378876,0.167116716504097,0.184434846043587,0.183340176939964,0.179269030690193,0.160884976387024,0.161135733127594,0.182657301425934,0.186080545186996,0.192090407013893,0.198099553585052,0.202627807855606,0.213195577263832,0.228041425347328,0.22591345012188,0.22273550927639,0.219849452376366,0.190117716789246,0.182968199253082,0.178719937801361,0.182002380490303,0.182918861508369,0.182772099971771,0.186962813138962,0.189164385199547,0.188584715127945,0.155183330178261,0.142862781882286,0.129403531551361
"2023-08-20",0.235302940011024,0.267440438270569,0.31733712553978,0.357995361089706,0.378211051225662,0.351565361022949,0.382596880197525,0.334159880876541,0.273666858673096,0.238480478525162,0.206868499517441,0.201602250337601,0.195069402456284,0.183359548449516,0.17703241109848,0.16383670270443,0.147877156734467,0.14198149740696,0.142062321305275,0.155330374836922,0.153815999627113,0.150559291243553,0.140321284532547,0.141516640782356,0.158251136541367,0.161488711833954,0.166293233633041,0.1709273904562,0.174014553427696,0.182909548282623,0.19296070933342,0.191448748111725,0.189204394817352,0.187152370810509,0.164391338825226,0.15867654979229,0.154837071895599,0.159066662192345,0.159455746412277,0.161334648728371,0.164849951863289,0.166607797145844,0.166064769029617,0.140366032719612,0.12716269493103,0.111796617507935
"2023-08-21",0.712429583072662,0.872874915599823,0.702412664890289,0.814230918884277,0.783637702465057,0.612634360790253,0.830113410949707,0.919539451599121,0.99338161945343,1.0257785320282,0.857768297195435,0.806983053684235,0.79133403301239,0.750096201896667,0.722314178943634,0.650336802005768,0.556195735931396,0.562665998935699,0.501444280147552,0.508609414100647,0.443009704351425,0.349247574806213,0.398673087358475,0.362076371908188,0.554533898830414,0.44750565290451,0.334064394235611,0.246411815285683,0.23065248131752,0.424029141664505,0.663676857948303,0.576846420764923,0.508971989154816,0.471091449260712,0.366965025663376,0.295727908611298,0.266699701547623,0.321108937263489,0.343006908893585,0.374144822359085,0.355448216199875,0.31159058213234,0.267123371362686,0.194357931613922,0.175108298659325,0.154277935624123
"2023-08-22",0.739088654518127,0.838491022586823,0.760832071304321,0.835524618625641,0.736735939979553,0.635268867015839,0.848982810974121,0.899882793426514,0.969564616680145,1.02359867095947,0.946124315261841,0.930545091629028,0.909604132175446,0.853962779045105,0.798160314559937,0.715964198112488,0.617124557495117,0.554193675518036,0.517412543296814,0.545807242393494,0.496830672025681,0.421083152294159,0.371795266866684,0.363889396190643,0.502484798431396,0.463088601827621,0.406580924987793,0.353982627391815,0.34037771821022,0.503938317298889,0.676857650279999,0.66794490814209,0.650442004203796,0.632275760173798,0.445906728506088,0.404480308294296,0.389768123626709,0.418441444635391,0.424410581588745,0.421844363212585,0.413728713989258,0.384333878755569,0.351818919181824,0.242417514324188,0.212834164500237,0.182797402143478
"2023-08-23",0.468989193439484,0.526167690753937,0.509304106235504,0.559963405132294,0.528322577476501,0.480738639831543,0.615787744522095,0.602507948875427,0.607212841510773,0.619140863418579,0.57556676864624,0.576095283031464,0.565371572971344,0.531645059585571,0.47461411356926,0.441970825195312,0.39957582950592,0.3539699614048,0.343978524208069,0.377452164888382,0.35681164264679,0.320165127515793,0.268676340579987,0.262541234493256,0.310017794370651,0.302387982606888,0.295629620552063,0.286848992109299,0.285281360149384,0.341743767261505,0.431894034147263,0.434916317462921,0.436235964298248,0.435623526573181,0.361479252576828,0.344000965356827,0.331511914730072,0.323079407215118,0.321580082178116,0.315488904714584,0.318119198083878,0.31381106376648,0.305788069963455,0.220935150980949,0.193878546357155,0.166083753108978
"2023-08-24",0.34790027141571,0.387556791305542,0.389383614063263,0.428794801235199,0.428746402263641,0.395150899887085,0.498498946428299,0.456578314304352,0.431801319122314,0.423202514648438,0.405537188053131,0.406272202730179,0.400134325027466,0.37762650847435,0.335821330547333,0.320970773696899,0.301254779100418,0.277737498283386,0.273719727993011,0.295598804950714,0.280744910240173,0.256317496299744,0.221515133976936,0.216617986559868,0.231730818748474,0.229155242443085,0.229041770100594,0.229283362627029,0.232882559299469,0.262046307325363,0.312839418649673,0.315414667129517,0.317735612392426,0.319147914648056,0.290405422449112,0.2828169465065,0.27347868680954,0.261051267385483,0.258891373872757,0.256472885608673,0.260430037975311,0.261090189218521,0.259000569581985,0.208855107426643,0.180245652794838,0.15363273024559
"2023-08-25",0.297882795333862,0.315942406654358,0.327331483364105,0.350121796131134,0.362308949232101,0.337753593921661,0.419954180717468,0.381080478429794,0.340547859668732,0.318157315254211,0.299592316150665,0.303417563438416,0.299275487661362,0.283034354448318,0.256181865930557,0.249576032161713,0.239924266934395,0.228778839111328,0.225189581513405,0.23913386464119,0.230584591627121,0.216218769550323,0.192934975028038,0.188138961791992,0.188775509595871,0.187350213527679,0.187075719237328,0.187778785824776,0.190721929073334,0.209755092859268,0.241540938615799,0.244164571166039,0.246084421873093,0.247392475605011,0.23616661131382,0.232692375779152,0.227685034275055,0.218930050730705,0.218558892607689,0.214645370841026,0.219161227345467,0.22218644618988,0.222614854574203,0.187293320894241,0.163532391190529,0.141906663775444
"2023-08-26",0.273993313312531,0.27718311548233,0.290842950344086,0.300349593162537,0.315010875463486,0.299704372882843,0.371075212955475,0.340568125247955,0.297708868980408,0.267056822776794,0.235895276069641,0.239299595355988,0.235585868358612,0.222106635570526,0.213821455836296,0.204471215605736,0.195274502038956,0.189718186855316,0.187828078866005,0.200825914740562,0.195284500718117,0.186573386192322,0.173598408699036,0.169502824544907,0.162990555167198,0.161437258124352,0.159608498215675,0.158414646983147,0.159037411212921,0.171548709273338,0.194034367799759,0.197073593735695,0.198572352528572,0.199677795171738,0.195090010762215,0.194046884775162,0.192460104823112,0.182881876826286,0.184907123446465,0.186522394418716,0.190537288784981,0.193529412150383,0.194319233298302,0.168407022953033,0.149173840880394,0.130775183439255
"2023-08-27",0.244087904691696,0.255052030086517,0.265379309654236,0.282817751169205,0.301728367805481,0.288976043462753,0.358216226100922,0.310754060745239,0.264721512794495,0.236622929573059,0.207917392253876,0.201141327619553,0.196588739752769,0.18720680475235,0.185890272259712,0.180009707808495,0.173102304339409,0.168832585215569,0.167964354157448,0.17525427043438,0.17280288040638,0.168302059173584,0.160855263471603,0.157095417380333,0.147999197244644,0.145679175853729,0.14293298125267,0.140822559595108,0.14068765938282,0.150999665260315,0.166907519102097,0.1677086353302,0.168004631996155,0.168239697813988,0.155535861849785,0.154292836785316,0.155400604009628,0.163429841399193,0.164974376559258,0.169183999300003,0.17185640335083,0.173330992460251,0.173105373978615,0.151030316948891,0.135729253292084,0.122695334255695
"2023-08-28",0.689144253730774,0.7879239320755,0.865088939666748,1.05945777893066,1.17863631248474,0.986140727996826,1.3034462928772,1.03756248950958,0.894763886928558,0.824738264083862,0.673442125320435,0.785423159599304,0.750421166419983,0.690103232860565,0.708018958568573,0.694727838039398,0.66716992855072,0.703151524066925,0.583804547786713,0.477474957704544,0.460958749055862,0.402150869369507,0.424995481967926,0.356867462396622,0.44766503572464,0.333795607089996,0.22422382235527,0.173510119318962,0.175204828381538,0.406930088996887,0.64117169380188,0.572454333305359,0.53606390953064,0.522003531455994,0.377988308668137,0.29277577996254,0.2517029941082,0.335568815469742,0.378017395734787,0.50267493724823,0.469166785478592,0.403597444295883,0.348953664302826,0.212052643299103,0.189296618103981,0.169653445482254
"2023-08-29",0.894278883934021,0.98142147064209,1.12950956821442,1.25659704208374,1.26233506202698,1.1280210018158,1.23545873165131,1.04344165325165,0.890804886817932,0.810411095619202,0.775663375854492,0.824312269687653,0.805747628211975,0.77799379825592,0.810046553611755,0.776564121246338,0.71850997209549,0.67802232503891,0.599774062633514,0.522320210933685,0.472837507724762,0.406787693500519,0.407102823257446,0.367405295372009,0.377228915691376,0.326077818870544,0.264553040266037,0.231662303209305,0.238214731216431,0.507792890071869,0.709487855434418,0.694139897823334,0.67686539888382,0.65950471162796,0.398265063762665,0.353912025690079,0.351023405790329,0.47878834605217,0.485178083181381,0.589305460453033,0.555893898010254,0.501111805438995,0.465845018625259,0.282332539558411,0.24345688521862,0.210745379328728
"2023-08-30",0.680178046226501,0.766105830669403,0.811862826347351,0.88953959941864,0.845617055892944,0.719461381435394,0.700904607772827,0.611022174358368,0.549371659755707,0.518388867378235,0.516817092895508,0.536879777908325,0.530728220939636,0.518371522426605,0.529689490795135,0.495875626802444,0.444393038749695,0.389300882816315,0.3500597178936,0.317449390888214,0.290969848632812,0.254993289709091,0.251836955547333,0.228344932198524,0.23543581366539,0.222129762172699,0.211092084646225,0.211218953132629,0.223177254199982,0.366787552833557,0.473347514867783,0.460839122533798,0.444480955600739,0.429564118385315,0.281319379806519,0.26994776725769,0.27865481376648,0.392233729362488,0.381542444229126,0.421237766742706,0.402438640594482,0.37700679898262,0.364861965179443,0.267154693603516,0.221189796924591,0.188584432005882
"2023-08-31",0.536029160022736,0.597501814365387,0.610419392585754,0.66120719909668,0.601628541946411,0.512688338756561,0.480165600776672,0.429756194353104,0.400653898715973,0.38900637626648,0.390263795852661,0.401975452899933,0.39468702673912,0.380019545555115,0.366230696439743,0.341278076171875,0.306160807609558,0.265654951334,0.243185237050056,0.220708295702934,0.204112678766251,0.181778118014336,0.180470958352089,0.170120418071747,0.188049778342247,0.186758607625961,0.188746646046638,0.195325776934624,0.206358641386032,0.300824880599976,0.363525718450546,0.355266988277435,0.34321141242981,0.331939399242401,0.23638142645359,0.228943288326263,0.231437563896179,0.322287917137146,0.316150218248367,0.337964355945587,0.328903049230576,0.313984036445618,0.305844902992249,0.242937564849854,0.205156117677689,0.174612611532211
"2023-09-01",0.445790708065033,0.478551149368286,0.490702748298645,0.523638248443604,0.485699236392975,0.422731310129166,0.382852047681808,0.34568178653717,0.320153385400772,0.308029383420944,0.306576728820801,0.314410537481308,0.309386670589447,0.299953430891037,0.288119405508041,0.275458604097366,0.256201952695847,0.220967158675194,0.206172615289688,0.178871497511864,0.169045880436897,0.154191479086876,0.147904589772224,0.142896756529808,0.159034758806229,0.159060508012772,0.161039292812347,0.165591657161713,0.173780113458633,0.241176828742027,0.29274308681488,0.290018558502197,0.284494638442993,0.27802985906601,0.208611771464348,0.198543265461922,0.198291465640068,0.266682147979736,0.26622861623764,0.284477382898331,0.280980348587036,0.272603332996368,0.267963945865631,0.223609536886215,0.191729828715324,0.160922139883041
"2023-09-02",0.363090753555298,0.385716438293457,0.415857017040253,0.443713665008545,0.426010280847549,0.38094761967659,0.343765199184418,0.307204991579056,0.271869659423828,0.253490000963211,0.247320771217346,0.250396281480789,0.248355567455292,0.244108274579048,0.23950619995594,0.23284213244915,0.221568077802658,0.196404457092285,0.185526415705681,0.159478068351746,0.153014421463013,0.142410293221474,0.129247799515724,0.126512125134468,0.138939917087555,0.139128997921944,0.140118330717087,0.143136352300644,0.149941891431808,0.20055940747261,0.24259115755558,0.242303073406219,0.239980429410934,0.236268058419228,0.184756740927696,0.17514556646347,0.177390530705452,0.227139800786972,0.231005877256393,0.244906112551689,0.24556078016758,0.241948202252388,0.238106802105904,0.204210489988327,0.177104443311691,0.147530749440193
"2023-09-03",0.297698646783829,0.31873819231987,0.362995535135269,0.391594648361206,0.39254879951477,0.362489432096481,0.349405437707901,0.305249512195587,0.254824131727219,0.225266665220261,0.209380522370338,0.207085445523262,0.206652149558067,0.205171495676041,0.204850539565086,0.200954884290695,0.193869277834892,0.180316641926765,0.172970607876778,0.152259081602097,0.146711930632591,0.137818694114685,0.121865481138229,0.11909618973732,0.125037640333176,0.125149115920067,0.125929147005081,0.128490507602692,0.13556145131588,0.174807697534561,0.208282247185707,0.20881749689579,0.20789361000061,0.205810055136681,0.167571172118187,0.159586891531944,0.163013130426407,0.201964154839516,0.20728488266468,0.21923241019249,0.220951050519943,0.218943223357201,0.215318754315376,0.189013302326202,0.16792656481266,0.144606322050095
"2023-09-04",1.23865580558777,1.37403464317322,1.48133504390717,1.64880394935608,1.71026861667633,1.38696396350861,1.32005071640015,1.19029033184052,1.04903650283813,0.915126204490662,0.782664060592651,0.84779417514801,0.805633842945099,0.740558862686157,0.773178040981293,0.687347829341888,0.604734659194946,0.739588499069214,0.659159123897552,0.684710621833801,0.618364810943604,0.510401129722595,0.498963475227356,0.444505572319031,0.566632747650146,0.530462443828583,0.458874315023422,0.35138875246048,0.288221955299377,0.489360094070435,0.777653574943542,0.729662716388702,0.751453101634979,0.801487624645233,0.65985381603241,0.571085453033447,0.482467234134674,0.66907274723053,0.707650899887085,0.892600357532501,0.816946029663086,0.742655217647552,0.725361287593842,0.592260897159576,0.545319676399231,0.519382297992706
"2023-09-05",1.47080099582672,1.54806709289551,1.65005278587341,1.80821418762207,1.74275350570679,1.48653376102448,1.45623326301575,1.34589076042175,1.20001363754272,1.04766321182251,0.926262736320496,0.943295836448669,0.904444515705109,0.84559953212738,0.818618655204773,0.77095901966095,0.712775826454163,0.759941339492798,0.702681660652161,0.705568373203278,0.656786322593689,0.592172086238861,0.57853627204895,0.555016577243805,0.636900305747986,0.58783370256424,0.514101028442383,0.441012591123581,0.392440676689148,0.58445805311203,0.867715954780579,0.893721997737885,0.925021409988403,0.944079995155334,0.727860987186432,0.672703266143799,0.633909404277802,0.85847020149231,0.851988911628723,0.998881340026855,0.974863290786743,0.950768351554871,0.938958823680878,0.824380934238434,0.75193977355957,0.682621657848358
"2023-09-06",0.983254253864288,1.0364636182785,1.06501638889313,1.14580953121185,1.09931564331055,0.964636564254761,0.967875003814697,0.901094794273376,0.816548943519592,0.724437832832336,0.621921062469482,0.599143207073212,0.583982586860657,0.560005366802216,0.529651820659637,0.509962916374207,0.483018577098846,0.47541543841362,0.451864540576935,0.438068747520447,0.427238970994949,0.412104964256287,0.422108858823776,0.407996237277985,0.408659636974335,0.384262025356293,0.352295070886612,0.330034583806992,0.326970160007477,0.469218492507935,0.596968770027161,0.605950176715851,0.614710509777069,0.617918610572815,0.503730118274689,0.479065597057343,0.468699604272842,0.596052587032318,0.597763299942017,0.66838127374649,0.670962035655975,0.673164486885071,0.674140989780426,0.631718993186951,0.586391270160675,0.53411203622818
"2023-09-07",0.706767737865448,0.756211042404175,0.767862856388092,0.822817981243134,0.793231129646301,0.702166497707367,0.710053563117981,0.664412677288055,0.606707215309143,0.5424724817276,0.458825558423996,0.432888180017471,0.424258202314377,0.410315304994583,0.385003626346588,0.373233318328857,0.356514632701874,0.345136195421219,0.33389276266098,0.329059094190598,0.325947493314743,0.320346653461456,0.329498827457428,0.319717943668365,0.31018391251564,0.299234807491302,0.286758780479431,0.281574845314026,0.288288861513138,0.388244956731796,0.455420225858688,0.458228945732117,0.460025191307068,0.459078252315521,0.387389034032822,0.373198837041855,0.370747923851013,0.46309757232666,0.466790199279785,0.508356630802155,0.514495611190796,0.519094705581665,0.521152853965759,0.502890050411224,0.475501477718353,0.44089350104332
"2023-09-08",0.546194791793823,0.583862960338593,0.597121894359589,0.640173375606537,0.620393216609955,0.552586615085602,0.558998703956604,0.518811523914337,0.470883250236511,0.421598166227341,0.355405151844025,0.333946228027344,0.327655673027039,0.317572355270386,0.297971993684769,0.290489464998245,0.280033022165298,0.273076623678207,0.266513228416443,0.264705240726471,0.263658255338669,0.260852634906769,0.270566344261169,0.264291912317276,0.258721500635147,0.25359570980072,0.248633667826653,0.248576551675797,0.256206750869751,0.325705498456955,0.368136078119278,0.368752956390381,0.368274390697479,0.366296142339706,0.317112058401108,0.309786707162857,0.31215101480484,0.384613156318665,0.387282222509384,0.412651091814041,0.418822407722473,0.423405289649963,0.425440728664398,0.416044443845749,0.397967398166656,0.374176740646362
"2023-09-09",0.450770854949951,0.479337155818939,0.491360306739807,0.524790287017822,0.508250772953033,0.453004688024521,0.457118630409241,0.420082688331604,0.375197440385818,0.335713982582092,0.284125506877899,0.267431259155273,0.262739658355713,0.255367577075958,0.241478458046913,0.236786141991615,0.230287313461304,0.227600798010826,0.223429769277573,0.222639948129654,0.222571283578873,0.221013247966766,0.230628326535225,0.227020218968391,0.226038634777069,0.22368086874485,0.221826583147049,0.223121285438538,0.229221865534782,0.278263062238693,0.308517068624496,0.308582276105881,0.30767223238945,0.305788815021515,0.269741922616959,0.265263438224792,0.267967909574509,0.326138705015182,0.328886181116104,0.34805828332901,0.353817701339722,0.358442157506943,0.360253781080246,0.354548335075378,0.341339766979218,0.32352003455162
"2023-09-10",0.39147213101387,0.412161111831665,0.416696578264236,0.443078339099884,0.427600234746933,0.38214772939682,0.384238451719284,0.350449025630951,0.308839857578278,0.276256322860718,0.23454961180687,0.221342504024506,0.21786080300808,0.212485551834106,0.203006252646446,0.200105801224709,0.196196854114532,0.196783229708672,0.194285720586777,0.193430334329605,0.193507492542267,0.192259475588799,0.201934903860092,0.200124248862267,0.203004509210587,0.201958298683167,0.20111708343029,0.202084094285965,0.205880731344223,0.240701451897621,0.265840411186218,0.266236275434494,0.265696227550507,0.264304161071777,0.236435875296593,0.233987286686897,0.236891642212868,0.284896194934845,0.2879898250103,0.301872074604034,0.307048588991165,0.311904966831207,0.313556224107742,0.309460520744324,0.299180060625076,0.285060077905655
"2023-09-11",1.13834691047668,1.32663512229919,1.20379233360291,1.36833643913269,1.14594912528992,0.967094838619232,1.05956530570984,0.972921907901764,0.857494175434113,0.856853246688843,0.79438066482544,0.894141793251038,0.8322873711586,0.744013011455536,0.789424419403076,0.747149407863617,0.735140860080719,0.830168902873993,0.784870266914368,0.823620319366455,0.791799783706665,0.704148948192596,0.718898236751556,0.66257655620575,0.858595788478851,0.769737958908081,0.614456176757812,0.450288385152817,0.340784013271332,0.61391031742096,0.974938690662384,0.888574421405792,0.862053394317627,0.876988232135773,0.608069777488708,0.504455208778381,0.416756242513657,0.631661415100098,0.698725640773773,0.790728211402893,0.777927041053772,0.703290700912476,0.612331926822662,0.505562603473663,0.472393661737442,0.449258178472519
"2023-09-12",1.27517104148865,1.29510271549225,1.29149198532104,1.36424899101257,1.20638954639435,1.04174137115479,1.12854671478271,1.05403113365173,0.929679155349731,0.901833236217499,0.885361790657043,0.94964599609375,0.901967644691467,0.835567831993103,0.842009484767914,0.811681687831879,0.787410736083984,0.877532541751862,0.868888199329376,0.88698136806488,0.86969655752182,0.796220004558563,0.681056380271912,0.662031292915344,0.863454163074493,0.818032801151276,0.72076028585434,0.60214239358902,0.491477519273758,0.6533043384552,0.986006379127502,0.996887922286987,1.00726222991943,1.00878739356995,0.668759286403656,0.599229097366333,0.537329614162445,0.735334277153015,0.767776131629944,0.806300103664398,0.81615561246872,0.787801086902618,0.745093941688538,0.624594569206238,0.563675582408905,0.500882863998413
"2023-09-13",0.836285710334778,0.846864104270935,0.855143547058105,0.902867913246155,0.837464570999146,0.747784852981567,0.791211247444153,0.723137557506561,0.646519124507904,0.6082603931427,0.578162670135498,0.591829478740692,0.574561297893524,0.548928380012512,0.541838824748993,0.529496192932129,0.516966164112091,0.552131831645966,0.550131380558014,0.558489441871643,0.551142394542694,0.516609191894531,0.439791083335876,0.430691629648209,0.523445248603821,0.514517545700073,0.489276260137558,0.449315369129181,0.408154934644699,0.471060395240784,0.62085610628128,0.63129711151123,0.638928592205048,0.640604078769684,0.494325160980225,0.461540520191193,0.430670857429504,0.515585422515869,0.525254845619202,0.554222524166107,0.566079139709473,0.57096529006958,0.568705916404724,0.509280204772949,0.465524256229401,0.414813667535782
"2023-09-14",0.63883912563324,0.66089391708374,0.670218825340271,0.711556553840637,0.678080558776855,0.61161470413208,0.635180234909058,0.563514113426208,0.499619603157043,0.459865719079971,0.424584716558456,0.426608920097351,0.417374134063721,0.403883725404739,0.400949448347092,0.395141959190369,0.389522314071655,0.411037355661392,0.408329635858536,0.411935210227966,0.403523564338684,0.378909140825272,0.337460577487946,0.331517457962036,0.383892834186554,0.380063265562057,0.369926869869232,0.353774130344391,0.340161353349686,0.38617205619812,0.463323324918747,0.467508435249329,0.469614535570145,0.469166934490204,0.395324170589447,0.376754850149155,0.359317868947983,0.4120132625103,0.417709231376648,0.440090030431747,0.448292672634125,0.453872919082642,0.455407053232193,0.424630045890808,0.395540177822113,0.35922834277153
"2023-09-15",0.551453471183777,0.562680304050446,0.580614924430847,0.609553217887878,0.587452113628387,0.532078385353088,0.542700409889221,0.476362705230713,0.405611097812653,0.365639567375183,0.331128835678101,0.32962030172348,0.324196755886078,0.31661456823349,0.318291366100311,0.315339803695679,0.312047004699707,0.327700942754745,0.325357854366302,0.327452957630157,0.321147680282593,0.303340017795563,0.281054437160492,0.276360630989075,0.307539731264114,0.305258333683014,0.300717025995255,0.295331358909607,0.294167876243591,0.330637574195862,0.374373257160187,0.375763595104218,0.376146525144577,0.375668883323669,0.330981224775314,0.31947648525238,0.307909697294235,0.350430697202682,0.353209137916565,0.369428664445877,0.37446928024292,0.378192037343979,0.379946321249008,0.36341205239296,0.342688292264938,0.316245168447495
"2023-09-16",0.499334096908569,0.49999350309372,0.525569319725037,0.549034118652344,0.532189249992371,0.481145530939102,0.488390147686005,0.426809161901474,0.348852336406708,0.306633770465851,0.270810484886169,0.266759008169174,0.263361901044846,0.2586989402771,0.262057989835739,0.259833604097366,0.257169634103775,0.269503384828568,0.268599152565002,0.272041261196136,0.270568430423737,0.261086910963058,0.243085592985153,0.238300278782845,0.257616817951202,0.25624942779541,0.254104197025299,0.251812815666199,0.253154873847961,0.282943397760391,0.315381795167923,0.316318839788437,0.316362142562866,0.315773487091064,0.281401038169861,0.273648053407669,0.266189098358154,0.301852315664291,0.30530309677124,0.316306203603745,0.321137726306915,0.325384706258774,0.328060239553452,0.317506670951843,0.301894277334213,0.281242996454239
"2023-09-17",0.467847973108292,0.456387758255005,0.491623044013977,0.507830679416656,0.492946088314056,0.446484982967377,0.457207262516022,0.402945995330811,0.315568089485168,0.270838797092438,0.230899855494499,0.223011896014214,0.220648720860481,0.217510387301445,0.220078617334366,0.218729585409164,0.216943919658661,0.22640985250473,0.226660713553429,0.232198715209961,0.233772337436676,0.230935379862785,0.216904863715172,0.212161406874657,0.220646262168884,0.219302907586098,0.217695146799088,0.216542139649391,0.218083247542381,0.242195427417755,0.268647730350494,0.269940793514252,0.270122081041336,0.269632786512375,0.244109496474266,0.238700926303864,0.233954638242722,0.261587232351303,0.265628010034561,0.274043679237366,0.278481602668762,0.282769650220871,0.285443991422653,0.280740946531296,0.268817842006683,0.252523899078369
"2023-09-18",1.81762313842773,1.8172482252121,1.84106206893921,1.87720489501953,1.68849945068359,1.45679140090942,1.46122765541077,1.22640419006348,0.915894389152527,0.871396780014038,0.847000241279602,0.921252429485321,0.889322280883789,0.837190389633179,0.793899714946747,0.708681464195251,0.612248778343201,0.674968183040619,0.635198771953583,0.577145457267761,0.547621726989746,0.498972624540329,0.494181036949158,0.457231253385544,0.559794723987579,0.484469324350357,0.386782318353653,0.301520526409149,0.259956121444702,0.472188472747803,0.786604523658752,0.728893995285034,0.66072404384613,0.623168349266052,0.475131988525391,0.401520609855652,0.334733039140701,0.461554229259491,0.507694005966187,0.611202597618103,0.597241580486298,0.552556931972504,0.506332278251648,0.33930042386055,0.310291856527328,0.286177903413773
"2023-09-19",2.14775490760803,2.12854504585266,2.09624671936035,2.13249778747559,1.90515685081482,1.63376224040985,1.5497590303421,1.36225700378418,1.09252202510834,1.00857627391815,1.03714036941528,1.08129465579987,1.05809152126312,1.01165807247162,0.917951881885529,0.859731793403625,0.784475147724152,0.765019953250885,0.727314949035645,0.693062007427216,0.675200819969177,0.631125807762146,0.52610057592392,0.498214095830917,0.580885887145996,0.528411030769348,0.444950193166733,0.366134762763977,0.319699376821518,0.516622722148895,0.810898661613464,0.815657258033752,0.797952830791473,0.775173366069794,0.52479612827301,0.470695465803146,0.424004197120667,0.563376069068909,0.590723097324371,0.661229312419891,0.68215411901474,0.678767502307892,0.658906161785126,0.395386040210724,0.343532741069794,0.29515728354454
"2023-09-20",1.46879494190216,1.46397531032562,1.38586854934692,1.41271793842316,1.28315591812134,1.12927532196045,1.07618832588196,0.940497159957886,0.804912388324738,0.735241651535034,0.701456904411316,0.707257509231567,0.693473756313324,0.669070363044739,0.622564554214478,0.597152650356293,0.56287270784378,0.52592122554779,0.50490140914917,0.490065634250641,0.47825238108635,0.451385080814362,0.387561917304993,0.37123516201973,0.388492554426193,0.364796906709671,0.327925145626068,0.29395854473114,0.276271402835846,0.377763718366623,0.525542438030243,0.536074817180634,0.544534742832184,0.544783055782318,0.409225583076477,0.370979189872742,0.352189123630524,0.426107466220856,0.434302747249603,0.455449938774109,0.476714670658112,0.49116313457489,0.493413001298904,0.35268759727478,0.306879252195358,0.266001105308533
"2023-09-21",1.10094499588013,1.10345149040222,1.0359833240509,1.06315398216248,0.992235839366913,0.888764381408691,0.848538517951965,0.7407266497612,0.624907791614532,0.562854051589966,0.518381416797638,0.514766871929169,0.50631308555603,0.491940855979919,0.468434512615204,0.453399986028671,0.430964678525925,0.401505559682846,0.389256626367569,0.377387285232544,0.371068507432938,0.354893714189529,0.316123694181442,0.303879588842392,0.302565813064575,0.289790511131287,0.269488275051117,0.249778538942337,0.238847881555557,0.298725783824921,0.385495483875275,0.394475549459457,0.403355419635773,0.407135725021362,0.340489715337753,0.326791405677795,0.314179450273514,0.340087831020355,0.342100828886032,0.351883888244629,0.363875329494476,0.375482439994812,0.381303548812866,0.324900031089783,0.277291774749756,0.241724282503128
"2023-09-22",0.875350713729858,0.872772574424744,0.85352611541748,0.871553361415863,0.825333416461945,0.737985670566559,0.702490150928497,0.610103964805603,0.505134165287018,0.446717262268066,0.402721047401428,0.398512154817581,0.392907500267029,0.383554846048355,0.369649827480316,0.359236508607864,0.342537641525269,0.322760820388794,0.31597113609314,0.30942377448082,0.306509405374527,0.295462369918823,0.267186522483826,0.257378160953522,0.254949539899826,0.246814653277397,0.233379855751991,0.21934886276722,0.211223945021629,0.247960135340691,0.301722586154938,0.30998769402504,0.31854721903801,0.323827803134918,0.282072126865387,0.280046612024307,0.276760667562485,0.286269128322601,0.286813497543335,0.297023355960846,0.304201513528824,0.311166554689407,0.315096527338028,0.285917669534683,0.255688577890396,0.223905071616173
"2023-09-23",0.70209014415741,0.71957004070282,0.71550190448761,0.742778956890106,0.697534918785095,0.611501336097717,0.565706074237823,0.488213062286377,0.415216863155365,0.364730030298233,0.324703454971313,0.319471120834351,0.316116124391556,0.310401529073715,0.30099093914032,0.293478101491928,0.280953764915466,0.270395040512085,0.265209376811981,0.261103719472885,0.255680322647095,0.243044286966324,0.228481099009514,0.219884976744652,0.220095783472061,0.212506592273712,0.20181705057621,0.192055776715279,0.187474548816681,0.219084233045578,0.259485065937042,0.26042103767395,0.263135582208633,0.265791773796082,0.216621831059456,0.21767845749855,0.227223724126816,0.254893511533737,0.255764245986938,0.267820358276367,0.271672695875168,0.274170994758606,0.275124967098236,0.250454396009445,0.227974429726601,0.207906648516655
"2023-09-24",0.598450303077698,0.621313333511353,0.623153984546661,0.648065149784088,0.60658323764801,0.527532517910004,0.470360964536667,0.410076260566711,0.348720341920853,0.304235547780991,0.269639670848846,0.263339340686798,0.261472463607788,0.258505612611771,0.252839684486389,0.249083340167999,0.242902040481567,0.232704237103462,0.226627364754677,0.217824369668961,0.213014498353004,0.203013271093369,0.197038277983665,0.190838977694511,0.191488727927208,0.186083197593689,0.178581818938255,0.171782225370407,0.167515054345131,0.191149562597275,0.221630230545998,0.220599219202995,0.21931254863739,0.217952728271484,0.181880280375481,0.182590648531914,0.19306954741478,0.233998164534569,0.232256934046745,0.241102486848831,0.242632776498795,0.242965176701546,0.243335783481598,0.218444377183914,0.20362389087677,0.192067414522171
"2023-09-25",1.61878049373627,1.80562222003937,1.75504636764526,1.93710279464722,1.66564857959747,1.33057200908661,1.28538000583649,1.14772713184357,1.01500999927521,1.00167500972748,0.928433239459991,1.04299700260162,0.957729876041412,0.842321932315826,0.854637265205383,0.757471859455109,0.670347392559052,0.7636958360672,0.702252745628357,0.743331432342529,0.648351609706879,0.518334984779358,0.628670454025269,0.535045862197876,0.700661659240723,0.59995025396347,0.482224017381668,0.370631456375122,0.312584549188614,0.553371965885162,0.864794492721558,0.8316450715065,0.832800924777985,0.857136785984039,0.713773369789124,0.654979348182678,0.581741869449615,0.826530992984772,0.854045629501343,1.04629707336426,1.01349353790283,1.00113499164581,1.02802038192749,0.941365420818329,0.877113521099091,0.86336100101471
"2023-09-26",1.82166218757629,1.95801484584808,1.90773630142212,2.01381802558899,1.75223422050476,1.44368505477905,1.36944961547852,1.26212024688721,1.15630459785461,1.1198982000351,1.11257874965668,1.16118764877319,1.10348260402679,1.01927053928375,0.942412614822388,0.884609341621399,0.813308417797089,0.840004086494446,0.783132016658783,0.762564182281494,0.699181795120239,0.611565351486206,0.650010049343109,0.611573338508606,0.698253333568573,0.629401803016663,0.539436280727386,0.475078195333481,0.456882148981094,0.757196009159088,1.03145837783813,1.04408359527588,1.05788040161133,1.06401479244232,0.826791346073151,0.783748030662537,0.755069196224213,1.06758594512939,1.06473386287689,1.23188614845276,1.24038755893707,1.25729143619537,1.27203977108002,1.21631109714508,1.1538417339325,1.09814870357513
"2023-09-27",1.22324216365814,1.28237533569336,1.24672508239746,1.29592299461365,1.16459560394287,1.00570964813232,0.947986006736755,0.878033697605133,0.809646725654602,0.763430595397949,0.735163033008575,0.740918755531311,0.714283108711243,0.674297749996185,0.625136137008667,0.594549894332886,0.553972363471985,0.5380899310112,0.510540246963501,0.490300714969635,0.471632301807404,0.442957192659378,0.455541968345642,0.432561665773392,0.448116660118103,0.426922291517258,0.405970960855484,0.403057932853699,0.423620074987411,0.608381450176239,0.718874037265778,0.718256115913391,0.715357482433319,0.709804713726044,0.575756847858429,0.55785721540451,0.561297297477722,0.755471706390381,0.759464383125305,0.829595446586609,0.843270063400269,0.856310963630676,0.864755094051361,0.848049998283386,0.813884735107422,0.774295806884766
"2023-09-28",0.905027151107788,0.936662793159485,0.931828081607819,0.966508269309998,0.900353193283081,0.793684899806976,0.745429158210754,0.675043344497681,0.610069930553436,0.564746081829071,0.529523611068726,0.526947557926178,0.510099828243256,0.484491288661957,0.449645400047302,0.431082487106323,0.40693211555481,0.396944165229797,0.383640289306641,0.375518381595612,0.367039978504181,0.351412296295166,0.352029800415039,0.337321102619171,0.347240209579468,0.34314176440239,0.343599200248718,0.354043185710907,0.375504165887833,0.487329661846161,0.5439772605896,0.540303945541382,0.534107327461243,0.527274906635284,0.447242707014084,0.439431458711624,0.44760724902153,0.575296998023987,0.579623639583588,0.619407832622528,0.632618606090546,0.643234431743622,0.649018943309784,0.640684843063354,0.618398308753967,0.589767694473267
"2023-09-29",0.724505484104156,0.746952176094055,0.76052975654602,0.793805480003357,0.758283734321594,0.670583009719849,0.620657563209534,0.552199482917786,0.48674201965332,0.442534893751144,0.406641483306885,0.401616632938385,0.391064405441284,0.374857932329178,0.350831627845764,0.339926809072495,0.325644105672836,0.32201424241066,0.313838511705399,0.308227211236954,0.303608894348145,0.293850541114807,0.291117072105408,0.282725840806961,0.293801635503769,0.294543027877808,0.299298346042633,0.309469521045685,0.325501084327698,0.396699041128159,0.434717357158661,0.432236403226852,0.427711129188538,0.422767728567123,0.370673060417175,0.365935266017914,0.373039484024048,0.462053596973419,0.467250317335129,0.49239519238472,0.504122316837311,0.513950169086456,0.51850163936615,0.512561559677124,0.496340453624725,0.474671304225922
"2023-09-30",0.610509395599365,0.627792119979858,0.645811498165131,0.681319355964661,0.659538626670837,0.589668452739716,0.546640872955322,0.480480909347534,0.407678097486496,0.362575829029083,0.327094674110413,0.320620328187943,0.314352035522461,0.304383337497711,0.288753509521484,0.281823307275772,0.272703289985657,0.271253377199173,0.265418291091919,0.261116772890091,0.259289175271988,0.25349172949791,0.251940250396729,0.247020617127419,0.25572481751442,0.256819397211075,0.260797947645187,0.268361419439316,0.280556082725525,0.329379498958588,0.359568387269974,0.358597129583359,0.356037616729736,0.352927178144455,0.318012207746506,0.314892381429672,0.320328921079636,0.386734664440155,0.392005681991577,0.4060879945755,0.41564205288887,0.424663603305817,0.429459810256958,0.425165832042694,0.41301304101944,0.396517872810364
"2023-10-01",0.540426194667816,0.5499507188797,0.571899890899658,0.606195509433746,0.59313952922821,0.534633159637451,0.497926294803619,0.434975147247314,0.354659646749496,0.307971328496933,0.271621376276016,0.264413774013519,0.260342687368393,0.253863334655762,0.244627341628075,0.240096196532249,0.234093889594078,0.233883768320084,0.229552909731865,0.228420287370682,0.228293627500534,0.224981591105461,0.224945425987244,0.221658140420914,0.227021872997284,0.227576032280922,0.230191946029663,0.235547110438347,0.245685815811157,0.280062258243561,0.304887861013412,0.304951071739197,0.303840965032578,0.302137851715088,0.28039225935936,0.279265969991684,0.283352226018906,0.330704420804977,0.335887342691422,0.342928230762482,0.350762575864792,0.358664721250534,0.363987922668457,0.361506938934326,0.352320581674576,0.339677572250366
"2023-10-02",1.45804691314697,1.59348380565643,1.47451531887054,1.64845728874207,1.42744851112366,1.16566574573517,1.23751544952393,1.19707560539246,1.01660418510437,0.949193835258484,0.82463812828064,0.956702589988708,0.864112317562103,0.739416360855103,0.758108079433441,0.653699398040771,0.576110541820526,0.689431250095367,0.633502125740051,0.776115894317627,0.715380012989044,0.610397338867188,0.647888958454132,0.594027042388916,0.870194256305695,0.75079357624054,0.612582087516785,0.487960696220398,0.475978940725327,0.722856223583221,1.02958941459656,0.931755185127258,0.872109830379486,0.854201138019562,0.733265697956085,0.649641692638397,0.573243081569672,0.75103771686554,0.806522488594055,0.820501744747162,0.826633155345917,0.786854088306427,0.723739266395569,0.631378173828125,0.605155229568481,0.59128725528717
"2023-10-03",1.54701232910156,1.57715451717377,1.55461835861206,1.67863273620605,1.49390721321106,1.2829178571701,1.3822568655014,1.30434322357178,1.09895181655884,1.0407577753067,0.980320811271667,1.04173469543457,0.970215141773224,0.866934359073639,0.794134497642517,0.739274263381958,0.681531846523285,0.719376921653748,0.706005871295929,0.790529489517212,0.777124404907227,0.712345600128174,0.657382488250732,0.636787593364716,0.850250422954559,0.785317420959473,0.681551694869995,0.592387557029724,0.582884550094604,0.815119862556458,1.08982753753662,1.08733510971069,1.08630609512329,1.08258366584778,0.822874903678894,0.77199524641037,0.716464877128601,0.907105565071106,0.90932685136795,0.895901203155518,0.903140902519226,0.886582732200623,0.863887190818787,0.782876670360565,0.740504920482635,0.696480453014374
"2023-10-04",1.02605211734772,1.03765058517456,1.04294347763062,1.1119612455368,1.05953431129456,0.957270860671997,1.03419828414917,0.924497783184052,0.788342714309692,0.718966126441956,0.664229512214661,0.67412531375885,0.640880286693573,0.59165221452713,0.542948663234711,0.51453024148941,0.478722810745239,0.48961478471756,0.470043361186981,0.511594653129578,0.487832963466644,0.448709189891815,0.475577592849731,0.465969294309616,0.532766938209534,0.508971452713013,0.473480939865112,0.443764537572861,0.436754703521729,0.566540002822876,0.715428829193115,0.720513999462128,0.72487998008728,0.724330961704254,0.576867461204529,0.549883186817169,0.528142809867859,0.630993783473969,0.6192826628685,0.624154090881348,0.631859958171844,0.637595355510712,0.639869809150696,0.609777927398682,0.581404030323029,0.547578036785126
"2023-10-05",0.794397592544556,0.805049359798431,0.825315713882446,0.870075702667236,0.861725687980652,0.797498464584351,0.85704106092453,0.74798846244812,0.624363780021667,0.548431515693665,0.486698061227798,0.486285716295242,0.465816974639893,0.435875713825226,0.405690401792526,0.386659771203995,0.361523866653442,0.366598606109619,0.353389054536819,0.364377856254578,0.35436674952507,0.340509980916977,0.382045745849609,0.37643501162529,0.403295576572418,0.391262114048004,0.375975877046585,0.365372836589813,0.366774350404739,0.455775856971741,0.540361225605011,0.54141891002655,0.540105164051056,0.536170423030853,0.439750850200653,0.422020345926285,0.412083297967911,0.486049056053162,0.481363832950592,0.485392540693283,0.493576616048813,0.501110553741455,0.503783941268921,0.490017473697662,0.470931112766266,0.446735501289368
"2023-10-06",0.666725516319275,0.6789870262146,0.707328617572784,0.748451828956604,0.747031271457672,0.687602818012238,0.716852307319641,0.62313050031662,0.511022448539734,0.437789082527161,0.376044750213623,0.370337128639221,0.357263952493668,0.338299930095673,0.317915707826614,0.306466192007065,0.291443079710007,0.29161548614502,0.284589022397995,0.287834823131561,0.288522273302078,0.288759291172028,0.321272850036621,0.316924184560776,0.330613136291504,0.324267655611038,0.317130744457245,0.31326949596405,0.317962825298309,0.37788188457489,0.431127548217773,0.43076702952385,0.428488403558731,0.424667716026306,0.358683496713638,0.34563472867012,0.339133620262146,0.39443302154541,0.392261207103729,0.394214302301407,0.402570486068726,0.410257250070572,0.413028508424759,0.405998677015305,0.392179846763611,0.37381049990654
"2023-10-07",0.58914053440094,0.601387143135071,0.62346076965332,0.66432797908783,0.662849605083466,0.611128151416779,0.624732613563538,0.549956440925598,0.434496879577637,0.365789234638214,0.304872274398804,0.294611185789108,0.286398649215698,0.274427890777588,0.260763496160507,0.254653513431549,0.24720299243927,0.246956378221512,0.243603333830833,0.244973942637444,0.248065114021301,0.250918745994568,0.274715036153793,0.271730780601501,0.280930519104004,0.277260154485703,0.273287296295166,0.271084636449814,0.274983674287796,0.313969165086746,0.352305233478546,0.352540284395218,0.351299941539764,0.348828077316284,0.303168445825577,0.293573141098022,0.288411557674408,0.327113628387451,0.327403783798218,0.327241510152817,0.334578275680542,0.342319190502167,0.346160769462585,0.343083918094635,0.332917481660843,0.318815022706985
"2023-10-08",0.535461366176605,0.549785733222961,0.567413806915283,0.608654081821442,0.609818577766418,0.564445674419403,0.579587817192078,0.511407911777496,0.392571032047272,0.323463439941406,0.260100573301315,0.245792627334595,0.240216240286827,0.232133686542511,0.222441390156746,0.219284385442734,0.215929746627808,0.217575147747993,0.215938106179237,0.217132076621056,0.21981281042099,0.222376421093941,0.241126298904419,0.239145547151566,0.246775150299072,0.244546309113503,0.241488739848137,0.239146843552589,0.241255655884743,0.2673200070858,0.297449171543121,0.298180639743805,0.297893106937408,0.296627461910248,0.264691233634949,0.257699728012085,0.254133343696594,0.278832376003265,0.280820906162262,0.28061631321907,0.286376625299454,0.29267218708992,0.296663522720337,0.2962307035923,0.288584321737289,0.277911305427551
"2023-10-09",1.22879099845886,1.322625041008,1.26295018196106,1.39463233947754,1.22286057472229,1.07881510257721,1.23043036460876,1.14199709892273,0.979926884174347,0.871632158756256,0.759138643741608,0.89393150806427,0.78702175617218,0.668304026126862,0.723330736160278,0.65949422121048,0.619397878646851,0.712170243263245,0.664942145347595,0.754092335700989,0.706599235534668,0.627347350120544,0.579347550868988,0.534420847892761,0.7482550740242,0.65542471408844,0.546810030937195,0.442662745714188,0.417630106210709,0.57423734664917,0.866665363311768,0.753953874111176,0.694881081581116,0.692117094993591,0.631100594997406,0.602057754993439,0.590932667255402,0.669381439685822,0.694334805011749,0.703651785850525,0.699481666088104,0.663118720054626,0.622148990631104,0.494934320449829,0.470590025186539,0.456412196159363
"2023-10-10",1.37704920768738,1.42333459854126,1.40527820587158,1.51675248146057,1.37722778320312,1.22562444210052,1.37746465206146,1.28824150562286,1.05798399448395,0.952056765556335,0.909389555454254,0.967581272125244,0.912194967269897,0.839675843715668,0.814309477806091,0.790345966815948,0.77394038438797,0.850125312805176,0.836260616779327,0.871356904506683,0.855949282646179,0.789951682090759,0.656238794326782,0.644824624061584,0.779794037342072,0.738655388355255,0.654977381229401,0.564370334148407,0.527959167957306,0.6476930975914,0.882650434970856,0.874960899353027,0.8687384724617,0.869344890117645,0.705972671508789,0.704800844192505,0.7304727435112,0.84997284412384,0.830939650535583,0.775781631469727,0.781575560569763,0.76882666349411,0.752106308937073,0.62317830324173,0.579556584358215,0.537225604057312
"2023-10-11",0.993825733661652,1.03118515014648,1.03819417953491,1.11801028251648,1.06260597705841,0.972986340522766,1.05931913852692,0.957025647163391,0.783281981945038,0.704213917255402,0.644251883029938,0.64935165643692,0.628624796867371,0.598889172077179,0.577166438102722,0.567772448062897,0.561572670936584,0.602846801280975,0.594442486763,0.595515191555023,0.588701903820038,0.556906282901764,0.511677622795105,0.502872824668884,0.545137763023376,0.52579653263092,0.486746191978455,0.442783355712891,0.41841584444046,0.477794408798218,0.602850794792175,0.606975317001343,0.607315063476562,0.610942721366882,0.516554772853851,0.51377946138382,0.526590764522552,0.60112863779068,0.586451888084412,0.55026650428772,0.554669439792633,0.553605318069458,0.550955414772034,0.505763947963715,0.476095110177994,0.442111313343048
"2023-10-12",0.798857688903809,0.827413856983185,0.846196174621582,0.905468165874481,0.887962937355042,0.827701508998871,0.900300920009613,0.814054369926453,0.658926486968994,0.573315978050232,0.498410552740097,0.487630009651184,0.476272910833359,0.459730446338654,0.445558995008469,0.440060317516327,0.436015099287033,0.455793917179108,0.451546132564545,0.446058958768845,0.445326089859009,0.431162983179092,0.414422810077667,0.407135754823685,0.423564493656158,0.412320196628571,0.389805406332016,0.363915681838989,0.347581923007965,0.382608115673065,0.453770637512207,0.458171397447586,0.460288226604462,0.461796909570694,0.404284179210663,0.401141583919525,0.407692730426788,0.454843193292618,0.448194265365601,0.427839040756226,0.432204484939575,0.434344321489334,0.434785306453705,0.417356312274933,0.397958964109421,0.373849809169769
"2023-10-13",0.695073902606964,0.706796944141388,0.73720133304596,0.77728408575058,0.77493542432785,0.731946110725403,0.806500673294067,0.752172350883484,0.608670949935913,0.498569995164871,0.4108065366745,0.390800893306732,0.383103519678116,0.371825367212296,0.360300004482269,0.356461584568024,0.353774845600128,0.363680750131607,0.362779498100281,0.35982346534729,0.362845242023468,0.358491539955139,0.349686920642853,0.34326896071434,0.351532816886902,0.344792634248734,0.331466287374496,0.314867615699768,0.301645904779434,0.318453550338745,0.360652655363083,0.365381002426147,0.369144201278687,0.370393216609955,0.330317050218582,0.327428460121155,0.328935474157333,0.364051222801208,0.363190591335297,0.351176559925079,0.355194866657257,0.358730584383011,0.36053341627121,0.353252351284027,0.339891880750656,0.322538524866104
"2023-10-14",0.618622362613678,0.62323135137558,0.639421164989471,0.673119843006134,0.676914930343628,0.640830218791962,0.708593010902405,0.643364071846008,0.536882758140564,0.444612383842468,0.352583885192871,0.326675832271576,0.320253700017929,0.311085253953934,0.299046128988266,0.296262919902802,0.294538736343384,0.300520807504654,0.29960224032402,0.297913283109665,0.301167786121368,0.301351726055145,0.301706075668335,0.296997010707855,0.300980448722839,0.297261089086533,0.289607733488083,0.278705954551697,0.267852932214737,0.272763758897781,0.300540775060654,0.303547322750092,0.306510865688324,0.307554006576538,0.277617633342743,0.274636089801788,0.274136751890182,0.301389962434769,0.301926672458649,0.297704637050629,0.302906930446625,0.307119637727737,0.308993458747864,0.304984897375107,0.295527637004852,0.282998561859131
"2023-10-15",0.537729740142822,0.549025654792786,0.559495151042938,0.590492248535156,0.617411971092224,0.58472603559494,0.622072339057922,0.544090926647186,0.457666456699371,0.381250023841858,0.296103656291962,0.275307476520538,0.269718319177628,0.262640804052353,0.255400836467743,0.253813415765762,0.252607583999634,0.258255243301392,0.256995648145676,0.258485913276672,0.261739879846573,0.262268543243408,0.271404027938843,0.266236066818237,0.26524692773819,0.259070038795471,0.250114560127258,0.241257697343826,0.234081745147705,0.246441006660461,0.265887647867203,0.265132904052734,0.26382902264595,0.262196481227875,0.238038286566734,0.235473677515984,0.236145660281181,0.260855555534363,0.261028051376343,0.262540757656097,0.268357068300247,0.271936684846878,0.273196816444397,0.267558962106705,0.260412573814392,0.252042084932327
"2023-10-16",0.861537933349609,0.911392450332642,0.88367748260498,0.937149047851562,0.961072683334351,0.891138672828674,0.953524887561798,0.876795589923859,0.80009788274765,0.749077916145325,0.68952614068985,0.766740202903748,0.705324530601501,0.640718519687653,0.661501348018646,0.616159200668335,0.56801700592041,0.594425976276398,0.53074312210083,0.549890339374542,0.501412868499756,0.46209317445755,0.524952292442322,0.506134450435638,0.636209547519684,0.585419535636902,0.521733641624451,0.444579690694809,0.401123613119125,0.562953293323517,0.738684892654419,0.69015234708786,0.65679270029068,0.641124367713928,0.570663392543793,0.512113034725189,0.463786035776138,0.573900163173676,0.587040305137634,0.663507759571075,0.653465092182159,0.647031545639038,0.650267124176025,0.551118612289429,0.526908695697784,0.519819676876068
"2023-10-17",1.01302051544189,1.06411063671112,1.05995512008667,1.1126503944397,1.125084400177,1.05128347873688,1.09752893447876,1.01894354820251,0.935411512851715,0.88254714012146,0.866683483123779,0.898062884807587,0.863258361816406,0.81771194934845,0.786986589431763,0.749494194984436,0.698936939239502,0.648285984992981,0.612286031246185,0.587615549564362,0.580967485904694,0.575428068637848,0.647171795368195,0.640721380710602,0.704776108264923,0.662600636482239,0.607727110385895,0.571366429328918,0.565598964691162,0.773264348506927,0.919982969760895,0.906786561012268,0.885074079036713,0.861641049385071,0.633244335651398,0.581239700317383,0.556336939334869,0.719760835170746,0.722131192684174,0.813510179519653,0.816315948963165,0.814563035964966,0.811177909374237,0.729563653469086,0.689598500728607,0.653557002544403
"2023-10-18",0.91556054353714,0.94926905632019,0.986691534519196,1.02961218357086,1.02069783210754,0.935632824897766,0.93994140625,0.837473213672638,0.734319448471069,0.673359870910645,0.643621921539307,0.652060270309448,0.633014738559723,0.606651782989502,0.580933928489685,0.560493528842926,0.533640027046204,0.501616060733795,0.488351225852966,0.479158818721771,0.485708564519882,0.490125119686127,0.529645979404449,0.516040682792664,0.52391254901886,0.511068344116211,0.496681243181229,0.489976704120636,0.493801534175873,0.610033869743347,0.692131400108337,0.679608941078186,0.659877836704254,0.639833271503448,0.477296441793442,0.447224408388138,0.439681053161621,0.554601192474365,0.561819672584534,0.609798789024353,0.61951470375061,0.625119149684906,0.626330494880676,0.58648008108139,0.55744457244873,0.525942087173462
"2023-10-19",0.850100576877594,0.874520480632782,0.911056160926819,0.956370294094086,0.918114066123962,0.823881804943085,0.811557412147522,0.711260437965393,0.594362616539001,0.532204866409302,0.498793691396713,0.501855492591858,0.490276038646698,0.474046409130096,0.459105014801025,0.448651373386383,0.435236126184464,0.425264030694962,0.420096129179001,0.417162358760834,0.42292582988739,0.424995630979538,0.442889183759689,0.431885868310928,0.434728622436523,0.42900675535202,0.423136591911316,0.420882850885391,0.424935966730118,0.494998246431351,0.543612241744995,0.533016979694366,0.515823543071747,0.499238640069962,0.38796067237854,0.36604318022728,0.361875265836716,0.438535183668137,0.448157161474228,0.485186338424683,0.496945768594742,0.506357848644257,0.509245872497559,0.484879374504089,0.4634730219841,0.438228458166122
"2023-10-20",0.786072075366974,0.772744536399841,0.845291495323181,0.862915992736816,0.822054624557495,0.729195594787598,0.712487518787384,0.640145778656006,0.51054322719574,0.442093282938004,0.403539180755615,0.405731767416,0.398629367351532,0.389073193073273,0.38445371389389,0.380097538232803,0.37470144033432,0.375969976186752,0.372951805591583,0.371670961380005,0.375196158885956,0.374474197626114,0.38470196723938,0.375128030776978,0.377338618040085,0.373167812824249,0.368456542491913,0.364891737699509,0.365397363901138,0.414753586053848,0.444589138031006,0.437557458877563,0.423971951007843,0.410631954669952,0.331038862466812,0.311308413743973,0.305176645517349,0.35294446349144,0.361406534910202,0.402099698781967,0.411090701818466,0.421460717916489,0.426635473966599,0.413854598999023,0.397633641958237,0.378126353025436
"2023-10-21",0.674735963344574,0.678539454936981,0.741048336029053,0.769750237464905,0.725395083427429,0.643796801567078,0.644774079322815,0.594969391822815,0.462235391139984,0.391124814748764,0.342550426721573,0.340366721153259,0.336078464984894,0.33112907409668,0.334465384483337,0.334846675395966,0.336127400398254,0.340804725885391,0.33992862701416,0.338783174753189,0.342073500156403,0.34023529291153,0.342926919460297,0.334803521633148,0.338582068681717,0.334066808223724,0.327787935733795,0.322848081588745,0.321901470422745,0.358001410961151,0.382846355438232,0.378863543272018,0.37032014131546,0.3614481985569,0.296952962875366,0.280444860458374,0.275423854589462,0.305295526981354,0.315363645553589,0.348416328430176,0.355972975492477,0.363834321498871,0.368827909231186,0.362954825162888,0.350247800350189,0.336117297410965
"2023-10-22",0.600986123085022,0.620421409606934,0.645337700843811,0.684244096279144,0.643370389938354,0.5780428647995,0.587279915809631,0.533540606498718,0.416638970375061,0.353174418210983,0.299352377653122,0.290897309780121,0.28847336769104,0.286420166492462,0.293450206518173,0.296304881572723,0.300615429878235,0.30796205997467,0.307318866252899,0.304170101881027,0.306305080652237,0.302865862846375,0.303003817796707,0.296751856803894,0.30166307091713,0.29712387919426,0.291202396154404,0.287693440914154,0.28792405128479,0.314430058002472,0.334710568189621,0.332488864660263,0.32742828130722,0.322009265422821,0.271632224321365,0.260055482387543,0.25896030664444,0.28712186217308,0.29326605796814,0.306947976350784,0.314637422561646,0.32216939330101,0.32644984126091,0.322823762893677,0.313010990619659,0.301058292388916
"2023-10-23",1.01107096672058,1.04507207870483,1.01056003570557,1.08242988586426,1.04494833946228,0.930284976959229,0.984863877296448,0.946159899234772,0.826062202453613,0.799100756645203,0.788499295711517,0.866316735744476,0.812012612819672,0.726571381092072,0.68297153711319,0.610240459442139,0.56490695476532,0.598058104515076,0.556195557117462,0.554471373558044,0.521894454956055,0.482540428638458,0.512396335601807,0.482839614152908,0.594209730625153,0.56872570514679,0.549830615520477,0.523512303829193,0.497547060251236,0.64946848154068,0.880147337913513,0.78451269865036,0.691342413425446,0.663993239402771,0.62231832742691,0.609983325004578,0.606622457504272,0.780910968780518,0.788564443588257,0.838760673999786,0.82294487953186,0.775105178356171,0.733687698841095,0.570155501365662,0.496534287929535,0.471579670906067
"2023-10-24",1.11426317691803,1.09501385688782,1.17293035984039,1.19350206851959,1.13216114044189,1.03391408920288,1.17459809780121,1.1641126871109,1.03420782089233,0.986560881137848,0.984595894813538,1.02941727638245,0.976653277873993,0.896165609359741,0.766937255859375,0.721981287002563,0.681900024414062,0.669583857059479,0.627300918102264,0.600571751594543,0.566342949867249,0.520585596561432,0.553518235683441,0.559941053390503,0.698967576026917,0.687994956970215,0.660572469234467,0.62287962436676,0.585442841053009,0.718705236911774,0.922328233718872,0.9132359623909,0.886639177799225,0.866906344890594,0.674265563488007,0.661676585674286,0.663300931453705,0.927536070346832,0.907229781150818,1.0147579908371,1.00891447067261,0.98229318857193,0.95508474111557,0.724567472934723,0.617389976978302,0.565462946891785
"2023-10-25",0.84523206949234,0.840463578701019,0.932606041431427,0.952088952064514,0.916922390460968,0.867833375930786,1.01679873466492,1.02770662307739,0.900469839572906,0.810485303401947,0.744254410266876,0.746248304843903,0.718462646007538,0.67347127199173,0.585704267024994,0.560054302215576,0.542868256568909,0.509755551815033,0.48524010181427,0.447037637233734,0.443335354328156,0.438996821641922,0.475844651460648,0.479132980108261,0.549887537956238,0.54184353351593,0.522808074951172,0.500155210494995,0.479981064796448,0.542578756809235,0.658336758613586,0.678623795509338,0.692311406135559,0.697455763816833,0.533987522125244,0.500082552433014,0.489864438772202,0.623024642467499,0.629869639873505,0.720404148101807,0.735655546188354,0.747032582759857,0.753350555896759,0.6263827085495,0.543199062347412,0.48723042011261
"2023-10-26",0.740847826004028,0.748844802379608,0.819499969482422,0.848098278045654,0.825665056705475,0.797905325889587,0.949321031570435,0.939143121242523,0.787337064743042,0.68985378742218,0.602680742740631,0.585005402565002,0.565556704998016,0.534585952758789,0.4731105864048,0.45914751291275,0.449519842863083,0.425869822502136,0.413592278957367,0.380341708660126,0.386797577142715,0.393924593925476,0.417057275772095,0.417810797691345,0.454734563827515,0.449873954057693,0.439996123313904,0.430560439825058,0.425389796495438,0.467544168233871,0.539295256137848,0.550746023654938,0.560484826564789,0.565070390701294,0.458743959665298,0.433621287345886,0.426673859357834,0.49871838092804,0.508793473243713,0.564068078994751,0.581722438335419,0.599681258201599,0.611270666122437,0.538382470607758,0.472432851791382,0.431187301874161
"2023-10-27",0.669630289077759,0.67438930273056,0.744949579238892,0.763917326927185,0.73785936832428,0.717669486999512,0.869675636291504,0.855973482131958,0.705093145370483,0.615287840366364,0.509224593639374,0.480335682630539,0.464711397886276,0.440680980682373,0.399624973535538,0.391934156417847,0.381811141967773,0.360078036785126,0.355194717645645,0.336859107017517,0.343340516090393,0.351499110460281,0.370152741670609,0.369838237762451,0.388944327831268,0.386787116527557,0.382110178470612,0.375931888818741,0.37148705124855,0.401991486549377,0.455114752054214,0.460709184408188,0.462842583656311,0.46175229549408,0.381704986095428,0.364757239818573,0.35742598772049,0.410054564476013,0.416233211755753,0.458083659410477,0.472051203250885,0.485899835824966,0.492993503808975,0.438387930393219,0.401456624269485,0.373031944036484
"2023-10-28",0.621093273162842,0.621281087398529,0.684113025665283,0.695591926574707,0.67384946346283,0.663566708564758,0.805963516235352,0.767929196357727,0.637613892555237,0.551287472248077,0.442417740821838,0.413157492876053,0.397478729486465,0.37529182434082,0.344403594732285,0.338640779256821,0.330068022012711,0.316366493701935,0.31449830532074,0.308062434196472,0.314589142799377,0.322661697864532,0.339092671871185,0.3371601998806,0.34769794344902,0.344614237546921,0.339751303195953,0.334592700004578,0.331559300422668,0.357583224773407,0.399543136358261,0.399974673986435,0.398496985435486,0.395724713802338,0.326053947210312,0.316769689321518,0.318696916103363,0.361353039741516,0.366396814584732,0.391941696405411,0.40439635515213,0.415846288204193,0.422302484512329,0.385232239961624,0.358144253492355,0.33738586306572
"2023-10-29",0.601682364940643,0.605702519416809,0.667855799198151,0.688765585422516,0.675695061683655,0.661592304706573,0.815103530883789,0.76911997795105,0.60526168346405,0.501712083816528,0.384552329778671,0.358172923326492,0.343461781740189,0.323784351348877,0.300218820571899,0.297230750322342,0.294799774885178,0.293666750192642,0.295119732618332,0.296218156814575,0.302479952573776,0.307785451412201,0.319868177175522,0.315407127141953,0.319486409425735,0.315941363573074,0.31145590543747,0.307410717010498,0.306436598300934,0.332825392484665,0.362140357494354,0.357421159744263,0.351217836141586,0.345702558755875,0.289239704608917,0.28918194770813,0.297672152519226,0.346115946769714,0.344098508358002,0.35264053940773,0.362740039825439,0.371326416730881,0.376524388790131,0.346189022064209,0.323804140090942,0.306625097990036
"2023-10-30",1.21357178688049,1.1820912361145,1.11327934265137,1.11277747154236,1.09818637371063,1.10199213027954,1.41011703014374,1.30360543727875,1.00078535079956,0.911904275417328,0.830292284488678,0.869349479675293,0.825089037418365,0.772400200366974,0.796941220760345,0.780468285083771,0.759510636329651,0.788007080554962,0.763707041740417,0.817220866680145,0.758656859397888,0.692911624908447,0.738477051258087,0.731113195419312,0.88747239112854,0.827570736408234,0.75867360830307,0.679340958595276,0.643899023532867,0.846352815628052,1.05619204044342,1.01981866359711,1.00871181488037,0.999668598175049,1.02088117599487,0.957043766975403,0.908233463764191,1.09205174446106,1.10462021827698,1.17335689067841,1.17756259441376,1.16484069824219,1.15071105957031,0.913407683372498,0.796356439590454,0.770079493522644
"2023-10-31",1.26483523845673,1.22340738773346,1.25385212898254,1.24103796482086,1.19485592842102,1.17713296413422,1.5467803478241,1.49097895622253,1.21973240375519,1.11905193328857,1.03038191795349,1.03873491287231,1.01397037506104,0.988026976585388,1.02139961719513,1.00948238372803,0.984359502792358,0.988564372062683,0.953054189682007,0.944763004779816,0.92571210861206,0.89209109544754,0.927519202232361,0.925534725189209,1.04206144809723,1.0062974691391,0.955610692501068,0.919245839118958,0.923392117023468,1.1231724023819,1.34206438064575,1.36745083332062,1.38514113426208,1.38880443572998,1.18068504333496,1.1201308965683,1.08275187015533,1.34338736534119,1.33060479164124,1.45199584960938,1.46160852909088,1.45410573482513,1.44911253452301,1.17990565299988,1.04309511184692,0.969708561897278
"2023-11-01",1.0011191368103,0.981427431106567,1.05038607120514,1.04842174053192,1.01775979995728,1.01661479473114,1.30188024044037,1.23821425437927,1.02725350856781,0.899091720581055,0.780886650085449,0.766137003898621,0.757434248924255,0.751388490200043,0.776067435741425,0.769296288490295,0.754507899284363,0.74821150302887,0.734523832798004,0.723209202289581,0.728565692901611,0.727080285549164,0.750398457050323,0.744092226028442,0.775961458683014,0.773556053638458,0.775231599807739,0.784120857715607,0.802173852920532,0.912057161331177,1.01144075393677,1.0121089220047,1.00723743438721,0.998128414154053,0.830036699771881,0.804150223731995,0.800873577594757,0.947714686393738,0.941880941390991,0.997726678848267,1.01484847068787,1.01914465427399,1.02137398719788,0.866303503513336,0.805133879184723,0.760868787765503
"2023-11-02",0.771438598632812,0.744739234447479,0.841414213180542,0.858027637004852,0.884584665298462,0.861546397209167,1.13200485706329,1.11221837997437,0.933026909828186,0.783057749271393,0.630003452301025,0.613584995269775,0.608317375183105,0.60629552602768,0.630173683166504,0.62646746635437,0.61954540014267,0.624056696891785,0.618691980838776,0.617112874984741,0.623501062393188,0.62557977437973,0.648603439331055,0.642703890800476,0.662558674812317,0.666329801082611,0.674410223960876,0.684003531932831,0.6942138671875,0.755462527275085,0.811536371707916,0.799021482467651,0.77979850769043,0.762246787548065,0.636942684650421,0.619929194450378,0.61672055721283,0.719861149787903,0.717879176139832,0.765027165412903,0.777082979679108,0.782484769821167,0.782968163490295,0.679182767868042,0.647942125797272,0.621207892894745
"2023-11-03",0.635906636714935,0.619960308074951,0.70836752653122,0.711548984050751,0.742941200733185,0.756629586219788,0.99429839849472,0.921670436859131,0.800903260707855,0.697534739971161,0.53147429227829,0.506902694702148,0.502948760986328,0.504444062709808,0.535013020038605,0.536667466163635,0.53683203458786,0.547312259674072,0.545800805091858,0.542907357215881,0.552257776260376,0.558087527751923,0.573101103305817,0.568437337875366,0.582321524620056,0.584374248981476,0.587727785110474,0.590925455093384,0.593194246292114,0.624609529972076,0.662911653518677,0.653189897537231,0.637216746807098,0.621866345405579,0.529498636722565,0.510834872722626,0.503994584083557,0.553266882896423,0.559921264648438,0.602920353412628,0.621607542037964,0.638725697994232,0.647345662117004,0.572693109512329,0.545837879180908,0.521884560585022
"2023-11-04",0.676683068275452,0.67537796497345,0.742280960083008,0.756789207458496,0.752637147903442,0.729992210865021,0.861696004867554,0.746684670448303,0.649470686912537,0.57328999042511,0.454328119754791,0.437505543231964,0.436500310897827,0.441478401422501,0.473347842693329,0.476416200399399,0.479580968618393,0.494764626026154,0.494798004627228,0.4962959587574,0.503167927265167,0.505700290203094,0.517352104187012,0.509692132472992,0.521466255187988,0.520435452461243,0.519691705703735,0.518281579017639,0.516302287578583,0.537021219730377,0.562991321086884,0.553613483905792,0.540231108665466,0.528122305870056,0.454439997673035,0.442389786243439,0.439789146184921,0.476304650306702,0.481253981590271,0.509813368320465,0.52596777677536,0.54029369354248,0.547940850257874,0.497910439968109,0.474248737096786,0.457543730735779
"2023-11-05",0.669452905654907,0.671718657016754,0.738577246665955,0.760680615901947,0.725040435791016,0.673099279403687,0.736342310905457,0.653237164020538,0.543146312236786,0.47680276632309,0.393750846385956,0.382351398468018,0.385313272476196,0.394338309764862,0.4254250228405,0.430119574069977,0.435998529195786,0.443814963102341,0.445006370544434,0.44559571146965,0.45285165309906,0.45636397600174,0.462331146001816,0.456100225448608,0.461980044841766,0.460630238056183,0.459323137998581,0.456821888685226,0.452963501214981,0.460560888051987,0.479502648115158,0.472439080476761,0.461251854896545,0.450652718544006,0.397832244634628,0.388678550720215,0.386992305517197,0.414161831140518,0.418187737464905,0.43849304318428,0.452640354633331,0.465528428554535,0.472173780202866,0.441922098398209,0.415744811296463,0.401313811540604
"2023-11-06",1.51374268531799,1.5236142873764,1.65004742145538,1.74819028377533,1.87947821617126,1.82245540618896,2.00641655921936,1.63254976272583,1.16124427318573,1.06468653678894,0.997948050498962,1.11611843109131,1.05754017829895,1.00117599964142,1.04700899124146,1.02908003330231,1.0647087097168,1.3227002620697,1.28716099262238,1.33526241779327,1.29012775421143,1.22628128528595,1.21528601646423,1.16053450107574,1.32267451286316,1.2256760597229,1.13701832294464,1.03981721401215,1.00784480571747,1.10611212253571,1.23679208755493,1.16714763641357,1.14333021640778,1.148228764534,1.20397961139679,1.09707891941071,1.02879500389099,1.14023911952972,1.18771839141846,1.16927766799927,1.19570088386536,1.21267294883728,1.20679891109467,1.12566006183624,1.0915549993515,1.00806856155396
"2023-11-07",1.95611882209778,1.99206447601318,2.18148899078369,2.27341246604919,2.25993895530701,2.06644058227539,2.23693251609802,1.98440420627594,1.46331930160522,1.30742084980011,1.28641998767853,1.33305954933167,1.31099998950958,1.28853631019592,1.2811872959137,1.32753801345825,1.43862688541412,1.69197857379913,1.66847515106201,1.62005257606506,1.61062204837799,1.55864131450653,1.45002841949463,1.43452227115631,1.56106424331665,1.52197504043579,1.4825986623764,1.45317935943604,1.44758176803589,1.54358315467834,1.60488831996918,1.5970618724823,1.58571803569794,1.5715754032135,1.33218216896057,1.30586016178131,1.3154491186142,1.57936239242554,1.56483864784241,1.52405071258545,1.57208621501923,1.61208188533783,1.62897002696991,1.58045709133148,1.47169411182404,1.31635546684265
"2023-11-08",1.54363036155701,1.57316386699677,1.63044512271881,1.69055116176605,1.58816361427307,1.4558173418045,1.55174398422241,1.42589867115021,1.13658511638641,1.02819108963013,0.969375014305115,0.970982789993286,0.969133853912354,0.973262012004852,1.01204514503479,1.04289782047272,1.11050391197205,1.21135544776917,1.18670260906219,1.13086771965027,1.13292276859283,1.11688113212585,1.09132146835327,1.08007192611694,1.12492680549622,1.11884558200836,1.11821234226227,1.11186265945435,1.09912467002869,1.13136792182922,1.18968367576599,1.1689635515213,1.14474749565125,1.12590074539185,0.993697226047516,1.01892566680908,1.04871296882629,1.17038285732269,1.14058196544647,1.07459020614624,1.11593592166901,1.15833699703217,1.18137466907501,1.17053472995758,1.1067168712616,1.01388514041901
"2023-11-09",1.21438527107239,1.22155547142029,1.26396727561951,1.30118691921234,1.21849465370178,1.13261890411377,1.22436356544495,1.15748476982117,0.924601078033447,0.835248649120331,0.768662214279175,0.762062907218933,0.762529194355011,0.768721163272858,0.812775015830994,0.831347405910492,0.867505609989166,0.909734725952148,0.896525263786316,0.864247024059296,0.873830914497375,0.874042451381683,0.872997879981995,0.862001061439514,0.8817418217659,0.876487791538239,0.872163414955139,0.862041354179382,0.847406625747681,0.861247003078461,0.901316523551941,0.888528525829315,0.873018324375153,0.862017631530762,0.806697070598602,0.818187117576599,0.826003432273865,0.882381200790405,0.861591994762421,0.807227492332458,0.835959732532501,0.865371584892273,0.882293105125427,0.869649887084961,0.823760271072388,0.767292141914368
"2023-11-10",0.99559223651886,0.999250173568726,1.06339192390442,1.09039425849915,1.01759266853333,0.948342263698578,1.03896605968475,0.975346922874451,0.776310086250305,0.696346521377563,0.630601644515991,0.622224748134613,0.623585224151611,0.630569040775299,0.671574831008911,0.687369644641876,0.714369714260101,0.744109272956848,0.736900687217712,0.713073074817657,0.723017632961273,0.724619209766388,0.724190711975098,0.712836623191833,0.721879601478577,0.715699255466461,0.708709895610809,0.698020398616791,0.68634420633316,0.691892385482788,0.719747364521027,0.711289167404175,0.700777649879456,0.694483697414398,0.659551024436951,0.66209352016449,0.663446366786957,0.699018955230713,0.684013605117798,0.642662644386292,0.663535892963409,0.681472599506378,0.686930596828461,0.649463713169098,0.633019685745239,0.608491122722626
"2023-11-11",0.857121229171753,0.873839139938354,0.947723865509033,0.988163650035858,0.92691832780838,0.851239323616028,0.929397821426392,0.850474119186401,0.680238306522369,0.606447756290436,0.540597021579742,0.532917559146881,0.533099174499512,0.53810578584671,0.576596856117249,0.589170575141907,0.612571716308594,0.643794596195221,0.637361288070679,0.619336366653442,0.625639617443085,0.623201668262482,0.621056854724884,0.609827101230621,0.617202997207642,0.610147416591644,0.601331233978271,0.590621709823608,0.580628097057343,0.582637310028076,0.60593581199646,0.59986138343811,0.59274560213089,0.587513446807861,0.555121660232544,0.554665565490723,0.555011928081512,0.585216581821442,0.570254325866699,0.544948518276215,0.556839227676392,0.564815998077393,0.566123425960541,0.525129616260529,0.518279314041138,0.510391652584076
"2023-11-12",0.780692160129547,0.789756298065186,0.857820153236389,0.895838141441345,0.843340456485748,0.769640564918518,0.809333801269531,0.733591079711914,0.597389400005341,0.531555891036987,0.467377722263336,0.457758784294128,0.458818763494492,0.464834213256836,0.503380715847015,0.517203509807587,0.539673686027527,0.565045118331909,0.557585597038269,0.540491223335266,0.544544577598572,0.541294515132904,0.538751721382141,0.5287104845047,0.529634118080139,0.523627281188965,0.515939593315125,0.507290065288544,0.499685704708099,0.500100135803223,0.516166388988495,0.511299252510071,0.505041718482971,0.500142931938171,0.471172541379929,0.469297647476196,0.468847125768661,0.490217506885529,0.479571402072906,0.464825361967087,0.476052016019821,0.483846753835678,0.485963076353073,0.454997181892395,0.446390569210052,0.441261678934097
"2023-11-13",1.36632215976715,1.39404547214508,1.5304799079895,1.63652777671814,1.60209822654724,1.52865195274353,1.80750870704651,1.76441586017609,1.51293158531189,1.46379482746124,1.64568114280701,1.71659660339355,1.67748403549194,1.59943556785583,1.52759063243866,1.43261790275574,1.35943341255188,1.31123638153076,1.26419675350189,1.27741551399231,1.24961400032043,1.2147388458252,1.23058986663818,1.16755557060242,1.20560431480408,1.16155862808228,1.10085046291351,1.00866436958313,0.96731436252594,1.01949441432953,1.07301437854767,1.0471647977829,1.04666137695312,1.06106197834015,1.19742488861084,1.15024757385254,1.13469481468201,1.23735499382019,1.24642956256866,1.19466233253479,1.19384253025055,1.15576708316803,1.14403426647186,1.00274229049683,0.983252763748169,0.990359008312225
"2023-11-14",1.62401628494263,1.64200103282928,1.86594688892365,1.94905257225037,1.88969576358795,1.81931257247925,2.17249393463135,2.21947598457336,2.05092930793762,2.08999419212341,2.19971680641174,2.26973342895508,2.21888947486877,2.13239169120789,1.92879366874695,1.84515988826752,1.71644794940948,1.60808372497559,1.56453216075897,1.58095991611481,1.57779252529144,1.53910839557648,1.48833215236664,1.44505834579468,1.5042325258255,1.46129703521729,1.41351425647736,1.37285971641541,1.35055923461914,1.3711029291153,1.41755998134613,1.42889153957367,1.44545710086823,1.45895671844482,1.46407997608185,1.49773478507996,1.51939153671265,1.68216991424561,1.60825538635254,1.48673820495605,1.50489377975464,1.50234627723694,1.491490483284,1.36304152011871,1.32776272296906,1.30328035354614
"2023-11-15",1.32832479476929,1.33368766307831,1.50235426425934,1.54293346405029,1.48396110534668,1.43794119358063,1.68325746059418,1.75258147716522,1.56387341022491,1.56570911407471,1.56607758998871,1.5957453250885,1.55770468711853,1.49753642082214,1.39175987243652,1.34378516674042,1.27210175991058,1.19419980049133,1.17913281917572,1.16002118587494,1.17316162586212,1.15076017379761,1.09729087352753,1.0691329240799,1.12043178081512,1.10366129875183,1.09314858913422,1.08120477199554,1.06177294254303,1.05033981800079,1.12159490585327,1.12211287021637,1.12450349330902,1.12632238864899,1.09357059001923,1.12077677249908,1.14339566230774,1.23325574398041,1.19183301925659,1.09369444847107,1.11745405197144,1.1336133480072,1.13815474510193,1.07868933677673,1.05096018314362,1.02714145183563
"2023-11-16",1.14367198944092,1.13051128387451,1.26053416728973,1.26965641975403,1.20781481266022,1.17952370643616,1.37250256538391,1.43486952781677,1.24133408069611,1.2229186296463,1.17814099788666,1.18291401863098,1.15416717529297,1.11201930046082,1.05159568786621,1.02291452884674,0.981810033321381,0.936289012432098,0.924185335636139,0.901392817497253,0.905720472335815,0.8895183801651,0.862314760684967,0.845624625682831,0.884100496768951,0.873095691204071,0.864729344844818,0.851672351360321,0.834978938102722,0.844143748283386,0.897579908370972,0.895438849925995,0.892219364643097,0.889807999134064,0.840431928634644,0.84611302614212,0.855050384998322,0.945849239826202,0.919947266578674,0.860166311264038,0.880572140216827,0.895608127117157,0.903584480285645,0.868442177772522,0.847314417362213,0.828786909580231
"2023-11-17",0.98374080657959,0.988309979438782,1.07577645778656,1.09658825397491,1.04765713214874,1.02472066879272,1.20790004730225,1.2170557975769,1.04107999801636,1.00159645080566,0.936579942703247,0.926143884658813,0.904943108558655,0.873978734016418,0.831822037696838,0.815758109092712,0.793806314468384,0.769424557685852,0.760631740093231,0.739552199840546,0.744046568870544,0.733435928821564,0.71423351764679,0.701639771461487,0.72773802280426,0.719797968864441,0.71178662776947,0.70246011018753,0.691489160060883,0.704652845859528,0.746405184268951,0.74115651845932,0.734385013580322,0.729291558265686,0.674258589744568,0.679668128490448,0.691575288772583,0.765991389751434,0.750436961650848,0.710689008235931,0.727267980575562,0.740910708904266,0.747537612915039,0.720164477825165,0.702293753623962,0.68636691570282
"2023-11-18",0.89414119720459,0.892878293991089,0.971755385398865,0.987030804157257,0.952983140945435,0.93160891532898,1.10182285308838,1.11021876335144,0.91530179977417,0.863399147987366,0.777704954147339,0.757328987121582,0.740429222583771,0.716602265834808,0.687045633792877,0.67714387178421,0.667998969554901,0.65657639503479,0.649819910526276,0.628558278083801,0.632468461990356,0.624439597129822,0.611668944358826,0.600900709629059,0.618306636810303,0.612363755702972,0.604902029037476,0.595326900482178,0.585491895675659,0.594932436943054,0.627438724040985,0.622620642185211,0.616531252861023,0.612020611763,0.56883692741394,0.575215280056,0.586396276950836,0.644998848438263,0.632674872875214,0.601077854633331,0.615376889705658,0.628178477287292,0.634446978569031,0.611725926399231,0.59632021188736,0.582955956459045
"2023-11-19",0.825656056404114,0.821575582027435,0.894744873046875,0.913150489330292,0.877916634082794,0.852571368217468,1.02165412902832,1.03769528865814,0.861271321773529,0.773304462432861,0.669151604175568,0.63965117931366,0.62567526102066,0.606492161750793,0.577103137969971,0.572009861469269,0.570131957530975,0.572970986366272,0.567992925643921,0.548814356327057,0.551394760608673,0.5447638630867,0.536697685718536,0.52765280008316,0.53953492641449,0.534076631069183,0.52630752325058,0.516923010349274,0.507957220077515,0.51268744468689,0.538776755332947,0.535341143608093,0.530875682830811,0.527449250221252,0.495800852775574,0.500263452529907,0.509026348590851,0.554480075836182,0.544113457202911,0.518036127090454,0.530412197113037,0.542403638362885,0.549030005931854,0.529918909072876,0.516337037086487,0.504778683185577
"2023-11-20",1.30700349807739,1.38116133213043,1.49676072597504,1.61289811134338,1.66341125965118,1.53113007545471,1.71496534347534,1.73498892784119,1.61177778244019,1.56543588638306,1.3819272518158,1.4551385641098,1.38006496429443,1.28274857997894,1.26486659049988,1.18618845939636,1.13229024410248,1.16117966175079,1.13169991970062,1.24390649795532,1.19751167297363,1.09690129756927,1.13477456569672,1.08773040771484,1.24465465545654,1.14990651607513,1.02535378932953,0.892587304115295,0.83406126499176,0.95878255367279,1.11943650245667,1.0619865655899,1.0502268075943,1.06788814067841,1.08777666091919,1.01323878765106,0.953097581863403,1.04128503799438,1.04257106781006,1.00514888763428,1.03289139270782,1.05206143856049,1.07384777069092,1.03952324390411,1.02363085746765,1.0285747051239
"2023-11-21",1.49433302879333,1.57203507423401,1.72923815250397,1.85513079166412,1.84878969192505,1.73682570457458,1.96090984344482,1.9700038433075,1.93730068206787,1.93098306655884,1.79387331008911,1.77219820022583,1.7145733833313,1.63555419445038,1.5250369310379,1.47805428504944,1.41856908798218,1.41866981983185,1.38585448265076,1.44935417175293,1.40257859230042,1.32386493682861,1.38126027584076,1.33108508586884,1.42504668235779,1.32216334342957,1.18607878684998,1.08539664745331,1.04665195941925,1.22512447834015,1.401815533638,1.39846575260162,1.39380121231079,1.38512861728668,1.10583508014679,1.05870521068573,1.04567682743073,1.3060884475708,1.28605425357819,1.28559350967407,1.32386457920074,1.35562145709991,1.37082254886627,1.35200667381287,1.32498800754547,1.30176544189453
"2023-11-22",1.18288254737854,1.25203311443329,1.36707723140717,1.44312238693237,1.4441294670105,1.38504981994629,1.58747851848602,1.62078273296356,1.60697066783905,1.58124625682831,1.42234671115875,1.35978317260742,1.32554483413696,1.27616250514984,1.17253160476685,1.15084421634674,1.12306380271912,1.11030292510986,1.0873829126358,1.06003797054291,1.04515492916107,1.00999927520752,1.02338802814484,0.983915627002716,0.988247752189636,0.948844373226166,0.905501246452332,0.882914662361145,0.88041341304779,0.99533599615097,1.10446071624756,1.0799001455307,1.04879248142242,1.02154386043549,0.810464918613434,0.799563944339752,0.821224629878998,1.04154527187347,1.03054583072662,1.03543627262115,1.06318926811218,1.08532631397247,1.09506118297577,1.07260346412659,1.04195404052734,1.01670181751251
"2023-11-23",1.00765657424927,1.05808472633362,1.16842925548553,1.22466468811035,1.23602855205536,1.20110726356506,1.38204431533813,1.41010856628418,1.4013524055481,1.36927545070648,1.17953181266785,1.10267698764801,1.079345703125,1.04486751556396,0.959450125694275,0.946065843105316,0.925829470157623,0.907305836677551,0.893276751041412,0.852266252040863,0.850347459316254,0.831962645053864,0.805563449859619,0.78274816274643,0.777180552482605,0.764331817626953,0.751561164855957,0.745112299919128,0.74340808391571,0.80095374584198,0.86526346206665,0.84608119726181,0.82225626707077,0.802550911903381,0.679720222949982,0.676445722579956,0.692987084388733,0.84636801481247,0.839482367038727,0.847293019294739,0.87012106180191,0.887512683868408,0.894662857055664,0.871317267417908,0.842742204666138,0.817449808120728
"2023-11-24",0.942769348621368,0.981206297874451,1.06391870975494,1.10728299617767,1.09933078289032,1.07891356945038,1.23222827911377,1.25239598751068,1.20077955722809,1.18388295173645,1.00000095367432,0.931381106376648,0.909754991531372,0.878105878829956,0.803802132606506,0.791451752185822,0.774500489234924,0.765600323677063,0.7575723528862,0.728524327278137,0.729038715362549,0.71552050113678,0.683869063854218,0.66673356294632,0.656763315200806,0.649626731872559,0.642556488513947,0.638275146484375,0.635675668716431,0.662816643714905,0.704398930072784,0.693214237689972,0.678973436355591,0.666794776916504,0.583614230155945,0.578494489192963,0.589131474494934,0.700770139694214,0.702287673950195,0.709111869335175,0.729710221290588,0.74513965845108,0.750997066497803,0.726454615592957,0.701257944107056,0.676461219787598
"2023-11-25",0.876362800598145,0.905475974082947,0.958236157894135,1.0003045797348,1.00766730308533,1.00769066810608,1.13863086700439,1.12556505203247,1.04606199264526,1.01606428623199,0.870299518108368,0.8142329454422,0.793041229248047,0.761464178562164,0.688221275806427,0.677732586860657,0.665149211883545,0.663145244121552,0.660887539386749,0.645552277565002,0.649592041969299,0.641925871372223,0.61210697889328,0.596012353897095,0.579637587070465,0.572845101356506,0.565693736076355,0.560989320278168,0.558349072933197,0.571342289447784,0.601994752883911,0.594330489635468,0.584497690200806,0.576037645339966,0.514681220054626,0.513003349304199,0.524591267108917,0.61405748128891,0.615109860897064,0.612156629562378,0.629384875297546,0.642835915088654,0.648089587688446,0.623635590076447,0.602107405662537,0.581846177577972
"2023-11-26",0.830729961395264,0.850252091884613,0.920819818973541,0.954093933105469,0.971030950546265,0.959113478660583,1.07185399532318,1.06362962722778,0.941324532032013,0.900312602519989,0.770342588424683,0.72083169221878,0.699288785457611,0.667427361011505,0.597055673599243,0.588788747787476,0.579343616962433,0.578773260116577,0.577953100204468,0.571770310401917,0.577765882015228,0.574375689029694,0.550929963588715,0.535548150539398,0.516848504543304,0.510709643363953,0.503694593906403,0.4982068836689,0.494308829307556,0.498091787099838,0.519711196422577,0.514106333255768,0.506752848625183,0.500458776950836,0.459980219602585,0.460263133049011,0.469794809818268,0.537043571472168,0.536539912223816,0.530876755714417,0.546582281589508,0.559477627277374,0.564093172550201,0.543727576732635,0.525698184967041,0.508503139019012
"2023-11-27",1.22329449653625,1.24895989894867,1.40685224533081,1.48544371128082,1.47945427894592,1.33229839801788,1.5015025138855,1.5443959236145,1.3367577791214,1.31963264942169,1.1928745508194,1.22074449062347,1.16621899604797,1.11080360412598,1.05515766143799,1.01532995700836,0.997110486030579,1.00262010097504,0.994505107402802,1.00442147254944,0.998943507671356,0.964318633079529,0.896408796310425,0.859433114528656,0.949860692024231,0.895038604736328,0.825239658355713,0.74983423948288,0.722432732582092,0.807545363903046,0.945719003677368,0.914873719215393,0.923723936080933,0.946827173233032,0.959718227386475,0.926221907138824,0.9260014295578,1.06334435939789,1.07138860225677,1.03030061721802,1.05521380901337,1.06592166423798,1.06184923648834,1.032595038414,1.01196157932281,1.00956523418427
"2023-11-28",1.42778539657593,1.42872202396393,1.62636923789978,1.68840575218201,1.59525716304779,1.498419880867,1.63412058353424,1.65788567066193,1.49737393856049,1.50902152061462,1.46495568752289,1.4716260433197,1.43259572982788,1.37312698364258,1.29288470745087,1.26194429397583,1.23218142986298,1.26134598255157,1.25253045558929,1.23539209365845,1.2277569770813,1.16720187664032,1.04773259162903,1.012291431427,1.08690500259399,1.03905153274536,0.969122171401978,0.908199071884155,0.891649603843689,1.01175475120544,1.18806290626526,1.20629644393921,1.23035395145416,1.24601519107819,1.1105318069458,1.10699677467346,1.12949204444885,1.38150358200073,1.34827327728271,1.2808301448822,1.31602025032043,1.34755861759186,1.36474061012268,1.34724044799805,1.31705832481384,1.28459775447845
"2023-11-29",1.2395578622818,1.2422593832016,1.37752628326416,1.42440390586853,1.37189567089081,1.30496072769165,1.42738401889801,1.40596628189087,1.29546046257019,1.27764773368835,1.2187784910202,1.21170437335968,1.17435431480408,1.11965727806091,1.04712986946106,1.02202975749969,0.993707537651062,1.02547669410706,1.00867915153503,0.996683299541473,0.96923565864563,0.908929824829102,0.861290335655212,0.834790587425232,0.850332498550415,0.826678276062012,0.796825349330902,0.775287926197052,0.777219533920288,0.873264312744141,0.995103299617767,0.995994210243225,0.996623754501343,0.994465231895447,0.869257152080536,0.877764701843262,0.901541948318481,1.08072185516357,1.06115257740021,1.04199087619781,1.07610416412354,1.10634076595306,1.1195182800293,1.09854400157928,1.06869196891785,1.03725636005402
"2023-11-30",1.07714951038361,1.07696413993835,1.15829932689667,1.20002448558807,1.1742832660675,1.12573790550232,1.22519659996033,1.20198833942413,1.12322330474854,1.08953249454498,1.01076006889343,0.999670922756195,0.966250538825989,0.919180750846863,0.862854242324829,0.842812299728394,0.821335732936859,0.841703951358795,0.822710931301117,0.792983114719391,0.77327823638916,0.737315595149994,0.719952523708344,0.70111095905304,0.707023501396179,0.695256948471069,0.683948993682861,0.680225253105164,0.694566309452057,0.766292214393616,0.837266385555267,0.830182671546936,0.82137656211853,0.812741696834564,0.717042744159698,0.726552605628967,0.748409807682037,0.888826370239258,0.879838705062866,0.871257781982422,0.897128701210022,0.92056941986084,0.931979954242706,0.910604000091553,0.88487434387207,0.857933878898621
"2023-12-01",0.895978450775146,0.917763471603394,0.974879801273346,1.01575350761414,0.999280869960785,0.960790276527405,1.03785419464111,1.01363635063171,0.96155309677124,0.925485551357269,0.843050837516785,0.830892324447632,0.803386688232422,0.764760494232178,0.726013422012329,0.714062809944153,0.702582240104675,0.719774544239044,0.703837513923645,0.665975868701935,0.653866529464722,0.629611372947693,0.618964076042175,0.605240345001221,0.612747073173523,0.608435034751892,0.605994403362274,0.608483374118805,0.616868138313293,0.668367087841034,0.714602828025818,0.705358862876892,0.693310797214508,0.682697296142578,0.601579010486603,0.603560507297516,0.619750320911407,0.736167669296265,0.736375331878662,0.741985023021698,0.760757267475128,0.779322028160095,0.78980964422226,0.769370675086975,0.747189044952393,0.722988307476044
"2023-12-02",0.760432064533234,0.794793605804443,0.83562034368515,0.883802533149719,0.865624308586121,0.833046853542328,0.892064154148102,0.868036150932312,0.829521179199219,0.791558682918549,0.704019665718079,0.691177725791931,0.670932650566101,0.643657088279724,0.619271755218506,0.611114919185638,0.602630376815796,0.604930222034454,0.591733336448669,0.562314748764038,0.554407060146332,0.539170563220978,0.53491622209549,0.527190506458282,0.535828053951263,0.534291863441467,0.533027112483978,0.533233106136322,0.534492433071136,0.568574786186218,0.604661047458649,0.597791969776154,0.586658239364624,0.575762927532196,0.505533576011658,0.500397086143494,0.509498000144958,0.591116786003113,0.602459371089935,0.627160370349884,0.649037837982178,0.667170524597168,0.676310479640961,0.661879241466522,0.642745077610016,0.620169222354889
"2023-12-03",0.701961278915405,0.727626323699951,0.758586168289185,0.793375849723816,0.784886837005615,0.748804569244385,0.794273734092712,0.768410563468933,0.72147923707962,0.669490218162537,0.591227769851685,0.582395613193512,0.568058609962463,0.55106920003891,0.540306687355042,0.532620966434479,0.521849095821381,0.508263647556305,0.496682465076447,0.480181455612183,0.48000580072403,0.475501418113708,0.478370755910873,0.472384870052338,0.482778310775757,0.48058620095253,0.478241562843323,0.476501226425171,0.4748175740242,0.500373482704163,0.52752810716629,0.518175601959229,0.506811022758484,0.497647166252136,0.450523972511292,0.456256151199341,0.47209370136261,0.535026550292969,0.544312715530396,0.559476971626282,0.578942000865936,0.593856930732727,0.600385546684265,0.585035502910614,0.569223463535309,0.553107738494873
"2023-12-04",1.16150188446045,1.22157156467438,1.29000687599182,1.38593196868896,1.37294411659241,1.20287704467773,1.29328835010529,1.14812541007996,1.10871136188507,1.12506127357483,0.974259614944458,1.04826378822327,0.988223314285278,0.934037804603577,0.960845172405243,0.906173706054688,0.861228406429291,0.883690476417542,0.847305476665497,0.825795769691467,0.79796439409256,0.764961540699005,0.836264848709106,0.797382771968842,0.909706890583038,0.830788195133209,0.746098577976227,0.677320778369904,0.648451030254364,0.788014769554138,0.904159605503082,0.88015204668045,0.872801721096039,0.870193362236023,0.887476086616516,0.830443799495697,0.794890344142914,0.87724369764328,0.881950736045837,0.864588618278503,0.871543765068054,0.868999063968658,0.868681311607361,0.803833246231079,0.783544778823853,0.775591731071472
"2023-12-05",1.44753038883209,1.4793872833252,1.52670645713806,1.59692311286926,1.48639869689941,1.35186338424683,1.39628314971924,1.35024857521057,1.32315897941589,1.29703736305237,1.23952651023865,1.25660026073456,1.22494828701019,1.18360435962677,1.15320920944214,1.12220752239227,1.08147048950195,1.04049289226532,1.00512373447418,0.960180878639221,0.950356602668762,0.93445485830307,0.99361789226532,0.962737321853638,0.992720544338226,0.94256329536438,0.885221004486084,0.859807312488556,0.882790625095367,1.0585834980011,1.17727875709534,1.18346953392029,1.18587899208069,1.1815322637558,1.02660369873047,0.982767581939697,0.958799540996552,1.07298958301544,1.05200791358948,1.02920293807983,1.04176139831543,1.04450798034668,1.0419203042984,0.977766931056976,0.949435234069824,0.925021350383759
"2023-12-06",1.22780013084412,1.22136735916138,1.24374508857727,1.2785964012146,1.21536242961884,1.14817893505096,1.19543242454529,1.17829918861389,1.13873529434204,1.10637974739075,1.04397177696228,1.04267477989197,1.02357709407806,0.99687933921814,0.968897938728333,0.947424471378326,0.916218638420105,0.861039638519287,0.83805501461029,0.804299294948578,0.804636299610138,0.797166407108307,0.810794711112976,0.790390968322754,0.793498873710632,0.787164926528931,0.787981152534485,0.803262948989868,0.842523872852325,0.94642186164856,1.0180127620697,1.00450456142426,0.98689216375351,0.969884812831879,0.81863683462143,0.800253391265869,0.803219974040985,0.895879566669464,0.882552742958069,0.864936947822571,0.881278932094574,0.891216456890106,0.893527626991272,0.851240396499634,0.825958132743835,0.802679240703583
"2023-12-07",1.05075824260712,1.04806578159332,1.08426678180695,1.11080455780029,1.07461094856262,1.02580285072327,1.0793731212616,1.07221269607544,1.00454664230347,0.967120170593262,0.898459076881409,0.885734915733337,0.872627556324005,0.853604793548584,0.828858375549316,0.81375926733017,0.790502190589905,0.740183413028717,0.721457421779633,0.688908338546753,0.69160658121109,0.687880516052246,0.687171995639801,0.678983449935913,0.692480564117432,0.698471248149872,0.71140855550766,0.726892471313477,0.751167714595795,0.808130979537964,0.854310989379883,0.839400470256805,0.819718778133392,0.802421569824219,0.686497092247009,0.67702966928482,0.684035778045654,0.755369424819946,0.750530421733856,0.735323548316956,0.75253826379776,0.76552551984787,0.77049446105957,0.743566453456879,0.723366379737854,0.703118681907654
"2023-12-08",0.927015423774719,0.926976680755615,0.961577296257019,0.987419605255127,0.958253085613251,0.921207427978516,0.976828336715698,0.97879147529602,0.887866079807281,0.853660941123962,0.784449458122253,0.766030669212341,0.755045711994171,0.739265143871307,0.717539370059967,0.705523073673248,0.687249779701233,0.646003425121307,0.630039989948273,0.60320258140564,0.607248842716217,0.606814503669739,0.607298016548157,0.60389232635498,0.622082233428955,0.628745377063751,0.640081644058228,0.651607751846313,0.662747025489807,0.691302478313446,0.721360564231873,0.708558082580566,0.691597759723663,0.676954388618469,0.593216180801392,0.588448405265808,0.596486806869507,0.651330411434174,0.65049159526825,0.639870643615723,0.655399858951569,0.667654752731323,0.673910200595856,0.654505670070648,0.638298809528351,0.621906340122223
"2023-12-09",0.83602911233902,0.838728070259094,0.871527910232544,0.895964860916138,0.870444774627686,0.836657226085663,0.896220326423645,0.892347872257233,0.797444403171539,0.765062093734741,0.700832605361938,0.683468759059906,0.672499060630798,0.656748354434967,0.633614540100098,0.623022198677063,0.607298076152802,0.573561251163483,0.563787698745728,0.54482901096344,0.549266278743744,0.5504030585289,0.554419875144958,0.552301645278931,0.573309302330017,0.577456474304199,0.58292692899704,0.58865237236023,0.589092135429382,0.60245954990387,0.625765085220337,0.615076661109924,0.601262629032135,0.589544236660004,0.525199413299561,0.524075150489807,0.532938957214355,0.581463098526001,0.580774486064911,0.572733581066132,0.586223602294922,0.597075819969177,0.602945983409882,0.585874617099762,0.572072803974152,0.558234572410583
"2023-12-10",0.770544111728668,0.774033665657043,0.805559277534485,0.831833481788635,0.810513615608215,0.779021322727203,0.836418628692627,0.825934886932373,0.73362147808075,0.693928956985474,0.630993902683258,0.61286336183548,0.603203773498535,0.588837385177612,0.565285503864288,0.557817995548248,0.546358168125153,0.518250405788422,0.510533213615417,0.49358794093132,0.498792439699173,0.501617789268494,0.50553947687149,0.504628479480743,0.524846494197845,0.525986790657043,0.52639764547348,0.525668323040009,0.522172331809998,0.528291642665863,0.547497093677521,0.54012256860733,0.530133426189423,0.521645426750183,0.47488397359848,0.474824249744415,0.482758820056915,0.520229578018188,0.520992040634155,0.513569235801697,0.525223672389984,0.535795331001282,0.541486501693726,0.529530107975006,0.517425119876862,0.504758536815643
"2023-12-11",1.02287316322327,1.03078961372375,1.05201840400696,1.1010844707489,1.13282585144043,1.07040202617645,1.20385026931763,1.1602281332016,1.04439449310303,1.02747464179993,0.966955363750458,0.989427268505096,0.96100127696991,0.921530365943909,0.901909470558167,0.877498388290405,0.852672576904297,0.846658945083618,0.846430897712708,0.866974949836731,0.842397212982178,0.789006471633911,0.741602122783661,0.729965329170227,0.84426999092102,0.811347186565399,0.774347424507141,0.731733679771423,0.724520564079285,0.796486854553223,0.888318061828613,0.861427068710327,0.849293828010559,0.845361828804016,0.872496426105499,0.814958035945892,0.788375735282898,0.836595475673676,0.845546901226044,0.792221367359161,0.796715557575226,0.787549257278442,0.770949482917786,0.70399671792984,0.68802809715271,0.680776417255402
"2023-12-12",1.15633952617645,1.16686582565308,1.25041055679321,1.27404308319092,1.24244427680969,1.20281457901001,1.36773920059204,1.38557314872742,1.26728177070618,1.22221052646637,1.1917405128479,1.21450519561768,1.18587231636047,1.14373326301575,1.09181189537048,1.07362389564514,1.06136977672577,1.08471083641052,1.0680410861969,1.04741513729095,1.01902794837952,0.956445217132568,0.866082787513733,0.869942009449005,0.981022894382477,0.967544674873352,0.966584146022797,0.970106661319733,0.982341766357422,1.03547298908234,1.11831974983215,1.12309789657593,1.12918126583099,1.1323459148407,1.02895522117615,1.00423979759216,0.993968546390533,1.07456624507904,1.03479695320129,0.944196462631226,0.955027639865875,0.953919351100922,0.944552421569824,0.852515935897827,0.828725934028625,0.807780206203461
"2023-12-13",1.00326073169708,1.02125668525696,1.09097051620483,1.12303996086121,1.07998645305634,1.05924594402313,1.20783066749573,1.22152233123779,1.12974965572357,1.07114446163177,1.01012361049652,1.0137745141983,0.995103895664215,0.967925310134888,0.930826365947723,0.920715749263763,0.912147641181946,0.911517083644867,0.885400176048279,0.846432089805603,0.827933967113495,0.793452560901642,0.7536301612854,0.755769371986389,0.819179177284241,0.821178674697876,0.841098666191101,0.853450179100037,0.857258141040802,0.888664662837982,0.953591227531433,0.948253333568573,0.941291809082031,0.934931635856628,0.818543374538422,0.808666110038757,0.810644090175629,0.875040471553802,0.846805155277252,0.787138938903809,0.800374746322632,0.808961868286133,0.809881627559662,0.755453765392303,0.734644711017609,0.715039372444153
"2023-12-14",0.897310018539429,0.909231603145599,0.962745428085327,0.996966898441315,0.968847393989563,0.951276898384094,1.10631847381592,1.13214218616486,1.04434442520142,0.971017003059387,0.885514795780182,0.873970806598663,0.859407365322113,0.838073968887329,0.815676689147949,0.807222723960876,0.794892430305481,0.772211313247681,0.750920534133911,0.712572872638702,0.700060427188873,0.67821455001831,0.670113265514374,0.671204507350922,0.720893919467926,0.719341516494751,0.719579935073853,0.718433380126953,0.719540238380432,0.763825178146362,0.815861642360687,0.806212067604065,0.793095827102661,0.781810522079468,0.67793881893158,0.673328161239624,0.677502691745758,0.736768901348114,0.715880811214447,0.680159687995911,0.690485239028931,0.697161555290222,0.699175596237183,0.67222672700882,0.655707776546478,0.639350473880768
"2023-12-15",0.824765801429749,0.829018175601959,0.866811633110046,0.896932244300842,0.878290057182312,0.860811471939087,1.03305459022522,1.06588387489319,0.985196590423584,0.894891440868378,0.787038207054138,0.764044642448425,0.753553628921509,0.73797881603241,0.718055009841919,0.710898876190186,0.699134588241577,0.669842064380646,0.648963451385498,0.603285312652588,0.598737299442291,0.590664148330688,0.601192057132721,0.598690688610077,0.630569875240326,0.625344038009644,0.618999719619751,0.613547623157501,0.612962126731873,0.652201235294342,0.695528864860535,0.685710668563843,0.67274683713913,0.661550641059875,0.572896957397461,0.566623032093048,0.570396900177002,0.617113769054413,0.608414530754089,0.593397557735443,0.605540931224823,0.614795923233032,0.618327677249908,0.60198312997818,0.588952243328094,0.575694561004639
"2023-12-16",0.793618440628052,0.790631115436554,0.813099443912506,0.831701457500458,0.814133286476135,0.798846662044525,0.970161736011505,1.00856900215149,0.960148334503174,0.876243591308594,0.739013910293579,0.697010397911072,0.687154412269592,0.672361671924591,0.644504427909851,0.636903762817383,0.626281976699829,0.594432711601257,0.580410003662109,0.537859678268433,0.537690758705139,0.534491002559662,0.543321073055267,0.539420068264008,0.559542417526245,0.555764555931091,0.551512718200684,0.547951340675354,0.547990620136261,0.571092367172241,0.602756500244141,0.594336748123169,0.583181619644165,0.573557913303375,0.504264831542969,0.498718231916428,0.503205001354218,0.543959021568298,0.5411057472229,0.53229695558548,0.544550657272339,0.554299294948578,0.55752694606781,0.545150399208069,0.534354567527771,0.523662030696869
"2023-12-17",0.78166800737381,0.785934269428253,0.794333934783936,0.799477696418762,0.772983431816101,0.762330532073975,0.924270331859589,0.966962695121765,0.948509335517883,0.878604054450989,0.718543112277985,0.663104951381683,0.650688767433167,0.631815314292908,0.588506937026978,0.580803096294403,0.571419954299927,0.546661734580994,0.536429762840271,0.497923344373703,0.497645348310471,0.493973463773727,0.494192898273468,0.490761578083038,0.505258083343506,0.502828598022461,0.500106871128082,0.497554570436478,0.497347623109818,0.509262204170227,0.531453192234039,0.524673104286194,0.515673458576202,0.50796765089035,0.454141497612,0.449909895658493,0.454589575529099,0.490475624799728,0.490064710378647,0.483946800231934,0.495185643434525,0.504956185817719,0.508216381072998,0.497966289520264,0.488456010818481,0.479072749614716
"2023-12-18",0.982753396034241,1.01358509063721,1.10195922851562,1.17211937904358,1.2383975982666,1.16528725624084,1.33592915534973,1.36931824684143,1.32059979438782,1.25501775741577,1.05386400222778,1.05950355529785,1.02382493019104,0.968451976776123,0.93562912940979,0.901982665061951,0.87113082408905,0.889433741569519,0.869870364665985,0.843210697174072,0.841066181659698,0.819350838661194,0.762564480304718,0.740757048130035,0.817727088928223,0.782244980335236,0.738822937011719,0.696295320987701,0.680886745452881,0.73720246553421,0.81227695941925,0.795121252536774,0.799623548984528,0.809451460838318,0.857564628124237,0.801981687545776,0.765869498252869,0.804250121116638,0.813564598560333,0.778651237487793,0.785528838634491,0.777810215950012,0.753653109073639,0.701549530029297,0.688748002052307,0.68593019247055
"2023-12-19",1.13308238983154,1.13543653488159,1.37366104125977,1.40360426902771,1.41545069217682,1.36166369915009,1.58241605758667,1.72622799873352,1.6797559261322,1.56649732589722,1.28589916229248,1.26846265792847,1.23899853229523,1.19404792785645,1.14146637916565,1.11850786209106,1.09027779102325,1.09949731826782,1.08332872390747,1.06780970096588,1.06787741184235,1.03701102733612,0.913849174976349,0.890695869922638,0.949021875858307,0.920129358768463,0.878358602523804,0.86140102148056,0.860530018806458,0.929203689098358,1.02201199531555,1.03955161571503,1.06017100811005,1.0740270614624,0.994478166103363,0.973795115947723,0.954549968242645,1.02880537509918,0.998075306415558,0.942448794841766,0.948984861373901,0.9440016746521,0.931401014328003,0.878179430961609,0.859868586063385,0.843526601791382
"2023-12-20",1.09790253639221,1.06708145141602,1.25280165672302,1.25438892841339,1.20398986339569,1.17231070995331,1.37022197246552,1.50967478752136,1.50222849845886,1.41920757293701,1.14843702316284,1.11156249046326,1.08442938327789,1.04480576515198,0.995820999145508,0.976988732814789,0.95340359210968,0.94312047958374,0.927487730979919,0.916883707046509,0.90988165140152,0.878594756126404,0.787729680538177,0.766212463378906,0.77946138381958,0.768258273601532,0.754052937030792,0.753851592540741,0.760721921920776,0.820409119129181,0.900147795677185,0.901984691619873,0.90315443277359,0.90114289522171,0.786713540554047,0.774459004402161,0.775198698043823,0.852285325527191,0.835208177566528,0.792262196540833,0.803854405879974,0.811306953430176,0.813485980033875,0.782187700271606,0.765144050121307,0.748961567878723
"2023-12-21",1.04075908660889,0.994675695896149,1.11587417125702,1.10785579681396,1.04815852642059,1.0267561674118,1.19383251667023,1.31946444511414,1.31853294372559,1.2565883398056,1.02609646320343,0.993903517723083,0.964329957962036,0.923699021339417,0.876182973384857,0.858026027679443,0.835717558860779,0.827959656715393,0.817270815372467,0.806394457817078,0.79904317855835,0.768138468265533,0.694639623165131,0.675398349761963,0.682066798210144,0.675814986228943,0.668927252292633,0.670927047729492,0.678923666477203,0.72980010509491,0.789533495903015,0.783934712409973,0.77624922990799,0.768000602722168,0.663301348686218,0.651714503765106,0.65484207868576,0.728758275508881,0.719227492809296,0.694665014743805,0.706681847572327,0.714976608753204,0.718433022499084,0.696963727474213,0.68241149187088,0.668612480163574
"2023-12-22",0.974909424781799,0.944934725761414,1.01193594932556,1.01333737373352,0.957197785377502,0.94734400510788,1.10987639427185,1.17413699626923,1.11746549606323,1.09013760089874,0.912783443927765,0.885597109794617,0.856798887252808,0.816531419754028,0.770130634307861,0.75454568862915,0.735160112380981,0.733495235443115,0.725127935409546,0.712696194648743,0.70338237285614,0.672554135322571,0.612106204032898,0.597545862197876,0.605189144611359,0.60223400592804,0.599180042743683,0.603319346904755,0.610266804695129,0.645501554012299,0.689626455307007,0.682646155357361,0.673051178455353,0.663758635520935,0.577799439430237,0.568117916584015,0.572019755840302,0.631039321422577,0.628073215484619,0.614485323429108,0.626043558120728,0.635798275470734,0.640620052814484,0.625437378883362,0.612999022006989,0.600191414356232
"2023-12-23",0.922524094581604,0.91214644908905,0.959228813648224,0.970764219760895,0.927287757396698,0.91213595867157,1.04612994194031,1.04804217815399,0.958814144134521,0.916015625,0.805051445960999,0.792070627212524,0.763546288013458,0.723449051380157,0.678473949432373,0.665020167827606,0.648687124252319,0.645292222499847,0.637022793292999,0.630380153656006,0.616344034671783,0.585691571235657,0.543893814086914,0.534764170646667,0.546546697616577,0.544767677783966,0.54223358631134,0.54570996761322,0.549151360988617,0.571764290332794,0.606015920639038,0.59968638420105,0.591271162033081,0.58346164226532,0.513818800449371,0.506939768791199,0.511515915393829,0.560111284255981,0.559665143489838,0.550076484680176,0.56130862236023,0.571964204311371,0.577673733234406,0.565841734409332,0.554824233055115,0.543826282024384
"2023-12-24",0.877136707305908,0.874630510807037,0.910587072372437,0.928249955177307,0.886033177375793,0.854228973388672,0.951853156089783,0.940376162528992,0.83698046207428,0.794332265853882,0.709106981754303,0.70243376493454,0.677597880363464,0.64266973733902,0.59702855348587,0.586500108242035,0.57510256767273,0.573584854602814,0.566869378089905,0.557049751281738,0.54412829875946,0.518526315689087,0.491329550743103,0.486044317483902,0.500488936901093,0.498749822378159,0.496205568313599,0.496311604976654,0.496741563081741,0.513344824314117,0.539735674858093,0.533124387264252,0.523956537246704,0.516255974769592,0.463016480207443,0.460060030221939,0.466404795646667,0.508186280727386,0.50819993019104,0.500558316707611,0.511359453201294,0.521907567977905,0.527618050575256,0.518992304801941,0.506106615066528,0.495932906866074
"2023-12-25",1.05095732212067,1.09890365600586,1.23595297336578,1.30429887771606,1.29969763755798,1.16156399250031,1.2568690776825,1.21253800392151,1.06318783760071,1.04892086982727,0.993062615394592,1.06019377708435,1.031130194664,0.987731516361237,0.995575547218323,0.97379720211029,0.934190034866333,0.856197118759155,0.82101845741272,0.792891979217529,0.780447661876678,0.74817281961441,0.721661627292633,0.697383046150208,0.784024357795715,0.741807579994202,0.681722283363342,0.609232783317566,0.553631365299225,0.520034313201904,0.525927364826202,0.512761235237122,0.496737211942673,0.488581418991089,0.509699463844299,0.541735470294952,0.58826071023941,0.675420343875885,0.708212018013,0.716258108615875,0.745237112045288,0.770108461380005,0.776397287845612,0.737040758132935,0.727680027484894,0.709627032279968
"2023-12-26",1.25063157081604,1.25573420524597,1.47918605804443,1.51918423175812,1.42348623275757,1.31658124923706,1.37288653850555,1.35931658744812,1.21788322925568,1.19448173046112,1.21241974830627,1.25568985939026,1.24275350570679,1.225341796875,1.25791275501251,1.22424972057343,1.16560983657837,1.04179430007935,1.00102531909943,0.935302734375,0.922326445579529,0.884659767150879,0.808277547359467,0.795006275177002,0.889325141906738,0.835434854030609,0.740730702877045,0.639569342136383,0.562649846076965,0.498277753591537,0.490785002708435,0.487226158380508,0.484439045190811,0.487217605113983,0.626631796360016,0.697347521781921,0.765992164611816,0.888719141483307,0.905386686325073,0.878642737865448,0.905988693237305,0.933215916156769,0.948274493217468,0.944686591625214,0.930083692073822,0.898818373680115
"2023-12-27",1.17810726165771,1.16620421409607,1.3108891248703,1.33079838752747,1.23742485046387,1.16390371322632,1.21836888790131,1.22386980056763,1.11111831665039,1.08107590675354,1.06531286239624,1.0776823759079,1.06840670108795,1.0546008348465,1.06475126743317,1.03279519081116,0.982381224632263,0.887367427349091,0.8558030128479,0.810807168483734,0.7870774269104,0.74253237247467,0.685139119625092,0.668681144714355,0.694671154022217,0.64853572845459,0.581882774829865,0.521382808685303,0.48269647359848,0.44659498333931,0.436407417058945,0.444475919008255,0.457995772361755,0.473780661821365,0.637060046195984,0.693504571914673,0.735043287277222,0.821781873703003,0.817749321460724,0.762041211128235,0.784532070159912,0.809226632118225,0.825237512588501,0.845296561717987,0.827903926372528,0.78735363483429
"2023-12-28",1.08270978927612,1.06125128269196,1.17313766479492,1.18166673183441,1.10409784317017,1.04749238491058,1.11123156547546,1.13868761062622,1.03581237792969,0.988833904266357,0.945265352725983,0.94063526391983,0.931059956550598,0.917003154754639,0.912899732589722,0.888711750507355,0.848791480064392,0.76884913444519,0.744657754898071,0.71155172586441,0.690268218517303,0.649094641208649,0.592824816703796,0.576179802417755,0.563164293766022,0.53697669506073,0.498654395341873,0.463620007038116,0.441990971565247,0.416593313217163,0.409855633974075,0.425136089324951,0.448448777198792,0.473803728818893,0.598474383354187,0.638948142528534,0.66715270280838,0.733121991157532,0.726530909538269,0.664341270923615,0.683423519134521,0.705206334590912,0.72024929523468,0.748806238174438,0.73307603597641,0.695864796638489
"2023-12-29",0.987521350383759,0.969434022903442,1.06049585342407,1.06718790531158,1.00082993507385,0.959010660648346,1.03171300888062,1.07668685913086,0.987371504306793,0.910534203052521,0.844321310520172,0.831877827644348,0.82262909412384,0.807610213756561,0.791721820831299,0.774274706840515,0.744590699672699,0.682476878166199,0.661853909492493,0.634776175022125,0.614453673362732,0.576322257518768,0.523288428783417,0.507954657077789,0.488776743412018,0.471731275320053,0.447794526815414,0.426789194345474,0.414570093154907,0.394770622253418,0.396604657173157,0.411152243614197,0.432644724845886,0.454569548368454,0.5480095744133,0.579031944274902,0.600645661354065,0.654235482215881,0.646668434143066,0.586694657802582,0.602646768093109,0.621161937713623,0.634218335151672,0.664946138858795,0.656361520290375,0.630248785018921
"2023-12-30",0.907409906387329,0.891314029693604,0.973018825054169,0.976932406425476,0.922281861305237,0.892238438129425,0.973294258117676,1.03451597690582,0.954445064067841,0.846789717674255,0.752904653549194,0.73575347661972,0.726959705352783,0.71071183681488,0.685570240020752,0.669124901294708,0.642887711524963,0.597424745559692,0.583455204963684,0.572709262371063,0.552689433097839,0.516840994358063,0.469354689121246,0.455608785152435,0.431237369775772,0.420124113559723,0.406254649162292,0.395777016878128,0.391018897294998,0.37672570347786,0.385227769613266,0.397895038127899,0.415952861309052,0.432773798704147,0.502387821674347,0.525247931480408,0.541368067264557,0.585238695144653,0.578298926353455,0.52649462223053,0.539654970169067,0.554817736148834,0.56551468372345,0.5944544672966,0.592926979064941,0.580307483673096
"2023-12-31",0.837181091308594,0.813442349433899,0.902323961257935,0.895852625370026,0.849295973777771,0.827831029891968,0.913357853889465,0.983210444450378,0.914004147052765,0.803696513175964,0.674623608589172,0.646769344806671,0.637759923934937,0.619654655456543,0.588768720626831,0.575042188167572,0.555368602275848,0.530233263969421,0.522657513618469,0.522143840789795,0.503678679466248,0.469817250967026,0.427727073431015,0.41522204875946,0.394509494304657,0.386964976787567,0.379037916660309,0.374003291130066,0.371971547603607,0.362045139074326,0.377021878957748,0.387285649776459,0.401544213294983,0.413624048233032,0.442310661077499,0.455751657485962,0.46808585524559,0.518995702266693,0.515729546546936,0.483949422836304,0.495354235172272,0.507911503314972,0.516738295555115,0.537246465682983,0.530539631843567,0.516720771789551
"2024-01-01",0.758632779121399,0.73412549495697,0.805660486221313,0.794731020927429,0.745642960071564,0.734956502914429,0.816304564476013,0.874818444252014,0.817766427993774,0.737896800041199,0.600607633590698,0.57187819480896,0.560511529445648,0.544699907302856,0.52310174703598,0.517081320285797,0.505347549915314,0.492111653089523,0.484078943729401,0.468460291624069,0.454229533672333,0.425926864147186,0.389114379882812,0.379516124725342,0.368045449256897,0.363885253667831,0.358838140964508,0.354987382888794,0.352736085653305,0.346009284257889,0.363924473524094,0.369419544935226,0.375996589660645,0.380977481603622,0.391095280647278,0.401394426822662,0.414146721363068,0.460050165653229,0.460509121417999,0.444727689027786,0.457165271043777,0.470864742994308,0.479558825492859,0.489759981632233,0.480345994234085,0.466772228479385
"2024-01-02",0.704872965812683,0.691968202590942,0.744730532169342,0.741708874702454,0.692128896713257,0.680231153964996,0.753886461257935,0.79214596748352,0.730941295623779,0.670837998390198,0.548223495483398,0.51796019077301,0.50944185256958,0.497791051864624,0.485662877559662,0.484552681446075,0.481515467166901,0.476801693439484,0.463914752006531,0.421157091856003,0.410968661308289,0.389273762702942,0.356205642223358,0.348964244127274,0.341544657945633,0.339383453130722,0.336666852235794,0.334432184696198,0.332722783088684,0.326939076185226,0.340482413768768,0.343065589666367,0.346286326646805,0.348948389291763,0.358270704746246,0.368203461170197,0.380432546138763,0.418118953704834,0.42002272605896,0.409226834774017,0.421830058097839,0.435679227113724,0.444616913795471,0.454065769910812,0.44651859998703,0.434433251619339
"2024-01-03",0.658345937728882,0.649422466754913,0.708349764347076,0.708101809024811,0.660384893417358,0.645485520362854,0.710178673267365,0.742408871650696,0.685958087444305,0.626392066478729,0.504885613918304,0.473418563604355,0.466986417770386,0.457788467407227,0.450158506631851,0.450307965278625,0.449789881706238,0.448833465576172,0.431683361530304,0.385624825954437,0.376186728477478,0.358409523963928,0.331821262836456,0.326103299856186,0.321735769510269,0.320489197969437,0.31888622045517,0.317321002483368,0.315832406282425,0.310682386159897,0.320700198411942,0.322628200054169,0.325017392635345,0.327090501785278,0.337891221046448,0.347370594739914,0.359028309583664,0.393218487501144,0.395129859447479,0.38248085975647,0.393809884786606,0.407011568546295,0.415865778923035,0.428113669157028,0.422013521194458,0.410867810249329
"2024-01-04",0.629567742347717,0.629428744316101,0.691360414028168,0.694401681423187,0.649196088314056,0.633026838302612,0.699736714363098,0.718810677528381,0.654863119125366,0.595330357551575,0.468812197446823,0.435827076435089,0.4318767786026,0.423701077699661,0.416289508342743,0.415852904319763,0.414022564888,0.410413205623627,0.394636332988739,0.357140451669693,0.348273932933807,0.333202034235001,0.311682015657425,0.307110548019409,0.303768813610077,0.303575754165649,0.302943646907806,0.30185204744339,0.300489544868469,0.295767605304718,0.303206861019135,0.30349862575531,0.303621232509613,0.305045425891876,0.320012003183365,0.32992559671402,0.341238021850586,0.373543590307236,0.374435693025589,0.361340284347534,0.372322201728821,0.384905695915222,0.393190503120422,0.406776040792465,0.400549530982971,0.387901067733765
"2024-01-05",0.603131651878357,0.607704043388367,0.661750972270966,0.672897040843964,0.631674289703369,0.61523175239563,0.68074643611908,0.665186762809753,0.58709979057312,0.525610566139221,0.418862640857697,0.396628499031067,0.393759965896606,0.388348758220673,0.38343471288681,0.379184126853943,0.371740937232971,0.361456841230392,0.345475792884827,0.323015660047531,0.315370887517929,0.304518967866898,0.292651265859604,0.289229869842529,0.287194818258286,0.287104517221451,0.286852717399597,0.285780519247055,0.284117370843887,0.280086517333984,0.283846646547318,0.28407433629036,0.284863442182541,0.286452442407608,0.302848279476166,0.311665654182434,0.320874333381653,0.353505462408066,0.353207468986511,0.343918561935425,0.356699883937836,0.370164930820465,0.37839862704277,0.385348796844482,0.374546200037003,0.36065074801445
"2024-01-06",0.563019692897797,0.594033479690552,0.610308885574341,0.636842668056488,0.618311822414398,0.599230706691742,0.624396681785583,0.575048446655273,0.497938275337219,0.433651477098465,0.362402200698853,0.350745052099228,0.351752579212189,0.351345330476761,0.34679251909256,0.338582903146744,0.326323240995407,0.31031933426857,0.300644993782043,0.287188470363617,0.284928441047668,0.280780434608459,0.275956869125366,0.273658096790314,0.273175418376923,0.272217750549316,0.270938605070114,0.269753307104111,0.268681645393372,0.266860693693161,0.271116673946381,0.2725870013237,0.274693638086319,0.277000784873962,0.291744828224182,0.299447059631348,0.307544589042664,0.336332023143768,0.335989683866501,0.338259816169739,0.347581058740616,0.355209201574326,0.360614210367203,0.344113886356354,0.335777640342712,0.329092592000961
"2024-01-07",0.513975381851196,0.549829244613647,0.555211186408997,0.583631873130798,0.57439923286438,0.542784452438354,0.530932486057281,0.483335137367249,0.421913027763367,0.371353983879089,0.330454707145691,0.320317268371582,0.323443084955215,0.325008779764175,0.316216737031937,0.309046685695648,0.29911395907402,0.28043070435524,0.276094257831573,0.265414118766785,0.266333669424057,0.265364587306976,0.261643588542938,0.259714812040329,0.259173095226288,0.2586490213871,0.258014768362045,0.257696449756622,0.257698506116867,0.257495939731598,0.261778116226196,0.263965666294098,0.266878426074982,0.269722074270248,0.281673222780228,0.287180304527283,0.292204290628433,0.32296022772789,0.319330126047134,0.3238645195961,0.326491415500641,0.327014148235321,0.327831298112869,0.309008121490479,0.302730917930603,0.2987220287323
"2024-01-08",1.05265045166016,1.16795694828033,1.22423219680786,1.3935455083847,1.34520936012268,1.14484333992004,1.14401602745056,1.11853694915771,1.05484235286713,1.03273868560791,0.88767808675766,0.96206659078598,0.894089579582214,0.826005518436432,0.796935439109802,0.769867718219757,0.73960530757904,0.743443846702576,0.695602178573608,0.723160088062286,0.676277935504913,0.616133391857147,0.648791313171387,0.599321126937866,0.701270520687103,0.63055282831192,0.553799390792847,0.482598662376404,0.454731076955795,0.576218843460083,0.70199978351593,0.656565427780151,0.625433385372162,0.609215617179871,0.596571326255798,0.564132332801819,0.550432026386261,0.680355072021484,0.680805683135986,0.701070547103882,0.679459095001221,0.648266613483429,0.629093885421753,0.52009904384613,0.504961431026459,0.504385888576508
"2024-01-09",1.37103617191315,1.50635385513306,1.70997381210327,1.86568224430084,1.77433395385742,1.5515239238739,1.57442331314087,1.56650519371033,1.49916934967041,1.42153525352478,1.30038809776306,1.30766844749451,1.25862264633179,1.1978178024292,1.14003729820251,1.10777819156647,1.06095933914185,0.992367446422577,0.941243588924408,0.894323468208313,0.853475511074066,0.804566919803619,0.824396193027496,0.791686236858368,0.822879374027252,0.768682777881622,0.712890446186066,0.693291127681732,0.712327063083649,0.90327513217926,0.99120819568634,0.963998794555664,0.929045379161835,0.900037527084351,0.754364907741547,0.747357070446014,0.761201620101929,0.948803901672363,0.914433121681213,0.914849996566772,0.891667008399963,0.861470222473145,0.840552926063538,0.739739537239075,0.715886414051056,0.69734662771225
"2024-01-10",1.34712362289429,1.42235469818115,1.53051424026489,1.60840225219727,1.49654126167297,1.35516357421875,1.40670526027679,1.38516533374786,1.31379961967468,1.2408185005188,1.11991667747498,1.10077905654907,1.07293438911438,1.03371238708496,0.974931240081787,0.940919876098633,0.892733812332153,0.801462650299072,0.7687948346138,0.711682796478271,0.70032387971878,0.680938363075256,0.676499307155609,0.659043312072754,0.670864999294281,0.666989147663116,0.668998420238495,0.679799020290375,0.695915460586548,0.796998977661133,0.844934403896332,0.820081949234009,0.789992570877075,0.767138481140137,0.666984498500824,0.668343305587769,0.678357481956482,0.793629169464111,0.767725348472595,0.754603445529938,0.75036484003067,0.741607248783112,0.735182881355286,0.685967147350311,0.663058876991272,0.64177930355072
"2024-01-11",1.27620041370392,1.31701278686523,1.34334945678711,1.38858067989349,1.28469634056091,1.19071793556213,1.26634299755096,1.23991465568542,1.16203629970551,1.09774601459503,0.981574416160583,0.958705067634583,0.934856534004211,0.898701369762421,0.832340836524963,0.802781701087952,0.761982560157776,0.683562815189362,0.661484062671661,0.615882515907288,0.611099123954773,0.600508272647858,0.596884429454803,0.591820001602173,0.619552373886108,0.621519207954407,0.625585198402405,0.63021183013916,0.633947610855103,0.690590143203735,0.730706930160522,0.715912282466888,0.697000741958618,0.681715607643127,0.597852945327759,0.592862784862518,0.596408903598785,0.678565800189972,0.665887176990509,0.658909916877747,0.663760781288147,0.66416072845459,0.662729501724243,0.629860281944275,0.608824968338013,0.586676239967346
"2024-01-12",1.14112782478333,1.15130949020386,1.18172693252563,1.21722638607025,1.15013575553894,1.0782881975174,1.1556384563446,1.14283537864685,1.05825996398926,0.996323883533478,0.881744921207428,0.850041210651398,0.82928204536438,0.796588182449341,0.727712452411652,0.70466935634613,0.673088908195496,0.606519103050232,0.58888441324234,0.549664974212646,0.549143254756927,0.544814825057983,0.546549737453461,0.544431090354919,0.570789039134979,0.571410536766052,0.57232391834259,0.573137283325195,0.573419272899628,0.608730435371399,0.645645678043365,0.636912941932678,0.624997973442078,0.614399433135986,0.540599524974823,0.532148718833923,0.532800018787384,0.593271732330322,0.589126765727997,0.588490724563599,0.597618162631989,0.603097856044769,0.603961884975433,0.580092430114746,0.56174647808075,0.541328072547913
"2024-01-13",1.01716554164886,1.01196920871735,1.0517213344574,1.07838034629822,1.03303277492523,0.97936487197876,1.05545115470886,1.07381677627563,0.998857736587524,0.923611402511597,0.806785643100739,0.770375609397888,0.749885439872742,0.717985928058624,0.649745225906372,0.630144655704498,0.604056477546692,0.550655961036682,0.535428524017334,0.501710891723633,0.502856254577637,0.501625239849091,0.50631195306778,0.504597127437592,0.525609314441681,0.525430023670197,0.525056719779968,0.524610221385956,0.525334060192108,0.548400402069092,0.579750895500183,0.573522090911865,0.564947247505188,0.556993722915649,0.493791371583939,0.484450280666351,0.483261317014694,0.530682027339935,0.530592143535614,0.53308779001236,0.543777287006378,0.552020907402039,0.554206609725952,0.535924077033997,0.520467817783356,0.503018260002136
"2024-01-14",0.908099949359894,0.904336214065552,0.943072319030762,0.965810835361481,0.926876723766327,0.883564710617065,0.952927052974701,0.992175340652466,0.932208895683289,0.864784598350525,0.740042746067047,0.704385161399841,0.684966921806335,0.654566466808319,0.584618031978607,0.566602945327759,0.54369056224823,0.499801695346832,0.487604856491089,0.463418215513229,0.465478897094727,0.466282695531845,0.472216010093689,0.47053536772728,0.485265612602234,0.484721273183823,0.483992129564285,0.483960300683975,0.485763758420944,0.500408828258514,0.525589942932129,0.520871996879578,0.514241099357605,0.50815486907959,0.453076988458633,0.443700432777405,0.441918939352036,0.482221752405167,0.484759330749512,0.488582640886307,0.498930931091309,0.507928371429443,0.511411666870117,0.497099816799164,0.484045386314392,0.469296336174011
"2024-01-15",1.01325154304504,1.04831445217133,1.08484411239624,1.14075040817261,1.14285778999329,1.04721903800964,1.15806841850281,1.16459119319916,1.17059826850891,1.17030453681946,1.02296531200409,1.02449762821198,0.967334508895874,0.876451432704926,0.79224020242691,0.748258411884308,0.708844304084778,0.733858644962311,0.704963624477386,0.748473107814789,0.713118195533752,0.654490172863007,0.677830219268799,0.64065819978714,0.74895179271698,0.699153363704681,0.64114511013031,0.58294403553009,0.56797593832016,0.662259221076965,0.783631324768066,0.75774347782135,0.749912023544312,0.74852454662323,0.705382585525513,0.659273862838745,0.646902978420258,0.752196907997131,0.764357566833496,0.760057151317596,0.754872262477875,0.730560779571533,0.717824637889862,0.633182168006897,0.614980101585388,0.607331991195679
"2024-01-16",1.09871184825897,1.11860847473145,1.21884632110596,1.25754857063293,1.20726263523102,1.13564825057983,1.28960561752319,1.27782464027405,1.27494931221008,1.28369402885437,1.1739239692688,1.17993903160095,1.10356020927429,0.994410514831543,0.862439095973969,0.82719349861145,0.788297891616821,0.836358547210693,0.793727874755859,0.81385087966919,0.760984241962433,0.69310873746872,0.7136270403862,0.694510698318481,0.786855101585388,0.74836403131485,0.697579979896545,0.66298109292984,0.670695185661316,0.819727420806885,0.955518364906311,0.958511292934418,0.96115517616272,0.958524942398071,0.812401175498962,0.783522665500641,0.782384812831879,0.942741215229034,0.913716673851013,0.91184389591217,0.906896591186523,0.889565706253052,0.875327110290527,0.77987265586853,0.753108501434326,0.73383617401123
"2024-01-17",0.99052894115448,1.00439631938934,1.07261645793915,1.10411405563354,1.06636071205139,1.0221883058548,1.13588571548462,1.10879814624786,1.07870709896088,1.05985903739929,0.968841135501862,0.9694864153862,0.916382074356079,0.839060425758362,0.727270424365997,0.698836624622345,0.666294038295746,0.662604331970215,0.637066781520844,0.62150901556015,0.609456300735474,0.593856990337372,0.607936203479767,0.599452197551727,0.631350994110107,0.623592615127563,0.617053925991058,0.621450424194336,0.653408527374268,0.759241580963135,0.843819856643677,0.836445510387421,0.826248526573181,0.81536054611206,0.689347267150879,0.677032053470612,0.681488931179047,0.785410702228546,0.773521721363068,0.769506096839905,0.776634752750397,0.777293622493744,0.77507746219635,0.722242832183838,0.698416829109192,0.67631459236145
"2024-01-18",0.846170902252197,0.876378536224365,0.91334056854248,0.964841723442078,0.948480844497681,0.901688396930695,0.989887237548828,0.96130108833313,0.921299815177917,0.889877676963806,0.813166379928589,0.813589572906494,0.77899181842804,0.725783169269562,0.632002770900726,0.609072864055634,0.583105504512787,0.562285721302032,0.550611853599548,0.537258505821228,0.536320328712463,0.533540904521942,0.539976060390472,0.535604536533356,0.553427815437317,0.556432485580444,0.563488483428955,0.575609922409058,0.601290941238403,0.677734851837158,0.735205829143524,0.726990401744843,0.715329587459564,0.70427006483078,0.603748083114624,0.590801060199738,0.592713177204132,0.667657017707825,0.666517972946167,0.668901085853577,0.680050492286682,0.688536822795868,0.691476821899414,0.659277379512787,0.639328002929688,0.618699073791504
"2024-01-19",0.713432013988495,0.744781255722046,0.778749465942383,0.821079850196838,0.823087573051453,0.784088969230652,0.849700808525085,0.83096718788147,0.800463795661926,0.762080669403076,0.697782278060913,0.690672218799591,0.66307520866394,0.623584628105164,0.553362905979156,0.536060988903046,0.516818463802338,0.495256155729294,0.489767462015152,0.484025597572327,0.487515985965729,0.489342004060745,0.497170478105545,0.496602028608322,0.514505386352539,0.520679414272308,0.531599938869476,0.544998288154602,0.559547364711761,0.611472308635712,0.648663103580475,0.638262391090393,0.62439614534378,0.612344622612,0.538119554519653,0.531416833400726,0.535326719284058,0.592855393886566,0.5926433801651,0.602680504322052,0.613420844078064,0.620575308799744,0.622546911239624,0.600754201412201,0.584812641143799,0.568728864192963
"2024-01-20",0.658337593078613,0.685373663902283,0.727181315422058,0.758784234523773,0.765591323375702,0.729480147361755,0.762041091918945,0.751845836639404,0.721480846405029,0.680005133152008,0.61524099111557,0.601209580898285,0.582278728485107,0.55464780330658,0.499068647623062,0.487857162952423,0.475380659103394,0.458520114421844,0.455850481987,0.453440934419632,0.457845360040665,0.461018264293671,0.472669422626495,0.473126471042633,0.497751832008362,0.502832651138306,0.510635197162628,0.518565893173218,0.525233745574951,0.553721368312836,0.577388763427734,0.567893326282501,0.555573046207428,0.545348823070526,0.493235230445862,0.490113884210587,0.494829505681992,0.544355690479279,0.542486786842346,0.548045516014099,0.557502686977386,0.563973605632782,0.566025614738464,0.549018085002899,0.536005258560181,0.52342677116394
"2024-01-21",0.631801426410675,0.653416931629181,0.700344145298004,0.72773015499115,0.729551494121552,0.702104389667511,0.723644852638245,0.71751880645752,0.685024738311768,0.642404139041901,0.566746234893799,0.543413877487183,0.530271887779236,0.509800732135773,0.464450567960739,0.455743193626404,0.445832014083862,0.431162625551224,0.428859710693359,0.423711031675339,0.428780198097229,0.433039158582687,0.446934014558792,0.447622239589691,0.470967650413513,0.474095642566681,0.478671044111252,0.483059465885162,0.486609071493149,0.500902771949768,0.518963038921356,0.512518525123596,0.503884255886078,0.496495455503464,0.456408143043518,0.452987611293793,0.455816626548767,0.495315134525299,0.494812786579132,0.496967792510986,0.507305383682251,0.515165388584137,0.517886459827423,0.504693269729614,0.493562936782837,0.482253819704056
"2024-01-22",1.0369518995285,1.0769556760788,1.07869350910187,1.11631000041962,1.12635624408722,1.0547833442688,1.19345557689667,1.30624043941498,1.28094387054443,1.1704910993576,1.03983020782471,1.09575295448303,1.01235616207123,0.914864540100098,0.81598037481308,0.760396838188171,0.713241338729858,0.765764534473419,0.753492832183838,0.792651295661926,0.773344159126282,0.721214413642883,0.71314013004303,0.683531045913696,0.766562104225159,0.722512781620026,0.685364484786987,0.643456995487213,0.637689054012299,0.709368467330933,0.796045422554016,0.764844298362732,0.754589259624481,0.754432320594788,0.73551607131958,0.687209963798523,0.648772835731506,0.731030941009521,0.738889813423157,0.721750974655151,0.722810983657837,0.70529168844223,0.685034811496735,0.615698933601379,0.599663019180298,0.59300696849823
"2024-01-23",1.2813982963562,1.2988668680191,1.36497783660889,1.38867330551147,1.34404158592224,1.32777547836304,1.57525134086609,1.69250273704529,1.62232613563538,1.51760387420654,1.34394669532776,1.35762333869934,1.282674908638,1.16605055332184,0.985146462917328,0.938270211219788,0.892017424106598,0.939218103885651,0.935438096523285,0.958277702331543,0.932748019695282,0.868453502655029,0.808801651000977,0.790960788726807,0.853667616844177,0.825740575790405,0.788963615894318,0.761889398097992,0.763538002967834,0.855317771434784,0.969677209854126,0.973455727100372,0.976055443286896,0.974027216434479,0.841622769832611,0.803879737854004,0.777768135070801,0.869126915931702,0.854695439338684,0.833076417446136,0.834512948989868,0.822212219238281,0.807638049125671,0.730026125907898,0.706590294837952,0.687802374362946
"2024-01-24",1.17834687232971,1.17521667480469,1.27421569824219,1.2811416387558,1.2528555393219,1.2482203245163,1.45315396785736,1.50341892242432,1.38977825641632,1.29617738723755,1.13031530380249,1.11747348308563,1.06142723560333,0.976445615291595,0.842070698738098,0.810055017471313,0.777056217193604,0.800458669662476,0.791234612464905,0.771678566932678,0.763386607170105,0.735920488834381,0.69694721698761,0.688898980617523,0.715223968029022,0.707336902618408,0.697044491767883,0.696783065795898,0.707656681537628,0.764603674411774,0.852184891700745,0.849905610084534,0.844308495521545,0.83715009689331,0.715276420116425,0.693672895431519,0.68807977437973,0.74461179971695,0.737293601036072,0.71112734079361,0.722513973712921,0.729049324989319,0.728460311889648,0.675668776035309,0.655121028423309,0.636079668998718
"2024-01-25",1.09571480751038,1.0859546661377,1.18499219417572,1.1923291683197,1.17303693294525,1.15191805362701,1.30431222915649,1.31061136722565,1.19329929351807,1.11592578887939,0.967875480651855,0.947422862052917,0.904088735580444,0.839417517185211,0.735973119735718,0.712856531143188,0.689257800579071,0.691451728343964,0.683517813682556,0.659726917743683,0.658435583114624,0.647253334522247,0.623371839523315,0.617803871631622,0.633486092090607,0.632278800010681,0.63139820098877,0.639381766319275,0.6514652967453,0.687216460704803,0.749284982681274,0.74440586566925,0.736686944961548,0.728965997695923,0.630667805671692,0.615844428539276,0.614799618721008,0.658183157444,0.653083980083466,0.626558423042297,0.64013147354126,0.652831435203552,0.65863436460495,0.62163633108139,0.60408228635788,0.587521314620972
"2024-01-26",1.0164783000946,1.00509190559387,1.09692049026489,1.10459935665131,1.08597493171692,1.0535546541214,1.16471755504608,1.16477727890015,1.0455127954483,0.971862554550171,0.841196298599243,0.818940281867981,0.784703612327576,0.734203934669495,0.653501808643341,0.636567234992981,0.620962500572205,0.608239889144897,0.60218995809555,0.583260774612427,0.584994733333588,0.580901503562927,0.566709578037262,0.562606275081635,0.574992299079895,0.576250314712524,0.579277813434601,0.589131474494934,0.598671436309814,0.618320405483246,0.663237035274506,0.658217012882233,0.650753557682037,0.643562495708466,0.565092623233795,0.554551184177399,0.555688202381134,0.589091897010803,0.585810899734497,0.560987234115601,0.573212206363678,0.586211204528809,0.59380841255188,0.575909316539764,0.556696176528931,0.542971909046173
"2024-01-27",0.930784583091736,0.924615979194641,1.00752460956573,1.01686525344849,0.994720458984375,0.958399772644043,1.05091273784637,1.051438331604,0.938708782196045,0.868369817733765,0.748875617980957,0.724084615707397,0.696048617362976,0.654708862304688,0.589070439338684,0.575422585010529,0.562472224235535,0.547295987606049,0.542773306369781,0.527304708957672,0.530848562717438,0.530831575393677,0.522489130496979,0.519660413265228,0.532095968723297,0.534028649330139,0.538960754871368,0.546331822872162,0.551061749458313,0.560806632041931,0.595279693603516,0.590800166130066,0.584186315536499,0.577894270420074,0.514841437339783,0.507179021835327,0.50949490070343,0.538652539253235,0.535138070583344,0.509649276733398,0.52106386423111,0.533238887786865,0.540548861026764,0.531130850315094,0.514555513858795,0.503860712051392
"2024-01-28",0.859730422496796,0.859057068824768,0.928070485591888,0.940717697143555,0.918747365474701,0.884850978851318,0.963033974170685,0.960945010185242,0.85397469997406,0.787264108657837,0.674108743667603,0.648287355899811,0.624106049537659,0.588824570178986,0.53449273109436,0.523494064807892,0.511515736579895,0.495974034070969,0.493754535913467,0.482001811265945,0.486528605222702,0.488804906606674,0.484611570835114,0.483037739992142,0.49570432305336,0.497766733169556,0.501387476921082,0.504762172698975,0.505711555480957,0.511018335819244,0.537800490856171,0.533898591995239,0.527652502059937,0.521551787853241,0.469605922698975,0.464271068572998,0.467396765947342,0.492645502090454,0.488873839378357,0.464878737926483,0.476048767566681,0.487514674663544,0.494066178798676,0.486696660518646,0.476233422756195,0.467902928590775
"2024-01-29",0.814435064792633,0.811888158321381,0.898452758789062,0.90919303894043,0.968362927436829,0.958627462387085,1.04535531997681,1.07429361343384,1.00551390647888,0.969780802726746,0.897625744342804,0.908288657665253,0.883344113826752,0.852617502212524,0.776021599769592,0.751910746097565,0.707749545574188,0.660733580589294,0.636150300502777,0.654659390449524,0.642241299152374,0.611121356487274,0.566438257694244,0.559356212615967,0.64543890953064,0.634975731372833,0.615321099758148,0.583237648010254,0.568608105182648,0.639649927616119,0.730918884277344,0.699430584907532,0.670973837375641,0.647614240646362,0.546433210372925,0.51638662815094,0.515649616718292,0.569235265254974,0.584905087947845,0.587292551994324,0.607208132743835,0.618053913116455,0.617139577865601,0.549885272979736,0.539340078830719,0.529642343521118
"2024-01-30",0.816496968269348,0.808602809906006,0.948132395744324,0.94052791595459,0.984651923179626,0.996094763278961,1.1410026550293,1.19453608989716,1.14573502540588,1.12276077270508,1.09775161743164,1.10105788707733,1.08824419975281,1.05757927894592,0.96582019329071,0.907054483890533,0.82276713848114,0.736027240753174,0.718338191509247,0.709793627262115,0.707709312438965,0.683178067207336,0.62108302116394,0.624674260616302,0.706443071365356,0.697685301303864,0.678921699523926,0.656760513782501,0.644794285297394,0.729455053806305,0.83232307434082,0.806717395782471,0.774262964725494,0.74678248167038,0.543685436248779,0.544909775257111,0.570033133029938,0.685891389846802,0.685316681861877,0.665280103683472,0.689499199390411,0.707242488861084,0.714697659015656,0.61812549829483,0.602190613746643,0.584989845752716
"2024-01-31",0.812115550041199,0.802150130271912,0.928850531578064,0.918834209442139,0.923823356628418,0.933984994888306,1.0724024772644,1.12525570392609,1.05663394927979,1.02693319320679,0.980158686637878,0.983559787273407,0.959068179130554,0.915994107723236,0.833770871162415,0.78587818145752,0.720335006713867,0.639350354671478,0.62630295753479,0.611167728900909,0.61126983165741,0.597843527793884,0.572040259838104,0.567311763763428,0.612250089645386,0.605434477329254,0.596790492534637,0.585605978965759,0.577257871627808,0.624579727649689,0.698510110378265,0.677940845489502,0.651964664459229,0.629615724086761,0.4876868724823,0.493059158325195,0.516120076179504,0.620010614395142,0.610808849334717,0.576604962348938,0.598255395889282,0.619392275810242,0.630967140197754,0.569254636764526,0.55463308095932,0.537962198257446
"2024-02-01",0.788329362869263,0.77833479642868,0.882313251495361,0.876585125923157,0.868902921676636,0.871175408363342,0.984759986400604,1.03589618206024,0.960800051689148,0.928788423538208,0.866375684738159,0.864892959594727,0.838360667228699,0.795096158981323,0.713142156600952,0.678925573825836,0.632488369941711,0.570825159549713,0.559929311275482,0.54625391960144,0.54649293422699,0.536117494106293,0.516472041606903,0.511245250701904,0.544063031673431,0.539812564849854,0.534970462322235,0.526381373405457,0.517593622207642,0.542544960975647,0.595269918441772,0.580672979354858,0.561115622520447,0.544231414794922,0.450762122869492,0.457106649875641,0.476232945919037,0.555309534072876,0.546026825904846,0.507634162902832,0.527875661849976,0.549556791782379,0.562020063400269,0.528347134590149,0.510520458221436,0.495621681213379
"2024-02-02",0.7650545835495,0.759014010429382,0.849562346935272,0.851449131965637,0.835949897766113,0.825757145881653,0.922088146209717,0.957953155040741,0.881340801715851,0.843625366687775,0.773065388202667,0.766214966773987,0.740728259086609,0.700093805789948,0.62176513671875,0.595496356487274,0.560612440109253,0.514318108558655,0.506575882434845,0.498226523399353,0.497469812631607,0.487852871417999,0.47090145945549,0.466438502073288,0.493937015533447,0.490494966506958,0.485544741153717,0.477212607860565,0.467367172241211,0.480030655860901,0.520960986614227,0.510309457778931,0.493453592061996,0.480083644390106,0.41705197095871,0.423184454441071,0.437933504581451,0.50025737285614,0.491014212369919,0.454357802867889,0.471833646297455,0.491484463214874,0.503970861434937,0.499738842248917,0.476950109004974,0.459657043218613
"2024-02-03",0.743244528770447,0.742106437683105,0.832020282745361,0.837822079658508,0.816538393497467,0.794594526290894,0.876946985721588,0.902288734912872,0.819104373455048,0.772440910339355,0.693077862262726,0.681616365909576,0.65810751914978,0.621420681476593,0.545426607131958,0.524898767471313,0.498413681983948,0.465279787778854,0.460989534854889,0.458407044410706,0.457028806209564,0.447595655918121,0.433554291725159,0.429474025964737,0.452592611312866,0.449060320854187,0.443300664424896,0.435045123100281,0.424869865179062,0.430444926023483,0.463229060173035,0.454818993806839,0.441803395748138,0.432197690010071,0.385328948497772,0.390065371990204,0.402166604995728,0.453353255987167,0.446643114089966,0.413232922554016,0.426711201667786,0.442711621522903,0.453817903995514,0.468502402305603,0.455718040466309,0.429577350616455
"2024-02-04",0.727498948574066,0.720293879508972,0.812156438827515,0.810689926147461,0.781104326248169,0.751539349555969,0.813583076000214,0.839856266975403,0.75805252790451,0.7079136967659,0.624330997467041,0.60977041721344,0.587059736251831,0.550619959831238,0.476094126701355,0.461756408214569,0.44508370757103,0.429212331771851,0.427596539258957,0.427480518817902,0.425527065992355,0.41591665148735,0.404780685901642,0.400794237852097,0.42035573720932,0.416356384754181,0.409166395664215,0.39995288848877,0.389924257993698,0.392407804727554,0.420195460319519,0.413290947675705,0.403020292520523,0.395701169967651,0.358834832906723,0.363586515188217,0.375424236059189,0.420194894075394,0.415161073207855,0.381662845611572,0.392626464366913,0.405733019113541,0.415150463581085,0.436149597167969,0.428985297679901,0.410443305969238
"2024-02-05",1.14155125617981,1.19383764266968,1.40780377388,1.52288746833801,1.4000940322876,1.13142967224121,1.02140486240387,1.04422426223755,0.967962265014648,0.951889991760254,0.830862939357758,0.853864789009094,0.839470088481903,0.807008802890778,0.725696206092834,0.690195858478546,0.655640959739685,0.647573947906494,0.632623970508575,0.607565402984619,0.595691800117493,0.574032783508301,0.570178687572479,0.561755418777466,0.621260583400726,0.569181501865387,0.499083518981934,0.447203904390335,0.44278484582901,0.535857498645782,0.66186535358429,0.619674801826477,0.567421317100525,0.529513597488403,0.430199831724167,0.407744199037552,0.420057982206345,0.492418169975281,0.513486325740814,0.51184070110321,0.52423757314682,0.528513789176941,0.52521288394928,0.515645980834961,0.512175261974335,0.498631328344345
"2024-02-06",1.44293212890625,1.44415128231049,1.71743154525757,1.78808450698853,1.54356098175049,1.26606726646423,1.13211071491241,1.15556645393372,1.08083605766296,1.07559359073639,1.02173185348511,1.02455794811249,0.998349905014038,0.956172704696655,0.884024024009705,0.855162799358368,0.822243511676788,0.802621126174927,0.786124289035797,0.743556201457977,0.729134738445282,0.688895404338837,0.662861049175262,0.638439178466797,0.696443378925323,0.658420085906982,0.61062502861023,0.579257607460022,0.573034822940826,0.638181865215302,0.79610013961792,0.767667412757874,0.718053460121155,0.67400985956192,0.470267981290817,0.460141569375992,0.4907106757164,0.611417949199677,0.62033361196518,0.592926144599915,0.614549338817596,0.633415341377258,0.64249587059021,0.630725622177124,0.616652607917786,0.593078196048737
"2024-02-07",1.26920008659363,1.24497902393341,1.38786816596985,1.41100573539734,1.22273135185242,1.06894087791443,1.01665854454041,1.04354524612427,0.984165906906128,0.965294480323792,0.911592602729797,0.900009095668793,0.873200178146362,0.831488966941833,0.776700377464294,0.759047389030457,0.738636374473572,0.728390216827393,0.709861934185028,0.670821368694305,0.646979570388794,0.596319794654846,0.558402240276337,0.540821373462677,0.602365136146545,0.589928209781647,0.57375979423523,0.554114758968353,0.533007502555847,0.550742506980896,0.672936320304871,0.655770480632782,0.625871360301971,0.600433766841888,0.445378631353378,0.44540524482727,0.473418384790421,0.580031514167786,0.576036930084229,0.521681487560272,0.542863130569458,0.567010283470154,0.583301246166229,0.607639014720917,0.598010182380676,0.574642777442932
"2024-02-08",1.1005038022995,1.07593607902527,1.17274832725525,1.18198537826538,1.0474728345871,0.94807243347168,0.936568975448608,0.970262110233307,0.911111891269684,0.878080189228058,0.81060391664505,0.794372260570526,0.771821737289429,0.737332224845886,0.691148638725281,0.678727447986603,0.662927389144897,0.655276894569397,0.636618554592133,0.596445441246033,0.571600914001465,0.523640751838684,0.483415424823761,0.473288357257843,0.540592968463898,0.534924209117889,0.519880712032318,0.496130406856537,0.469885051250458,0.48656177520752,0.580950558185577,0.568076252937317,0.545812726020813,0.528055667877197,0.407171726226807,0.407791286706924,0.427442997694016,0.517896413803101,0.513871848583221,0.467586517333984,0.486361712217331,0.508480489253998,0.523990750312805,0.543450653553009,0.53079628944397,0.521609902381897
"2024-02-09",0.903844714164734,0.867762088775635,1.00945401191711,0.986361384391785,0.899009227752686,0.836357772350311,0.843672811985016,0.894443690776825,0.854146361351013,0.806533634662628,0.722358763217926,0.70268702507019,0.689276099205017,0.667917370796204,0.631782054901123,0.62517112493515,0.616958320140839,0.611726582050323,0.594027161598206,0.526836037635803,0.511195659637451,0.474282503128052,0.426556259393692,0.418330013751984,0.47788479924202,0.469998300075531,0.450394839048386,0.421584606170654,0.390807926654816,0.417943239212036,0.49013152718544,0.486522674560547,0.476626992225647,0.464675456285477,0.354179978370667,0.34164634346962,0.345481425523758,0.416238725185394,0.422326982021332,0.42924576997757,0.445362865924835,0.463493645191193,0.476197421550751,0.47544327378273,0.457201540470123,0.432292342185974
"2024-02-10",0.711716949939728,0.684803247451782,0.840282201766968,0.819810390472412,0.767473459243774,0.737039089202881,0.756538987159729,0.821152210235596,0.816922783851624,0.759183406829834,0.652141451835632,0.625919580459595,0.616636455059052,0.601111114025116,0.576945304870605,0.573148131370544,0.568642854690552,0.559535324573517,0.536098599433899,0.465786337852478,0.44878938794136,0.417873799800873,0.38379579782486,0.378370046615601,0.424421966075897,0.413169264793396,0.39062836766243,0.362387657165527,0.337778687477112,0.366110444068909,0.425109386444092,0.426984369754791,0.425247430801392,0.418507039546967,0.326572090387344,0.315521627664566,0.319460362195969,0.369843393564224,0.38099268078804,0.407593846321106,0.4233358502388,0.437895268201828,0.446292281150818,0.437774181365967,0.418385863304138,0.397172629833221
"2024-02-11",0.694398462772369,0.671557307243347,0.77960729598999,0.755545139312744,0.706222891807556,0.699315369129181,0.732552289962769,0.788386881351471,0.77166211605072,0.711069822311401,0.58026659488678,0.553243041038513,0.545968890190125,0.534967422485352,0.522506594657898,0.516104221343994,0.50326132774353,0.472373932600021,0.443869292736053,0.400599509477615,0.385895192623138,0.363620400428772,0.353526443243027,0.348489284515381,0.378639221191406,0.362338006496429,0.338915854692459,0.319560557603836,0.310765504837036,0.347561419010162,0.393784284591675,0.388364613056183,0.378046065568924,0.367635935544968,0.303748160600662,0.306183457374573,0.318827778100967,0.373302578926086,0.378827661275864,0.393752932548523,0.406799912452698,0.41845178604126,0.424121201038361,0.407846719026566,0.390353500843048,0.372481167316437
"2024-02-12",1.22132551670074,1.29091453552246,1.42930996417999,1.54332339763641,1.50801420211792,1.37041282653809,1.59937977790833,1.60451555252075,1.48982441425323,1.40938377380371,1.14787971973419,1.14842700958252,1.0939199924469,1.01912403106689,1.00753045082092,0.930822849273682,0.821218132972717,0.831745028495789,0.753361284732819,0.79354739189148,0.716926395893097,0.604812979698181,0.664854466915131,0.64005833864212,0.791887044906616,0.697424709796906,0.596157670021057,0.527889788150787,0.539477229118347,0.680753886699677,0.812067747116089,0.77585369348526,0.742998957633972,0.722519814968109,0.679362773895264,0.608920574188232,0.588923275470734,0.695229232311249,0.728078305721283,0.742600440979004,0.733428716659546,0.703034281730652,0.672276198863983,0.576981663703918,0.555230557918549,0.529103755950928
"2024-02-13",1.52340030670166,1.5731418132782,1.821444272995,1.92972326278687,1.8167279958725,1.69601082801819,2.08738160133362,2.14552927017212,1.92062067985535,1.73129177093506,1.4172670841217,1.4510749578476,1.35864686965942,1.24207830429077,1.25022089481354,1.18511855602264,1.06643128395081,0.97306364774704,0.899301469326019,0.905527234077454,0.877923011779785,0.810026943683624,0.770156741142273,0.763354241847992,0.947920203208923,0.910519301891327,0.872255682945251,0.868301272392273,0.893340706825256,1.02042150497437,1.14143466949463,1.10766518115997,1.05695402622223,1.01873874664307,0.837912619113922,0.852402925491333,0.887449979782104,1.02770960330963,0.998324692249298,0.952205836772919,0.959225475788116,0.949425518512726,0.932567834854126,0.778364062309265,0.725279986858368,0.68228268623352
"2024-02-14",1.33637380599976,1.3676929473877,1.54993963241577,1.61059749126434,1.50233840942383,1.44095182418823,1.74904894828796,1.83776497840881,1.60834193229675,1.37051033973694,1.09669876098633,1.09306836128235,1.06088840961456,1.02002489566803,1.02876663208008,0.974110960960388,0.87061619758606,0.749920427799225,0.71523255109787,0.721197009086609,0.71359246969223,0.677606880664825,0.629219949245453,0.635283172130585,0.824833631515503,0.823976457118988,0.814801692962646,0.802188038825989,0.789279997348785,0.872815310955048,0.945711851119995,0.908614814281464,0.862791895866394,0.834621608257294,0.728755354881287,0.749429225921631,0.772453665733337,0.889601409435272,0.854212641716003,0.792446851730347,0.816726267337799,0.838322162628174,0.847761631011963,0.767461538314819,0.71796327829361,0.671765744686127
"2024-02-15",1.1617157459259,1.17685973644257,1.3423182964325,1.36609792709351,1.2798593044281,1.23857390880585,1.47074484825134,1.60536682605743,1.47432327270508,1.2523045539856,0.938760042190552,0.883626580238342,0.869061529636383,0.846871495246887,0.846759140491486,0.801666915416718,0.720148742198944,0.620081841945648,0.602302432060242,0.614267349243164,0.6113560795784,0.590298652648926,0.553886115550995,0.563638150691986,0.728600084781647,0.726054430007935,0.713182091712952,0.695669293403625,0.679094970226288,0.742899656295776,0.787522733211517,0.761678695678711,0.730730175971985,0.711635708808899,0.629200220108032,0.646513223648071,0.667741358280182,0.759446978569031,0.734046995639801,0.673248291015625,0.699812889099121,0.728733897209167,0.746285557746887,0.72358763217926,0.685784816741943,0.639829397201538
"2024-02-16",1.03653907775879,1.04214954376221,1.19645285606384,1.19631493091583,1.11290037631989,1.08066761493683,1.26435589790344,1.44475817680359,1.43160080909729,1.28389203548431,0.893943667411804,0.781704187393188,0.768083572387695,0.743953704833984,0.721450448036194,0.688683986663818,0.6317178606987,0.557109594345093,0.545514166355133,0.546262383460999,0.549823224544525,0.540739595890045,0.50435084104538,0.511983692646027,0.644959509372711,0.645216405391693,0.635528266429901,0.618699371814728,0.600560903549194,0.638154029846191,0.683329641819,0.666531443595886,0.645681381225586,0.632377028465271,0.562432169914246,0.576124250888824,0.594513773918152,0.663729310035706,0.642746269702911,0.574107885360718,0.59920871257782,0.629714608192444,0.650656640529633,0.666639685630798,0.641251921653748,0.600901246070862
"2024-02-17",0.952827095985413,0.952033281326294,1.08626067638397,1.08164143562317,1.003662109375,0.974336385726929,1.13074612617493,1.33304762840271,1.40223932266235,1.32611966133118,0.885742247104645,0.739190459251404,0.718788087368011,0.681471943855286,0.618972063064575,0.59522932767868,0.558024823665619,0.512162446975708,0.504187881946564,0.499088227748871,0.50472617149353,0.500781714916229,0.465929388999939,0.471348702907562,0.574844717979431,0.575012683868408,0.566259205341339,0.550313115119934,0.533059477806091,0.558662354946136,0.603220105171204,0.591770470142365,0.577018857002258,0.567337810993195,0.508442044258118,0.519781351089478,0.53615015745163,0.584844052791595,0.568920493125916,0.503646671772003,0.52354770898819,0.548053979873657,0.56547200679779,0.598484516143799,0.586431801319122,0.557621002197266
"2024-02-18",0.895065188407898,0.893702805042267,1.00543367862701,1.00391924381256,0.927169561386108,0.896109580993652,1.03904700279236,1.24846601486206,1.36981344223022,1.3459267616272,0.887119472026825,0.722184062004089,0.69540536403656,0.643367171287537,0.531731069087982,0.514643609523773,0.492879688739777,0.475224733352661,0.469844609498978,0.46391499042511,0.46698671579361,0.461744666099548,0.437015116214752,0.440258860588074,0.516209304332733,0.513531625270844,0.503653287887573,0.489112138748169,0.474835932254791,0.500111222267151,0.536670982837677,0.527037978172302,0.515361070632935,0.508304476737976,0.464878350496292,0.474963009357452,0.486153304576874,0.523706555366516,0.508665919303894,0.449151039123535,0.467990815639496,0.490023076534271,0.505119681358337,0.538553893566132,0.529740810394287,0.504103600978851
"2024-02-19",2.15954327583313,2.28219413757324,1.91184115409851,2.17739033699036,2.25208806991577,1.84046649932861,1.74494123458862,1.79593408107758,1.8053343296051,1.77114939689636,1.3977644443512,1.25412678718567,1.24879884719849,1.22587370872498,1.12267112731934,1.065096616745,0.983041226863861,0.947659492492676,0.897419393062592,0.903730392456055,0.852911531925201,0.75323361158371,0.714500188827515,0.677378714084625,0.823641896247864,0.75122857093811,0.660600900650024,0.586390852928162,0.571955680847168,0.713759243488312,0.878385543823242,0.823790311813354,0.767498195171356,0.729787349700928,0.60466718673706,0.55698299407959,0.548368513584137,0.627343475818634,0.645470142364502,0.640200734138489,0.649131715297699,0.641685247421265,0.627219676971436,0.579716086387634,0.559577465057373,0.527827501296997
"2024-02-20",2.54050016403198,2.62602043151855,2.54566717147827,2.70969581604004,2.53985452651978,2.15325236320496,2.16371297836304,2.3460578918457,2.35012984275818,2.24191927909851,1.81759595870972,1.66514492034912,1.65252137184143,1.6092015504837,1.45161843299866,1.36460542678833,1.23077583312988,1.15202379226685,1.09076321125031,1.08631765842438,1.02312183380127,0.900632858276367,0.79374772310257,0.772660493850708,0.893189668655396,0.849163293838501,0.793827414512634,0.763218224048615,0.764012336730957,0.919289648532867,1.06543290615082,1.01489233970642,0.946924567222595,0.898102283477783,0.622176647186279,0.618204593658447,0.645803093910217,0.786056160926819,0.766454100608826,0.727581739425659,0.752227663993835,0.765406250953674,0.764498233795166,0.662592709064484,0.615432679653168,0.565627932548523
"2024-02-21",2.03570342063904,2.03147602081299,2.13667750358582,2.1968502998352,1.95842862129211,1.77709698677063,1.96060848236084,2.23579835891724,2.30838441848755,2.20749473571777,1.63325548171997,1.44728338718414,1.39139473438263,1.29244792461395,1.11188626289368,1.05402600765228,0.955177187919617,0.895839095115662,0.857943952083588,0.856810569763184,0.812077462673187,0.728716254234314,0.656159162521362,0.645334541797638,0.746322154998779,0.732171654701233,0.707278847694397,0.680561661720276,0.657786846160889,0.770307302474976,0.856640100479126,0.817983746528625,0.770139336585999,0.730856239795685,0.534402787685394,0.536475479602814,0.559005379676819,0.682554066181183,0.656610727310181,0.60481071472168,0.63242518901825,0.658143997192383,0.669841885566711,0.596883952617645,0.533818781375885,0.501067519187927
"2024-02-22",1.63776588439941,1.57532167434692,1.76236629486084,1.72929739952087,1.55583024024963,1.45391821861267,1.65505087375641,1.9563307762146,2.1201708316803,2.11362648010254,1.56590604782104,1.34129989147186,1.28757429122925,1.19409990310669,0.971482515335083,0.921433985233307,0.845398008823395,0.760635673999786,0.731172323226929,0.703727841377258,0.683723330497742,0.634685933589935,0.567310750484467,0.55698025226593,0.640489101409912,0.624960958957672,0.595519423484802,0.560966014862061,0.528139889240265,0.626744031906128,0.720604181289673,0.697831749916077,0.664709210395813,0.635164141654968,0.43538624048233,0.415573120117188,0.423525959253311,0.547470152378082,0.537195086479187,0.527820348739624,0.540785670280457,0.552447140216827,0.557852208614349,0.492938816547394,0.454784840345383,0.427691400051117
"2024-02-23",1.14404726028442,1.04768443107605,1.24788284301758,1.19201803207397,1.11519622802734,1.05244278907776,1.21321082115173,1.4162003993988,1.61041712760925,1.72337293624878,1.48098206520081,1.32664358615875,1.29559206962585,1.2249903678894,0.970903277397156,0.919557213783264,0.845037698745728,0.718418121337891,0.682006657123566,0.609307050704956,0.596059203147888,0.5631063580513,0.511095643043518,0.490129888057709,0.526438295841217,0.506397783756256,0.476054906845093,0.442572891712189,0.415557622909546,0.487313002347946,0.593836784362793,0.583919763565063,0.561529517173767,0.537538528442383,0.362092167139053,0.336545258760452,0.330311238765717,0.410317540168762,0.417023718357086,0.461739659309387,0.474849820137024,0.483169615268707,0.484165370464325,0.443067103624344,0.422792345285416,0.399980008602142
"2024-02-24",0.847142100334167,0.805765867233276,0.955682754516602,0.926724553108215,0.884242475032806,0.901113450527191,1.03539597988129,1.22416853904724,1.41358995437622,1.51009047031403,1.37224054336548,1.3025050163269,1.24712610244751,1.1409707069397,0.886019349098206,0.819970965385437,0.732491374015808,0.632879137992859,0.598906695842743,0.5488361120224,0.533347129821777,0.494870364665985,0.456067442893982,0.434908837080002,0.45355087518692,0.434260040521622,0.405818432569504,0.378754019737244,0.362911939620972,0.429112106561661,0.517395377159119,0.509454071521759,0.493468225002289,0.477808207273483,0.320752680301666,0.303348392248154,0.306101232767105,0.364043593406677,0.37726879119873,0.42017012834549,0.434906184673309,0.447484314441681,0.453461825847626,0.423454970121384,0.402905702590942,0.38203164935112
"2024-02-25",0.831880211830139,0.810707092285156,0.934476971626282,0.902143359184265,0.879993736743927,0.941608190536499,1.13638663291931,1.29247426986694,1.38504385948181,1.38495230674744,1.17782354354858,1.11568570137024,1.03679728507996,0.907296299934387,0.671861171722412,0.620727300643921,0.561698377132416,0.514574766159058,0.492322683334351,0.464800715446472,0.44823157787323,0.413926482200623,0.388105511665344,0.37389087677002,0.386095106601715,0.372368186712265,0.354758530855179,0.343255162239075,0.340674847364426,0.39429759979248,0.455826759338379,0.44295734167099,0.422703385353088,0.404964625835419,0.291548550128937,0.291676998138428,0.308470159769058,0.370635241270065,0.375268816947937,0.385537326335907,0.399244427680969,0.41309243440628,0.420853942632675,0.406423449516296,0.386360913515091,0.364313423633575
"2024-02-26",1.22281873226166,1.22299110889435,1.42541563510895,1.47890496253967,1.56945729255676,1.52364659309387,1.67147159576416,1.65658783912659,1.59280025959015,1.50885844230652,1.31062984466553,1.25078666210175,1.19055879116058,1.08883571624756,0.91650390625,0.906729340553284,0.923542320728302,1.04791283607483,0.975286602973938,0.910205006599426,0.837760925292969,0.754181981086731,0.841025710105896,0.780576527118683,0.788676202297211,0.724866330623627,0.659522473812103,0.605430483818054,0.61033022403717,0.80323338508606,0.950193405151367,0.932513117790222,0.932367205619812,0.92146360874176,0.749197125434875,0.610306799411774,0.540369391441345,0.593579649925232,0.624326467514038,0.6621253490448,0.654073774814606,0.623334228992462,0.592464447021484,0.486971378326416,0.45750504732132,0.424775898456573
"2024-02-27",1.53967869281769,1.54423868656158,1.86844193935394,1.89509749412537,1.87912058830261,1.78963661193848,1.82074856758118,1.70374655723572,1.53453862667084,1.44406342506409,1.31795418262482,1.3208601474762,1.27986598014832,1.22538638114929,1.21699142456055,1.20279383659363,1.1732349395752,1.24123799800873,1.11270713806152,1.06133770942688,1.00901937484741,0.94231504201889,0.997255921363831,0.941508531570435,0.976837754249573,0.94660210609436,0.936331152915955,0.958601176738739,1.00239729881287,1.25792706012726,1.40352427959442,1.35941076278687,1.29037189483643,1.22584497928619,0.693657755851746,0.65870988368988,0.665577530860901,0.806284666061401,0.773436546325684,0.81259036064148,0.805293440818787,0.781490683555603,0.764768123626709,0.593862950801849,0.531644761562347,0.482816398143768
"2024-02-28",1.54581212997437,1.54268610477448,1.65745615959167,1.66144227981567,1.56591975688934,1.44700956344604,1.39675724506378,1.26402807235718,1.12795984745026,1.07072055339813,1.04990530014038,1.08187460899353,1.05326354503632,1.01390337944031,1.02156758308411,0.969952821731567,0.896025538444519,0.893230319023132,0.840154230594635,0.818786919116974,0.80237877368927,0.775823056697845,0.807618498802185,0.796932935714722,0.869924426078796,0.870252728462219,0.876592576503754,0.874975979328156,0.865892589092255,0.992931067943573,1.11133658885956,1.04137468338013,0.952821016311646,0.88843047618866,0.538297891616821,0.544869542121887,0.566653907299042,0.678285121917725,0.651081204414368,0.671697020530701,0.667727947235107,0.651723265647888,0.641106426715851,0.534959316253662,0.487623035907745,0.450208485126495
"2024-02-29",1.36635422706604,1.35276961326599,1.31822061538696,1.32919764518738,1.22817015647888,1.10984075069427,1.06160926818848,0.993737518787384,0.918201386928558,0.884458065032959,0.883661866188049,0.909509062767029,0.884502232074738,0.846651196479797,0.826078176498413,0.789188385009766,0.740385890007019,0.733308672904968,0.70868718624115,0.704623281955719,0.703771948814392,0.697213232517242,0.733613908290863,0.724666059017181,0.780432045459747,0.764371812343597,0.740965485572815,0.713760137557983,0.691538214683533,0.763654828071594,0.843512713909149,0.796128869056702,0.740027129650116,0.697769522666931,0.476260483264923,0.477899551391602,0.489558339118958,0.571756362915039,0.548950612545013,0.550615668296814,0.545358002185822,0.534556090831757,0.528746068477631,0.459855079650879,0.429353356361389,0.4063960313797
"2024-03-01",1.08555340766907,1.06277072429657,1.036128282547,1.04335308074951,0.972828805446625,0.889503180980682,0.863131642341614,0.825067341327667,0.7781742811203,0.755021095275879,0.749176800251007,0.766217947006226,0.744416117668152,0.7112917304039,0.684545397758484,0.659998416900635,0.62988817691803,0.630818367004395,0.618713140487671,0.625854551792145,0.627428293228149,0.622573435306549,0.651353001594543,0.637224853038788,0.664029061794281,0.645837306976318,0.62005203962326,0.590831518173218,0.568660259246826,0.60567057132721,0.659797787666321,0.630231618881226,0.594553112983704,0.567383170127869,0.416076719760895,0.413203209638596,0.42171835899353,0.485792249441147,0.47325599193573,0.469501107931137,0.46978086233139,0.465226203203201,0.461830705404282,0.4097740650177,0.385994970798492,0.367235004901886
"2024-03-02",0.865449488162994,0.84085750579834,0.847867727279663,0.851193428039551,0.804699540138245,0.747588515281677,0.740971565246582,0.724250912666321,0.683965682983398,0.659957528114319,0.642202734947205,0.652947008609772,0.634161710739136,0.606926321983337,0.581003367900848,0.567106485366821,0.55192643404007,0.555792152881622,0.549975633621216,0.551762759685516,0.553584098815918,0.549972474575043,0.562714099884033,0.551322460174561,0.563681721687317,0.550133585929871,0.530015468597412,0.507953584194183,0.490319222211838,0.50824248790741,0.545070171356201,0.527985572814941,0.5052729845047,0.487163096666336,0.377788662910461,0.36867356300354,0.37340384721756,0.42553722858429,0.419087707996368,0.41543436050415,0.418662756681442,0.417915761470795,0.416144549846649,0.376982659101486,0.357587456703186,0.340602338314056
"2024-03-03",0.72535502910614,0.700480997562408,0.736732959747314,0.727665364742279,0.694640874862671,0.653558850288391,0.66339373588562,0.658982872962952,0.620666265487671,0.596348464488983,0.561515688896179,0.567548155784607,0.553603768348694,0.534509360790253,0.515356481075287,0.508478462696075,0.50006490945816,0.498702019453049,0.496827006340027,0.489915370941162,0.494230002164841,0.495889812707901,0.495541870594025,0.487756103277206,0.490159749984741,0.480625599622726,0.465101301670074,0.447863757610321,0.434995710849762,0.447747707366943,0.476357161998749,0.464844703674316,0.448649525642395,0.435087740421295,0.349715858697891,0.33930492401123,0.342105984687805,0.386457443237305,0.382906377315521,0.377737045288086,0.382425427436829,0.384073257446289,0.383483827114105,0.352070182561874,0.33631443977356,0.322384625673294
"2024-03-04",1.64253067970276,1.71076440811157,1.94809460639954,2.09859895706177,1.79871332645416,1.49854230880737,1.65259921550751,1.54645442962646,1.33943223953247,1.26179397106171,1.20129227638245,1.22251570224762,1.18515920639038,1.12453842163086,1.10426771640778,1.01964354515076,0.90537679195404,0.715684294700623,0.661015510559082,0.520197868347168,0.501870453357697,0.46675455570221,0.380700945854187,0.37911930680275,0.431010574102402,0.455588221549988,0.485723108053207,0.497003883123398,0.515396952629089,0.617106437683105,0.746289491653442,0.69186520576477,0.642513632774353,0.613675951957703,0.570037245750427,0.567053496837616,0.584432184696198,0.646135926246643,0.657259941101074,0.655169904232025,0.642534673213959,0.609850585460663,0.581299126148224,0.490699172019958,0.495264112949371,0.482166945934296
"2024-03-05",2.29762125015259,2.27630138397217,2.48369359970093,2.55777978897095,2.18025159835815,1.91687965393066,2.06497883796692,1.94414782524109,1.72345817089081,1.62717437744141,1.54062342643738,1.58543646335602,1.52175986766815,1.41859722137451,1.29819107055664,1.17916750907898,0.963320791721344,0.676886260509491,0.608205139636993,0.46268019080162,0.42972120642662,0.390961617231369,0.300147294998169,0.341959208250046,0.427856534719467,0.46774697303772,0.521900951862335,0.588903665542603,0.641939520835876,0.751313090324402,0.857238292694092,0.839800000190735,0.814547777175903,0.798778474330902,0.727894008159637,0.758153259754181,0.790389776229858,0.894428730010986,0.864063024520874,0.798386335372925,0.79320216178894,0.768770694732666,0.747386932373047,0.624030470848083,0.614260733127594,0.598228573799133
"2024-03-06",1.82487869262695,1.7735743522644,1.84876585006714,1.8697292804718,1.67344093322754,1.53229188919067,1.59758484363556,1.55613052845001,1.41308379173279,1.32052326202393,1.21797239780426,1.2252779006958,1.18117523193359,1.10422873497009,0.948965013027191,0.854396998882294,0.684023976325989,0.431554615497589,0.416296273469925,0.372547179460526,0.371013700962067,0.378835827112198,0.337051093578339,0.372280299663544,0.425603687763214,0.461650609970093,0.509500682353973,0.560350954532623,0.592756509780884,0.646917581558228,0.715932488441467,0.707124352455139,0.695757269859314,0.689361453056335,0.638080716133118,0.655545592308044,0.673257172107697,0.747144281864166,0.717949748039246,0.664287328720093,0.66677987575531,0.661583602428436,0.654220342636108,0.578388869762421,0.559983253479004,0.541273415088654
"2024-03-07",1.4522659778595,1.40024745464325,1.4913318157196,1.48440623283386,1.37016379833221,1.27926301956177,1.32779026031494,1.28820443153381,1.16902446746826,1.09231996536255,0.987864673137665,0.982528030872345,0.945418953895569,0.880641400814056,0.689989924430847,0.615885257720947,0.512907803058624,0.359721630811691,0.35686993598938,0.336657047271729,0.354045748710632,0.380648970603943,0.36316242814064,0.388185322284698,0.426472783088684,0.453414797782898,0.48500794172287,0.52254718542099,0.542193710803986,0.574175655841827,0.619576752185822,0.613065719604492,0.605753421783447,0.600906014442444,0.559915006160736,0.568642258644104,0.578189134597778,0.624879598617554,0.608291804790497,0.576667308807373,0.580336213111877,0.578669309616089,0.575814247131348,0.532816469669342,0.517528295516968,0.502519309520721
"2024-03-08",1.20177865028381,1.16095304489136,1.25581324100494,1.24038326740265,1.16284584999084,1.09459340572357,1.11890351772308,1.05749702453613,0.959171056747437,0.893852710723877,0.810796856880188,0.797137379646301,0.760483086109161,0.700528144836426,0.539434492588043,0.494573056697845,0.43639075756073,0.344751447439194,0.348558247089386,0.329305201768875,0.353529870510101,0.384663760662079,0.382365703582764,0.399654805660248,0.415681719779968,0.43029972910881,0.447537183761597,0.466075330972672,0.475134968757629,0.502474904060364,0.547088980674744,0.541878581047058,0.536100208759308,0.532284200191498,0.484096884727478,0.487476825714111,0.492974877357483,0.536370873451233,0.524576723575592,0.510880768299103,0.515508353710175,0.516618430614471,0.516324996948242,0.492402076721191,0.480050683021545,0.46864378452301
"2024-03-09",1.04291272163391,0.997491002082825,1.06270551681519,1.04658341407776,0.986380875110626,0.925877451896667,0.9145348072052,0.858716011047363,0.773420095443726,0.717965960502625,0.64133632183075,0.624084115028381,0.587274670600891,0.534268856048584,0.409756422042847,0.396389245986938,0.382333397865295,0.329950362443924,0.347152024507523,0.341820359230042,0.36822435259819,0.398523807525635,0.392924100160599,0.402658253908157,0.401675909757614,0.411567121744156,0.421987980604172,0.430890679359436,0.435637354850769,0.444733202457428,0.477791547775269,0.47294282913208,0.466776758432388,0.462112247943878,0.423132091760635,0.425504893064499,0.431427717208862,0.469773948192596,0.465088933706284,0.456779360771179,0.463422149419785,0.467434644699097,0.46822988986969,0.452760487794876,0.442442566156387,0.431914985179901
"2024-03-10",0.86040449142456,0.819077789783478,0.881998836994171,0.863842606544495,0.819262146949768,0.768580555915833,0.753738045692444,0.726122260093689,0.643123507499695,0.586191773414612,0.508338332176208,0.491343706846237,0.469284147024155,0.43941456079483,0.364002823829651,0.362406730651855,0.364076733589172,0.332386642694473,0.347941219806671,0.346095889806747,0.366865813732147,0.390194565057755,0.382054626941681,0.387147903442383,0.379369139671326,0.386403858661652,0.393992036581039,0.399860501289368,0.403846353292465,0.396142542362213,0.416700780391693,0.413720071315765,0.409503251314163,0.405890136957169,0.379577308893204,0.379874795675278,0.38475114107132,0.418985724449158,0.418153643608093,0.415756642818451,0.422791302204132,0.42777755856514,0.428579032421112,0.416726529598236,0.408190965652466,0.399031043052673
"2024-03-11",2.56767129898071,2.56923770904541,2.52045011520386,2.58183217048645,2.44784212112427,2.20293307304382,1.77960646152496,1.57999014854431,1.39169645309448,1.25066137313843,1.10570931434631,1.13418090343475,1.15083539485931,1.18506813049316,1.24644768238068,1.211829662323,1.1747088432312,1.14116883277893,1.09301602840424,1.07238900661469,1.03700911998749,0.941874265670776,0.823378026485443,0.795434892177582,0.941614389419556,0.885007858276367,0.816265940666199,0.792483448982239,0.844462156295776,0.922304630279541,0.890916526317596,0.876819312572479,0.860426962375641,0.848588168621063,0.894477546215057,0.842746257781982,0.848013758659363,0.93699049949646,0.944751262664795,0.846555233001709,0.8215611577034,0.781227827072144,0.7476886510849,0.695851922035217,0.695780098438263,0.706005811691284
"2024-03-12",3.63833713531494,3.62204360961914,3.59607982635498,3.62610983848572,3.31296491622925,2.8991813659668,2.49961638450623,2.29542255401611,1.95371031761169,1.70508921146393,1.63816547393799,1.60490202903748,1.66732275485992,1.75072026252747,1.84426176548004,1.81156587600708,1.74021577835083,1.63370394706726,1.53119254112244,1.4187650680542,1.34895598888397,1.19317007064819,0.999621391296387,0.989726483821869,1.1805385351181,1.20691621303558,1.24072241783142,1.27728199958801,1.303959608078,1.30047011375427,1.29599618911743,1.28186058998108,1.25790214538574,1.23891973495483,1.20821273326874,1.21997284889221,1.24199163913727,1.31723570823669,1.25890028476715,1.11528038978577,1.10059452056885,1.06899893283844,1.03969526290894,0.94153368473053,0.933612763881683,0.924025774002075
"2024-03-13",2.73379063606262,2.7134256362915,2.75300598144531,2.80367398262024,2.5515079498291,2.27930879592896,2.09618496894836,1.99824404716492,1.74644708633423,1.53385305404663,1.43857336044312,1.41707134246826,1.44109129905701,1.47306704521179,1.5611572265625,1.52825999259949,1.44259786605835,1.26711869239807,1.1903874874115,1.10793876647949,1.05962765216827,0.963038861751556,0.811500310897827,0.81805807352066,0.99919319152832,1.03834891319275,1.08394420146942,1.10821926593781,1.10748755931854,1.0754280090332,1.10973143577576,1.09958827495575,1.08137965202332,1.06492578983307,1.0393545627594,1.04225826263428,1.04335451126099,1.06469309329987,1.02703988552094,0.937092423439026,0.94050133228302,0.93971174955368,0.93535053730011,0.856357216835022,0.842647910118103,0.830456435680389
"2024-03-14",2.08918452262878,2.05452013015747,2.16318464279175,2.18283319473267,2.03104257583618,1.85409355163574,1.78909969329834,1.77842664718628,1.58984231948853,1.39542484283447,1.24481511116028,1.22209191322327,1.22703075408936,1.23386883735657,1.30297935009003,1.26976644992828,1.18525969982147,1.01193761825562,0.959986209869385,0.921645045280457,0.886574029922485,0.817259311676025,0.696250379085541,0.705117046833038,0.85093343257904,0.888162732124329,0.921689212322235,0.936448097229004,0.932908952236176,0.909287095069885,0.942097544670105,0.936476349830627,0.924672544002533,0.91309928894043,0.888579607009888,0.882509112358093,0.874911367893219,0.880722343921661,0.85883378982544,0.804418206214905,0.812020063400269,0.818398594856262,0.820338845252991,0.772534787654877,0.758691608905792,0.746569752693176
"2024-03-15",1.64184963703156,1.59268617630005,1.74166870117188,1.73494505882263,1.642502784729,1.52685141563416,1.53471148014069,1.60064458847046,1.47950029373169,1.30579900741577,1.0850100517273,1.0509147644043,1.04587745666504,1.03885364532471,1.08524930477142,1.05410957336426,0.987930536270142,0.845959722995758,0.812364220619202,0.795711994171143,0.769792556762695,0.716685712337494,0.615590810775757,0.622559905052185,0.739491164684296,0.765452682971954,0.788787245750427,0.798969686031342,0.797333240509033,0.783402919769287,0.810392737388611,0.806379199028015,0.79719352722168,0.787704825401306,0.759667634963989,0.750717759132385,0.743963599205017,0.749334812164307,0.737735331058502,0.701095223426819,0.709770202636719,0.71848714351654,0.72303056716919,0.699518144130707,0.682078719139099,0.670596241950989
"2024-03-16",1.3402007818222,1.2916157245636,1.44356942176819,1.42320537567139,1.35909676551819,1.28109836578369,1.33034062385559,1.43844032287598,1.38549852371216,1.25802624225616,0.971092462539673,0.910383462905884,0.897844672203064,0.880242943763733,0.906985700130463,0.881651997566223,0.836668372154236,0.731093406677246,0.709286749362946,0.699023127555847,0.67961847782135,0.637729644775391,0.552166283130646,0.556471645832062,0.656359195709229,0.671328067779541,0.684469878673553,0.690258264541626,0.689787805080414,0.681811332702637,0.704914510250092,0.701636791229248,0.69385153055191,0.685671508312225,0.657808721065521,0.649911463260651,0.646376013755798,0.654153347015381,0.64745283126831,0.617445707321167,0.62612509727478,0.635411143302917,0.640820503234863,0.629140853881836,0.614740967750549,0.602845907211304
"2024-03-17",1.13534033298492,1.07989728450775,1.23513412475586,1.19780111312866,1.15068805217743,1.09807634353638,1.16432571411133,1.30956637859344,1.30491900444031,1.20298087596893,0.872117042541504,0.798808813095093,0.784757196903229,0.763742864131927,0.774144649505615,0.750445604324341,0.715519070625305,0.647575318813324,0.634184718132019,0.625067472457886,0.609648764133453,0.574504137039185,0.501352667808533,0.502631187438965,0.579108715057373,0.589896202087402,0.599579036235809,0.604251623153687,0.604810118675232,0.598828911781311,0.619996070861816,0.617366433143616,0.610743224620819,0.603710651397705,0.57861316204071,0.571925640106201,0.570044040679932,0.578736424446106,0.574217200279236,0.548101723194122,0.55615621805191,0.564949929714203,0.570376396179199,0.567808151245117,0.55792647600174,0.545844614505768
"2024-03-18",3.11106491088867,2.9041576385498,2.54234886169434,2.65344953536987,1.93267166614532,1.59336447715759,1.9629420042038,2.24653387069702,2.3541750907898,2.36141324043274,1.90627682209015,1.69839060306549,1.6245744228363,1.5674045085907,1.46400141716003,1.43969678878784,1.38027310371399,1.28172945976257,1.21353960037231,1.02144384384155,1.01546382904053,0.975760340690613,0.833349466323853,0.847725510597229,0.962955236434937,0.994840621948242,1.00329947471619,0.93661242723465,0.878362357616425,0.893473505973816,0.996458768844604,1.04799628257751,1.13300812244415,1.17783999443054,1.07503652572632,0.890393853187561,0.79805999994278,0.847925662994385,0.89500367641449,0.912454605102539,0.923531293869019,0.919071316719055,0.90456223487854,0.844992876052856,0.832958579063416,0.80730789899826
"2024-03-19",3.769935131073,3.65432739257812,2.98345112800598,2.91528844833374,2.16143870353699,1.97245872020721,2.31595134735107,2.81168341636658,3.10105109214783,3.09618759155273,2.51418519020081,2.24841618537903,2.25159049034119,2.23606300354004,1.97864151000977,1.90525269508362,1.77859377861023,1.56062293052673,1.48876929283142,1.36832976341248,1.30178046226501,1.20181596279144,1.08376824855804,1.09917104244232,1.24768972396851,1.23867785930634,1.20850706100464,1.17153143882751,1.15491485595703,1.20010459423065,1.38747549057007,1.4425208568573,1.49648928642273,1.51426231861115,1.19674038887024,1.09066295623779,1.04838109016418,1.11511874198914,1.12936902046204,1.09266710281372,1.13192594051361,1.15942931175232,1.16666984558105,1.08695030212402,1.04014086723328,0.987502217292786
"2024-03-20",2.74645900726318,2.61888647079468,2.2814793586731,2.21011590957642,1.84235286712646,1.7912575006485,2.09328293800354,2.47725105285645,2.69703054428101,2.64390563964844,2.08645868301392,1.88730955123901,1.86311960220337,1.81042575836182,1.61365175247192,1.50819337368011,1.37449848651886,1.19855427742004,1.16612458229065,1.1351215839386,1.08760333061218,1.0137060880661,0.940896153450012,0.943817973136902,1.02754962444305,1.01977157592773,1.00593686103821,0.996765732765198,1.00094473361969,1.06960582733154,1.19242346286774,1.19106507301331,1.17970597743988,1.15788578987122,0.939338088035583,0.908436894416809,0.909841775894165,0.95918333530426,0.949586987495422,0.875217974185944,0.909846067428589,0.944123029708862,0.962064206600189,0.922202527523041,0.877977073192596,0.832222819328308
"2024-03-21",2.13598322868347,2.02427339553833,1.88761639595032,1.83556365966797,1.63701343536377,1.62650942802429,1.9274697303772,2.26113986968994,2.41381859779358,2.32638502120972,1.75422549247742,1.57104015350342,1.53282356262207,1.45778369903564,1.24510264396667,1.17990159988403,1.09347200393677,0.976512551307678,0.9598628282547,0.952917575836182,0.922671258449554,0.870195925235748,0.813955307006836,0.810397148132324,0.860759258270264,0.857947111129761,0.852967917919159,0.851393580436707,0.857264518737793,0.915446519851685,0.992339611053467,0.97968578338623,0.956988275051117,0.933902025222778,0.78338885307312,0.767558097839355,0.773586750030518,0.811847925186157,0.800955355167389,0.731844246387482,0.753474235534668,0.778058648109436,0.793448984622955,0.78525972366333,0.763447165489197,0.740090250968933
"2024-03-22",1.72295534610748,1.65813755989075,1.63375568389893,1.59569668769836,1.4753246307373,1.48369479179382,1.78624153137207,2.10971188545227,2.21255731582642,2.08679485321045,1.49160730838776,1.31013107299805,1.26270365715027,1.17994451522827,0.981260418891907,0.943504691123962,0.895666599273682,0.837621569633484,0.830021917819977,0.827056705951691,0.804187297821045,0.761951744556427,0.71257734298706,0.706817626953125,0.738114237785339,0.738226115703583,0.738077461719513,0.739859342575073,0.744660437107086,0.777064442634583,0.833181142807007,0.820256114006042,0.798767685890198,0.780789613723755,0.674643754959106,0.66370952129364,0.668768763542175,0.695890426635742,0.68642121553421,0.629087924957275,0.643754482269287,0.660532474517822,0.671589434146881,0.681710720062256,0.672902584075928,0.659983396530151
"2024-03-23",1.46343576908112,1.40896272659302,1.45937550067902,1.42103719711304,1.32514190673828,1.33077168464661,1.61539459228516,1.88025307655334,1.90942895412445,1.74799466133118,1.24746966362,1.09272944927216,1.05400109291077,0.982194364070892,0.813727378845215,0.787951350212097,0.76119065284729,0.754396915435791,0.742540240287781,0.718419075012207,0.700989961624146,0.668903827667236,0.628430962562561,0.621083855628967,0.636765599250793,0.636141300201416,0.636682629585266,0.637983798980713,0.638966202735901,0.661163687705994,0.697012901306152,0.689282298088074,0.676813066005707,0.665813028812408,0.587837815284729,0.574093401432037,0.572809398174286,0.59698474407196,0.591214776039124,0.543958067893982,0.555288136005402,0.566670179367065,0.573788285255432,0.590127229690552,0.588097095489502,0.57977569103241
"2024-03-24",1.25259184837341,1.22301340103149,1.30713522434235,1.29843032360077,1.22277677059174,1.2385528087616,1.52972173690796,1.62337255477905,1.53631937503815,1.3744136095047,0.984945118427277,0.889193296432495,0.85128378868103,0.790957987308502,0.687873601913452,0.67830491065979,0.669872879981995,0.675879180431366,0.653744280338287,0.607603907585144,0.594777822494507,0.575000166893005,0.557523727416992,0.550651729106903,0.555554151535034,0.553380489349365,0.552488327026367,0.551373779773712,0.549382567405701,0.57298481464386,0.598165392875671,0.588795185089111,0.577002048492432,0.567376434803009,0.494254767894745,0.486841082572937,0.487123310565948,0.507009446620941,0.500898480415344,0.476724475622177,0.489993274211884,0.50238299369812,0.508757591247559,0.516969680786133,0.511890888214111,0.506250143051147
"2024-03-25",2.63880443572998,2.64629864692688,2.58977293968201,2.53383255004883,2.32968521118164,2.15632200241089,2.60125923156738,2.57671499252319,2.3269624710083,2.04404282569885,1.56810283660889,1.5568745136261,1.50451421737671,1.46780979633331,1.36503911018372,1.36173009872437,1.35261595249176,1.3176691532135,1.28062415122986,1.20748853683472,1.17027163505554,1.11154460906982,1.05998599529266,1.03265917301178,0.959182739257812,0.985635757446289,0.998266875743866,0.948357343673706,0.902963757514954,0.974822402000427,1.05484414100647,1.00882458686829,0.97517466545105,0.956573605537415,0.986226558685303,0.940433263778687,0.927630543708801,1.00818276405334,1.00774240493774,0.967178106307983,0.963601589202881,0.939222931861877,0.909360766410828,0.81916344165802,0.806882739067078,0.786679625511169
"2024-03-26",3.36203479766846,3.17506051063538,3.46260547637939,3.343825340271,2.93221139907837,2.80321502685547,3.17194843292236,3.2287802696228,2.85527777671814,2.45640969276428,1.98942267894745,1.85443234443665,1.87272500991821,1.89843046665192,1.82420027256012,1.82616150379181,1.80736708641052,1.69665455818176,1.62967038154602,1.49742865562439,1.45269560813904,1.38222002983093,1.33998417854309,1.31927192211151,1.29237115383148,1.28011655807495,1.25489783287048,1.21710157394409,1.1772712469101,1.24792528152466,1.32208013534546,1.31289052963257,1.30401349067688,1.2985372543335,1.23302674293518,1.24121463298798,1.25044250488281,1.34129416942596,1.31904435157776,1.23993301391602,1.24461245536804,1.23010206222534,1.20856046676636,1.07224500179291,1.02447354793549,0.981471180915833
"2024-03-27",2.60608124732971,2.48204970359802,2.78837585449219,2.71023964881897,2.45007610321045,2.39795446395874,2.73500370979309,2.76738977432251,2.35774350166321,2.03946232795715,1.5990983247757,1.471275806427,1.48166251182556,1.49956226348877,1.47804379463196,1.46424317359924,1.43372249603271,1.33092510700226,1.28503108024597,1.1690981388092,1.15674376487732,1.13203525543213,1.11047112941742,1.08837914466858,1.07274377346039,1.04859936237335,1.01002407073975,0.966137766838074,0.924501657485962,0.977025032043457,1.08191776275635,1.07484197616577,1.06505084037781,1.05713677406311,0.924890279769897,0.928891539573669,0.941574931144714,1.06032395362854,1.04358792304993,1.00997161865234,1.01459336280823,1.0073127746582,0.994876503944397,0.897280812263489,0.855822622776031,0.816171228885651
"2024-03-28",2.05292201042175,1.97464501857758,2.22286176681519,2.1505651473999,1.94427919387817,1.91075170040131,2.19764447212219,2.27187967300415,1.97154271602631,1.69722414016724,1.3118941783905,1.19980239868164,1.19717979431152,1.19787454605103,1.1888724565506,1.18066155910492,1.16050410270691,1.08863377571106,1.06025528907776,0.975031733512878,0.972055912017822,0.956165790557861,0.914229273796082,0.891150236129761,0.881159663200378,0.859497547149658,0.826541721820831,0.793080449104309,0.762969493865967,0.787715077400208,0.883593916893005,0.883304536342621,0.875913023948669,0.86621105670929,0.727227926254272,0.717004299163818,0.72314715385437,0.835836172103882,0.833915591239929,0.844891548156738,0.85653805732727,0.86159735918045,0.861035823822021,0.797229409217834,0.757462978363037,0.713824510574341
"2024-03-29",1.66172480583191,1.60302901268005,1.83730554580688,1.77561497688293,1.64626014232635,1.63717818260193,1.88524341583252,1.95993721485138,1.75243997573853,1.49832773208618,1.08959245681763,0.995887637138367,0.98783951997757,0.978381395339966,0.974432587623596,0.968269765377045,0.953362703323364,0.914947271347046,0.891884744167328,0.84032928943634,0.832722663879395,0.810003459453583,0.767985343933105,0.748378753662109,0.742311239242554,0.725978016853333,0.701994597911835,0.678901195526123,0.659008622169495,0.678634226322174,0.747838020324707,0.747990071773529,0.742518305778503,0.734823107719421,0.611512541770935,0.599128127098083,0.607771992683411,0.696492671966553,0.702631711959839,0.72685444355011,0.742877006530762,0.754788398742676,0.760501742362976,0.715258002281189,0.677746176719666,0.642992675304413
"2024-03-30",1.35811305046082,1.31864809989929,1.53378343582153,1.48759341239929,1.41732549667358,1.40321171283722,1.64217591285706,1.63281559944153,1.38416230678558,1.17326247692108,0.856283068656921,0.805479645729065,0.79961496591568,0.794090807437897,0.801584601402283,0.794789910316467,0.782748699188232,0.76530110836029,0.745787739753723,0.709963917732239,0.699638843536377,0.677797436714172,0.648217678070068,0.633385360240936,0.628756761550903,0.616979479789734,0.600575149059296,0.585348844528198,0.572272717952728,0.591577291488647,0.645169854164124,0.643007457256317,0.636600494384766,0.629414975643158,0.536342084407806,0.528965353965759,0.538603186607361,0.620449244976044,0.622677206993103,0.637670278549194,0.650761127471924,0.659918010234833,0.663632273674011,0.627371191978455,0.598598599433899,0.572468221187592
"2024-03-31",1.15098214149475,1.10234880447388,1.28550672531128,1.23898839950562,1.18394541740417,1.16977143287659,1.35938405990601,1.32270073890686,1.06180417537689,0.876673579216003,0.667276680469513,0.64785647392273,0.648009657859802,0.652942538261414,0.67712539434433,0.671755254268646,0.659635603427887,0.647861897945404,0.62809419631958,0.590927362442017,0.583776235580444,0.568926453590393,0.548956215381622,0.538902640342712,0.534147620201111,0.527146875858307,0.517598092556,0.509132742881775,0.502622485160828,0.517322540283203,0.557297348976135,0.554782867431641,0.548404097557068,0.5408034324646,0.470956444740295,0.465869963169098,0.473369210958481,0.543397426605225,0.545023679733276,0.559989809989929,0.570160150527954,0.576946139335632,0.5785893201828,0.549457311630249,0.527139782905579,0.506124675273895
"2024-04-01",2.22368144989014,2.14225292205811,2.36479043960571,2.35927486419678,2.38762474060059,2.17306327819824,2.15098142623901,1.95737409591675,1.62824559211731,1.47190523147583,1.30489945411682,1.31562662124634,1.3227379322052,1.34536850452423,1.42368793487549,1.406583070755,1.39827930927277,1.22082138061523,1.2729252576828,1.24606490135193,1.24514758586884,1.232417345047,1.09059548377991,1.07447266578674,1.12868928909302,1.07667851448059,1.01422619819641,0.93217933177948,0.908090233802795,1.14785647392273,1.34779155254364,1.31779527664185,1.28376531600952,1.26782321929932,1.2240297794342,1.12627041339874,1.0822594165802,1.16599893569946,1.21020793914795,1.1539261341095,1.19492828845978,1.22871518135071,1.23486328125,1.17848610877991,1.18177342414856,1.15823328495026
"2024-04-02",2.74271559715271,2.6554217338562,2.97599077224731,2.98158812522888,2.74022340774536,2.36765074729919,2.31435990333557,2.25744247436523,2.00626134872437,1.83640146255493,1.73677635192871,1.71310722827911,1.75490856170654,1.83223390579224,1.91494786739349,1.93334138393402,1.94411706924438,1.78477776050568,1.79788947105408,1.68174338340759,1.67791700363159,1.644366979599,1.47316241264343,1.4447637796402,1.39930367469788,1.35598516464233,1.30223369598389,1.28180861473083,1.32464671134949,1.6069700717926,1.85741591453552,1.8622043132782,1.85184168815613,1.83260154724121,1.55418121814728,1.50101709365845,1.49981510639191,1.65682196617126,1.67366933822632,1.63929831981659,1.66732740402222,1.68747043609619,1.69320929050446,1.69689047336578,1.6994720697403,1.69054651260376
"2024-04-03",2.14416909217834,2.06855583190918,2.19233059883118,2.18087720870972,1.94529616832733,1.76963329315186,1.78242981433868,1.7866827249527,1.63075602054596,1.49668478965759,1.41923499107361,1.39390540122986,1.42724609375,1.4848837852478,1.57604241371155,1.5768620967865,1.56217694282532,1.46466040611267,1.44524657726288,1.37857484817505,1.35877418518066,1.31862854957581,1.22101235389709,1.18885469436646,1.11371421813965,1.11585807800293,1.13221752643585,1.16838693618774,1.22220396995544,1.36382269859314,1.49246644973755,1.48729109764099,1.46951508522034,1.4491913318634,1.2567994594574,1.24248838424683,1.26281440258026,1.37315487861633,1.37754440307617,1.35100698471069,1.37137985229492,1.39108872413635,1.40275812149048,1.41907095909119,1.41415452957153,1.40414023399353
"2024-04-04",1.6796452999115,1.62104094028473,1.69551920890808,1.67062306404114,1.53139185905457,1.4438374042511,1.47356188297272,1.50771272182465,1.39422416687012,1.26592528820038,1.17973756790161,1.15598380565643,1.17262744903564,1.20326030254364,1.26761651039124,1.26605379581451,1.25192022323608,1.18170952796936,1.16350674629211,1.11287665367126,1.10077273845673,1.07170915603638,1.01150095462799,0.991426169872284,0.951257228851318,0.96479856967926,0.991823196411133,1.02711355686188,1.06545341014862,1.14379405975342,1.21312928199768,1.20318913459778,1.18441545963287,1.16768145561218,1.04567956924438,1.03985846042633,1.05739939212799,1.14251434803009,1.14433073997498,1.11615300178528,1.13411378860474,1.15281391143799,1.16452026367188,1.18179762363434,1.17551338672638,1.16227221488953
"2024-04-05",1.37568092346191,1.32652711868286,1.40613353252411,1.37454462051392,1.29035270214081,1.23914802074432,1.27757453918457,1.32870697975159,1.23486280441284,1.11219000816345,0.992436945438385,0.965802669525146,0.969797968864441,0.982720375061035,1.02250409126282,1.02230477333069,1.01384043693542,0.965524971485138,0.951066255569458,0.915199160575867,0.907210290431976,0.887765884399414,0.858380913734436,0.845831513404846,0.829018473625183,0.840385377407074,0.861335813999176,0.88670015335083,0.912356913089752,0.954166293144226,0.996895670890808,0.988452076911926,0.973981142044067,0.96259081363678,0.879522085189819,0.876790761947632,0.891357183456421,0.955832362174988,0.957068562507629,0.931274831295013,0.946564674377441,0.962486147880554,0.972318530082703,0.985599875450134,0.981270432472229,0.96959376335144
"2024-04-06",1.16811513900757,1.12608289718628,1.21328520774841,1.18507933616638,1.12943971157074,1.09183502197266,1.14335823059082,1.20039653778076,1.13829565048218,1.0377289056778,0.854218184947968,0.809836804866791,0.805133640766144,0.805079460144043,0.824644148349762,0.825409054756165,0.821923971176147,0.791142404079437,0.781468868255615,0.759519338607788,0.754798352718353,0.742613434791565,0.730738461017609,0.72505921125412,0.72188663482666,0.729913949966431,0.744282126426697,0.761336982250214,0.776889383792877,0.797123670578003,0.824145197868347,0.818030834197998,0.807930707931519,0.799853324890137,0.742319345474243,0.741558074951172,0.753400921821594,0.800391793251038,0.801305413246155,0.779060184955597,0.791878521442413,0.805767893791199,0.814522445201874,0.825454652309418,0.821750283241272,0.811900496482849
"2024-04-07",1.02323389053345,0.987589955329895,1.08438301086426,1.05865907669067,1.0176260471344,0.986254632472992,1.04885470867157,1.11210680007935,1.05591201782227,0.955079555511475,0.734426558017731,0.676621794700623,0.66792893409729,0.65981912612915,0.662656664848328,0.664823651313782,0.666225790977478,0.652944207191467,0.647698402404785,0.6380575299263,0.634816944599152,0.62653386592865,0.626015782356262,0.625445127487183,0.625908255577087,0.629989981651306,0.638492941856384,0.649541079998016,0.658650696277618,0.668478190898895,0.68329393863678,0.677342176437378,0.668116450309753,0.660780072212219,0.625426054000854,0.627476692199707,0.637678861618042,0.669566035270691,0.670644521713257,0.655731320381165,0.665104389190674,0.675389170646667,0.682006657123566,0.691159009933472,0.687573671340942,0.6785529255867
"2024-04-08",3.81283593177795,3.25540399551392,3.02106261253357,2.91155910491943,2.98314213752747,2.62900710105896,2.51322937011719,2.34118318557739,1.98997187614441,1.73515486717224,1.45695447921753,1.46175694465637,1.46409964561462,1.47912120819092,1.6070511341095,1.58230090141296,1.53995323181152,1.47573828697205,1.4579873085022,1.41985189914703,1.44153130054474,1.42609095573425,1.25704944133759,1.23869490623474,1.32443594932556,1.29804384708405,1.24225521087646,1.14301288127899,1.10010123252869,1.13008773326874,1.09413385391235,1.09398150444031,1.09835934638977,1.09831047058105,1.21934735774994,1.13745963573456,1.10448491573334,1.18984031677246,1.26092040538788,1.25040245056152,1.29935693740845,1.3552131652832,1.38138020038605,1.34492325782776,1.34617412090302,1.31207609176636
"2024-04-09",5.16686248779297,4.85888671875,4.35010528564453,4.16649150848389,3.82302117347717,3.37890791893005,3.18116521835327,3.08607912063599,2.62696576118469,2.22174692153931,1.86574244499207,1.83095526695251,1.85137581825256,1.89555478096008,2.01042079925537,2.00302267074585,1.98976111412048,1.95965957641602,1.93582081794739,1.90843367576599,1.87252140045166,1.80490899085999,1.66832900047302,1.64854741096497,1.65946114063263,1.6192706823349,1.56299138069153,1.51674151420593,1.49451684951782,1.47735631465912,1.42957866191864,1.44045519828796,1.45211219787598,1.4582906961441,1.45642924308777,1.46759104728699,1.51120805740356,1.62731766700745,1.66881561279297,1.63487577438354,1.69588446617126,1.7566967010498,1.78753650188446,1.81692004203796,1.80178642272949,1.75950956344604
"2024-04-10",3.62703061103821,3.49351692199707,3.23555135726929,3.17738938331604,2.81885433197021,2.52844333648682,2.45615887641907,2.14495038986206,1.75364971160889,1.54528820514679,1.40783643722534,1.40275073051453,1.43852043151855,1.49024820327759,1.56080842018127,1.55140733718872,1.53246331214905,1.50558578968048,1.47326731681824,1.43557286262512,1.41153645515442,1.36900532245636,1.33348178863525,1.30554819107056,1.27515482902527,1.25373482704163,1.22660684585571,1.20365500450134,1.18598484992981,1.18982064723969,1.19030725955963,1.18665051460266,1.18340182304382,1.1843376159668,1.20792698860168,1.24111938476562,1.27486133575439,1.33767700195312,1.3528265953064,1.31863212585449,1.36745381355286,1.40951931476593,1.43146920204163,1.45473659038544,1.44650340080261,1.42442417144775
"2024-04-11",2.49737644195557,2.45110368728638,2.30481863021851,2.31491780281067,2.05393409729004,1.781986951828,1.65069222450256,1.40328299999237,1.18879294395447,1.09734654426575,1.12171757221222,1.13412570953369,1.16197943687439,1.19400179386139,1.2263662815094,1.20157027244568,1.1630437374115,1.128422498703,1.10473048686981,1.0738970041275,1.07260406017303,1.05262386798859,1.03853297233582,1.01161062717438,0.992069184780121,0.977906823158264,0.958298802375793,0.941028594970703,0.930955171585083,0.953506112098694,0.9716956615448,0.97252231836319,0.975768208503723,0.980737686157227,1.01743733882904,1.03452301025391,1.04651308059692,1.10004115104675,1.10387766361237,1.08063757419586,1.11614632606506,1.14355909824371,1.15626955032349,1.14538705348969,1.13890433311462,1.12764036655426
"2024-04-12",1.77202296257019,1.74597477912903,1.63502168655396,1.656170129776,1.44265258312225,1.22587490081787,1.08984911441803,0.980207324028015,0.891256809234619,0.863853216171265,0.906657338142395,0.9182950258255,0.928610384464264,0.935410022735596,0.939738035202026,0.920459866523743,0.894616842269897,0.871771514415741,0.862900137901306,0.835376381874084,0.83817183971405,0.82269948720932,0.805361151695251,0.788813948631287,0.781161785125732,0.773968458175659,0.764314711093903,0.75612461566925,0.752275168895721,0.773076415061951,0.797847032546997,0.800333857536316,0.80339103937149,0.806541442871094,0.814915537834167,0.826136827468872,0.836066007614136,0.890870094299316,0.8931525349617,0.87648344039917,0.9039546251297,0.93056732416153,0.946037292480469,0.93352198600769,0.91626650094986,0.9026118516922
"2024-04-13",1.29818427562714,1.30128526687622,1.18878710269928,1.22488141059875,1.08507061004639,0.942620754241943,0.835829138755798,0.771608591079712,0.711835086345673,0.693763732910156,0.724544405937195,0.73805570602417,0.740311145782471,0.73955899477005,0.742148995399475,0.727787017822266,0.709315001964569,0.69417017698288,0.689834177494049,0.675200521945953,0.675437927246094,0.663997769355774,0.658575415611267,0.647314667701721,0.637894690036774,0.63239598274231,0.625910818576813,0.621444463729858,0.619574189186096,0.63239598274231,0.658111810684204,0.659199118614197,0.660063743591309,0.660934388637543,0.660735607147217,0.671008348464966,0.682137131690979,0.725545346736908,0.730773687362671,0.721898078918457,0.742275178432465,0.765711307525635,0.780716419219971,0.778970181941986,0.76195353269577,0.744555175304413
"2024-04-14",1.02554953098297,1.04297161102295,0.952902317047119,0.991743922233582,0.91278874874115,0.811851978302002,0.732942461967468,0.68044126033783,0.603750467300415,0.565697431564331,0.577046632766724,0.596403062343597,0.593203067779541,0.590090692043304,0.589427888393402,0.58260303735733,0.572190999984741,0.560774385929108,0.559059977531433,0.565244793891907,0.562649130821228,0.554068326950073,0.5606529712677,0.550512433052063,0.534358501434326,0.527369618415833,0.519558906555176,0.514916479587555,0.513144850730896,0.524144768714905,0.545451104640961,0.54620349407196,0.546445071697235,0.546033501625061,0.539012253284454,0.547393083572388,0.560234785079956,0.608108341693878,0.612124383449554,0.60284435749054,0.616030991077423,0.631487667560577,0.642179489135742,0.651295185089111,0.635895371437073,0.616822242736816
"2024-04-15",2.43077564239502,2.4615204334259,2.60336399078369,2.63362765312195,2.45447206497192,2.05512309074402,2.14917945861816,1.98687195777893,1.78488111495972,1.69625186920166,1.51956403255463,1.65412378311157,1.57542872428894,1.54903209209442,1.5131254196167,1.50947058200836,1.46709728240967,1.30092525482178,1.3310911655426,1.23884117603302,1.24367094039917,1.21911263465881,1.06078743934631,1.09809398651123,1.11654305458069,1.15594065189362,1.17163324356079,1.10406684875488,1.06017017364502,1.08235287666321,1.09923374652863,1.07665705680847,1.0679759979248,1.07717394828796,1.2913818359375,1.23327350616455,1.16632127761841,1.17689347267151,1.19939136505127,1.11958599090576,1.10250461101532,1.07012927532196,1.05829358100891,1.01344966888428,0.995028555393219,0.949371755123138
"2024-04-16",3.28689098358154,3.32445573806763,3.3435754776001,3.45631337165833,3.07156658172607,2.71888160705566,2.67903923988342,2.52148962020874,2.30256986618042,2.125981092453,1.96438705921173,1.987175822258,1.98256587982178,1.98194622993469,1.9739875793457,1.9510840177536,1.90458917617798,1.76789057254791,1.7415041923523,1.58288061618805,1.58922529220581,1.57861733436584,1.44574415683746,1.45454716682434,1.46108794212341,1.4539942741394,1.44289064407349,1.43390941619873,1.43673658370972,1.43658173084259,1.43130528926849,1.44452750682831,1.4576404094696,1.46489691734314,1.48223757743835,1.46231651306152,1.43893074989319,1.48789358139038,1.46075332164764,1.37185704708099,1.37330806255341,1.35212361812592,1.33074545860291,1.25602507591248,1.22429394721985,1.18416857719421
"2024-04-17",2.47071504592896,2.50144004821777,2.4650661945343,2.52326250076294,2.33276319503784,2.12635040283203,2.08546543121338,1.9028742313385,1.70756483078003,1.57511115074158,1.47974038124084,1.48062133789062,1.48538374900818,1.48904502391815,1.48843514919281,1.4675350189209,1.43630695343018,1.36474597454071,1.33836483955383,1.25489187240601,1.2630398273468,1.25454163551331,1.18557107448578,1.16711854934692,1.13552021980286,1.1296558380127,1.12363696098328,1.12120032310486,1.12017595767975,1.14073252677917,1.1670081615448,1.16160619258881,1.15301692485809,1.14516377449036,1.05607378482819,1.04766714572906,1.04690027236938,1.13227033615112,1.11250042915344,1.07147514820099,1.08238482475281,1.08041715621948,1.07616150379181,1.00210738182068,0.975268721580505,0.952903568744659
"2024-04-18",1.84508681297302,1.86370253562927,1.85899710655212,1.90401637554169,1.79288172721863,1.65032339096069,1.60401666164398,1.43959188461304,1.26894247531891,1.16563439369202,1.12178874015808,1.12625181674957,1.13175988197327,1.13834059238434,1.14295077323914,1.13467788696289,1.12059497833252,1.07674241065979,1.06017208099365,0.993877291679382,1.00062298774719,0.990759968757629,0.93731015920639,0.923827290534973,0.904932856559753,0.90291565656662,0.899425208568573,0.894879579544067,0.887889623641968,0.897246301174164,0.926515936851501,0.917139172554016,0.904367089271545,0.893618762493134,0.817894995212555,0.815095126628876,0.820690751075745,0.887205243110657,0.873618185520172,0.856519997119904,0.871863842010498,0.879967987537384,0.882183730602264,0.835719883441925,0.807949781417847,0.781083941459656
"2024-04-19",1.40792977809906,1.41856372356415,1.45430827140808,1.49847388267517,1.44131803512573,1.34354662895203,1.31395864486694,1.18236804008484,1.02301478385925,0.921284556388855,0.87154346704483,0.876863420009613,0.882052719593048,0.890003263950348,0.910532176494598,0.908379375934601,0.901908218860626,0.875390768051147,0.864577531814575,0.806514143943787,0.814189851284027,0.810684502124786,0.767095923423767,0.757705569267273,0.741185545921326,0.73857706785202,0.733940184116364,0.728533744812012,0.721104383468628,0.715072393417358,0.737876415252686,0.731307089328766,0.721877336502075,0.713683664798737,0.661221146583557,0.657830595970154,0.662869095802307,0.714393496513367,0.709476113319397,0.697839021682739,0.713240802288055,0.725117683410645,0.73119992017746,0.698065280914307,0.677149415016174,0.653433859348297
"2024-04-20",1.11108779907227,1.10759997367859,1.17858338356018,1.20928335189819,1.18726229667664,1.1291081905365,1.14235031604767,1.04442834854126,0.890762686729431,0.777656197547913,0.697534561157227,0.692891716957092,0.697189748287201,0.70575612783432,0.740259885787964,0.741800427436829,0.740707874298096,0.731613516807556,0.722623705863953,0.679488658905029,0.686957955360413,0.685343861579895,0.64917916059494,0.639324903488159,0.619775414466858,0.616398513317108,0.61118620634079,0.605619847774506,0.597757816314697,0.58494234085083,0.599734306335449,0.59582793712616,0.589498162269592,0.583635628223419,0.54722797870636,0.542748153209686,0.546002149581909,0.585609078407288,0.5856112241745,0.580037951469421,0.593500852584839,0.605547189712524,0.612136006355286,0.586631655693054,0.571735739707947,0.553816854953766
"2024-04-21",0.918725848197937,0.911515772342682,0.979745984077454,1.00890040397644,1.01217532157898,0.975882947444916,1.04202330112457,0.967704713344574,0.80984103679657,0.683122634887695,0.573016405105591,0.557733952999115,0.561774969100952,0.570912659168243,0.608935832977295,0.613050878047943,0.61661285161972,0.62031102180481,0.614344358444214,0.578633546829224,0.58548891544342,0.584290862083435,0.555065870285034,0.545832633972168,0.525800704956055,0.52228307723999,0.517208993434906,0.511587738990784,0.504725575447083,0.489608973264694,0.499845534563065,0.496744811534882,0.491662800312042,0.487000614404678,0.460243582725525,0.457166790962219,0.460105299949646,0.494123518466949,0.495055824518204,0.492541015148163,0.505169689655304,0.51656299829483,0.52140337228775,0.504002332687378,0.49081489443779,0.476137012243271
"2024-04-22",1.64449453353882,1.67107391357422,1.68161749839783,1.79527390003204,1.79352629184723,1.62637686729431,1.64814782142639,1.5952136516571,1.44404673576355,1.32060527801514,1.24495053291321,1.34804248809814,1.29189586639404,1.22613620758057,1.28649759292603,1.24104619026184,1.22304487228394,1.29795825481415,1.23650431632996,1.20655655860901,1.13073420524597,1.05717658996582,1.00043845176697,0.954639911651611,1.03508043289185,0.946920096874237,0.853292226791382,0.773546695709229,0.757404685020447,1.09872472286224,1.28986656665802,1.19057321548462,1.12827146053314,1.09819960594177,1.09345746040344,0.962159693241119,0.913445472717285,1.32090640068054,1.278804063797,1.2563384771347,1.18337094783783,1.11837816238403,1.09354293346405,0.918421864509583,0.880906879901886,0.861600697040558
"2024-04-23",1.94009065628052,1.94953858852386,2.0108437538147,2.09281826019287,2.03247165679932,1.88194131851196,1.94281649589539,1.82882571220398,1.6957573890686,1.61104202270508,1.60413527488708,1.6505800485611,1.6208872795105,1.59925854206085,1.63762760162354,1.62816333770752,1.60602927207947,1.57354629039764,1.49292945861816,1.35640001296997,1.30163109302521,1.21234631538391,1.16229891777039,1.09960544109344,1.12773001194,1.07837104797363,1.0479621887207,1.07730412483215,1.16174292564392,1.6161562204361,1.72927737236023,1.67537474632263,1.60658609867096,1.54741406440735,1.21809720993042,1.18249499797821,1.19533967971802,1.62557363510132,1.53611636161804,1.52446019649506,1.48633861541748,1.44028210639954,1.40971064567566,1.2387638092041,1.17031908035278,1.10994780063629
"2024-04-24",1.49992871284485,1.50295066833496,1.55527687072754,1.59657692909241,1.55374097824097,1.46549189090729,1.46829521656036,1.37915146350861,1.29265546798706,1.24154829978943,1.24828934669495,1.26592147350311,1.27183866500854,1.27933967113495,1.30141222476959,1.27438533306122,1.22502970695496,1.12803733348846,1.06518173217773,0.959123194217682,0.934653997421265,0.88543689250946,0.84844309091568,0.824795246124268,0.891112923622131,0.901223182678223,0.924807786941528,0.955424308776855,0.998199343681335,1.21404504776001,1.30663096904755,1.25979852676392,1.20090460777283,1.15344381332397,0.920901954174042,0.907117068767548,0.918711304664612,1.14459669589996,1.11434125900269,1.11818039417267,1.12322616577148,1.12066435813904,1.11482238769531,1.02593243122101,0.967423617839813,0.905841290950775
"2024-04-25",1.19626069068909,1.19721126556396,1.24333226680756,1.27979505062103,1.2423460483551,1.16661167144775,1.16100656986237,1.09201836585999,1.03537011146545,0.999992668628693,1.00862896442413,1.02301001548767,1.02582192420959,1.02672672271729,1.02788841724396,0.997979581356049,0.948298692703247,0.848039865493774,0.802020788192749,0.732359051704407,0.720349788665771,0.69216251373291,0.69073760509491,0.682018876075745,0.756956696510315,0.759864985942841,0.767791092395782,0.777979612350464,0.797867953777313,0.922799825668335,1.00080347061157,0.971275091171265,0.934825420379639,0.904677093029022,0.738384246826172,0.724837779998779,0.731212258338928,0.875275015830994,0.867536783218384,0.882631480693817,0.899421811103821,0.910527884960175,0.912505745887756,0.85666823387146,0.811068058013916,0.760111689567566
"2024-04-26",0.981558918952942,0.972475707530975,1.02958559989929,1.05002999305725,1.0237820148468,0.963664472103119,0.969131946563721,0.921057820320129,0.860616028308868,0.827689588069916,0.827786564826965,0.839576363563538,0.838873624801636,0.834888935089111,0.823327302932739,0.799164950847626,0.759507179260254,0.669986724853516,0.639866828918457,0.58695524930954,0.58225154876709,0.567845225334167,0.580901145935059,0.574466824531555,0.634640514850616,0.634436011314392,0.636613070964813,0.639346361160278,0.650561928749084,0.72713303565979,0.788519501686096,0.771156072616577,0.749849796295166,0.731560707092285,0.615580558776855,0.602516531944275,0.604774475097656,0.702627956867218,0.705870509147644,0.722920060157776,0.741217494010925,0.756561756134033,0.761655151844025,0.723347961902618,0.688790082931519,0.649368166923523
"2024-04-27",0.832253813743591,0.811009585857391,0.893638849258423,0.895595669746399,0.869574666023254,0.81664228439331,0.850789487361908,0.82211422920227,0.747393250465393,0.704116642475128,0.687095284461975,0.693199872970581,0.692061185836792,0.68868088722229,0.680816411972046,0.664713859558105,0.636555075645447,0.563532948493958,0.536016464233398,0.491581559181213,0.489195674657822,0.481052756309509,0.491189122200012,0.487204849720001,0.529053330421448,0.528447270393372,0.529483675956726,0.53238433599472,0.540629982948303,0.58905702829361,0.638355493545532,0.629965543746948,0.618729472160339,0.608622074127197,0.526699185371399,0.514733970165253,0.515565991401672,0.577645063400269,0.585625648498535,0.602126896381378,0.618937730789185,0.635434865951538,0.642728269100189,0.618240237236023,0.592311322689056,0.562393367290497
"2024-04-28",0.727916479110718,0.69901180267334,0.800138413906097,0.788978815078735,0.757835388183594,0.71704626083374,0.774591684341431,0.761797726154327,0.683565616607666,0.616149187088013,0.578004479408264,0.575508117675781,0.574856519699097,0.573264122009277,0.57237434387207,0.561086416244507,0.538600564002991,0.473675698041916,0.45056277513504,0.420690149068832,0.419076561927795,0.41538143157959,0.423205614089966,0.421575546264648,0.449801534414291,0.449794918298721,0.45120832324028,0.457902133464813,0.466343343257904,0.493416637182236,0.528284013271332,0.523577213287354,0.516706705093384,0.51069700717926,0.453976929187775,0.445624709129333,0.449930667877197,0.490424275398254,0.498702168464661,0.508745670318604,0.522428750991821,0.536124229431152,0.5438432097435,0.532601594924927,0.513524413108826,0.491300851106644
"2024-04-29",2.96030616760254,3.11053419113159,3.36467242240906,3.65457892417908,3.0391001701355,2.0181040763855,1.88548851013184,1.85785174369812,1.73438692092896,1.57067227363586,1.44859194755554,1.61525368690491,1.50053310394287,1.39655423164368,1.4702832698822,1.40556144714355,1.3548618555069,1.34086060523987,1.31170129776001,1.26401662826538,1.23874199390411,1.20271873474121,1.10602879524231,1.09047961235046,1.23847281932831,1.2039543390274,1.11788749694824,0.981081008911133,0.919750690460205,1.01878035068512,1.10995137691498,1.07090020179749,1.03613865375519,1.01778364181519,1.08610391616821,0.994395852088928,0.941505908966064,1.00326657295227,1.05561780929565,1.04297780990601,1.07064759731293,1.09997296333313,1.11705946922302,1.09746277332306,1.0385262966156,1.00511574745178
"2024-04-30",3.93795704841614,4.02386045455933,4.15756750106812,4.43181467056274,3.45276594161987,2.6556556224823,2.50234985351562,2.43300938606262,2.18192720413208,1.98909211158752,1.88433456420898,1.91154253482819,1.8696780204773,1.82408404350281,1.79271554946899,1.79387021064758,1.8158483505249,1.80613017082214,1.80688428878784,1.70451617240906,1.69800138473511,1.66041302680969,1.50793218612671,1.50346863269806,1.57234644889832,1.51546609401703,1.41451549530029,1.33178496360779,1.29532361030579,1.36006927490234,1.44397521018982,1.43497157096863,1.42021799087524,1.40599691867828,1.3099582195282,1.29285335540771,1.29635739326477,1.40047478675842,1.39783620834351,1.29523146152496,1.35982012748718,1.42247605323792,1.45644450187683,1.43911695480347,1.35198283195496,1.27027308940887
"2024-05-01",2.7521812915802,2.61820602416992,2.85980749130249,2.80531024932861,2.36848258972168,2.01556658744812,2.03206419944763,1.93652033805847,1.66013395786285,1.50843214988708,1.39943552017212,1.38445234298706,1.37933814525604,1.37494027614594,1.35876405239105,1.37649738788605,1.40333557128906,1.39921033382416,1.39286625385284,1.2899341583252,1.29580926895142,1.27785778045654,1.19149541854858,1.16529107093811,1.12614107131958,1.08915853500366,1.0382684469223,0.992298305034637,0.958317756652832,1.02678465843201,1.1176266670227,1.10533511638641,1.08941864967346,1.07248711585999,0.945346474647522,0.948155641555786,0.965069472789764,1.06588959693909,1.06092143058777,1.01108407974243,1.05488348007202,1.09982073307037,1.12622177600861,1.11740672588348,1.0617790222168,0.993141710758209
"2024-05-02",1.73239552974701,1.57514953613281,1.85930716991425,1.71823167800903,1.61394429206848,1.48668003082275,1.63656544685364,1.69801068305969,1.52037215232849,1.33101832866669,1.10258913040161,1.05339622497559,1.05409061908722,1.05931091308594,1.06719934940338,1.07669103145599,1.09193086624146,1.09831619262695,1.09466063976288,1.02118587493896,1.02910137176514,1.02021670341492,0.948126137256622,0.923545956611633,0.861641526222229,0.842592716217041,0.816326022148132,0.792039275169373,0.776063442230225,0.810139417648315,0.870679020881653,0.863449811935425,0.850351095199585,0.837101340293884,0.737038731575012,0.718008160591125,0.714265644550323,0.796215176582336,0.800525665283203,0.818114757537842,0.841801404953003,0.86769449710846,0.883984923362732,0.877488374710083,0.840664505958557,0.791469573974609
"2024-05-03",1.31088995933533,1.20639288425446,1.37128925323486,1.26930141448975,1.20776844024658,1.1984338760376,1.38482344150543,1.46525740623474,1.37745273113251,1.21634578704834,0.908872306346893,0.832894265651703,0.829015731811523,0.82984471321106,0.837246477603912,0.845772862434387,0.857926309108734,0.87234777212143,0.871301114559174,0.839052677154541,0.843502521514893,0.835427463054657,0.790757894515991,0.768821120262146,0.70490825176239,0.690923810005188,0.672594785690308,0.656036615371704,0.645173728466034,0.657149314880371,0.694328367710114,0.691298842430115,0.683882117271423,0.675832748413086,0.604204535484314,0.587826788425446,0.584693074226379,0.628703832626343,0.639343023300171,0.667816281318665,0.684506952762604,0.703132748603821,0.714921057224274,0.711971938610077,0.685923457145691,0.654115200042725
"2024-05-04",1.15797960758209,1.09572970867157,1.21636843681335,1.15802049636841,1.10772883892059,1.10036444664001,1.31564736366272,1.32818925380707,1.20237350463867,1.06573224067688,0.766470074653625,0.681408643722534,0.674732387065887,0.669138431549072,0.667360663414001,0.673100233078003,0.681869268417358,0.695270538330078,0.696906924247742,0.69326651096344,0.694707810878754,0.689744234085083,0.680819511413574,0.663034498691559,0.604314267635345,0.589561462402344,0.571242451667786,0.555809497833252,0.545919239521027,0.547424852848053,0.569843769073486,0.568593859672546,0.564669609069824,0.559527099132538,0.509597539901733,0.499353051185608,0.499584227800369,0.52798867225647,0.538407027721405,0.558072805404663,0.571893930435181,0.587756514549255,0.598022699356079,0.597911417484283,0.581235229969025,0.559667587280273
"2024-05-05",1.02869892120361,0.974068999290466,1.09635877609253,1.0469788312912,1.00278162956238,0.987528562545776,1.21953058242798,1.27625608444214,1.15313196182251,0.983074724674225,0.675203800201416,0.581265211105347,0.567476987838745,0.550384998321533,0.536761283874512,0.538051605224609,0.542901396751404,0.554536461830139,0.559808969497681,0.572338581085205,0.575157105922699,0.57591849565506,0.589169144630432,0.578205347061157,0.531458139419556,0.517105579376221,0.498058140277863,0.480619758367538,0.467861354351044,0.461824119091034,0.474385678768158,0.47408801317215,0.472290933132172,0.468500018119812,0.43371394276619,0.425955355167389,0.425545990467072,0.447404146194458,0.454366534948349,0.468246102333069,0.477189481258392,0.487534940242767,0.49453616142273,0.500494182109833,0.492469429969788,0.479044258594513
"2024-05-06",2.61272501945496,2.48417615890503,2.85200500488281,2.71520233154297,2.38630151748657,2.0751211643219,2.15189409255981,2.21386337280273,2.05221366882324,1.77951335906982,1.37324905395508,1.30669844150543,1.2826418876648,1.21732521057129,1.10766673088074,1.11357474327087,1.13917577266693,1.19396257400513,1.15445637702942,1.05349349975586,1.0490757226944,1.04828906059265,1.04261267185211,1.04277062416077,1.08784222602844,1.07440662384033,1.01999115943909,0.922003924846649,0.868173837661743,0.957997918128967,1.06630051136017,1.06129693984985,1.05331969261169,1.03574919700623,1.16690361499786,1.03281080722809,0.921252727508545,0.919042885303497,0.961627662181854,0.974150657653809,1.00335943698883,1.01715815067291,1.00582432746887,0.918867290019989,0.896863460540771,0.854965925216675
"2024-05-07",3.52802991867065,3.29938364028931,3.60259127616882,3.4636869430542,2.95772075653076,2.56513500213623,2.65889763832092,2.81911897659302,2.61454749107361,2.28394508361816,1.69608247280121,1.54247736930847,1.53467965126038,1.51049947738647,1.44383811950684,1.45190632343292,1.46149170398712,1.46183705329895,1.41651320457458,1.30409097671509,1.3004002571106,1.29611921310425,1.2803909778595,1.28755521774292,1.38309454917908,1.36422252655029,1.32003784179688,1.2672598361969,1.23510134220123,1.29459810256958,1.40506541728973,1.43051314353943,1.45286655426025,1.4569000005722,1.42855405807495,1.36468458175659,1.29317903518677,1.2583395242691,1.26949608325958,1.2707097530365,1.3010835647583,1.32146763801575,1.32490634918213,1.23427903652191,1.18849277496338,1.13832926750183
"2024-05-08",2.66653966903687,2.54972219467163,2.62852692604065,2.56469917297363,2.26677536964417,2.07188272476196,2.30892896652222,2.35931301116943,2.09328174591064,1.7801855802536,1.2728465795517,1.16149258613586,1.13760089874268,1.11002326011658,1.09597253799438,1.09239590167999,1.08276855945587,1.05471611022949,1.03774809837341,1.02460217475891,1.026526927948,1.02345132827759,1.02176082134247,1.0143735408783,1.0504789352417,1.04532015323639,1.02931082248688,1.01199913024902,1.00490713119507,1.03749370574951,1.10436856746674,1.11136770248413,1.11401796340942,1.11020255088806,1.04159295558929,1.00875496864319,0.981756925582886,1.00459182262421,0.999088525772095,0.974886775016785,1.00119924545288,1.0224107503891,1.03195023536682,0.981104910373688,0.948841691017151,0.915080070495605
"2024-05-09",2.01992988586426,1.97185742855072,2.00569987297058,2.00015902519226,1.84083151817322,1.73544478416443,2.05102300643921,1.97929763793945,1.64051902294159,1.33647704124451,0.947591662406921,0.875048756599426,0.855737507343292,0.831903457641602,0.822452783584595,0.815462827682495,0.805249333381653,0.802026271820068,0.803211212158203,0.824321031570435,0.8265580534935,0.82075023651123,0.832660794258118,0.818782448768616,0.821565508842468,0.817256569862366,0.811410427093506,0.808418393135071,0.809827566146851,0.843110084533691,0.873387634754181,0.868138432502747,0.860053181648254,0.85221266746521,0.770964980125427,0.75786954164505,0.754481673240662,0.794571578502655,0.785125851631165,0.756966590881348,0.777538299560547,0.792292237281799,0.799747288227081,0.76643979549408,0.747469067573547,0.727943539619446
"2024-05-10",1.57309556007385,1.53920257091522,1.6218695640564,1.62844789028168,1.54976427555084,1.48188841342926,1.81318736076355,1.70207059383392,1.34064960479736,1.05263662338257,0.720405340194702,0.659679114818573,0.645520985126495,0.625947713851929,0.620097696781158,0.617989897727966,0.61903440952301,0.647313475608826,0.6521075963974,0.675699293613434,0.678120732307434,0.673181712627411,0.690343022346497,0.677013993263245,0.67335057258606,0.666825652122498,0.659427523612976,0.654856443405151,0.652803301811218,0.678748369216919,0.694624423980713,0.684971213340759,0.673402905464172,0.662898063659668,0.594423890113831,0.592684268951416,0.597032427787781,0.635233640670776,0.625139892101288,0.600834250450134,0.613999009132385,0.624657332897186,0.630317509174347,0.607795000076294,0.595337986946106,0.57976233959198
"2024-05-11",1.28754711151123,1.25694894790649,1.3738477230072,1.38717842102051,1.34274840354919,1.28616094589233,1.58433961868286,1.46598172187805,1.11559247970581,0.845103323459625,0.542837738990784,0.493187367916107,0.482177764177322,0.469374299049377,0.479943722486496,0.48477229475975,0.494861304759979,0.532356739044189,0.537768363952637,0.555661201477051,0.55828183889389,0.555712759494781,0.576883673667908,0.565095543861389,0.555900573730469,0.548907279968262,0.538836479187012,0.531002402305603,0.525408029556274,0.53815746307373,0.550713300704956,0.543564677238464,0.532633483409882,0.523014426231384,0.475502610206604,0.475661069154739,0.480764329433441,0.508739233016968,0.503116011619568,0.482349872589111,0.492621958255768,0.503352403640747,0.509480357170105,0.502149820327759,0.490828186273575,0.477251470088959
"2024-05-12",1.08744275569916,1.05823028087616,1.20381808280945,1.21484804153442,1.18185687065125,1.13118743896484,1.39886450767517,1.28683090209961,0.938133120536804,0.681396007537842,0.403499364852905,0.364113569259644,0.357070088386536,0.353099465370178,0.385336756706238,0.391820728778839,0.403185695409775,0.441836774349213,0.448703676462173,0.469501614570618,0.471174299716949,0.468422114849091,0.492458283901215,0.481808930635452,0.471522450447083,0.461840093135834,0.447868764400482,0.436700761318207,0.42913880944252,0.437724322080612,0.445643365383148,0.440549701452255,0.43199610710144,0.423428177833557,0.389827489852905,0.390880912542343,0.395955204963684,0.416759610176086,0.413805067539215,0.398591876029968,0.406164646148682,0.414577752351761,0.419961452484131,0.421770870685577,0.414261758327484,0.404001027345657
"2024-05-13",2.75226998329163,2.62442779541016,3.0221643447876,3.09002017974854,2.66533207893372,2.01561450958252,2.12847304344177,2.17248129844666,1.96427953243256,1.79869055747986,1.40157747268677,1.37484812736511,1.35936141014099,1.34766292572021,1.3500611782074,1.27662634849548,1.19846630096436,1.30746173858643,1.2932858467102,1.29381811618805,1.30177307128906,1.25486874580383,1.11067569255829,1.0998170375824,1.1800799369812,1.13360214233398,1.02878153324127,0.909534215927124,0.891364574432373,1.05684924125671,1.13853001594543,1.09045112133026,1.03951549530029,0.992965221405029,0.991572976112366,0.891437768936157,0.848451375961304,0.928816735744476,0.951240420341492,0.932763636112213,0.948896288871765,0.935704827308655,0.903946280479431,0.739181518554688,0.704276621341705,0.662317037582397
"2024-05-14",3.28721308708191,3.13729286193848,3.57347011566162,3.55619645118713,2.91874551773071,2.42358756065369,2.58518958091736,2.49643325805664,2.20825624465942,2.02473211288452,1.77505135536194,1.76418566703796,1.74026596546173,1.6970272064209,1.66338729858398,1.60488176345825,1.51765537261963,1.6404664516449,1.62630319595337,1.70671153068542,1.65330302715302,1.54534578323364,1.46482825279236,1.43026459217072,1.455242395401,1.40547204017639,1.33783864974976,1.2960330247879,1.29863715171814,1.44262290000916,1.47605884075165,1.45318174362183,1.42053747177124,1.38201153278351,1.16884756088257,1.13808488845825,1.13810384273529,1.23077368736267,1.21072459220886,1.13371300697327,1.16890251636505,1.18917727470398,1.19018983840942,1.01354479789734,0.931996822357178,0.853660941123962
"2024-05-15",2.23147439956665,1.95551252365112,2.39737582206726,2.36298203468323,2.14444828033447,1.9333301782608,2.10772609710693,1.97155368328094,1.59245848655701,1.34656023979187,1.19978213310242,1.1878604888916,1.17738115787506,1.15606260299683,1.13998031616211,1.12052059173584,1.09490776062012,1.16631650924683,1.1668735742569,1.21019840240479,1.18728744983673,1.1336395740509,1.11213648319244,1.08026194572449,1.073162317276,1.04708111286163,1.01417231559753,0.986756563186646,0.969953000545502,1.04486954212189,1.07385957241058,1.05482363700867,1.03367257118225,1.01723372936249,0.870643615722656,0.854594588279724,0.85011500120163,0.908743262290955,0.886357307434082,0.827908396720886,0.854780316352844,0.878190636634827,0.889819979667664,0.823284029960632,0.77256429195404,0.721759080886841
"2024-05-16",1.4001442193985,1.20407712459564,1.59735631942749,1.56088638305664,1.5175678730011,1.43281555175781,1.67962455749512,1.63239741325378,1.31193721294403,1.02771472930908,0.843260288238525,0.822034955024719,0.825340986251831,0.828377306461334,0.842673420906067,0.836824297904968,0.832190752029419,0.892268657684326,0.888224542140961,0.907851696014404,0.907627165317535,0.889993906021118,0.876632571220398,0.850955247879028,0.824657559394836,0.804982304573059,0.778901219367981,0.754062056541443,0.732535600662231,0.771475672721863,0.798625648021698,0.785265803337097,0.768489956855774,0.754887044429779,0.655511617660522,0.640968203544617,0.633915424346924,0.68055647611618,0.664608001708984,0.649144291877747,0.664890110492706,0.678730487823486,0.685753464698792,0.648751258850098,0.614178657531738,0.577725291252136
"2024-05-17",1.05369174480438,0.963591039180756,1.2207967042923,1.15452480316162,1.08841621875763,1.06493473052979,1.32051455974579,1.32808017730713,1.12699103355408,0.895391643047333,0.659452140331268,0.601128816604614,0.611916899681091,0.62988018989563,0.640059351921082,0.645272254943848,0.65278959274292,0.683349132537842,0.68404483795166,0.7072394490242,0.717556476593018,0.720823049545288,0.717016816139221,0.69987154006958,0.662505984306335,0.648338675498962,0.627534747123718,0.605986773967743,0.586110830307007,0.590117633342743,0.611376881599426,0.604009032249451,0.59355890750885,0.58421528339386,0.517675161361694,0.504284203052521,0.497256278991699,0.526170611381531,0.519870638847351,0.513284385204315,0.524720370769501,0.535837769508362,0.542584180831909,0.519147515296936,0.491996228694916,0.461774706840515
"2024-05-18",1.00749731063843,0.918001651763916,1.06771636009216,0.992787957191467,0.924177408218384,0.906296968460083,1.0998649597168,1.07228255271912,0.899839818477631,0.732828855514526,0.530411243438721,0.478741765022278,0.484539449214935,0.498532056808472,0.51201605796814,0.520132184028625,0.53085869550705,0.541539549827576,0.545307755470276,0.558021187782288,0.566697299480438,0.574333667755127,0.590967357158661,0.583570241928101,0.552875936031342,0.543269693851471,0.526285767555237,0.507832050323486,0.48886913061142,0.469589471817017,0.478330254554749,0.475328475236893,0.46942275762558,0.463817536830902,0.420534670352936,0.410892814397812,0.405941903591156,0.419676423072815,0.417257308959961,0.413486421108246,0.422801077365875,0.432097911834717,0.437438040971756,0.424894571304321,0.406623542308807,0.38588359951973
"2024-05-19",0.901269495487213,0.811927318572998,0.931167721748352,0.862781584262848,0.804505348205566,0.781461000442505,0.952768683433533,0.916082441806793,0.744752645492554,0.603701114654541,0.42825198173523,0.38819295167923,0.390221893787384,0.400129914283752,0.416117012500763,0.422928154468536,0.4316486120224,0.437044948339462,0.440969884395599,0.459466934204102,0.46145686507225,0.464230626821518,0.502203285694122,0.502955913543701,0.478129744529724,0.469565868377686,0.454309344291687,0.43481308221817,0.413463264703751,0.389466285705566,0.388044893741608,0.386179149150848,0.382908195257187,0.378949254751205,0.348998129367828,0.341967433691025,0.338437736034393,0.347416281700134,0.347560882568359,0.346389591693878,0.352330803871155,0.358645081520081,0.362383663654327,0.355280518531799,0.343384742736816,0.328980624675751
"2024-05-20",2.64393639564514,2.47065114974976,2.98394823074341,2.83927416801453,2.83482027053833,2.75096344947815,3.25667762756348,2.79514360427856,2.08461666107178,1.69082546234131,1.41269981861115,1.36572599411011,1.38322305679321,1.39579093456268,1.55473399162292,1.50563430786133,1.42912173271179,1.42387676239014,1.39685440063477,1.44970059394836,1.45656800270081,1.42203438282013,1.48194789886475,1.40553331375122,1.49069333076477,1.42225694656372,1.31054770946503,1.13096570968628,1.0180139541626,1.03454184532166,1.17193293571472,1.10842442512512,1.03818154335022,0.986199080944061,1.14225876331329,1.00655281543732,0.881818234920502,0.833705902099609,0.867464482784271,0.865849733352661,0.863250255584717,0.827152729034424,0.780247628688812,0.63148844242096,0.598609328269958,0.561772584915161
"2024-05-21",3.38568067550659,3.1811261177063,3.77124500274658,3.59301662445068,3.43843102455139,3.22556066513062,3.82300305366516,3.7307698726654,3.0019257068634,2.34038591384888,1.81068706512451,1.74064612388611,1.74684834480286,1.77079367637634,1.90199017524719,1.88621830940247,1.85175895690918,1.79868602752686,1.79047405719757,1.81777882575989,1.82204413414001,1.79632639884949,1.75495433807373,1.73264491558075,1.81968474388123,1.78652799129486,1.71543574333191,1.61245512962341,1.51465857028961,1.39009976387024,1.44425320625305,1.44339311122894,1.42949080467224,1.40841460227966,1.41241240501404,1.33812141418457,1.24204885959625,1.13780498504639,1.12242746353149,1.07113015651703,1.09079456329346,1.09068500995636,1.07496428489685,0.902119874954224,0.826370596885681,0.766034066677094
"2024-05-22",2.49066638946533,2.32884812355042,2.61719679832458,2.48605251312256,2.31588840484619,2.21476173400879,2.61681985855103,2.62164449691772,2.26867151260376,1.89681839942932,1.34121596813202,1.20273149013519,1.19594979286194,1.19807064533234,1.26725435256958,1.26919591426849,1.26803493499756,1.26200008392334,1.25772595405579,1.25655508041382,1.26189005374908,1.25769591331482,1.2740752696991,1.26457118988037,1.28820633888245,1.2757796049118,1.25091648101807,1.21349763870239,1.16293883323669,1.03859710693359,1.03065729141235,1.03207814693451,1.0324010848999,1.02952098846436,1.00676572322845,0.979158520698547,0.942884564399719,0.871132135391235,0.849480867385864,0.782418966293335,0.797840714454651,0.808601379394531,0.810287177562714,0.739625453948975,0.696743130683899,0.657853007316589
"2024-05-23",1.91973412036896,1.85490798950195,1.94637846946716,1.92874240875244,1.81087124347687,1.7325052022934,2.0166175365448,1.91841566562653,1.62677299976349,1.39346253871918,1.0021071434021,0.894569158554077,0.882363557815552,0.871312916278839,0.892028093338013,0.893406927585602,0.895182192325592,0.895656228065491,0.893885970115662,0.906087756156921,0.906412720680237,0.90735000371933,0.959883093833923,0.959886848926544,0.953364491462708,0.943175911903381,0.924793004989624,0.897351264953613,0.860374212265015,0.780059695243835,0.757402658462524,0.75499302148819,0.752277493476868,0.749598205089569,0.735553979873657,0.720044314861298,0.697042047977448,0.653460144996643,0.638445854187012,0.593041062355042,0.604143679141998,0.61340057849884,0.616982579231262,0.583082973957062,0.560377478599548,0.539284229278564
"2024-05-24",1.51808738708496,1.5100474357605,1.58997023105621,1.60830545425415,1.54524981975555,1.46259164810181,1.6913571357727,1.53399968147278,1.22722673416138,1.02174651622772,0.755523264408112,0.695570707321167,0.677195072174072,0.657332897186279,0.649428725242615,0.648521900177002,0.647101759910583,0.64791989326477,0.649297535419464,0.681943655014038,0.680970549583435,0.682925283908844,0.754943013191223,0.761240243911743,0.733991205692291,0.719886541366577,0.697495222091675,0.669637143611908,0.639062523841858,0.601301670074463,0.574885606765747,0.569583833217621,0.563719272613525,0.559814274311066,0.544436812400818,0.531423151493073,0.51500678062439,0.490937769412994,0.483525991439819,0.460872292518616,0.469625532627106,0.478355228900909,0.482854008674622,0.463673949241638,0.449284076690674,0.436413943767548
"2024-05-25",1.30620980262756,1.28840231895447,1.37837028503418,1.40785753726959,1.37676513195038,1.29851865768433,1.49843406677246,1.29000496864319,0.984685242176056,0.817693710327148,0.580123782157898,0.546256542205811,0.528024792671204,0.507385671138763,0.491093099117279,0.489483773708344,0.486832916736603,0.489208579063416,0.492892235517502,0.528107166290283,0.530690789222717,0.538257479667664,0.619600653648376,0.623258352279663,0.602458000183105,0.577558815479279,0.545892000198364,0.514832854270935,0.488412916660309,0.476004004478455,0.450345575809479,0.444092720746994,0.436942458152771,0.432094097137451,0.409900486469269,0.399666905403137,0.390694141387939,0.38472855091095,0.38263064622879,0.376580476760864,0.381848156452179,0.386894702911377,0.389365077018738,0.37565404176712,0.364915609359741,0.354687750339508
"2024-05-26",1.12951183319092,1.14592838287354,1.22159075737,1.29546880722046,1.29130518436432,1.19390153884888,1.33626103401184,1.11063385009766,0.812451839447021,0.655776143074036,0.449186682701111,0.429412662982941,0.412904649972916,0.395122081041336,0.382842689752579,0.380629897117615,0.37767493724823,0.382176071405411,0.386442303657532,0.420465528964996,0.425423830747604,0.436440527439117,0.518008947372437,0.521688401699066,0.508310079574585,0.480750858783722,0.44502866268158,0.410933017730713,0.384700626134872,0.381917834281921,0.359763860702515,0.353286743164062,0.345780551433563,0.340713560581207,0.316703319549561,0.310331463813782,0.307518899440765,0.312865853309631,0.313269436359406,0.315894722938538,0.319190084934235,0.322025716304779,0.323167532682419,0.310461282730103,0.301006078720093,0.29163658618927
"2024-05-27",4.27496337890625,4.0561032295227,4.49962425231934,4.65765285491943,4.2496337890625,3.67515134811401,3.77063131332397,3.48650598526001,2.89741086959839,2.60853576660156,1.81630539894104,1.67122149467468,1.60431802272797,1.52120196819305,1.46627676486969,1.43434762954712,1.38259172439575,1.25123035907745,1.25694155693054,1.19174551963806,1.2411961555481,1.27317202091217,1.33054566383362,1.29602670669556,1.53981924057007,1.45769190788269,1.31828665733337,1.11851370334625,1.00909018516541,1.04663693904877,1.14895379543304,1.09988915920258,1.04578471183777,1.00952959060669,1.14162397384644,1.0597585439682,0.991687178611755,0.962387681007385,0.958621263504028,0.853997886180878,0.869166016578674,0.868988156318665,0.850745558738708,0.738159000873566,0.713113069534302,0.673799395561218
"2024-05-28",5.31438255310059,5.41869640350342,5.4975438117981,5.8839807510376,5.33710813522339,4.72463989257812,5.13687229156494,4.53620338439941,3.64937782287598,2.96691918373108,2.13690185546875,2.00364828109741,1.91351330280304,1.80034387111664,1.68047714233398,1.6632297039032,1.64557492733002,1.56020069122314,1.56133687496185,1.50833654403687,1.52254116535187,1.53180623054504,1.51956701278687,1.53125166893005,1.68655967712402,1.63295602798462,1.53406500816345,1.43944716453552,1.38665652275085,1.36580812931061,1.37619614601135,1.3713583946228,1.36118280887604,1.34996795654297,1.33734917640686,1.29572892189026,1.24926280975342,1.22251057624817,1.18987858295441,1.08926892280579,1.10451328754425,1.11074090003967,1.10691356658936,1.00097322463989,0.947558462619781,0.888509690761566
"2024-05-29",3.59329128265381,3.74066114425659,3.75233912467957,4.06265687942505,3.83176374435425,3.45176100730896,3.77477860450745,3.11766576766968,2.28035187721252,1.76673817634583,1.23705244064331,1.17118644714355,1.12763833999634,1.07638192176819,1.0327912569046,1.03653991222382,1.0422534942627,1.0332989692688,1.03386473655701,1.04208195209503,1.04511618614197,1.0453097820282,1.07575678825378,1.06903493404388,1.07814049720764,1.051194190979,1.01114439964294,0.975703716278076,0.953532457351685,0.941333293914795,0.923883736133575,0.919927716255188,0.91562032699585,0.912109076976776,0.874245882034302,0.85407829284668,0.835269749164581,0.839715003967285,0.825613141059875,0.794957160949707,0.80585378408432,0.813352286815643,0.815261960029602,0.760189533233643,0.722931563854218,0.68304979801178
"2024-05-30",2.62237358093262,2.68779492378235,2.77420449256897,2.94287109375,2.84796786308289,2.53794527053833,2.59526753425598,2.08421993255615,1.38723111152649,1.01713752746582,0.732228338718414,0.710126757621765,0.697666227817535,0.685441970825195,0.695828974246979,0.699000060558319,0.703191041946411,0.721345782279968,0.721660256385803,0.74871027469635,0.74967896938324,0.747768759727478,0.794025003910065,0.786267876625061,0.760153830051422,0.737634062767029,0.709158480167389,0.68638414144516,0.672881960868835,0.674659967422485,0.66344827413559,0.658825993537903,0.653192818164825,0.648810744285583,0.617827713489532,0.60838371515274,0.602257370948792,0.614918231964111,0.610846638679504,0.60411274433136,0.612996518611908,0.620777130126953,0.623390436172485,0.586107969284058,0.559024214744568,0.532451272010803
"2024-05-31",1.83916592597961,1.93960189819336,2.00687313079834,2.14708924293518,2.05424165725708,1.73002028465271,1.54877543449402,1.15058040618896,0.75741982460022,0.589273512363434,0.467434257268906,0.472720950841904,0.473597645759583,0.477097511291504,0.497398495674133,0.501392900943756,0.507650971412659,0.531875371932983,0.535185813903809,0.560413837432861,0.562809705734253,0.564210176467896,0.609261274337769,0.599210739135742,0.558972954750061,0.540286183357239,0.517618954181671,0.500196516513824,0.490674674510956,0.495054662227631,0.487277299165726,0.483742088079453,0.479208707809448,0.475311547517776,0.458310127258301,0.455064654350281,0.454761683940887,0.464145541191101,0.465857475996017,0.473284125328064,0.478193491697311,0.481341242790222,0.481381475925446,0.456517100334167,0.441358923912048,0.426969051361084
"2024-06-01",1.29665541648865,1.40316820144653,1.37394201755524,1.50493347644806,1.38159608840942,1.08870577812195,0.827248692512512,0.604172468185425,0.422115296125412,0.362463355064392,0.341112792491913,0.353527963161469,0.355939239263535,0.36191064119339,0.379605084657669,0.384539604187012,0.39237642288208,0.416032612323761,0.420756220817566,0.43854495882988,0.443244636058807,0.447100341320038,0.482195317745209,0.468189418315887,0.424584865570068,0.40577095746994,0.387438327074051,0.37640705704689,0.372299551963806,0.379009932279587,0.371350705623627,0.36873733997345,0.365161031484604,0.361104667186737,0.354607254266739,0.355318248271942,0.358018159866333,0.369665235280991,0.372518002986908,0.382771909236908,0.386188328266144,0.387554287910461,0.386925846338272,0.365868538618088,0.356343686580658,0.348119795322418
"2024-06-02",0.931739926338196,1.02573728561401,0.948814868927002,1.04873251914978,0.940333306789398,0.726239323616028,0.514827787876129,0.378858000040054,0.279209941625595,0.251998394727707,0.261187613010406,0.270328402519226,0.274520754814148,0.281710565090179,0.297949731349945,0.303638249635696,0.31196141242981,0.334186136722565,0.337735801935196,0.351177871227264,0.354858428239822,0.356557309627533,0.387390345335007,0.372635662555695,0.337357699871063,0.318818032741547,0.3025141954422,0.294820100069046,0.293230354785919,0.299758076667786,0.297662824392319,0.296056777238846,0.293862193822861,0.291394621133804,0.286326766014099,0.289275616407394,0.293154537677765,0.307762682437897,0.309103459119797,0.316655874252319,0.319497615098953,0.321021974086761,0.320947051048279,0.301912277936935,0.292717278003693,0.284947633743286
"2024-06-03",1.9828405380249,2.22122716903687,1.95914995670319,2.19807910919189,1.94797480106354,1.57405114173889,1.35442733764648,1.13790822029114,1.04129111766815,0.994724988937378,1.03591549396515,1.08338332176208,1.05325448513031,0.999438285827637,1.01388216018677,0.96304053068161,0.894048094749451,0.887048006057739,0.853769659996033,0.901989936828613,0.887402415275574,0.838961243629456,0.870182394981384,0.834876537322998,0.945152282714844,0.83867609500885,0.697936415672302,0.573991358280182,0.540660679340363,0.665968298912048,0.795937597751617,0.7463538646698,0.709917783737183,0.691635131835938,0.689792931079865,0.621572017669678,0.597014546394348,0.651840269565582,0.697523176670074,0.784238338470459,0.799301862716675,0.790749251842499,0.765208184719086,0.570916175842285,0.532737255096436,0.496732771396637
"2024-06-04",2.35194516181946,2.51515865325928,2.36442065238953,2.54497265815735,2.27195882797241,1.8911874294281,1.69523620605469,1.51002037525177,1.32559442520142,1.26404428482056,1.26915001869202,1.32367622852325,1.28871917724609,1.23665511608124,1.21362709999084,1.17383396625519,1.11504852771759,1.07882308959961,1.05093491077423,1.08405601978302,1.06817555427551,1.0249457359314,0.99569696187973,0.968624114990234,1.0175895690918,0.959260821342468,0.870588064193726,0.796840667724609,0.774611592292786,0.8699010014534,0.954848647117615,0.951105237007141,0.94227945804596,0.931219220161438,0.825249314308167,0.800913214683533,0.804152727127075,0.882478654384613,0.907545208930969,0.946522235870361,0.981934428215027,1.00681686401367,1.01137506961823,0.836069345474243,0.750034809112549,0.674059391021729
"2024-06-05",1.595534324646,1.69800162315369,1.62471377849579,1.74518167972565,1.63763928413391,1.39268112182617,1.23127555847168,1.059246301651,0.898457050323486,0.833289384841919,0.808580040931702,0.845143616199493,0.822659373283386,0.791583001613617,0.785764157772064,0.767366528511047,0.741426408290863,0.73777163028717,0.728193521499634,0.756465911865234,0.751037001609802,0.731177747249603,0.714568734169006,0.691750168800354,0.675111949443817,0.653112411499023,0.623994708061218,0.599817991256714,0.590716361999512,0.625124454498291,0.668391108512878,0.668524086475372,0.666665017604828,0.664208650588989,0.61057311296463,0.606945872306824,0.613924264907837,0.664342999458313,0.668342530727386,0.668603658676147,0.692385196685791,0.715412616729736,0.726913630962372,0.661254942417145,0.606711149215698,0.552828311920166
"2024-06-06",1.13931751251221,1.22639536857605,1.18492269515991,1.28068614006042,1.25014078617096,1.07945680618286,0.945843279361725,0.792728781700134,0.643040359020233,0.577277421951294,0.541656672954559,0.564338088035583,0.54875385761261,0.52775514125824,0.524712204933167,0.516908168792725,0.507428646087646,0.51830130815506,0.520116806030273,0.556037664413452,0.553645372390747,0.542188167572021,0.53898298740387,0.52408903837204,0.496577620506287,0.480845004320145,0.463004648685455,0.449962228536606,0.445376634597778,0.466277122497559,0.486361563205719,0.487249463796616,0.487471908330917,0.485918402671814,0.457517117261887,0.457434475421906,0.462399959564209,0.495784640312195,0.497536957263947,0.500657558441162,0.513512969017029,0.526427924633026,0.533208668231964,0.501263856887817,0.468598186969757,0.43449342250824
"2024-06-07",0.882998108863831,0.959958553314209,0.933642745018005,1.02036714553833,1.02273738384247,0.890051007270813,0.799633204936981,0.654086112976074,0.501895308494568,0.428115367889404,0.382350146770477,0.395584911108017,0.38470846414566,0.370201736688614,0.363479852676392,0.36015310883522,0.357801020145416,0.374340295791626,0.38371929526329,0.431896835565567,0.431338906288147,0.42477023601532,0.431978106498718,0.421242237091064,0.387871026992798,0.37314784526825,0.356838136911392,0.346195310354233,0.343211650848389,0.363899201154709,0.371174693107605,0.370929479598999,0.370809733867645,0.369576871395111,0.349825650453568,0.349914252758026,0.354136258363724,0.379373550415039,0.38270491361618,0.394086956977844,0.40084582567215,0.407259434461594,0.41037780046463,0.389499962329865,0.36850643157959,0.345080971717834
"2024-06-08",0.743554770946503,0.811491131782532,0.793258428573608,0.877670526504517,0.887490212917328,0.775363564491272,0.727341294288635,0.57054203748703,0.402538657188416,0.320077449083328,0.272241741418839,0.277631402015686,0.271048665046692,0.263217449188232,0.262898206710815,0.264436841011047,0.269255638122559,0.296657025814056,0.308474391698837,0.356913566589355,0.356688916683197,0.350798279047012,0.369317531585693,0.356757402420044,0.311309099197388,0.300713956356049,0.289972692728043,0.280385673046112,0.277879565954208,0.299045979976654,0.299207866191864,0.296313226222992,0.292775571346283,0.290323734283447,0.278247803449631,0.279253840446472,0.283742845058441,0.306886583566666,0.310685276985168,0.32693886756897,0.330959916114807,0.334228515625,0.335440754890442,0.316875457763672,0.301252573728561,0.284257709980011
"2024-06-09",0.675007462501526,0.725834608078003,0.738043069839478,0.806542038917542,0.81177020072937,0.710734963417053,0.686637997627258,0.549708485603333,0.372224390506744,0.271123945713043,0.204419881105423,0.201261430978775,0.197625011205673,0.195038497447968,0.201918914914131,0.206357002258301,0.215542197227478,0.249959886074066,0.260671615600586,0.30697038769722,0.305654048919678,0.300099909305573,0.321702241897583,0.311692714691162,0.271268546581268,0.25896880030632,0.245440602302551,0.235029250383377,0.231524467468262,0.253268957138062,0.250073105096817,0.246361911296844,0.241819977760315,0.238681226968765,0.22895073890686,0.229114413261414,0.233082115650177,0.254670798778534,0.259041607379913,0.28006899356842,0.281872749328613,0.282199859619141,0.28119483590126,0.261649668216705,0.248581156134605,0.236577570438385
"2024-06-10",1.34082019329071,1.46269702911377,1.58659303188324,1.75169265270233,1.77348041534424,1.55290830135345,1.45210862159729,1.26060223579407,1.10208761692047,1.01470971107483,0.864208817481995,0.805101633071899,0.783466219902039,0.775623977184296,0.866066455841064,0.835781097412109,0.791486024856567,0.826464354991913,0.790006756782532,0.823714852333069,0.79463803768158,0.736985445022583,0.720181345939636,0.705243825912476,0.790787220001221,0.706304788589478,0.611777186393738,0.542224228382111,0.534410715103149,0.63794207572937,0.724498093128204,0.7180255651474,0.729000449180603,0.737291514873505,0.803810775279999,0.721124053001404,0.672728955745697,0.709077596664429,0.714279890060425,0.724951565265656,0.694014847278595,0.643702983856201,0.597716987133026,0.472249507904053,0.456263184547424,0.43037623167038
"2024-06-11",1.68249797821045,1.84030330181122,1.98319959640503,2.16975283622742,2.04458975791931,1.72184824943542,1.6526004076004,1.3734188079834,1.177889585495,1.12042045593262,1.06615030765533,1.06049478054047,1.04431760311127,1.02293348312378,1.07937073707581,1.04026031494141,0.980387449264526,1.01247882843018,0.963787317276001,0.964173018932343,0.935948729515076,0.888413906097412,0.880231022834778,0.85757315158844,0.855525493621826,0.818416714668274,0.782962322235107,0.783603310585022,0.814838767051697,0.90621954202652,0.952454626560211,0.965629696846008,0.978216350078583,0.980910420417786,0.923968613147736,0.895542502403259,0.873668551445007,0.901562809944153,0.879887223243713,0.88268256187439,0.85585880279541,0.810606122016907,0.767936110496521,0.616318225860596,0.585281074047089,0.557079136371613
"2024-06-12",1.24929201602936,1.32698130607605,1.31403398513794,1.42489421367645,1.24629640579224,0.980628967285156,0.901672601699829,0.787764251232147,0.745139718055725,0.738320469856262,0.761085152626038,0.761411547660828,0.762420058250427,0.7576465010643,0.764629364013672,0.735947906970978,0.690664529800415,0.701861083507538,0.668730020523071,0.658410251140594,0.649183511734009,0.627978146076202,0.62778913974762,0.612915873527527,0.608767032623291,0.61503791809082,0.626449286937714,0.640431880950928,0.651814937591553,0.683042049407959,0.701626121997833,0.69455498456955,0.684728503227234,0.676510214805603,0.612205445766449,0.602696001529694,0.597152709960938,0.629176020622253,0.613765239715576,0.606863498687744,0.598114967346191,0.580629825592041,0.567976117134094,0.500267684459686,0.479157418012619,0.46221262216568
"2024-06-13",0.758260130882263,0.798974514007568,0.750314772129059,0.811615407466888,0.715870022773743,0.6123868227005,0.615822792053223,0.600324809551239,0.595172882080078,0.589387714862823,0.584399938583374,0.573591232299805,0.568682909011841,0.55795806646347,0.542990803718567,0.52696967124939,0.504491090774536,0.500378847122192,0.489761650562286,0.481990218162537,0.485749095678329,0.484069526195526,0.485374629497528,0.483569145202637,0.494259715080261,0.4967440366745,0.499327957630157,0.49893793463707,0.49469467997551,0.503877460956573,0.51680588722229,0.508533954620361,0.497934490442276,0.489804804325104,0.448994338512421,0.4434734582901,0.441704273223877,0.469036489725113,0.460976183414459,0.451200842857361,0.452100932598114,0.447518527507782,0.443533897399902,0.414708316326141,0.400885820388794,0.388053447008133
"2024-06-14",0.52448296546936,0.54371166229248,0.548395991325378,0.575856149196625,0.549716651439667,0.506552994251251,0.524083435535431,0.496421128511429,0.472787976264954,0.461166322231293,0.448386877775192,0.446272015571594,0.440604567527771,0.431488841772079,0.417490065097809,0.413204103708267,0.408034563064575,0.398982018232346,0.394724637269974,0.388807356357574,0.395972013473511,0.398240923881531,0.396528393030167,0.393180191516876,0.398850649595261,0.397533059120178,0.395250409841537,0.392239362001419,0.387396097183228,0.385528653860092,0.396559834480286,0.393023014068604,0.388267815113068,0.384439527988434,0.360134840011597,0.35424792766571,0.352355778217316,0.370518118143082,0.367896109819412,0.363067299127579,0.368186265230179,0.370233058929443,0.369625210762024,0.354513376951218,0.3455570936203,0.336518347263336
"2024-06-15",0.447705328464508,0.456340432167053,0.47184881567955,0.490298718214035,0.483392775058746,0.446569561958313,0.456481426954269,0.422750771045685,0.387994855642319,0.372372686862946,0.357320100069046,0.355884075164795,0.354016691446304,0.351928055286407,0.346224784851074,0.343928337097168,0.339860260486603,0.333321988582611,0.328521102666855,0.326726198196411,0.331405699253082,0.332349359989166,0.332108795642853,0.327934861183167,0.326699882745743,0.324600696563721,0.321883291006088,0.319254130125046,0.316263526678085,0.311453759670258,0.319100350141525,0.31802561879158,0.316048413515091,0.314123332500458,0.297948777675629,0.293063431978226,0.291520059108734,0.303864985704422,0.30410498380661,0.304505050182343,0.309127867221832,0.313180357217789,0.314443200826645,0.3059241771698,0.299817949533463,0.29391074180603
"2024-06-16",0.39855545759201,0.407219409942627,0.427609384059906,0.447678297758102,0.445733189582825,0.405354022979736,0.404083371162415,0.35652506351471,0.31554514169693,0.304789274930954,0.292611718177795,0.296044409275055,0.29364424943924,0.291862457990646,0.293560206890106,0.285166680812836,0.275881409645081,0.271863579750061,0.271888583898544,0.27694296836853,0.276757031679153,0.274800270795822,0.283819109201431,0.279043078422546,0.274050682783127,0.271771550178528,0.26921135187149,0.265627771615982,0.26175045967102,0.261236101388931,0.267386227846146,0.266420543193817,0.264394998550415,0.262225806713104,0.245388686656952,0.242403984069824,0.242884695529938,0.253144562244415,0.255298882722855,0.261671990156174,0.263710916042328,0.265703231096268,0.26677280664444,0.263062298297882,0.258442997932434,0.253877878189087
"2024-06-17",1.31695365905762,1.41492688655853,1.50572335720062,1.71488928794861,2.03065276145935,1.69418489933014,1.51489233970642,1.27339911460876,1.16216218471527,1.17202472686768,1.13171422481537,1.19683444499969,1.17108535766602,1.10981249809265,1.13989949226379,1.07211935520172,1.02410221099854,1.11889004707336,1.11824810504913,1.15827524662018,1.1191474199295,1.05204236507416,1.07026696205139,1.03189420700073,1.1166182756424,1.07617783546448,1.00262546539307,0.894173979759216,0.860432744026184,0.929393172264099,1.06700003147125,1.03418147563934,1.01641798019409,1.00755679607391,0.97971510887146,0.941290080547333,0.944364130496979,1.05828320980072,1.09042799472809,1.08263766765594,1.08384084701538,1.06255221366882,1.0259782075882,0.802958369255066,0.780139148235321,0.750652134418488
"2024-06-18",1.71468365192413,1.77208018302917,1.97729241847992,2.08750510215759,2.10504579544067,1.81199645996094,1.70089936256409,1.52575778961182,1.38026070594788,1.35810613632202,1.33324146270752,1.37176954746246,1.34208118915558,1.29278326034546,1.26584935188293,1.2404088973999,1.22946405410767,1.28736329078674,1.29390060901642,1.33836030960083,1.31803798675537,1.2713315486908,1.25406503677368,1.24589037895203,1.28482449054718,1.25792694091797,1.20897996425629,1.16822385787964,1.15708184242249,1.18664884567261,1.25109577178955,1.25930738449097,1.26255059242249,1.26127767562866,1.19021248817444,1.19124555587769,1.21461391448975,1.30287075042725,1.30691540241241,1.3115439414978,1.32037246227264,1.312873005867,1.29454040527344,1.10278499126434,1.04380083084106,1.00367760658264
"2024-06-19",1.21086549758911,1.2490017414093,1.31152772903442,1.3891988992691,1.35003089904785,1.19463729858398,1.13651525974274,0.994146227836609,0.867602229118347,0.829577088356018,0.81496250629425,0.849815964698792,0.82958459854126,0.802713334560394,0.780780136585236,0.774811267852783,0.773823499679565,0.787522673606873,0.799706697463989,0.84536349773407,0.835228323936462,0.813796877861023,0.843515872955322,0.831834435462952,0.819557189941406,0.803549528121948,0.779784798622131,0.763213276863098,0.75813215970993,0.791660010814667,0.809723973274231,0.81382143497467,0.816958963871002,0.820173859596252,0.766505718231201,0.760926902294159,0.764440596103668,0.802870988845825,0.808541715145111,0.842913746833801,0.84757399559021,0.846792936325073,0.841206669807434,0.759896814823151,0.724366307258606,0.696038246154785
"2024-06-20",0.897331595420837,0.949670553207397,0.970685064792633,1.04984843730927,1.03005981445312,0.916971981525421,0.897420406341553,0.742332100868225,0.598973214626312,0.545250177383423,0.538715243339539,0.55863881111145,0.552183985710144,0.540780484676361,0.525258004665375,0.525805354118347,0.530277669429779,0.549716591835022,0.562414407730103,0.606432318687439,0.599968194961548,0.585009515285492,0.625894904136658,0.614598155021667,0.59302830696106,0.57096654176712,0.55016964673996,0.539233684539795,0.538596510887146,0.574367105960846,0.572676420211792,0.573513865470886,0.578236162662506,0.585652649402618,0.534990191459656,0.527121543884277,0.5279221534729,0.557381749153137,0.566072225570679,0.610152661800385,0.610969245433807,0.607539772987366,0.602098762989044,0.549567580223083,0.52692973613739,0.50825423002243
"2024-06-21",0.720575332641602,0.762465000152588,0.790455102920532,0.857862830162048,0.847149968147278,0.758091151714325,0.766004920005798,0.611449956893921,0.456645131111145,0.38695964217186,0.377521514892578,0.388207793235779,0.386598110198975,0.383035093545914,0.376811116933823,0.381859600543976,0.389535307884216,0.415198028087616,0.426797389984131,0.464622676372528,0.459743201732635,0.448606848716736,0.491582155227661,0.480907768011093,0.459671318531036,0.440217345952988,0.418853133916855,0.407862603664398,0.407699435949326,0.440781354904175,0.436159670352936,0.437455713748932,0.442144155502319,0.445850729942322,0.397031664848328,0.390965342521667,0.393435955047607,0.421798914670944,0.430443584918976,0.473439693450928,0.472040176391602,0.46704712510109,0.461690664291382,0.419937402009964,0.403272241353989,0.39101630449295
"2024-06-22",0.581923425197601,0.624867022037506,0.664597511291504,0.725140571594238,0.721601665019989,0.645317077636719,0.652744293212891,0.522997856140137,0.39589524269104,0.328239500522614,0.318044036626816,0.336721062660217,0.323115676641464,0.307673335075378,0.294451028108597,0.298485845327377,0.305848032236099,0.330732077360153,0.33871403336525,0.36717414855957,0.365017831325531,0.359509915113449,0.398732602596283,0.389222711324692,0.369432032108307,0.35260671377182,0.334552019834518,0.324373245239258,0.322288870811462,0.347975850105286,0.353682100772858,0.354460805654526,0.35375127196312,0.352036952972412,0.306199431419373,0.302252978086472,0.306580662727356,0.338770538568497,0.344356060028076,0.381501644849777,0.380901128053665,0.376838654279709,0.371755689382553,0.335686028003693,0.321687877178192,0.311179161071777
"2024-06-23",0.472262144088745,0.510942935943604,0.555695295333862,0.615081548690796,0.616011738777161,0.551994323730469,0.559264361858368,0.450006186962128,0.355995953083038,0.295744836330414,0.288351863622665,0.296106398105621,0.28719174861908,0.277773439884186,0.260426491498947,0.270358264446259,0.27734112739563,0.289032191038132,0.287874966859818,0.302042335271835,0.303301870822906,0.29856538772583,0.328540772199631,0.316919147968292,0.298341751098633,0.288468271493912,0.279481679201126,0.270605087280273,0.267232805490494,0.282741248607635,0.292781174182892,0.289140224456787,0.284068048000336,0.279617160558701,0.248256549239159,0.25133803486824,0.260089457035065,0.289879828691483,0.294690787792206,0.315149188041687,0.319152057170868,0.321591228246689,0.31977453827858,0.307437837123871,0.290558665990829,0.276865929365158
"2024-06-24",1.58382678031921,1.72434532642365,1.97206902503967,2.28602457046509,2.17651748657227,1.55268228054047,1.43045675754547,1.27596843242645,1.18944764137268,1.12040495872498,1.07867562770844,1.13341224193573,1.10369467735291,1.08198070526123,1.1674542427063,1.13531744480133,1.09189164638519,1.11915230751038,1.01155066490173,0.95866185426712,0.91409307718277,0.895853996276855,0.96161162853241,0.924944162368774,1.03658473491669,0.888219475746155,0.736299157142639,0.652817010879517,0.685299456119537,0.84552401304245,1.00785553455353,0.942160069942474,0.924464881420135,0.932049632072449,0.835731863975525,0.692848920822144,0.636571168899536,0.784202098846436,0.808808863162994,0.897444069385529,0.839383721351624,0.754026770591736,0.706554055213928,0.493945240974426,0.463886737823486,0.45828777551651
"2024-06-25",1.90936541557312,2.01100540161133,2.16459608078003,2.3272066116333,2.08261108398438,1.73940849304199,1.61317014694214,1.48457264900208,1.3679575920105,1.30281388759613,1.28603982925415,1.29981088638306,1.29980146884918,1.29564797878265,1.32642674446106,1.28084075450897,1.1933012008667,1.17336535453796,1.10000920295715,1.07088434696198,1.06168615818024,1.0317907333374,1.06890940666199,1.02003264427185,1.00439500808716,0.960030794143677,0.92072206735611,0.915731370449066,0.959244966506958,1.1007251739502,1.16013097763062,1.14366102218628,1.11547589302063,1.08456063270569,0.831713497638702,0.791671395301819,0.791097044944763,0.949881911277771,0.927417159080505,0.960518002510071,0.923003494739532,0.867484092712402,0.829125225543976,0.652835965156555,0.593698620796204,0.561078011989594
"2024-06-26",1.20685529708862,1.25968515872955,1.31712865829468,1.39144265651703,1.29383039474487,1.14452958106995,1.12402749061584,1.00514221191406,0.899270415306091,0.838977336883545,0.828983068466187,0.841361284255981,0.844022691249847,0.839964747428894,0.828906893730164,0.797370076179504,0.738367080688477,0.7315234541893,0.706547379493713,0.704061090946198,0.696304738521576,0.672168254852295,0.677918791770935,0.660312175750732,0.664699673652649,0.66231107711792,0.662481963634491,0.662995338439941,0.665756404399872,0.713983833789825,0.744739711284637,0.728539526462555,0.706509351730347,0.687419533729553,0.555133998394012,0.541057467460632,0.544112741947174,0.629127740859985,0.618404030799866,0.628054857254028,0.624229371547699,0.611981689929962,0.600758075714111,0.529206871986389,0.491640150547028,0.457382172346115
"2024-06-27",0.839643955230713,0.864070534706116,0.912195444107056,0.967603325843811,0.928481340408325,0.839527547359467,0.852623343467712,0.772657930850983,0.684253811836243,0.623469054698944,0.599138855934143,0.600472509860992,0.602391719818115,0.598594486713409,0.590545415878296,0.569623112678528,0.531505584716797,0.521675944328308,0.506993353366852,0.505224406719208,0.501528024673462,0.489053010940552,0.495332598686218,0.48722305893898,0.496178269386292,0.493392586708069,0.490226686000824,0.486792832612991,0.483486592769623,0.503241419792175,0.523718237876892,0.515756487846375,0.504639983177185,0.494739294052124,0.418455839157104,0.411131024360657,0.416297018527985,0.462889701128006,0.462211549282074,0.463809698820114,0.46882164478302,0.46976363658905,0.467277526855469,0.420432806015015,0.3931645154953,0.367514282464981
"2024-06-28",0.61242026090622,0.631812930107117,0.687159895896912,0.726762294769287,0.711040616035461,0.652207851409912,0.707400143146515,0.647592425346375,0.569641649723053,0.515996217727661,0.473227441310883,0.458572924137115,0.455091655254364,0.445177495479584,0.441341638565063,0.422817826271057,0.397727280855179,0.379506796598434,0.375199109315872,0.385164499282837,0.383502781391144,0.376928091049194,0.3856281042099,0.380129784345627,0.384657442569733,0.380972057580948,0.374930024147034,0.368762820959091,0.363846004009247,0.376113802194595,0.392526388168335,0.388742029666901,0.383107900619507,0.377870678901672,0.333533525466919,0.329427510499954,0.33257919549942,0.361523985862732,0.361261188983917,0.360789090394974,0.36608612537384,0.369929432868958,0.370683878660202,0.339528441429138,0.318589091300964,0.298154532909393
"2024-06-29",0.461441516876221,0.483158111572266,0.534334182739258,0.567572951316833,0.563098907470703,0.528260350227356,0.640659630298615,0.583091378211975,0.503859579563141,0.462535500526428,0.398666590452194,0.38102987408638,0.372329920530319,0.357583224773407,0.344120532274246,0.329178094863892,0.309101819992065,0.291043758392334,0.291076749563217,0.309029042720795,0.307449638843536,0.302376747131348,0.314815133810043,0.309732377529144,0.3101005256176,0.304142117500305,0.295792669057846,0.287622213363647,0.282177627086639,0.294708997011185,0.308658123016357,0.306172966957092,0.303073525428772,0.299947559833527,0.269914388656616,0.267766058444977,0.269558697938919,0.289784550666809,0.289641678333282,0.294131815433502,0.297276437282562,0.299452602863312,0.299418359994888,0.275696128606796,0.259434372186661,0.244099512696266
"2024-06-30",0.364426791667938,0.383270084857941,0.431656688451767,0.456230759620667,0.459490358829498,0.44732728600502,0.590139627456665,0.555245518684387,0.48858842253685,0.43264040350914,0.339074462652206,0.326398640871048,0.313913702964783,0.298149704933167,0.270924866199493,0.263419687747955,0.251270890235901,0.236365616321564,0.237438872456551,0.255447447299957,0.25437992811203,0.250960797071457,0.263733088970184,0.258948892354965,0.256972908973694,0.249097183346748,0.24006512761116,0.231897369027138,0.226621717214584,0.237962424755096,0.249694794416428,0.248736426234245,0.247033447027206,0.244780212640762,0.220890820026398,0.218715533614159,0.219874083995819,0.23594368994236,0.237366527318954,0.247687429189682,0.248848035931587,0.24887815117836,0.247430205345154,0.2291559278965,0.217070892453194,0.206067025661469
"2024-07-01",1.50234746932983,1.61816394329071,1.84879231452942,1.97451114654541,1.89661026000977,1.59552955627441,1.7784698009491,1.7437459230423,1.59460663795471,1.49193525314331,1.28770339488983,1.30805683135986,1.29767835140228,1.25543057918549,1.0928498506546,1.04920363426208,1.00224208831787,0.9678013920784,0.991376578807831,1.0900354385376,1.07567083835602,1.04533898830414,1.08282279968262,1.05105400085449,1.08307683467865,1.02619004249573,0.907071471214294,0.787911415100098,0.753304421901703,0.853220164775848,1.00345814228058,0.988218903541565,0.982543528079987,0.977060914039612,0.895020842552185,0.840161681175232,0.78592574596405,0.785873353481293,0.837589740753174,0.881823658943176,0.874480903148651,0.843067646026611,0.799667358398438,0.612923502922058,0.577047288417816,0.530475616455078
"2024-07-02",1.7034102678299,1.83442056179047,1.99531948566437,2.13421392440796,2.05424857139587,1.93796443939209,2.15542793273926,1.97426307201385,1.71260738372803,1.62344896793365,1.47498345375061,1.43340528011322,1.41473889350891,1.37136554718018,1.23718225955963,1.19187307357788,1.15340662002563,1.12968564033508,1.14904201030731,1.2127411365509,1.20751881599426,1.18500316143036,1.23797154426575,1.20056509971619,1.16114187240601,1.10976207256317,1.03905403614044,0.995483756065369,0.991983473300934,1.06926107406616,1.14398097991943,1.14465022087097,1.14192521572113,1.1344758272171,1.01498937606812,0.977576315402985,0.964221119880676,1.02026164531708,1.01866006851196,1.03864145278931,1.03627920150757,1.01739776134491,0.998364746570587,0.8459712266922,0.78483659029007,0.723402142524719
"2024-07-03",1.06994891166687,1.13337099552155,1.22506082057953,1.29621601104736,1.34101283550262,1.35850322246552,1.6505229473114,1.50974416732788,1.26574373245239,1.11673450469971,0.987256586551666,0.912039041519165,0.878214120864868,0.832320153713226,0.762616276741028,0.749821066856384,0.740736484527588,0.74012565612793,0.74303537607193,0.749300360679626,0.753756642341614,0.748089551925659,0.770692944526672,0.747328341007233,0.709415793418884,0.693605720996857,0.675291895866394,0.663889527320862,0.662885010242462,0.701899886131287,0.731707692146301,0.728175282478333,0.722497224807739,0.716159284114838,0.665380835533142,0.650157451629639,0.642850399017334,0.674055218696594,0.670287728309631,0.678938627243042,0.685790121555328,0.688741385936737,0.689460158348083,0.637480616569519,0.599380850791931,0.559855341911316
"2024-07-04",0.786514043807983,0.825824499130249,0.921502470970154,0.968245208263397,1.05066442489624,1.07896709442139,1.38558375835419,1.28463363647461,1.07400512695312,0.921271920204163,0.71348512172699,0.627349972724915,0.602144777774811,0.569721400737762,0.520756840705872,0.516270518302917,0.516856372356415,0.527889013290405,0.52950131893158,0.531290709972382,0.535677671432495,0.534341514110565,0.551569640636444,0.538072526454926,0.511866688728333,0.503049969673157,0.491802245378494,0.484043657779694,0.482304096221924,0.503922581672668,0.522319078445435,0.520452857017517,0.517401933670044,0.513956546783447,0.484397768974304,0.475629448890686,0.470906853675842,0.490573763847351,0.490774095058441,0.497062772512436,0.504624009132385,0.512212812900543,0.517550110816956,0.494612097740173,0.468618303537369,0.440889567136765
"2024-07-05",0.624809980392456,0.653916239738464,0.743743419647217,0.787174463272095,0.863203048706055,0.874359011650085,1.15581130981445,1.08290314674377,0.927534103393555,0.80887907743454,0.584296882152557,0.484486877918243,0.462781876325607,0.436638295650482,0.398138046264648,0.387870252132416,0.381909996271133,0.383398622274399,0.38540318608284,0.393376588821411,0.395211219787598,0.395474463701248,0.421446084976196,0.413850694894791,0.396087348461151,0.388757169246674,0.378281801939011,0.369217813014984,0.365355372428894,0.37945345044136,0.395795524120331,0.395036578178406,0.393396019935608,0.391354471445084,0.368238538503647,0.363131552934647,0.361861288547516,0.378514796495438,0.38059064745903,0.385716110467911,0.392091751098633,0.399825721979141,0.405953377485275,0.391301155090332,0.372832953929901,0.352352231740952
"2024-07-06",0.554515659809113,0.558850169181824,0.640293657779694,0.657996475696564,0.730841398239136,0.746681451797485,1.01093769073486,0.955007791519165,0.836571455001831,0.728397965431213,0.517236649990082,0.424749940633774,0.40453314781189,0.373790889978409,0.326403200626373,0.311408579349518,0.300075322389603,0.288863092660904,0.289835602045059,0.302951067686081,0.303374290466309,0.305177688598633,0.33745339512825,0.332821398973465,0.320841670036316,0.313749343156815,0.302760809659958,0.292145907878876,0.28611347079277,0.296855211257935,0.31214427947998,0.31162041425705,0.310293197631836,0.308679342269897,0.290233790874481,0.286912679672241,0.286937117576599,0.302295684814453,0.303756237030029,0.310480237007141,0.314738571643829,0.320146173238754,0.324344038963318,0.313042014837265,0.298224985599518,0.282707691192627
"2024-07-07",0.489802181720734,0.493468672037125,0.574917256832123,0.589537382125854,0.659688591957092,0.680405616760254,0.93399840593338,0.8423171043396,0.706407904624939,0.602950155735016,0.418485760688782,0.381704837083817,0.364158570766449,0.325792878866196,0.276654958724976,0.260762125253677,0.24625737965107,0.227805510163307,0.229442939162254,0.245022058486938,0.24595396220684,0.249408185482025,0.282405912876129,0.278491228818893,0.269029676914215,0.262057781219482,0.251066714525223,0.240664511919022,0.234463825821877,0.24263271689415,0.256308972835541,0.25630396604538,0.255483537912369,0.253466248512268,0.236537665128708,0.233861237764359,0.234336912631989,0.249049052596092,0.25038605928421,0.258868038654327,0.2606081366539,0.262063562870026,0.262614160776138,0.252539455890656,0.242780119180679,0.231992691755295
"2024-07-08",1.95113205909729,2.20338201522827,2.44407176971436,2.84345650672913,3.0327582359314,2.3764169216156,2.19153356552124,1.87589597702026,1.73167848587036,1.70455241203308,1.48174548149109,1.57869005203247,1.47750091552734,1.31749153137207,1.10019719600677,1.02300870418549,0.914793491363525,0.850087940692902,0.799240052700043,0.956210732460022,0.911302804946899,0.807792067527771,0.8087357878685,0.807503938674927,1.0722508430481,0.973090291023254,0.813836514949799,0.65430760383606,0.627946853637695,0.818389713764191,1.01628959178925,0.997202515602112,0.989359736442566,0.991771161556244,0.930241107940674,0.827947795391083,0.741026401519775,0.770330905914307,0.862549901008606,0.984673619270325,1.00446033477783,1.00376057624817,0.983859419822693,0.827849268913269,0.788035988807678,0.734043598175049
"2024-07-09",2.10393571853638,2.38538122177124,2.45594525337219,2.8525218963623,2.79854679107666,2.38030934333801,2.48620176315308,1.7817485332489,1.37019109725952,1.30248248577118,1.47602319717407,1.624351978302,1.51177382469177,1.3638436794281,1.14954161643982,1.08384656906128,0.989280581474304,0.885109782218933,0.867908000946045,0.950227975845337,0.943260550498962,0.907820343971252,0.851192653179169,0.861568868160248,1.04035902023315,1.00124549865723,0.940408945083618,0.891460299491882,0.893147647380829,0.989778757095337,1.11309278011322,1.11622750759125,1.11793684959412,1.11859369277954,0.996298849582672,0.954569518566132,0.93304443359375,0.963724553585052,1.01211166381836,1.08677613735199,1.10899317264557,1.11917197704315,1.11791622638702,1.03079092502594,0.968000054359436,0.905322015285492
"2024-07-10",1.23027086257935,1.39528238773346,1.39369082450867,1.60223162174225,1.61462557315826,1.43742203712463,1.66660261154175,1.18711280822754,0.840025424957275,0.728285372257233,0.833182215690613,0.889154434204102,0.83455103635788,0.75807386636734,0.641161441802979,0.610417485237122,0.570346355438232,0.529437184333801,0.533427715301514,0.575646877288818,0.576196670532227,0.571306467056274,0.565446734428406,0.568495273590088,0.618339657783508,0.613332629203796,0.605409979820251,0.598928809165955,0.597707867622375,0.63096421957016,0.678922653198242,0.675080895423889,0.669656991958618,0.665788531303406,0.601848721504211,0.596303343772888,0.600209593772888,0.631249308586121,0.639693796634674,0.665623188018799,0.673301696777344,0.679558336734772,0.682625770568848,0.654485762119293,0.62372362613678,0.5912766456604
"2024-07-11",0.805314660072327,0.924919366836548,0.904011130332947,1.04402160644531,1.09155559539795,0.988462924957275,1.1633927822113,0.885746836662292,0.622914731502533,0.494236648082733,0.49053356051445,0.50778466463089,0.486329913139343,0.452919214963913,0.398375988006592,0.384466409683228,0.368285477161407,0.357650309801102,0.364913702011108,0.405387580394745,0.405469864606857,0.404377698898315,0.412902534008026,0.415827572345734,0.430385023355484,0.426656067371368,0.421950072050095,0.418362498283386,0.417364299297333,0.4371277987957,0.452803909778595,0.448895812034607,0.443385392427444,0.439394772052765,0.409202873706818,0.408600628376007,0.414375483989716,0.438179016113281,0.444632232189178,0.467995524406433,0.47215336561203,0.475815832614899,0.477760940790176,0.45731920003891,0.435753643512726,0.413628697395325
"2024-07-12",0.572470903396606,0.663161396980286,0.631201446056366,0.743557095527649,0.792965531349182,0.722753763198853,0.886346578598022,0.662837266921997,0.469577074050903,0.360554188489914,0.310283720493317,0.301465034484863,0.298711508512497,0.285053133964539,0.261647373437881,0.256974935531616,0.253628849983215,0.260951399803162,0.268663018941879,0.304703950881958,0.304568409919739,0.304931461811066,0.323638767004013,0.323964238166809,0.316455274820328,0.312882155179977,0.3086878657341,0.306096106767654,0.305852621793747,0.323445945978165,0.334621012210846,0.332055389881134,0.328479558229446,0.325752258300781,0.298147767782211,0.299707412719727,0.306184530258179,0.326468378305435,0.332382380962372,0.353503853082657,0.35674199461937,0.359671384096146,0.361209571361542,0.343931555747986,0.326585799455643,0.308656632900238
"2024-07-13",0.441806316375732,0.503896772861481,0.482035279273987,0.557013511657715,0.597252607345581,0.550942659378052,0.693949043750763,0.529864311218262,0.382505059242249,0.294288456439972,0.242780417203903,0.218920826911926,0.216711148619652,0.205305129289627,0.183376386761665,0.183749616146088,0.186752885580063,0.203836068511009,0.209964454174042,0.238579392433167,0.23944079875946,0.241023123264313,0.264297008514404,0.263346493244171,0.247437462210655,0.242943093180656,0.237807497382164,0.234705537557602,0.234487682580948,0.250968635082245,0.265174299478531,0.26348215341568,0.260815501213074,0.258396983146667,0.231743484735489,0.232178330421448,0.237441793084145,0.256438136100769,0.261153340339661,0.27908992767334,0.281122744083405,0.282626122236252,0.283146053552628,0.268662124872208,0.255694806575775,0.2426977455616
"2024-07-14",0.365335285663605,0.414842277765274,0.391918122768402,0.447530686855316,0.485459387302399,0.458445489406586,0.590431451797485,0.489707678556442,0.383244425058365,0.30693393945694,0.218463107943535,0.183327242732048,0.177807509899139,0.166642516851425,0.144278436899185,0.142486721277237,0.143101960420609,0.157488688826561,0.162618279457092,0.191928625106812,0.192495733499527,0.194733321666718,0.221081435680389,0.222315788269043,0.209027782082558,0.20399720966816,0.197252541780472,0.191681697964668,0.189311355352402,0.202523723244667,0.213154286146164,0.211824417114258,0.210170447826385,0.20817556977272,0.187668979167938,0.185758918523788,0.188308700919151,0.203571408987045,0.20869667828083,0.226830467581749,0.228629112243652,0.229914546012878,0.230110466480255,0.216822668910027,0.20687647163868,0.196516022086143
"2024-07-15",1.57363724708557,1.81061196327209,1.58615183830261,1.81507992744446,1.89859890937805,1.54334056377411,1.76271045207977,1.66871798038483,1.6133394241333,1.59118509292603,1.08674776554108,0.870756387710571,0.837781965732574,0.789027810096741,0.656934440135956,0.637591063976288,0.60298490524292,0.58884996175766,0.604012846946716,0.783584237098694,0.775291502475739,0.771631121635437,0.853218078613281,0.826834619045258,0.892033994197845,0.827161014080048,0.690586030483246,0.545843839645386,0.516079187393188,0.721647500991821,0.839849233627319,0.843355059623718,0.842247545719147,0.840938746929169,0.740517318248749,0.653796315193176,0.564189553260803,0.560288429260254,0.618413984775543,0.7249955534935,0.720344066619873,0.68032693862915,0.629857659339905,0.446673184633255,0.412368416786194,0.377302497625351
"2024-07-16",1.6653790473938,1.88579273223877,1.60534405708313,1.82162714004517,1.79266107082367,1.57066631317139,1.77859663963318,1.51634657382965,1.33503675460815,1.25318574905396,1.00139260292053,0.90449583530426,0.882322490215302,0.854116022586823,0.784056901931763,0.762949705123901,0.713000953197479,0.650077760219574,0.651133596897125,0.848490238189697,0.828183174133301,0.807935535907745,0.875576138496399,0.877325057983398,0.905445337295532,0.867592453956604,0.803620040416718,0.739001393318176,0.706354320049286,0.803375065326691,0.887686967849731,0.903929531574249,0.920710206031799,0.929865658283234,0.81983894109726,0.764049112796783,0.711138665676117,0.684090971946716,0.704282462596893,0.775391519069672,0.788887023925781,0.785678088665009,0.770764708518982,0.605718016624451,0.540693342685699,0.485028445720673
"2024-07-17",0.95279598236084,1.08138763904572,0.909869313240051,1.03732371330261,1.05992293357849,0.968804717063904,1.13986432552338,1.00298702716827,0.771860361099243,0.648410677909851,0.541430234909058,0.491613417863846,0.49353015422821,0.490605413913727,0.475825846195221,0.461712926626205,0.435917675495148,0.405396282672882,0.406898438930511,0.503178954124451,0.490902483463287,0.482034206390381,0.55404257774353,0.555168569087982,0.550260663032532,0.533535301685333,0.507657647132874,0.485829830169678,0.474584996700287,0.511244893074036,0.548815310001373,0.55417662858963,0.561251401901245,0.567007541656494,0.503049075603485,0.481703877449036,0.462625116109848,0.462607711553574,0.463432848453522,0.484284609556198,0.492272019386292,0.496025323867798,0.495933651924133,0.433760583400726,0.399688363075256,0.367771446704865
"2024-07-18",0.633972823619843,0.687343597412109,0.596670031547546,0.67334246635437,0.720605850219727,0.683838844299316,0.825575947761536,0.748969912528992,0.591217339038849,0.482060939073563,0.395051658153534,0.359613180160522,0.365405917167664,0.359937220811844,0.325312584638596,0.312033861875534,0.294342964887619,0.291748106479645,0.297301739454269,0.343634784221649,0.345471024513245,0.349675476551056,0.402819663286209,0.39667421579361,0.389467358589172,0.37799334526062,0.362560391426086,0.351096570491791,0.347628802061081,0.368813842535019,0.390739589929581,0.389834761619568,0.388070642948151,0.385620772838593,0.343415409326553,0.333882570266724,0.327836841344833,0.339251339435577,0.337173253297806,0.345404803752899,0.349359631538391,0.351836532354355,0.352421045303345,0.325459390878677,0.306971937417984,0.288327872753143
"2024-07-19",0.427231848239899,0.449010372161865,0.442706763744354,0.497291177511215,0.553467392921448,0.542272090911865,0.648772716522217,0.539923548698425,0.400822550058365,0.341845571994781,0.271525323390961,0.265130430459976,0.255804002285004,0.240125209093094,0.215831860899925,0.212446317076683,0.209926724433899,0.231591239571571,0.234841406345367,0.258846759796143,0.264637649059296,0.27062201499939,0.302956104278564,0.296664923429489,0.288456469774246,0.282969415187836,0.275987297296524,0.269813597202301,0.26612600684166,0.277211308479309,0.288851022720337,0.286638587713242,0.283297777175903,0.279908657073975,0.255703032016754,0.250852793455124,0.248595654964447,0.259387165307999,0.258229047060013,0.262394785881042,0.266543924808502,0.270251333713531,0.272585719823837,0.262343108654022,0.249316036701202,0.234428614377975
"2024-07-20",0.315561473369598,0.3390132188797,0.375505685806274,0.421603143215179,0.472769737243652,0.469178974628448,0.563480854034424,0.454874366521835,0.325880765914917,0.263936638832092,0.200272083282471,0.20126473903656,0.194888308644295,0.180856242775917,0.175926014780998,0.171865656971931,0.16983363032341,0.188772946596146,0.191642045974731,0.210861593484879,0.21668615937233,0.222792878746986,0.242977291345596,0.238281548023224,0.232842564582825,0.228929221630096,0.223998591303825,0.218827188014984,0.214872747659683,0.220140606164932,0.226790577173233,0.225486606359482,0.223348051309586,0.221393495798111,0.208720147609711,0.204602777957916,0.202570393681526,0.211331382393837,0.210738092660904,0.213096499443054,0.216748684644699,0.22021347284317,0.222167044878006,0.217877745628357,0.206996351480484,0.193919688463211
"2024-07-21",0.260861098766327,0.28231605887413,0.328738749027252,0.365896463394165,0.413748800754547,0.421386182308197,0.521407067775726,0.422702550888062,0.301612794399261,0.228024572134018,0.160302802920341,0.159963801503181,0.155757278203964,0.14648275077343,0.148715034127235,0.14466181397438,0.142304584383965,0.155866324901581,0.158728390932083,0.178632453083992,0.184364676475525,0.190071448683739,0.202337205410004,0.198886871337891,0.19417005777359,0.191137433052063,0.187037870287895,0.182136461138725,0.178183943033218,0.181154787540436,0.18635930120945,0.185891449451447,0.184534505009651,0.18275348842144,0.175324901938438,0.172794595360756,0.171498730778694,0.177152454853058,0.17680749297142,0.177918165922165,0.181183904409409,0.184306800365448,0.185668215155602,0.182557001709938,0.174477115273476,0.164454862475395
"2024-07-22",1.14311182498932,1.23398339748383,1.3264148235321,1.50327253341675,1.66510236263275,1.47576296329498,1.66850709915161,1.54974591732025,1.3950012922287,1.20629477500916,0.754723787307739,0.69005674123764,0.67650556564331,0.633192181587219,0.6584632396698,0.637254893779755,0.618832528591156,0.651988744735718,0.632906436920166,0.700557112693787,0.641514599323273,0.553430199623108,0.628015100955963,0.596583604812622,0.810676217079163,0.759276688098907,0.654122889041901,0.522463917732239,0.474125802516937,0.603139460086823,0.761119663715363,0.767342627048492,0.772327780723572,0.773240923881531,0.675902187824249,0.561486542224884,0.465789467096329,0.450813293457031,0.494430512189865,0.557158470153809,0.54654335975647,0.501608312129974,0.447964310646057,0.337087690830231,0.310541391372681,0.282674729824066
"2024-07-23",1.22517275810242,1.30818283557892,1.37741565704346,1.53726029396057,1.61864542961121,1.57349598407745,1.87844014167786,1.6215306520462,1.38415718078613,1.25474846363068,0.888130307197571,0.826751530170441,0.810497403144836,0.761699795722961,0.781410336494446,0.751626253128052,0.71440464258194,0.71519011259079,0.69098961353302,0.711781024932861,0.681503415107727,0.628992021083832,0.587718486785889,0.588242828845978,0.773046016693115,0.756632149219513,0.727863788604736,0.687834739685059,0.662935793399811,0.724108636379242,0.834303736686707,0.844276428222656,0.852388739585876,0.856821954250336,0.720138549804688,0.668214797973633,0.622410714626312,0.583633780479431,0.590680062770844,0.615736186504364,0.61235785484314,0.589004695415497,0.561244249343872,0.455346912145615,0.414652615785599,0.375331997871399
"2024-07-24",0.76802670955658,0.80916702747345,0.848542153835297,0.926547169685364,1.01119160652161,1.04629588127136,1.31326055526733,1.12591707706451,0.927284359931946,0.797577500343323,0.592050313949585,0.547739803791046,0.53744101524353,0.504705131053925,0.498694151639938,0.474889039993286,0.443145871162415,0.438450217247009,0.424526304006577,0.443666964769363,0.430949032306671,0.411918669939041,0.407802224159241,0.408096730709076,0.462793797254562,0.459865421056747,0.455021053552628,0.450911104679108,0.447902679443359,0.476789891719818,0.518112301826477,0.514760613441467,0.510978639125824,0.509149193763733,0.445262014865875,0.427805244922638,0.418179392814636,0.412815600633621,0.403436750173569,0.403489589691162,0.404383182525635,0.400956988334656,0.396824717521667,0.352047801017761,0.328150361776352,0.307771950960159
"2024-07-25",0.56152355670929,0.578225493431091,0.615119099617004,0.661854028701782,0.741560101509094,0.774282038211823,1.00129806995392,0.881658852100372,0.725208282470703,0.603261709213257,0.445573389530182,0.393896877765656,0.384006440639496,0.362689942121506,0.341425538063049,0.328189849853516,0.309903413057327,0.302354454994202,0.294726818799973,0.309727996587753,0.304597318172455,0.29730835556984,0.318885564804077,0.318507075309753,0.334807932376862,0.331905841827393,0.327373564243317,0.324445426464081,0.323735624551773,0.343176186084747,0.366498976945877,0.364607006311417,0.361708849668503,0.359150141477585,0.323839604854584,0.309085458517075,0.304751932621002,0.30892276763916,0.303122580051422,0.299727141857147,0.301441848278046,0.301486432552338,0.301501989364624,0.276822149753571,0.259155243635178,0.241083651781082
"2024-07-26",0.463749140501022,0.465224415063858,0.476496636867523,0.511160731315613,0.574228286743164,0.589055299758911,0.794981718063354,0.717920899391174,0.601566314697266,0.50789749622345,0.360293805599213,0.309172928333282,0.300529718399048,0.281021565198898,0.257250249385834,0.248382210731506,0.237506911158562,0.230885535478592,0.226531997323036,0.234176382422447,0.231455385684967,0.228108674287796,0.254344671964645,0.253911942243576,0.261795610189438,0.259316742420197,0.255330950021744,0.251778483390808,0.249513670802116,0.25958925485611,0.277174144983292,0.276614278554916,0.275072008371353,0.273206472396851,0.249453067779541,0.238906815648079,0.236571907997131,0.24214980006218,0.239138126373291,0.236069291830063,0.238086059689522,0.239347741007805,0.240028351545334,0.222982376813889,0.209632858633995,0.195685312151909
"2024-07-27",0.425593972206116,0.420040518045425,0.379649311304092,0.405538082122803,0.448602795600891,0.453515708446503,0.643673181533813,0.589182734489441,0.512928068637848,0.448044925928116,0.307280719280243,0.268990248441696,0.260698765516281,0.238609537482262,0.217548817396164,0.207550942897797,0.196835935115814,0.187870979309082,0.184135541319847,0.191850572824478,0.188544452190399,0.185390383005142,0.213432654738426,0.212437406182289,0.216993629932404,0.213182970881462,0.208455607295036,0.204267755150795,0.201306089758873,0.206196323037148,0.220153778791428,0.21992751955986,0.218951746821404,0.217643201351166,0.200398579239845,0.194111913442612,0.192100316286087,0.196364015340805,0.196043357253075,0.193879991769791,0.195979729294777,0.197568356990814,0.198014378547668,0.185757577419281,0.175876066088676,0.16584874689579
"2024-07-28",0.394994020462036,0.396058320999146,0.311002314090729,0.333136647939682,0.361840337514877,0.361817300319672,0.532205581665039,0.517909169197083,0.466820776462555,0.396094620227814,0.279274463653564,0.250051856040955,0.239616572856903,0.216836169362068,0.195552244782448,0.183288082480431,0.169653728604317,0.157995194196701,0.155197367072105,0.16476047039032,0.16170109808445,0.159111276268959,0.185803577303886,0.184515163302422,0.187359228730202,0.183002531528473,0.176832050085068,0.171394556760788,0.167275249958038,0.171343475580215,0.181925401091576,0.181680858135223,0.180837243795395,0.179751425981522,0.167113214731216,0.164163872599602,0.162616848945618,0.164207488298416,0.163666516542435,0.163503333926201,0.165527179837227,0.167111992835999,0.167548701167107,0.15824781358242,0.150582641363144,0.143453016877174
"2024-07-29",1.56183695793152,1.61362457275391,1.31421339511871,1.43054389953613,1.57931911945343,1.44819974899292,1.61267423629761,1.58453345298767,1.56023526191711,1.50922775268555,1.08365976810455,0.984620869159698,0.938212454319,0.872874736785889,0.785852670669556,0.738170385360718,0.648487210273743,0.586520791053772,0.50030529499054,0.50491189956665,0.463011145591736,0.414563745260239,0.609374701976776,0.595989763736725,0.722060739994049,0.622612535953522,0.489065945148468,0.384777545928955,0.373601973056793,0.554245948791504,0.704942166805267,0.666045427322388,0.630767703056335,0.600651502609253,0.492291957139969,0.37838339805603,0.282816231250763,0.302439361810684,0.321147918701172,0.370717614889145,0.345951676368713,0.306895941495895,0.287252217531204,0.219146773219109,0.208585798740387,0.192469462752342
"2024-07-30",1.49479305744171,1.51483380794525,1.38631176948547,1.47864079475403,1.48594832420349,1.37498545646667,1.64140188694,1.53524684906006,1.36940217018127,1.25459933280945,1.02548062801361,0.988111436367035,0.94958758354187,0.88662976026535,0.816904604434967,0.766627252101898,0.674452722072601,0.572903335094452,0.525184690952301,0.529312193393707,0.511067628860474,0.493113160133362,0.644417703151703,0.629473209381104,0.684351325035095,0.632681548595428,0.558831095695496,0.502123117446899,0.485148727893829,0.642380475997925,0.75787615776062,0.747443854808807,0.729183614253998,0.708581984043121,0.522081136703491,0.447157859802246,0.373935788869858,0.367622256278992,0.366041094064713,0.398273825645447,0.38646736741066,0.365423291921616,0.35122138261795,0.271191895008087,0.248284846544266,0.222727984189987
"2024-07-31",0.868526697158813,0.885725378990173,0.824869334697723,0.880113065242767,0.898572683334351,0.89233124256134,1.16456711292267,1.03492498397827,0.852838635444641,0.734381794929504,0.598637819290161,0.579308927059174,0.561685919761658,0.530084133148193,0.505093395709991,0.482956439256668,0.437300592660904,0.378518402576447,0.357343196868896,0.360367089509964,0.354542136192322,0.345233291387558,0.403733611106873,0.39570763707161,0.426971107721329,0.413309127092361,0.390281945466995,0.366044878959656,0.347984731197357,0.389135032892227,0.462088346481323,0.461401879787445,0.458695083856583,0.45416995882988,0.361850321292877,0.330731868743896,0.299636363983154,0.28047987818718,0.275291055440903,0.281532287597656,0.281428843736649,0.277910709381104,0.274213790893555,0.230470776557922,0.208051264286041,0.186669677495956
"2024-08-01",0.638840556144714,0.643371939659119,0.562231421470642,0.601527988910675,0.631864070892334,0.642642736434937,0.89507919549942,0.768362998962402,0.617640018463135,0.519339680671692,0.402364432811737,0.399305939674377,0.388539016246796,0.367963939905167,0.380113333463669,0.360060274600983,0.329863011837006,0.291790217161179,0.277977019548416,0.282872915267944,0.276246100664139,0.266150802373886,0.291521996259689,0.28737398982048,0.314880669116974,0.309399098157883,0.300568103790283,0.289499342441559,0.278331190347672,0.288881361484528,0.330683529376984,0.331284046173096,0.330360352993011,0.327872931957245,0.279124021530151,0.263867288827896,0.251907497644424,0.231791079044342,0.22793884575367,0.222167864441872,0.224220350384712,0.22464120388031,0.223066836595535,0.197569474577904,0.182774752378464,0.170050203800201
"2024-08-02",0.510921239852905,0.511646270751953,0.406411081552505,0.434230834245682,0.463768929243088,0.482385694980621,0.709047079086304,0.599418878555298,0.480070888996124,0.408990412950516,0.30892351269722,0.285803288221359,0.278300285339355,0.266780138015747,0.299267709255219,0.280372440814972,0.256990611553192,0.234012827277184,0.225217044353485,0.239041388034821,0.231198891997337,0.220704838633537,0.241238683462143,0.237558379769325,0.251046776771545,0.246736496686935,0.23921100795269,0.231668770313263,0.225599452853203,0.234725594520569,0.258603096008301,0.258634567260742,0.258132666349411,0.257365465164185,0.231704711914062,0.225597977638245,0.217948779463768,0.198895648121834,0.194745987653732,0.185364499688148,0.187001287937164,0.188175573945045,0.188387051224709,0.173129230737686,0.163693591952324,0.154877081513405
"2024-08-03",0.394877016544342,0.399349451065063,0.309551477432251,0.332387030124664,0.361406087875366,0.386896520853043,0.593494713306427,0.5285924077034,0.428601831197739,0.348945736885071,0.243471741676331,0.220971673727036,0.219651699066162,0.209393531084061,0.234703198075294,0.219891011714935,0.199278369545937,0.183924838900566,0.181188076734543,0.202169477939606,0.194974094629288,0.186452433466911,0.211520209908485,0.20735003054142,0.212410390377045,0.206988841295242,0.197913259267807,0.189434766769409,0.184798836708069,0.19841393828392,0.215196326375008,0.214163795113564,0.212501913309097,0.21093824505806,0.190419122576714,0.18762381374836,0.182861238718033,0.171409070491791,0.167124554514885,0.159689337015152,0.160489603877068,0.1608976572752,0.160779103636742,0.149802774190903,0.144124880433083,0.139020144939423
"2024-08-04",0.295244246721268,0.301273882389069,0.258090376853943,0.277674168348312,0.311149299144745,0.348755478858948,0.55292534828186,0.51849889755249,0.41555580496788,0.329086005687714,0.211783885955811,0.186254739761353,0.182763889431953,0.173500627279282,0.186498790979385,0.17637275159359,0.160594895482063,0.153264552354813,0.152812615036964,0.173126623034477,0.169526606798172,0.164536148309708,0.189896166324615,0.18581260740757,0.185729697346687,0.179668307304382,0.170457229018211,0.162191197276115,0.158107355237007,0.171960577368736,0.186718538403511,0.185396328568459,0.183255568146706,0.18123859167099,0.163327723741531,0.160051554441452,0.156117364764214,0.150051102042198,0.146787196397781,0.141773492097855,0.1424760222435,0.142755910754204,0.142632275819778,0.133666336536407,0.128531455993652,0.123972706496716
"2024-08-05",1.02100658416748,1.12047123908997,1.09330952167511,1.2370936870575,1.40694940090179,1.28808879852295,1.43889546394348,1.46144366264343,1.454993724823,1.43064475059509,0.923834979534149,0.777572274208069,0.747588217258453,0.71159154176712,0.744791150093079,0.71182107925415,0.664053320884705,0.664670348167419,0.662021040916443,0.747772395610809,0.730319380760193,0.688943266868591,0.769563674926758,0.715817093849182,0.766336500644684,0.667958319187164,0.524747729301453,0.393428236246109,0.364300310611725,0.550363719463348,0.735720038414001,0.69608074426651,0.661036729812622,0.63592791557312,0.594406843185425,0.489669412374496,0.396905928850174,0.347584545612335,0.359846413135529,0.370854288339615,0.347743272781372,0.310888826847076,0.277425408363342,0.234731584787369,0.22270268201828,0.210052773356438
"2024-08-06",1.07570731639862,1.11767578125,1.13657855987549,1.25558567047119,1.27902114391327,1.20797479152679,1.59738886356354,1.54680371284485,1.42575311660767,1.3181574344635,0.977766633033752,0.896768569946289,0.858428299427032,0.810079753398895,0.830544412136078,0.796029686927795,0.743498623371124,0.753959894180298,0.7400963306427,0.813716053962708,0.788407862186432,0.739475786685944,0.772614419460297,0.73961478471756,0.749033153057098,0.691178679466248,0.611704647541046,0.543099224567413,0.519561350345612,0.655023038387299,0.781787574291229,0.781410098075867,0.777105391025543,0.768600344657898,0.635104298591614,0.578876554965973,0.518964111804962,0.447291404008865,0.433109253644943,0.422643601894379,0.409987509250641,0.388678908348083,0.37088805437088,0.313611775636673,0.293148815631866,0.276105910539627
"2024-08-07",0.637200951576233,0.66419506072998,0.673525989055634,0.728608787059784,0.755875110626221,0.80308610200882,1.18184494972229,1.1009076833725,0.953728079795837,0.846495091915131,0.61578243970871,0.560415625572205,0.537826597690582,0.506261110305786,0.520651638507843,0.497531563043594,0.461259126663208,0.470436602830887,0.461236953735352,0.500863134860992,0.490614235401154,0.468325018882751,0.498884260654449,0.4842109978199,0.466798454523087,0.447785317897797,0.420930683612823,0.395817250013351,0.38197061419487,0.428582191467285,0.496438443660736,0.496495515108109,0.495263040065765,0.492914229631424,0.421008706092834,0.402001947164536,0.379249572753906,0.338280141353607,0.325116574764252,0.30750834941864,0.305959790945053,0.302322149276733,0.298493295907974,0.267488688230515,0.250990658998489,0.237871661782265
"2024-08-08",0.423357844352722,0.451601684093475,0.456977367401123,0.499742895364761,0.542473375797272,0.602898359298706,0.91450572013855,0.828742742538452,0.712016701698303,0.63935911655426,0.457788288593292,0.408417761325836,0.392274022102356,0.36552169919014,0.379060387611389,0.35996001958847,0.334121763706207,0.336805611848831,0.331612944602966,0.362199306488037,0.357009500265121,0.346079438924789,0.375711977481842,0.367398709058762,0.353703320026398,0.343454658985138,0.327960669994354,0.312062919139862,0.300813376903534,0.317743360996246,0.359336674213409,0.35928076505661,0.358266830444336,0.35697403550148,0.316460341215134,0.307700604200363,0.297406375408173,0.274472296237946,0.265745401382446,0.24853889644146,0.248931586742401,0.248564675450325,0.247312590479851,0.22801311314106,0.216818511486053,0.206572279334068
"2024-08-09",0.323479503393173,0.342793852090836,0.346023440361023,0.375950515270233,0.422553062438965,0.476633042097092,0.728656888008118,0.64436399936676,0.547998666763306,0.482871651649475,0.347537308931351,0.312724530696869,0.303220421075821,0.28116574883461,0.282613664865494,0.267515599727631,0.249641820788383,0.251415252685547,0.24882872402668,0.275461971759796,0.272195547819138,0.26636329293251,0.297390758991241,0.291605681180954,0.282201647758484,0.275056034326553,0.263956904411316,0.25220188498497,0.24298819899559,0.250663280487061,0.276347368955612,0.275855600833893,0.274371385574341,0.272744596004486,0.245401978492737,0.240339338779449,0.2349713742733,0.224916189908981,0.219500303268433,0.207955226302147,0.208463311195374,0.20876869559288,0.20831872522831,0.195731073617935,0.187678560614586,0.18048369884491
"2024-08-10",0.267194002866745,0.281616926193237,0.277356177568436,0.300858587026596,0.346703112125397,0.39328545331955,0.614744603633881,0.547343730926514,0.460451751947403,0.392488092184067,0.288071572780609,0.253343522548676,0.2460877597332,0.224663645029068,0.204013243317604,0.197558775544167,0.189326256513596,0.195014879107475,0.193924501538277,0.217129439115524,0.215076014399529,0.211903601884842,0.242351323366165,0.23857781291008,0.23298767209053,0.227573484182358,0.218308001756668,0.20890049636364,0.201472744345665,0.206164672970772,0.223988965153694,0.223367512226105,0.221700951457024,0.219921231269836,0.199182614684105,0.195234641432762,0.191867634654045,0.187999844551086,0.184779942035675,0.178785592317581,0.178992718458176,0.179016351699829,0.178661361336708,0.169733285903931,0.164011344313622,0.15886989235878
"2024-08-11",0.231060564517975,0.246133551001549,0.227244004607201,0.249007165431976,0.289362400770187,0.32713708281517,0.531950891017914,0.483404517173767,0.417488098144531,0.360208034515381,0.259950816631317,0.228513717651367,0.21643528342247,0.193636044859886,0.162027269601822,0.156861647963524,0.150821968913078,0.156612426042557,0.15706929564476,0.178660467267036,0.177166566252708,0.175650134682655,0.204586535692215,0.202398970723152,0.199080124497414,0.193843737244606,0.185877799987793,0.178046762943268,0.171766191720963,0.176046296954155,0.189848929643631,0.188834205269814,0.187900245189667,0.186245337128639,0.168129280209541,0.164675116539001,0.162110984325409,0.161335423588753,0.159276396036148,0.157180175185204,0.157150134444237,0.15693387389183,0.156539171934128,0.14932245016098,0.145031794905663,0.141198992729187
"2024-08-12",0.898383617401123,1.07014012336731,0.927921950817108,1.04113507270813,1.15599811077118,1.15133655071259,1.92429983615875,1.89499306678772,1.82738828659058,1.66528964042664,1.20312738418579,1.12944793701172,1.02970576286316,0.902570962905884,0.677357614040375,0.644390821456909,0.603238046169281,0.595715045928955,0.564258635044098,0.703939914703369,0.704326272010803,0.699509143829346,0.775870263576508,0.723348438739777,0.749906718730927,0.641365885734558,0.479184061288834,0.335842460393906,0.275412261486053,0.475418955087662,0.728631138801575,0.685488224029541,0.63293194770813,0.593532860279083,0.53061318397522,0.431038528680801,0.341778248548508,0.288380354642868,0.29738637804985,0.314674884080887,0.30359536409378,0.278761953115463,0.255859047174454,0.198379352688789,0.188425302505493,0.179062694311142
"2024-08-13",1.01212513446808,1.10057973861694,1.00758814811707,1.09889650344849,1.09616386890411,1.0824921131134,1.61160349845886,1.48447835445404,1.3463454246521,1.25301826000214,1.11648488044739,1.21166813373566,1.12256896495819,1.0166300535202,0.809122204780579,0.767691552639008,0.709946870803833,0.628683030605316,0.618808269500732,0.72269856929779,0.719352304935455,0.70869517326355,0.755915582180023,0.734261751174927,0.710943579673767,0.673960030078888,0.601820766925812,0.514146447181702,0.441251933574677,0.501715123653412,0.702495574951172,0.710576415061951,0.710790276527405,0.704934358596802,0.615248084068298,0.577711403369904,0.514627635478973,0.367560625076294,0.354612857103348,0.338114589452744,0.343144834041595,0.341272264719009,0.334400743246078,0.261257350444794,0.235959827899933,0.214538440108299
"2024-08-14",0.693122386932373,0.745314002037048,0.639217257499695,0.694363415241241,0.694784224033356,0.70089465379715,0.99082338809967,0.855783998966217,0.731695175170898,0.659288048744202,0.687950015068054,0.743106067180634,0.698809683322906,0.639865159988403,0.526820361614227,0.50289523601532,0.466323226690292,0.404078662395477,0.399584352970123,0.451700925827026,0.441599369049072,0.429050475358963,0.473341673612595,0.464861690998077,0.448208570480347,0.435762256383896,0.413753747940063,0.384298384189606,0.354104191064835,0.339677304029465,0.415066033601761,0.421494454145432,0.426995545625687,0.427646577358246,0.395043939352036,0.389274626970291,0.369140386581421,0.29683992266655,0.281274408102036,0.253364056348801,0.256620794534683,0.259980767965317,0.261116415262222,0.231174916028976,0.213043197989464,0.195216372609138
"2024-08-15",0.54187661409378,0.580724656581879,0.481400698423386,0.516283571720123,0.524277806282043,0.535129070281982,0.747240543365479,0.679347336292267,0.603598356246948,0.529861629009247,0.51273113489151,0.48627382516861,0.487881302833557,0.472265839576721,0.408529251813889,0.391263663768768,0.363610625267029,0.304980039596558,0.29989019036293,0.332432419061661,0.32489213347435,0.314832866191864,0.350045263767242,0.344658046960831,0.33595085144043,0.326805770397186,0.313739478588104,0.298197537660599,0.281974613666534,0.266543805599213,0.294246256351471,0.296034932136536,0.297019928693771,0.296232730150223,0.280190408229828,0.278583228588104,0.27146589756012,0.240302965044975,0.231256306171417,0.210424870252609,0.210849046707153,0.211702555418015,0.212174847722054,0.199085682630539,0.188063025474548,0.175860747694969
"2024-08-16",0.46887281537056,0.49676051735878,0.393652021884918,0.419591009616852,0.429154574871063,0.434767305850983,0.592986345291138,0.574617624282837,0.554038882255554,0.517394661903381,0.430968046188354,0.377554893493652,0.376577317714691,0.367854654788971,0.333330035209656,0.323075354099274,0.306974321603775,0.258099585771561,0.252335608005524,0.268617689609528,0.26070511341095,0.252268880605698,0.279980838298798,0.276640981435776,0.270172268152237,0.262784749269485,0.253321349620819,0.243267089128494,0.232902511954308,0.220626398921013,0.226654782891273,0.226527273654938,0.226352334022522,0.226126343011856,0.215189471840858,0.214120715856552,0.211590588092804,0.197408467531204,0.193533137440681,0.18156124651432,0.181226819753647,0.180879056453705,0.180582493543625,0.173015207052231,0.165551021695137,0.156762659549713
"2024-08-17",0.44021874666214,0.47125780582428,0.343973010778427,0.368635177612305,0.375160425901413,0.376943200826645,0.48961728811264,0.478234708309174,0.467156827449799,0.464095860719681,0.377807557582855,0.32501944899559,0.320882558822632,0.310857266187668,0.274512767791748,0.268388390541077,0.258207440376282,0.222011536359787,0.216900527477264,0.226023778319359,0.219041794538498,0.21236152946949,0.236056163907051,0.233728498220444,0.227109044790268,0.220544621348381,0.212608844041824,0.204794436693192,0.197300136089325,0.189515203237534,0.186730325222015,0.186152547597885,0.186088740825653,0.186755448579788,0.176566913723946,0.174709603190422,0.172875717282295,0.166427403688431,0.164872407913208,0.160501033067703,0.160112306475639,0.159500449895859,0.158899039030075,0.152719646692276,0.147734954953194,0.142234727740288
"2024-08-18",0.45644024014473,0.473446756601334,0.342176049947739,0.352602064609528,0.349772155284882,0.350425004959106,0.439965546131134,0.443118125200272,0.431220710277557,0.428395837545395,0.376479506492615,0.323879718780518,0.311536014080048,0.293710887432098,0.247250467538834,0.240234225988388,0.228846207261086,0.193732291460037,0.190913662314415,0.192485883831978,0.188179969787598,0.183333426713943,0.205285578966141,0.203326776623726,0.197698965668678,0.192549481987953,0.185257434844971,0.177381619811058,0.170554175972939,0.166279733181,0.163920417428017,0.163176029920578,0.162912979722023,0.163550838828087,0.152324378490448,0.14958430826664,0.147314146161079,0.144395127892494,0.143605217337608,0.144155725836754,0.143777102231979,0.143121615052223,0.142429709434509,0.136828348040581,0.133356541395187,0.129875555634499
"2024-08-19",1.49897027015686,1.77512633800507,1.55657422542572,1.67685389518738,1.64970028400421,1.55740129947662,1.9330712556839,1.80227398872375,1.73861169815063,1.7352728843689,1.52273321151733,1.57612442970276,1.50340962409973,1.39805269241333,1.24862170219421,1.17783951759338,1.07097995281219,0.867106795310974,0.821628391742706,0.803483963012695,0.77540397644043,0.727616310119629,0.756344497203827,0.724998712539673,0.7580885887146,0.629918336868286,0.484648853540421,0.38088595867157,0.372339934110641,0.5781489610672,0.752705514431,0.744741857051849,0.734869658946991,0.720863997936249,0.556022226810455,0.450029939413071,0.377770990133286,0.404348999261856,0.438187539577484,0.48951980471611,0.464702606201172,0.425083100795746,0.38893786072731,0.309582114219666,0.298705637454987,0.282887846231461
"2024-08-20",1.41402852535248,1.57354974746704,1.55497145652771,1.68714237213135,1.66815042495728,1.53297972679138,1.7768542766571,1.717165350914,1.63267517089844,1.55655741691589,1.41922497749329,1.43834495544434,1.39308762550354,1.32550060749054,1.26663827896118,1.20062983036041,1.10480427742004,0.922641754150391,0.884839057922363,0.858003854751587,0.832709670066833,0.790903985500336,0.818815171718597,0.78220796585083,0.735554695129395,0.673590421676636,0.591868937015533,0.525334358215332,0.505653262138367,0.675847291946411,0.824802994728088,0.827092826366425,0.829380452632904,0.827572405338287,0.638330817222595,0.57297158241272,0.524614334106445,0.530908584594727,0.53780609369278,0.576873183250427,0.569335162639618,0.548109114170074,0.53077507019043,0.44158998131752,0.41163095831871,0.380901992321014
"2024-08-21",0.833020210266113,0.908417403697968,0.925150871276855,1.00445914268494,1.00419425964355,0.917579650878906,1.05019307136536,1.03641891479492,1.00448644161224,0.963319957256317,0.85395610332489,0.843625903129578,0.830669701099396,0.79518336057663,0.768461227416992,0.737972140312195,0.69701337814331,0.631171703338623,0.598955690860748,0.549661636352539,0.540992915630341,0.525653421878815,0.538917362689972,0.522318482398987,0.477717816829681,0.456076681613922,0.425658643245697,0.395368158817291,0.376700878143311,0.426078498363495,0.507897853851318,0.510035157203674,0.5121009349823,0.512459635734558,0.425284922122955,0.403592258691788,0.386442542076111,0.379674941301346,0.378177911043167,0.385937809944153,0.390711843967438,0.393037050962448,0.394025266170502,0.363993644714355,0.345547139644623,0.324738293886185
"2024-08-22",0.62141478061676,0.660399258136749,0.66574227809906,0.714244246482849,0.719698429107666,0.661093056201935,0.747710943222046,0.731088757514954,0.706636607646942,0.686749577522278,0.600175142288208,0.587712287902832,0.580072581768036,0.555895924568176,0.529019892215729,0.509159207344055,0.48651921749115,0.471164464950562,0.448590666055679,0.403779238462448,0.39619904756546,0.386946856975555,0.40378150343895,0.392950713634491,0.360392957925797,0.347866237163544,0.330515563488007,0.31150409579277,0.297418236732483,0.319660186767578,0.365335434675217,0.365004926919937,0.363691657781601,0.361285716295242,0.296581417322159,0.291796892881393,0.289842247962952,0.29408997297287,0.292725563049316,0.298072725534439,0.301744282245636,0.30520886182785,0.306586056947708,0.296691000461578,0.286341458559036,0.274169713258743
"2024-08-23",0.51615834236145,0.543317139148712,0.525493681430817,0.562827110290527,0.570788621902466,0.526816964149475,0.582688212394714,0.556180059909821,0.531695008277893,0.523329257965088,0.451722323894501,0.441225826740265,0.436093151569366,0.416527271270752,0.385878562927246,0.372758537530899,0.358204573392868,0.351368516683578,0.336260885000229,0.310145348310471,0.305772930383682,0.301449745893478,0.316755682229996,0.31048858165741,0.285951972007751,0.277882069349289,0.266799032688141,0.253496736288071,0.242509976029396,0.251655280590057,0.281129956245422,0.279707908630371,0.276718527078629,0.273171305656433,0.227237164974213,0.223434507846832,0.224944114685059,0.23788121342659,0.238647624850273,0.244291633367538,0.247255936264992,0.250467211008072,0.252198845148087,0.246700823307037,0.239318773150444,0.23045751452446
"2024-08-24",0.458154052495956,0.488048881292343,0.43949943780899,0.474024713039398,0.480307072401047,0.443283587694168,0.477866768836975,0.440226793289185,0.410608321428299,0.404424726963043,0.355517327785492,0.360270887613297,0.354269713163376,0.333139300346375,0.307762980461121,0.295713752508163,0.28269961476326,0.280144929885864,0.266256541013718,0.248029753565788,0.243443846702576,0.240938320755959,0.264744639396667,0.261014878749847,0.240762278437614,0.235122233629227,0.227384433150291,0.216189354658127,0.205847531557083,0.20530566573143,0.224365472793579,0.223675608634949,0.221915066242218,0.219792664051056,0.19062165915966,0.185931801795959,0.185510993003845,0.195763349533081,0.197718784213066,0.204620331525803,0.20634089410305,0.20820926129818,0.209365919232368,0.207094922661781,0.202737465500832,0.197177588939667
"2024-08-25",0.425151497125626,0.455508559942245,0.390002191066742,0.419204354286194,0.424132406711578,0.391214400529861,0.417259871959686,0.384848296642303,0.354786783456802,0.334896057844162,0.301662266254425,0.307695269584656,0.299887120723724,0.281277894973755,0.265187650918961,0.25286003947258,0.238776385784149,0.232516005635262,0.222008019685745,0.207164138555527,0.20421576499939,0.201968431472778,0.227589547634125,0.225541427731514,0.210917472839355,0.206764057278633,0.200609415769577,0.190586984157562,0.180971100926399,0.176351219415665,0.188181012868881,0.187982499599457,0.186497673392296,0.184755206108093,0.166318342089653,0.161321416497231,0.159181952476501,0.165194883942604,0.167123079299927,0.174934431910515,0.176592037081718,0.178271248936653,0.178979679942131,0.177606150507927,0.174616888165474,0.170885428786278
"2024-08-26",1.7431446313858,1.96081399917603,1.78244876861572,1.92168736457825,1.9278256893158,1.68666040897369,1.93182528018951,1.63078320026398,1.50000035762787,1.43829262256622,1.20609056949615,1.26490449905396,1.21448910236359,1.15363502502441,1.14034843444824,1.08859705924988,0.99935781955719,0.953520059585571,0.840871036052704,0.834627211093903,0.722563743591309,0.572573244571686,0.684796988964081,0.62260627746582,0.731300890445709,0.575755715370178,0.415403127670288,0.32843542098999,0.331630140542984,0.564549088478088,0.775655686855316,0.729668021202087,0.702439606189728,0.678995132446289,0.483761727809906,0.367113590240479,0.286900162696838,0.323392868041992,0.36866569519043,0.506482720375061,0.486557126045227,0.450686931610107,0.411795437335968,0.326093047857285,0.309270411729813,0.288482546806335
"2024-08-27",1.60685551166534,1.6942138671875,1.6317812204361,1.71571087837219,1.66026639938354,1.49677467346191,1.56809687614441,1.44559872150421,1.32398700714111,1.26050961017609,1.21825432777405,1.24652636051178,1.21556878089905,1.16301453113556,1.15374040603638,1.09361243247986,0.992366671562195,0.91991662979126,0.835448920726776,0.766361474990845,0.712796032428741,0.642906308174133,0.679828643798828,0.638176500797272,0.626333594322205,0.561710596084595,0.486958026885986,0.446715444326401,0.452175468206406,0.66762101650238,0.820056438446045,0.806816518306732,0.788403034210205,0.766695737838745,0.496614634990692,0.418090641498566,0.371002554893494,0.439640134572983,0.461643248796463,0.559868812561035,0.544966042041779,0.518691897392273,0.49826243519783,0.410547882318497,0.384909003973007,0.35781130194664
"2024-08-28",0.889701783657074,0.935809552669525,0.942146062850952,1.00267732143402,0.992324590682983,0.908489227294922,0.937668442726135,0.857544600963593,0.769748449325562,0.727868556976318,0.708190500736237,0.729981541633606,0.711960315704346,0.682075381278992,0.683784902095795,0.653138399124146,0.595344185829163,0.536412835121155,0.50440239906311,0.472695112228394,0.457214117050171,0.431621342897415,0.425926089286804,0.404902845621109,0.391492545604706,0.37507489323616,0.356942683458328,0.347127258777618,0.347304046154022,0.441375762224197,0.51567280292511,0.507799863815308,0.495146125555038,0.481533199548721,0.345472991466522,0.311142235994339,0.289122223854065,0.335505992174149,0.339268624782562,0.375514894723892,0.374279856681824,0.369747221469879,0.366327077150345,0.316334545612335,0.29390624165535,0.264499694108963
"2024-08-29",0.603142380714417,0.641246557235718,0.660760998725891,0.714626252651215,0.711756944656372,0.649748802185059,0.648949205875397,0.578160583972931,0.516133368015289,0.482953399419785,0.464596509933472,0.476533651351929,0.469941020011902,0.458182781934738,0.474589765071869,0.462729871273041,0.43047159910202,0.391274005174637,0.371133387088776,0.347157835960388,0.339772760868073,0.326557725667953,0.312659680843353,0.302702814340591,0.293352633714676,0.285972833633423,0.276938229799271,0.270540148019791,0.268654763698578,0.315445154905319,0.362537562847137,0.359598428010941,0.353620380163193,0.346639007329941,0.271708130836487,0.251379728317261,0.237003862857819,0.257000356912613,0.259802788496017,0.281011074781418,0.284370243549347,0.285757631063461,0.28584760427475,0.255165100097656,0.237113192677498,0.21343769133091
"2024-08-30",0.453725427389145,0.482992768287659,0.506741642951965,0.548035681247711,0.550789177417755,0.507735311985016,0.504361569881439,0.438889980316162,0.38668629527092,0.352194309234619,0.333564013242722,0.339911431074142,0.33863165974617,0.335846722126007,0.358074367046356,0.35073783993721,0.332225650548935,0.316053748130798,0.299623370170593,0.282143235206604,0.275160044431686,0.266323417425156,0.259619057178497,0.253108322620392,0.239082634449005,0.234174147248268,0.227942734956741,0.222842484712601,0.220181733369827,0.245081916451454,0.27530163526535,0.274489283561707,0.271803319454193,0.268288373947144,0.225528448820114,0.212746322154999,0.202746614813805,0.211060211062431,0.214010328054428,0.225536495447159,0.229353249073029,0.231860011816025,0.23252722620964,0.212830603122711,0.199694842100143,0.185815587639809
"2024-08-31",0.369325041770935,0.39047122001648,0.416287839412689,0.446414798498154,0.454090416431427,0.422831773757935,0.428038954734802,0.3713618516922,0.320090442895889,0.283583343029022,0.261489540338516,0.262751311063766,0.263353645801544,0.263158202171326,0.272524476051331,0.266518712043762,0.2574642598629,0.263572573661804,0.250277638435364,0.240485608577728,0.234627455472946,0.228618323802948,0.232679560780525,0.227308392524719,0.207942619919777,0.203804209828377,0.198728188872337,0.194009765982628,0.189491361379623,0.200791776180267,0.221289113163948,0.221499711275101,0.220392778515816,0.21862755715847,0.193997278809547,0.185289919376373,0.177583500742912,0.179910272359848,0.181866660714149,0.188867494463921,0.191939696669579,0.194447740912437,0.195401564240456,0.182770535349846,0.17402295768261,0.164423212409019
"2024-09-01",0.326193541288376,0.340750515460968,0.365159094333649,0.389180958271027,0.399296998977661,0.373658150434494,0.395978569984436,0.347398936748505,0.290960222482681,0.251704037189484,0.222459033131599,0.21855716407299,0.218147531151772,0.217037886381149,0.222194120287895,0.217701077461243,0.213305801153183,0.221258133649826,0.213317677378654,0.211878776550293,0.207326591014862,0.203302547335625,0.21958127617836,0.215043544769287,0.193807005882263,0.189622327685356,0.18455259501934,0.179482623934746,0.172766268253326,0.174006372690201,0.187705561518669,0.188354253768921,0.188207134604454,0.18739527463913,0.173543766140938,0.167749464511871,0.162289991974831,0.159942701458931,0.160873025655746,0.165525406599045,0.168053269386292,0.170188501477242,0.171019122004509,0.16370578110218,0.157138466835022,0.150022238492966
"2024-09-02",1.1000759601593,1.27958798408508,1.14656782150269,1.3271279335022,1.17243242263794,0.895964860916138,1.07398462295532,1.09404194355011,1.12808442115784,1.10139000415802,0.885966062545776,0.88231086730957,0.872892618179321,0.86873185634613,0.919872164726257,0.914753019809723,0.906798541545868,0.91664981842041,0.897888958454132,0.91452693939209,0.890164494514465,0.850774645805359,0.866844296455383,0.807651221752167,0.865054905414581,0.784209251403809,0.642339110374451,0.492162734270096,0.438111752271652,0.601517200469971,0.771348237991333,0.749031126499176,0.727513313293457,0.729609906673431,0.600899636745453,0.506190538406372,0.402567952871323,0.440600246191025,0.461706519126892,0.483585804700851,0.450328469276428,0.385028392076492,0.339412987232208,0.25707671046257,0.245344534516335,0.229479283094406
"2024-09-03",1.15028893947601,1.21882486343384,1.16392493247986,1.24309003353119,1.08887267112732,0.946865499019623,1.12779486179352,1.12700939178467,1.11507248878479,1.09586119651794,0.983050882816315,0.96094810962677,0.956803798675537,0.953070521354675,1.00204110145569,0.994902789592743,0.979679703712463,0.987579107284546,0.961661219596863,0.972470223903656,0.948840141296387,0.906240940093994,0.880915820598602,0.856179356575012,0.871460258960724,0.82103031873703,0.734339416027069,0.641304075717926,0.586022257804871,0.66249418258667,0.803398191928864,0.802012085914612,0.799051582813263,0.799144864082336,0.644854784011841,0.592087507247925,0.524291515350342,0.52667224407196,0.526145696640015,0.503656327724457,0.493278294801712,0.460552036762238,0.433869332075119,0.328332334756851,0.298358261585236,0.273427098989487
"2024-09-04",0.775862991809845,0.80965131521225,0.763943076133728,0.801488399505615,0.749425709247589,0.691651165485382,0.798437356948853,0.757415950298309,0.71147608757019,0.6787548661232,0.629121661186218,0.609747886657715,0.606471300125122,0.602884769439697,0.618511974811554,0.614507138729095,0.605957865715027,0.594257056713104,0.583852529525757,0.590235829353333,0.581362545490265,0.565658032894135,0.567759275436401,0.555640637874603,0.539972543716431,0.523766577243805,0.496218889951706,0.463950216770172,0.436640053987503,0.429184526205063,0.482347726821899,0.482978373765945,0.482560455799103,0.481653332710266,0.419508755207062,0.400976747274399,0.372442096471786,0.361897885799408,0.355789333581924,0.333543658256531,0.335740715265274,0.33293554186821,0.328901559114456,0.276248276233673,0.252804189920425,0.23453651368618
"2024-09-05",0.66255795955658,0.64611029624939,0.630031585693359,0.640594959259033,0.62140953540802,0.588820934295654,0.665625929832458,0.62736839056015,0.56491607427597,0.511423230171204,0.455381214618683,0.439018130302429,0.440353512763977,0.44125884771347,0.439479053020477,0.437465757131577,0.434600830078125,0.430970847606659,0.425899505615234,0.419429838657379,0.418050467967987,0.413758873939514,0.424483776092529,0.415026873350143,0.399007737636566,0.389731287956238,0.374491989612579,0.357579946517944,0.341063022613525,0.327821046113968,0.346257746219635,0.345664590597153,0.344542890787125,0.343287348747253,0.314746558666229,0.303727298974991,0.287043929100037,0.275150537490845,0.269689500331879,0.258286714553833,0.258798390626907,0.256475359201431,0.253162562847137,0.220124363899231,0.205882862210274,0.190552741289139
"2024-09-06",0.551396548748016,0.542903780937195,0.53862863779068,0.554635405540466,0.559305191040039,0.533709466457367,0.584662914276123,0.522323548793793,0.459385633468628,0.413624107837677,0.3596031665802,0.347023993730545,0.347982078790665,0.348388075828552,0.342927873134613,0.341084659099579,0.339038848876953,0.338854372501373,0.334335297346115,0.330017268657684,0.330048114061356,0.328310668468475,0.3409104347229,0.334363788366318,0.322947561740875,0.317409962415695,0.308442294597626,0.295033991336823,0.282526552677155,0.272078275680542,0.28001657128334,0.279526561498642,0.278402268886566,0.276742994785309,0.26030758023262,0.25263175368309,0.241995975375175,0.231225728988647,0.226438835263252,0.220894873142242,0.220916286110878,0.21912470459938,0.216681018471718,0.190592676401138,0.177311927080154,0.162650004029274
"2024-09-07",0.466349363327026,0.479799270629883,0.474073112010956,0.503123700618744,0.517438769340515,0.48996177315712,0.514587819576263,0.441410779953003,0.373384356498718,0.336203575134277,0.297696620225906,0.285874217748642,0.286557376384735,0.286981850862503,0.278512239456177,0.277242720127106,0.27534607052803,0.274133026599884,0.270331591367722,0.267970472574234,0.267937391996384,0.267206728458405,0.280234575271606,0.276941895484924,0.27020138502121,0.267298638820648,0.262432545423508,0.252291887998581,0.241884261369705,0.229621767997742,0.234539523720741,0.234752297401428,0.234382927417755,0.232956498861313,0.222553312778473,0.216367721557617,0.20844541490078,0.199364066123962,0.195803716778755,0.190785810351372,0.191683441400528,0.191720545291901,0.19081512093544,0.172619089484215,0.161038979887962,0.149964600801468
"2024-09-08",0.427440911531448,0.444116115570068,0.456510692834854,0.482362002134323,0.497172236442566,0.473627984523773,0.51192045211792,0.445633053779602,0.359627902507782,0.300989151000977,0.256278961896896,0.245291724801064,0.245927065610886,0.246122732758522,0.236556351184845,0.235515087842941,0.232820242643356,0.229324728250504,0.227283284068108,0.228240460157394,0.229827016592026,0.230969145894051,0.240931689739227,0.238130211830139,0.234416425228119,0.232072934508324,0.22826574742794,0.22122149169445,0.212844774127007,0.20242877304554,0.204402446746826,0.204649165272713,0.204632803797722,0.204123795032501,0.197328373789787,0.19186182320118,0.185283854603767,0.175707414746284,0.172812283039093,0.169718503952026,0.170653402805328,0.171341836452484,0.171731039881706,0.158648774027824,0.149901956319809,0.141736820340157
"2024-09-09",1.73888802528381,1.81088101863861,1.53451132774353,1.55184268951416,1.33691453933716,1.19663572311401,1.2915894985199,1.18887984752655,1.0821840763092,1.03983879089355,0.93924868106842,0.961749374866486,0.91674929857254,0.874479651451111,0.959683179855347,0.923961162567139,0.869885444641113,0.860840201377869,0.831980466842651,0.905165314674377,0.82921028137207,0.718075931072235,0.7787264585495,0.705566644668579,0.85235208272934,0.733388245105743,0.591796457767487,0.455649167299271,0.384653896093369,0.530129313468933,0.736261487007141,0.652428507804871,0.619408667087555,0.641216993331909,0.619176089763641,0.569481492042542,0.503691971302032,0.519910752773285,0.527084708213806,0.506261706352234,0.466438829898834,0.404895603656769,0.358953535556793,0.311940461397171,0.307670712471008,0.307581305503845
"2024-09-10",1.65056276321411,1.70129799842834,1.56120657920837,1.60071384906769,1.48008799552917,1.36153054237366,1.33697104454041,1.24656844139099,1.15644955635071,1.09287166595459,1.04648303985596,1.0483615398407,1.03684723377228,1.02058887481689,1.03150904178619,1.00574135780334,0.967227935791016,0.940867185592651,0.911329388618469,0.879976570606232,0.840930700302124,0.785120189189911,0.773465752601624,0.745703399181366,0.778792023658752,0.712145626544952,0.618280231952667,0.540741741657257,0.496643304824829,0.601079702377319,0.747819721698761,0.742982983589172,0.740918099880219,0.7434201836586,0.660726368427277,0.652766108512878,0.630643546581268,0.646503329277039,0.621564328670502,0.573620438575745,0.548227310180664,0.508112668991089,0.479929566383362,0.41632091999054,0.401947855949402,0.39574933052063
"2024-09-11",1.02061975002289,1.05757677555084,1.05036699771881,1.09346961975098,1.07469964027405,0.990575671195984,0.940013647079468,0.849785685539246,0.769110679626465,0.70939826965332,0.672529458999634,0.670081913471222,0.66573828458786,0.658052027225494,0.650587439537048,0.64094752073288,0.62186849117279,0.592933833599091,0.579540014266968,0.546022832393646,0.542389869689941,0.531124472618103,0.509524405002594,0.496153891086578,0.470486968755722,0.450011491775513,0.420921564102173,0.394585371017456,0.37640318274498,0.409670680761337,0.480271816253662,0.48329484462738,0.487039268016815,0.48914447426796,0.443289816379547,0.442728906869888,0.437559396028519,0.447988450527191,0.435007870197296,0.406626880168915,0.400783985853195,0.391006678342819,0.383496820926666,0.356613993644714,0.34221413731575,0.332775771617889
"2024-09-12",0.765609443187714,0.801986992359161,0.822713375091553,0.864121556282043,0.832141160964966,0.745402932167053,0.694941103458405,0.615623950958252,0.553800761699677,0.513253509998322,0.489423871040344,0.483237385749817,0.483741581439972,0.483740150928497,0.475209653377533,0.46979147195816,0.460869759321213,0.435556888580322,0.431640326976776,0.40544256567955,0.40586856007576,0.400294661521912,0.377690672874451,0.367625385522842,0.342526584863663,0.334291130304337,0.324078172445297,0.316639482975006,0.312866568565369,0.331283986568451,0.361612170934677,0.360805183649063,0.359138309955597,0.35715839266777,0.32991436123848,0.329439163208008,0.327300280332565,0.338434845209122,0.33190843462944,0.32111793756485,0.321480840444565,0.320194929838181,0.318685501813889,0.306828200817108,0.295706182718277,0.285489857196808
"2024-09-13",0.626555383205414,0.658053278923035,0.660779237747192,0.691745936870575,0.630361139774323,0.552794456481934,0.511617064476013,0.459055423736572,0.417821019887924,0.391120791435242,0.380774617195129,0.379661649465561,0.379415959119797,0.378560274839401,0.373105823993683,0.370413064956665,0.36674177646637,0.354516327381134,0.351950705051422,0.330653697252274,0.330861926078796,0.326385170221329,0.302661955356598,0.296702206134796,0.277292370796204,0.275298178195953,0.273365616798401,0.272384464740753,0.272315472364426,0.282332539558411,0.294592797756195,0.292306065559387,0.289040744304657,0.286092698574066,0.264336675405502,0.261737883090973,0.261358678340912,0.276059657335281,0.274581044912338,0.274225831031799,0.27686008810997,0.277887105941772,0.278101086616516,0.270578444004059,0.26144203543663,0.251300483942032
"2024-09-14",0.517783403396606,0.541414618492126,0.533405542373657,0.558630704879761,0.50617516040802,0.452609032392502,0.423561900854111,0.383200287818909,0.350264012813568,0.326942294836044,0.314556896686554,0.311955958604813,0.312538981437683,0.313157349824905,0.311263680458069,0.31074458360672,0.30924928188324,0.301480203866959,0.299024552106857,0.282997995615005,0.282996207475662,0.279751092195511,0.264214187860489,0.259862303733826,0.245062306523323,0.243273571133614,0.241509050130844,0.240371853113174,0.23969829082489,0.242494091391563,0.249651536345482,0.248350396752357,0.246303364634514,0.24431049823761,0.230281800031662,0.227561175823212,0.227311283349991,0.240359142422676,0.240891814231873,0.243545159697533,0.246938198804855,0.248875364661217,0.249591410160065,0.244423076510429,0.237832203507423,0.230430573225021
"2024-09-15",0.448667377233505,0.463292151689529,0.457535028457642,0.478266716003418,0.448511958122253,0.409172415733337,0.383543282747269,0.344634979963303,0.311661303043365,0.286531031131744,0.269652932882309,0.265576899051666,0.266315221786499,0.267418503761292,0.268791228532791,0.268920391798019,0.268394291400909,0.263434201478958,0.261714786291122,0.247743993997574,0.249065175652504,0.248790830373764,0.238115832209587,0.23543481528759,0.222289860248566,0.22057931125164,0.218560636043549,0.216926917433739,0.215628445148468,0.214318618178368,0.218965500593185,0.218312233686447,0.217155665159225,0.215925455093384,0.206797569990158,0.204391837120056,0.204148650169373,0.214354142546654,0.216186851263046,0.220595985651016,0.224440440535545,0.227234482765198,0.22814878821373,0.224504008889198,0.219830632209778,0.214363515377045
"2024-09-16",1.17250490188599,1.28728699684143,1.28178489208221,1.48414325714111,1.264897108078,1.19622766971588,0.999965310096741,0.866543114185333,0.794226050376892,0.886101841926575,0.869488298892975,0.921818792819977,0.906532406806946,0.876168966293335,0.958477795124054,0.881447434425354,0.812359809875488,0.838264644145966,0.775534868240356,0.702405571937561,0.705931544303894,0.672273099422455,0.734175324440002,0.648387908935547,0.707975208759308,0.631594121456146,0.535022616386414,0.433772265911102,0.373322039842606,0.531774699687958,0.742408573627472,0.675604462623596,0.64408552646637,0.644913911819458,0.584979295730591,0.520699262619019,0.47613537311554,0.630978465080261,0.6631178855896,0.685819625854492,0.667566061019897,0.649012446403503,0.642064690589905,0.530878663063049,0.503881275653839,0.498141944408417
"2024-09-17",1.22637414932251,1.30313074588776,1.32465815544128,1.44336903095245,1.39231657981873,1.26262962818146,1.23005771636963,1.14455878734589,1.06735444068909,1.02857720851898,1.0556126832962,1.09754347801208,1.07472169399261,1.04849028587341,1.07101464271545,1.0345573425293,0.985529541969299,0.942476034164429,0.899951219558716,0.846189081668854,0.819242656230927,0.77857494354248,0.77832955121994,0.736476182937622,0.732483744621277,0.666266679763794,0.581563472747803,0.518290042877197,0.489204794168472,0.680842876434326,0.864108443260193,0.854798376560211,0.840603947639465,0.825278222560883,0.634688079357147,0.610099732875824,0.611416459083557,0.802286565303802,0.796358227729797,0.84530919790268,0.834153771400452,0.81899619102478,0.807896614074707,0.719823062419891,0.685188829898834,0.654692471027374
"2024-09-18",0.862023055553436,0.906619191169739,0.939426720142365,0.99780797958374,0.984377980232239,0.912804484367371,0.908631324768066,0.8497554063797,0.789128959178925,0.74574625492096,0.738115966320038,0.74860805273056,0.73711097240448,0.72217458486557,0.718771517276764,0.70037055015564,0.675797462463379,0.643089413642883,0.625958144664764,0.586682856082916,0.580960810184479,0.565586864948273,0.535207271575928,0.512273371219635,0.469125628471375,0.449461340904236,0.427756488323212,0.41693776845932,0.419905692338943,0.527442276477814,0.608664631843567,0.596905827522278,0.581475257873535,0.568129241466522,0.469649940729141,0.46589058637619,0.475625693798065,0.589576482772827,0.584409832954407,0.603147625923157,0.603773057460785,0.601363718509674,0.599236726760864,0.57084459066391,0.55176717042923,0.532955348491669
"2024-09-19",0.685721039772034,0.717285990715027,0.750388622283936,0.795933246612549,0.793139457702637,0.733768939971924,0.724627137184143,0.671947658061981,0.615047931671143,0.571382164955139,0.551801681518555,0.555610179901123,0.548514485359192,0.539212346076965,0.534814715385437,0.525228202342987,0.512518405914307,0.493251830339432,0.484742492437363,0.457037329673767,0.455726742744446,0.446943044662476,0.412549436092377,0.399729460477829,0.367205291986465,0.361734002828598,0.356353104114532,0.354711949825287,0.358109772205353,0.418051093816757,0.461449354887009,0.454678267240524,0.44540536403656,0.437195211648941,0.379474103450775,0.376474052667618,0.382515728473663,0.457463204860687,0.456484824419022,0.469674825668335,0.475110292434692,0.477846324443817,0.478700518608093,0.467083781957626,0.454983502626419,0.441744029521942
"2024-09-20",0.589114725589752,0.613221287727356,0.641649663448334,0.681071579456329,0.684741973876953,0.631086111068726,0.610543727874756,0.563117265701294,0.509455144405365,0.465454518795013,0.43740177154541,0.436217486858368,0.432355642318726,0.427286267280579,0.425873667001724,0.421020358800888,0.414408564567566,0.402679473161697,0.397757768630981,0.375733435153961,0.376782298088074,0.372877836227417,0.345951914787292,0.338378012180328,0.314193844795227,0.31154653429985,0.308770269155502,0.307446241378784,0.308546185493469,0.344044625759125,0.373717397451401,0.370390594005585,0.365311294794083,0.360364377498627,0.32051882147789,0.31724825501442,0.321275740861893,0.374047219753265,0.375863283872604,0.387887209653854,0.394691467285156,0.399475634098053,0.401399731636047,0.39544814825058,0.386643946170807,0.375949889421463
"2024-09-21",0.529320597648621,0.545942485332489,0.573809206485748,0.604756057262421,0.612083911895752,0.564684391021729,0.542896866798401,0.492921739816666,0.439929932355881,0.396574139595032,0.360692143440247,0.355267226696014,0.353070497512817,0.35042479634285,0.351614832878113,0.349197864532471,0.345694899559021,0.338522970676422,0.334999471902847,0.317719846963882,0.320190250873566,0.319352030754089,0.300989896059036,0.295586556196213,0.277007132768631,0.274976551532745,0.272665232419968,0.271108776330948,0.270948141813278,0.291586101055145,0.314648419618607,0.313023030757904,0.310122281312943,0.307032763957977,0.278692275285721,0.276264190673828,0.279357045888901,0.318227887153625,0.321091115474701,0.331180036067963,0.338361769914627,0.343982100486755,0.346071988344193,0.342614024877548,0.335535019636154,0.32626736164093
"2024-09-22",0.507590293884277,0.508609354496002,0.545452237129211,0.563671410083771,0.554604291915894,0.508816599845886,0.512965321540833,0.460700571537018,0.38966178894043,0.345532596111298,0.304472357034683,0.297526299953461,0.29597020149231,0.29467698931694,0.298900753259659,0.298007220029831,0.29661500453949,0.293256998062134,0.29018646478653,0.279208362102509,0.281657099723816,0.281767249107361,0.270221441984177,0.265674203634262,0.250799626111984,0.248876303434372,0.246363699436188,0.244328930974007,0.243227079510689,0.254551827907562,0.272251188755035,0.271532207727432,0.269835531711578,0.267875730991364,0.247316047549248,0.245533362030983,0.248135954141617,0.277788728475571,0.281069606542587,0.289805710315704,0.296540558338165,0.30236554145813,0.304503351449966,0.301986962556839,0.295907199382782,0.287923812866211
"2024-09-23",1.19028615951538,1.19170463085175,1.31162643432617,1.35843741893768,1.45773434638977,1.21162450313568,1.16498744487762,1.0086555480957,0.844601392745972,0.810934007167816,0.766537189483643,0.892120242118835,0.827285528182983,0.765541315078735,0.816675007343292,0.780433297157288,0.746555924415588,0.770647346973419,0.755730509757996,0.788494348526001,0.730642795562744,0.633569180965424,0.67806202173233,0.639423489570618,0.755705535411835,0.624604880809784,0.473353177309036,0.363480418920517,0.300128310918808,0.435189634561539,0.664701640605927,0.618090391159058,0.603207945823669,0.614209413528442,0.539941549301147,0.467858076095581,0.395674407482147,0.567224740982056,0.598458468914032,0.731173038482666,0.731366276741028,0.690289735794067,0.626145541667938,0.511776804924011,0.4814333319664,0.465019971132278
"2024-09-24",1.40575790405273,1.39488363265991,1.601691365242,1.63855791091919,1.55537736415863,1.30649518966675,1.22201108932495,1.11999154090881,0.93544352054596,0.905319392681122,0.941835582256317,1.0215402841568,0.990190505981445,0.948462605476379,0.969658017158508,0.939309179782867,0.901469945907593,0.946246922016144,0.914068937301636,0.897586345672607,0.851779103279114,0.755802571773529,0.70173591375351,0.664500176906586,0.76838880777359,0.692020297050476,0.569588005542755,0.456710338592529,0.371576070785522,0.448847651481628,0.692667305469513,0.731197595596313,0.760800778865814,0.775394797325134,0.579328119754791,0.526466012001038,0.472374945878983,0.61480176448822,0.624733686447144,0.772314012050629,0.787218630313873,0.782077252864838,0.763045370578766,0.645729243755341,0.590204656124115,0.533916473388672
"2024-09-25",1.00356614589691,1.01131212711334,1.10427486896515,1.14942586421967,1.06079483032227,0.919419288635254,0.886365294456482,0.816772758960724,0.716404259204865,0.680799067020416,0.680955290794373,0.709156334400177,0.695919752120972,0.677655220031738,0.688678085803986,0.675649523735046,0.656869411468506,0.661208689212799,0.625466167926788,0.583812594413757,0.567248106002808,0.525277972221375,0.493230402469635,0.475852072238922,0.515672743320465,0.483068436384201,0.428143233060837,0.374825358390808,0.33255010843277,0.370759844779968,0.476266175508499,0.503249168395996,0.53722757101059,0.559778869152069,0.431251734495163,0.399844437837601,0.374954879283905,0.445804536342621,0.457396954298019,0.537446796894073,0.55353569984436,0.569274485111237,0.577684879302979,0.528005421161652,0.489001631736755,0.442858099937439
"2024-09-26",0.790225744247437,0.786709308624268,0.87297511100769,0.894429087638855,0.835828542709351,0.740710496902466,0.730906307697296,0.686490952968597,0.598035335540771,0.556483030319214,0.527763247489929,0.53635960817337,0.529364168643951,0.51993054151535,0.528873920440674,0.519134819507599,0.503531098365784,0.487340360879898,0.466070204973221,0.426233768463135,0.423729181289673,0.408051639795303,0.387896537780762,0.376735180616379,0.392659246921539,0.373996675014496,0.343960464000702,0.31375116109848,0.29068124294281,0.318230003118515,0.384926617145538,0.401462346315384,0.41983762383461,0.430393189191818,0.348612189292908,0.328280538320541,0.313916832208633,0.356457054615021,0.365499079227448,0.41809144616127,0.43092492222786,0.446362197399139,0.455878674983978,0.439424604177475,0.412159323692322,0.378779232501984
"2024-09-27",0.612706542015076,0.626568794250488,0.68055385351181,0.716037154197693,0.676125884056091,0.61054265499115,0.636050283908844,0.588186919689178,0.51373815536499,0.469611376523972,0.427090853452682,0.426842927932739,0.422593772411346,0.417292207479477,0.424580991268158,0.416548609733582,0.402909964323044,0.384161591529846,0.370301842689514,0.344863891601562,0.341012001037598,0.329621255397797,0.327021241188049,0.315872371196747,0.320993959903717,0.307223945856094,0.288070529699326,0.27078241109848,0.25912219285965,0.284046173095703,0.333141595125198,0.340750932693481,0.345803886651993,0.346331059932709,0.292381942272186,0.280291527509689,0.270866543054581,0.290014088153839,0.299250721931458,0.339913457632065,0.355164110660553,0.370823115110397,0.379407852888107,0.373173534870148,0.354924261569977,0.330908834934235
"2024-09-28",0.487639307975769,0.515523433685303,0.549403190612793,0.585284233093262,0.577175140380859,0.530360460281372,0.545586824417114,0.495414763689041,0.441790133714676,0.398369371891022,0.355917155742645,0.35258275270462,0.350240170955658,0.347638010978699,0.353248327970505,0.346248626708984,0.333891123533249,0.312394797801971,0.3022540807724,0.289980620145798,0.28604730963707,0.277210086584091,0.278519928455353,0.26939332485199,0.269567519426346,0.260655403137207,0.249346449971199,0.240412145853043,0.23540860414505,0.262684673070908,0.299943864345551,0.300552874803543,0.299523770809174,0.297217458486557,0.250398516654968,0.24340333044529,0.241404786705971,0.263507306575775,0.27335187792778,0.299255788326263,0.31132572889328,0.322478860616684,0.329112499952316,0.325236797332764,0.312297403812408,0.296765863895416
"2024-09-29",0.472053796052933,0.498552650213242,0.519457519054413,0.545246064662933,0.536465406417847,0.488610148429871,0.48739629983902,0.441064894199371,0.389284640550613,0.34599956870079,0.305587321519852,0.299647688865662,0.298474788665771,0.297223150730133,0.302536934614182,0.298557192087173,0.291215121746063,0.272925347089767,0.266922384500504,0.252363055944443,0.251002937555313,0.245636954903603,0.242097958922386,0.235975712537766,0.233897104859352,0.228938519954681,0.222671344876289,0.217989295721054,0.215845823287964,0.238837942481041,0.263971388339996,0.262505024671555,0.259839326143265,0.256838917732239,0.223203465342522,0.220957800745964,0.224137157201767,0.253995388746262,0.259321302175522,0.271421670913696,0.279991090297699,0.287533015012741,0.291050344705582,0.285708576440811,0.276444226503372,0.265812397003174
"2024-09-30",1.78270208835602,1.82996535301208,1.96515679359436,2.03731226921082,1.97709882259369,1.68309259414673,1.80830776691437,1.53987145423889,1.28600323200226,1.22100937366486,1.03781580924988,1.13454616069794,1.0574426651001,0.953462421894073,0.95628160238266,0.834616541862488,0.720212042331696,0.801841914653778,0.74913102388382,0.787718117237091,0.683000445365906,0.542187213897705,0.635462462902069,0.570723235607147,0.768614411354065,0.635262548923492,0.509518086910248,0.404817938804626,0.350279450416565,0.591221690177917,0.87902843952179,0.790389120578766,0.757821619510651,0.761894404888153,0.63811194896698,0.583497703075409,0.531632900238037,0.668911039829254,0.690058410167694,0.764609932899475,0.749337494373322,0.720457255840302,0.730348110198975,0.650125086307526,0.62405514717102,0.620312094688416
"2024-10-01",2.15538644790649,2.1771023273468,2.19333529472351,2.29672574996948,2.09650731086731,1.8128616809845,1.90530729293823,1.75761246681213,1.54264605045319,1.43048810958862,1.30620062351227,1.31214785575867,1.2597713470459,1.18638694286346,1.06918799877167,1.01408207416534,0.942456007003784,0.903397679328918,0.852886259555817,0.823433339595795,0.75991702079773,0.670647144317627,0.687893211841583,0.668307363986969,0.774355173110962,0.700036466121674,0.597625136375427,0.510696768760681,0.46514904499054,0.704648673534393,0.998627722263336,0.999251663684845,0.997785687446594,0.991178810596466,0.714732766151428,0.67266845703125,0.646753072738647,0.832374155521393,0.833376884460449,0.903042316436768,0.911286413669586,0.911319017410278,0.913919746875763,0.849659144878387,0.809334218502045,0.770984649658203
"2024-10-02",1.36070716381073,1.39224052429199,1.34906816482544,1.40533518791199,1.32943105697632,1.2232323884964,1.29553198814392,1.19622361660004,1.07271122932434,0.988284707069397,0.900943219661713,0.88531231880188,0.862850606441498,0.829399824142456,0.7651806473732,0.737325131893158,0.697880506515503,0.641097247600555,0.612832248210907,0.578175663948059,0.562344908714294,0.536046326160431,0.537171959877014,0.517414808273315,0.527986228466034,0.494276612997055,0.450296521186829,0.418582022190094,0.411545753479004,0.550890624523163,0.703480958938599,0.704676151275635,0.700505197048187,0.69158548116684,0.511701762676239,0.485410332679749,0.477571308612823,0.593392729759216,0.603429794311523,0.651952028274536,0.666670858860016,0.679262638092041,0.686566114425659,0.658170819282532,0.629676461219788,0.596364080905914
"2024-10-03",0.941350340843201,0.983531594276428,0.980947971343994,1.02669072151184,0.995877802371979,0.912838459014893,0.94599848985672,0.84638237953186,0.763032913208008,0.70263397693634,0.650998175144196,0.646737933158875,0.627855002880096,0.602919220924377,0.569620370864868,0.547036170959473,0.518960475921631,0.485707730054855,0.469599038362503,0.453517973423004,0.44361612200737,0.425658583641052,0.420716285705566,0.399656862020493,0.400693744421005,0.386959612369537,0.376058399677277,0.37702265381813,0.390014588832855,0.496332705020905,0.562110185623169,0.547015607357025,0.528487145900726,0.512564182281494,0.398489683866501,0.395551651716232,0.40759950876236,0.507269501686096,0.511675179004669,0.54043048620224,0.54714435338974,0.551286339759827,0.553826570510864,0.534325122833252,0.513929128646851,0.493109226226807
"2024-10-04",0.755097091197968,0.796930909156799,0.8125079870224,0.85284161567688,0.791634678840637,0.703966915607452,0.697396516799927,0.622657477855682,0.561370015144348,0.52005660533905,0.495431751012802,0.495610415935516,0.484217405319214,0.469146013259888,0.447429984807968,0.434756904840469,0.418377935886383,0.395261198282242,0.383794099092484,0.36224839091301,0.355414599180222,0.342583268880844,0.332898557186127,0.325889497995377,0.34248822927475,0.343678683042526,0.348410665988922,0.355411380529404,0.362462788820267,0.422249257564545,0.447364509105682,0.430876910686493,0.41231170296669,0.398745715618134,0.341432988643646,0.348565399646759,0.362526625394821,0.45184913277626,0.444696933031082,0.452766299247742,0.455529630184174,0.456690043210983,0.45747235417366,0.442256689071655,0.424790740013123,0.407683670520782
"2024-10-05",0.643018424510956,0.669216692447662,0.670036315917969,0.699028432369232,0.636311769485474,0.563277959823608,0.539907097816467,0.488663852214813,0.444955050945282,0.416564375162125,0.404632121324539,0.406795352697372,0.402269780635834,0.395682245492935,0.383133292198181,0.374383300542831,0.361613899469376,0.334989786148071,0.3266341984272,0.302369832992554,0.302497208118439,0.298789978027344,0.295433878898621,0.294293165206909,0.312651962041855,0.313401788473129,0.314579963684082,0.31514847278595,0.3146693110466,0.34707772731781,0.365641206502914,0.356023043394089,0.344906479120255,0.336502104997635,0.297539114952087,0.300876170396805,0.309599220752716,0.37968447804451,0.374633371829987,0.381843984127045,0.386198580265045,0.388595551252365,0.389646112918854,0.375750184059143,0.360034763813019,0.343285024166107
"2024-10-06",0.578249454498291,0.583168864250183,0.557793140411377,0.578486561775208,0.542417526245117,0.489262640476227,0.460050076246262,0.417703092098236,0.382108867168427,0.358560293912888,0.350213438272476,0.354460388422012,0.35290065407753,0.35023882985115,0.344444781541824,0.338309675455093,0.328590959310532,0.302065700292587,0.295932203531265,0.273426353931427,0.276318222284317,0.276796728372574,0.275292754173279,0.273657619953156,0.284383445978165,0.283168375492096,0.281274825334549,0.279249608516693,0.277680307626724,0.296673655509949,0.315246969461441,0.310082703828812,0.303587943315506,0.298189163208008,0.265357971191406,0.264917999505997,0.269996643066406,0.323304235935211,0.323018074035645,0.333214223384857,0.338948905467987,0.342594832181931,0.343866735696793,0.329835027456284,0.315781742334366,0.300405293703079
"2024-10-07",1.15426075458527,1.16516304016113,1.23243939876556,1.31341791152954,1.26647174358368,1.1816371679306,1.28613901138306,1.09639596939087,0.887105345726013,0.8812175989151,0.972061455249786,1.15880870819092,1.10055017471313,1.0137186050415,1.13938045501709,1.0388857126236,0.922734022140503,1.01361298561096,0.911670506000519,0.989624261856079,0.894197225570679,0.760437846183777,0.905863225460052,0.825333535671234,1.11002957820892,0.98618358373642,0.84822803735733,0.71599680185318,0.639204323291779,0.748761653900146,0.914176344871521,0.861137688159943,0.849511384963989,0.863162398338318,0.872557878494263,0.840376913547516,0.796079695224762,0.854955911636353,0.844830334186554,0.782092571258545,0.744967937469482,0.70781821012497,0.704325497150421,0.658797025680542,0.64393562078476,0.644194185733795
"2024-10-08",1.24552428722382,1.17707228660583,1.38733923435211,1.35878086090088,1.36655139923096,1.27452063560486,1.45315456390381,1.39600360393524,1.15923702716827,1.0802903175354,1.16647052764893,1.32945251464844,1.28382456302643,1.2260981798172,1.2970929145813,1.24049699306488,1.1591864824295,1.15013098716736,1.07693862915039,1.06462407112122,1.00978446006775,0.944313764572144,1.02652859687805,1.01693677902222,1.21772193908691,1.15044152736664,1.04558730125427,0.949664175510406,0.883774518966675,0.970782577991486,1.15551567077637,1.17123460769653,1.18164896965027,1.18517315387726,1.04086422920227,1.01824069023132,0.99048388004303,1.08355128765106,1.03941190242767,0.952280163764954,0.940083980560303,0.921645760536194,0.907882690429688,0.860595643520355,0.840470433235168,0.821778774261475
"2024-10-09",0.882642090320587,0.856596171855927,0.992139220237732,0.979179799556732,1.00335478782654,0.982705116271973,1.12139761447906,1.12800323963165,1.01430416107178,0.937781572341919,0.890561878681183,0.920827627182007,0.909336149692535,0.89400714635849,0.922390758991241,0.901507318019867,0.867049217224121,0.832036972045898,0.805216133594513,0.759179770946503,0.755663335323334,0.750937759876251,0.786004364490509,0.778883814811707,0.824893355369568,0.806917130947113,0.777238726615906,0.747643053531647,0.725209534168243,0.761303842067719,0.864801228046417,0.87964928150177,0.886941492557526,0.886379182338715,0.763561487197876,0.741647601127625,0.728325664997101,0.783395409584045,0.773483335971832,0.742399871349335,0.745474636554718,0.744394361972809,0.740976333618164,0.704855442047119,0.687665939331055,0.671369969844818
"2024-10-10",0.753743946552277,0.735192000865936,0.828927278518677,0.825334548950195,0.841119170188904,0.82498574256897,0.943760395050049,0.9601970911026,0.899059236049652,0.828612685203552,0.729939818382263,0.711417615413666,0.704421520233154,0.69509607553482,0.703188717365265,0.694947719573975,0.68039083480835,0.662218749523163,0.649269282817841,0.608368217945099,0.612550556659698,0.615085303783417,0.626789629459381,0.623639225959778,0.635713875293732,0.629433989524841,0.61889261007309,0.607645452022552,0.597618103027344,0.608042597770691,0.662231624126434,0.670535326004028,0.677059590816498,0.67798376083374,0.611491799354553,0.596936404705048,0.586770951747894,0.603104412555695,0.601606905460358,0.589176177978516,0.597129225730896,0.60208922624588,0.602372884750366,0.585667550563812,0.57373720407486,0.5620077252388
"2024-10-11",0.695568203926086,0.694911122322083,0.760584592819214,0.773005723953247,0.770350217819214,0.756226181983948,0.859506011009216,0.82305121421814,0.752649426460266,0.695576727390289,0.616911828517914,0.593095362186432,0.585719525814056,0.576169490814209,0.571036696434021,0.566243708133698,0.55828845500946,0.543274462223053,0.533498644828796,0.510303378105164,0.519156157970428,0.526028752326965,0.531196177005768,0.526679873466492,0.527381241321564,0.52293872833252,0.516490042209625,0.510647416114807,0.506286442279816,0.516814827919006,0.550313413143158,0.55065381526947,0.549718201160431,0.547766029834747,0.501629590988159,0.494850635528564,0.492589950561523,0.504849493503571,0.50234854221344,0.490841627120972,0.500831365585327,0.507818222045898,0.509599447250366,0.500584065914154,0.491819560527802,0.483994126319885
"2024-10-12",0.658907651901245,0.669579207897186,0.711017191410065,0.735499083995819,0.73943305015564,0.715724766254425,0.799792170524597,0.748670876026154,0.669952511787415,0.606418609619141,0.528970837593079,0.506751000881195,0.500409185886383,0.492087244987488,0.482304185628891,0.478771358728409,0.473122596740723,0.457866102457047,0.455406934022903,0.44188004732132,0.451328307390213,0.457807451486588,0.458331167697906,0.453085213899612,0.447840511798859,0.445538699626923,0.44258040189743,0.440116733312607,0.438181459903717,0.444569677114487,0.464332938194275,0.462014406919479,0.458331227302551,0.45482873916626,0.423287928104401,0.420662522315979,0.421271294355392,0.432487785816193,0.430074274539948,0.419783145189285,0.429833322763443,0.438081562519073,0.440854370594025,0.434657543897629,0.428345173597336,0.422453612089157
"2024-10-13",0.625737488269806,0.631476104259491,0.679511845111847,0.704878449440002,0.709078550338745,0.685749530792236,0.796608924865723,0.753530263900757,0.647679030895233,0.564315974712372,0.470540672540665,0.446164935827255,0.43962898850441,0.4313163459301,0.421159863471985,0.419543385505676,0.417318522930145,0.410703271627426,0.407928466796875,0.397492557764053,0.403428971767426,0.4068583548069,0.407505750656128,0.401844024658203,0.395102888345718,0.393075168132782,0.390744537115097,0.388469755649567,0.386664927005768,0.389715373516083,0.401267856359482,0.398588567972183,0.39483243227005,0.391641676425934,0.37017410993576,0.368714332580566,0.370111048221588,0.380698621273041,0.37930628657341,0.371907711029053,0.378872722387314,0.385236352682114,0.388434737920761,0.382947862148285,0.378163158893585,0.374012619256973
"2024-10-14",1.7100123167038,1.77276849746704,1.81314837932587,1.88783836364746,1.80689513683319,1.63559973239899,1.55730891227722,1.55091726779938,1.43549072742462,1.26675891876221,1.13873660564423,1.20405292510986,1.13046538829803,1.03644788265228,1.02403271198273,0.987878084182739,0.992746412754059,1.05173373222351,1.00584757328033,0.98312109708786,0.936916530132294,0.878584742546082,0.831402897834778,0.827229678630829,1.0175633430481,0.970981299877167,0.905419051647186,0.803315162658691,0.757104516029358,0.844923675060272,0.989388585090637,0.957613170146942,0.951730132102966,0.961243391036987,1.04208254814148,0.974900245666504,0.923237562179565,0.910728335380554,0.945426940917969,0.890090763568878,0.949276804924011,1.019864320755,1.05750513076782,0.938244342803955,0.926364064216614,0.936320662498474
"2024-10-15",2.04373502731323,2.06166434288025,2.1697301864624,2.26257276535034,2.10619950294495,1.88599586486816,2.04235029220581,2.02810192108154,1.78695702552795,1.54735672473907,1.40419900417328,1.41747462749481,1.37318599224091,1.3158665895462,1.23582434654236,1.22759890556335,1.23293995857239,1.25794458389282,1.22137665748596,1.16887855529785,1.14836812019348,1.10445690155029,1.02237010002136,1.0334460735321,1.18355441093445,1.16086006164551,1.12169301509857,1.08464324474335,1.06990110874176,1.12860703468323,1.23004126548767,1.24816250801086,1.2710577249527,1.28677093982697,1.24208378791809,1.21170234680176,1.17899560928345,1.21452307701111,1.203817486763,1.14965891838074,1.19615972042084,1.24308657646179,1.26981222629547,1.2183176279068,1.19785022735596,1.17427349090576
"2024-10-16",1.48306429386139,1.47204029560089,1.56510698795319,1.61310589313507,1.54344666004181,1.47100877761841,1.73691868782043,1.66096937656403,1.40846014022827,1.24109697341919,1.0701208114624,1.03816473484039,1.01919651031494,0.992575526237488,0.94136369228363,0.930912375450134,0.910184383392334,0.890701770782471,0.867009997367859,0.843897342681885,0.835161030292511,0.814281940460205,0.815134882926941,0.808672904968262,0.855331301689148,0.843536376953125,0.825773119926453,0.80919873714447,0.795486450195312,0.842722535133362,0.911288440227509,0.914152383804321,0.920235633850098,0.923619627952576,0.825853228569031,0.811789155006409,0.805515348911285,0.875492870807648,0.8658846616745,0.858673989772797,0.880909502506256,0.899609208106995,0.908189594745636,0.903709590435028,0.885627031326294,0.865770101547241
"2024-10-17",1.20256280899048,1.19174313545227,1.28655111789703,1.32275187969208,1.30887961387634,1.26338481903076,1.46358895301819,1.30991518497467,1.09271240234375,0.976542592048645,0.834626734256744,0.807190537452698,0.78880763053894,0.765736103057861,0.728301465511322,0.717943489551544,0.698044657707214,0.679191052913666,0.662616848945618,0.649354159832001,0.64974856376648,0.641700088977814,0.662138819694519,0.651332497596741,0.665237784385681,0.65506899356842,0.641563832759857,0.630781531333923,0.622330129146576,0.657833993434906,0.700973808765411,0.693325817584991,0.684683918952942,0.678318560123444,0.596091151237488,0.594494342803955,0.608201503753662,0.683371365070343,0.679332733154297,0.676309883594513,0.691819190979004,0.703790366649628,0.708522319793701,0.698324859142303,0.683390140533447,0.668395400047302
"2024-10-18",1.05747365951538,1.04998576641083,1.17409205436707,1.20421409606934,1.18878769874573,1.10029053688049,1.19290661811829,1.03864908218384,0.852829933166504,0.744483470916748,0.638016819953918,0.624052107334137,0.612516462802887,0.599003791809082,0.578347444534302,0.574051797389984,0.564296782016754,0.548443913459778,0.5371994972229,0.527062475681305,0.530544281005859,0.526865124702454,0.542635023593903,0.531524777412415,0.536719977855682,0.529125988483429,0.52007257938385,0.512355983257294,0.506113350391388,0.526009798049927,0.549659788608551,0.54159688949585,0.531857788562775,0.524681150913239,0.478389948606491,0.479369014501572,0.490085184574127,0.555422365665436,0.55338841676712,0.552766263484955,0.564285635948181,0.572445034980774,0.575103759765625,0.561800062656403,0.549399435520172,0.538213968276978
"2024-10-19",0.994796872138977,0.988861441612244,1.07518815994263,1.11229407787323,1.04328560829163,0.903184533119202,0.904577076435089,0.76749175786972,0.639872610569,0.56139475107193,0.501289129257202,0.501058995723724,0.497066974639893,0.492867678403854,0.490974336862564,0.485117197036743,0.476951003074646,0.466586977243423,0.458187520503998,0.451657831668854,0.453277766704559,0.448824197053909,0.459468007087708,0.449118703603745,0.452237725257874,0.446334004402161,0.439921408891678,0.434520184993744,0.430691719055176,0.442161828279495,0.455309092998505,0.449302941560745,0.442550420761108,0.437871664762497,0.412815183401108,0.416115611791611,0.423662751913071,0.474912226200104,0.471720397472382,0.471326351165771,0.47908490896225,0.483637779951096,0.484731286764145,0.46882563829422,0.458172351121902,0.449744939804077
"2024-10-20",0.971273005008698,0.957190990447998,0.958687901496887,0.991232872009277,0.873254656791687,0.730109393596649,0.678944766521454,0.581558406352997,0.494697868824005,0.442808151245117,0.419260054826736,0.42378556728363,0.423165321350098,0.422934114933014,0.428114324808121,0.423817485570908,0.417098939418793,0.40765181183815,0.400444626808167,0.393191784620285,0.395279765129089,0.392257928848267,0.398485749959946,0.390610128641129,0.39233523607254,0.388194739818573,0.383557677268982,0.379456669092178,0.376209616661072,0.380618631839752,0.390855252742767,0.387306302785873,0.383236676454544,0.380429565906525,0.366204649209976,0.369121879339218,0.374674141407013,0.413299709558487,0.40966871380806,0.40698653459549,0.413807958364487,0.417896807193756,0.4183269739151,0.402252346277237,0.39271143078804,0.385498702526093
"2024-10-21",0.963392376899719,0.910029411315918,0.90413773059845,0.922140717506409,0.905649423599243,0.961318135261536,1.27725434303284,1.28661143779755,1.17080044746399,1.08430600166321,1.01559245586395,1.09975612163544,1.04415380954742,0.986630082130432,1.05679702758789,1.01055872440338,0.97886061668396,1.06677544116974,1.02456915378571,0.993853807449341,0.948829114437103,0.868644893169403,0.876293957233429,0.824959874153137,0.971333265304565,0.870497345924377,0.783732950687408,0.694838047027588,0.694050908088684,0.827404379844666,0.967055559158325,0.915469825267792,0.895893335342407,0.897788643836975,0.866009891033173,0.818484365940094,0.766643762588501,0.889482915401459,0.910058796405792,0.899568796157837,0.878646552562714,0.835626423358917,0.834516704082489,0.756720662117004,0.731946587562561,0.727831661701202
"2024-10-22",0.910643696784973,0.848658084869385,0.978642582893372,0.948243796825409,1.0484733581543,1.17747366428375,1.61543250083923,1.63463878631592,1.47208940982819,1.37052154541016,1.28354454040527,1.29613327980042,1.27100801467896,1.2393307685852,1.24255919456482,1.22602450847626,1.21106278896332,1.26888811588287,1.22155213356018,1.17716145515442,1.1338586807251,1.05514073371887,1.00877261161804,0.976661086082458,1.05068743228912,1.00157928466797,0.936844646930695,0.88611102104187,0.893813967704773,1.0404839515686,1.18976473808289,1.18908226490021,1.18982946872711,1.18751895427704,0.97890955209732,0.934624195098877,0.908367574214935,1.0841794013977,1.06517803668976,1.05189669132233,1.05659234523773,1.04759228229523,1.04128205776215,0.961526572704315,0.920176148414612,0.881191790103912
"2024-10-23",0.933923482894897,0.871549487113953,0.980846881866455,0.950387299060822,0.990624666213989,1.04488229751587,1.31173050403595,1.27376961708069,1.14301085472107,1.05563485622406,0.965881705284119,0.952821791172028,0.944646000862122,0.934294819831848,0.934641301631927,0.927869915962219,0.912955582141876,0.895992279052734,0.859764218330383,0.842059314250946,0.823386549949646,0.785775423049927,0.762187719345093,0.741708755493164,0.758334040641785,0.74071615934372,0.719840407371521,0.713202953338623,0.725422084331512,0.803078353404999,0.886152803897858,0.878849446773529,0.870432913303375,0.862195432186127,0.710517168045044,0.694691181182861,0.70624840259552,0.81326025724411,0.80171537399292,0.789596855640411,0.802762389183044,0.80864143371582,0.809158146381378,0.760027766227722,0.728781700134277,0.698151171207428
"2024-10-24",0.920413792133331,0.873359382152557,0.969936549663544,0.951910853385925,0.95503032207489,0.958834171295166,1.1041065454483,0.995537281036377,0.87912130355835,0.806013941764832,0.742985308170319,0.740580201148987,0.735475182533264,0.729918658733368,0.73278272151947,0.722471058368683,0.706011533737183,0.687622785568237,0.662650227546692,0.636571049690247,0.629555225372314,0.612477779388428,0.608217239379883,0.594883978366852,0.60306066274643,0.596252501010895,0.589831411838531,0.588733851909637,0.59493613243103,0.648071885108948,0.690270841121674,0.676765143871307,0.661155581474304,0.648741066455841,0.553957998752594,0.555527746677399,0.566764891147614,0.649783194065094,0.639560997486115,0.635658383369446,0.646012127399445,0.65088427066803,0.651554644107819,0.616192400455475,0.593827962875366,0.571772754192352
"2024-10-25",0.90103405714035,0.853238463401794,0.948858916759491,0.937353610992432,0.905994176864624,0.852653861045837,0.892893135547638,0.792717933654785,0.686240911483765,0.627694070339203,0.591519832611084,0.594600439071655,0.592629671096802,0.590668380260468,0.593770205974579,0.587165176868439,0.574309825897217,0.553609669208527,0.536749541759491,0.514713764190674,0.515316188335419,0.508049190044403,0.506995439529419,0.498531639575958,0.505382716655731,0.502776801586151,0.500616133213043,0.500815808773041,0.502027273178101,0.529269278049469,0.552028119564056,0.540669023990631,0.527206659317017,0.516929149627686,0.45517486333847,0.45659476518631,0.466697126626968,0.53716778755188,0.532699465751648,0.529120147228241,0.537940144538879,0.542419135570526,0.543217539787292,0.5147824883461,0.497715622186661,0.480604201555252
"2024-10-26",0.857496559619904,0.812850594520569,0.894232988357544,0.888055086135864,0.821739315986633,0.743369996547699,0.743460178375244,0.66561222076416,0.562446713447571,0.510979890823364,0.487831622362137,0.491187870502472,0.49166750907898,0.493168950080872,0.501909196376801,0.499133676290512,0.490694463253021,0.46881103515625,0.458485573530197,0.442338347434998,0.443654209375381,0.43974569439888,0.439384818077087,0.432628124952316,0.436081200838089,0.43403697013855,0.431305170059204,0.430197149515152,0.428559243679047,0.442729622125626,0.458175599575043,0.45085009932518,0.441687047481537,0.434417247772217,0.390042752027512,0.389474213123322,0.397896379232407,0.45404788851738,0.453500419855118,0.452275425195694,0.460121005773544,0.46520322561264,0.466901868581772,0.442264974117279,0.428061485290527,0.413683354854584
"2024-10-27",0.809662878513336,0.767233490943909,0.833854079246521,0.828452348709106,0.746922731399536,0.666732311248779,0.658854126930237,0.596049606800079,0.491591721773148,0.438082993030548,0.414717704057693,0.416500866413116,0.418162941932678,0.421988368034363,0.434796869754791,0.434199631214142,0.430179238319397,0.409654945135117,0.404197037220001,0.39618769288063,0.396186679601669,0.393109709024429,0.393271952867508,0.386641174554825,0.385821342468262,0.382990270853043,0.37946280837059,0.376839190721512,0.374846428632736,0.383303195238113,0.39537587761879,0.390163570642471,0.38320916891098,0.377546221017838,0.345727741718292,0.346800267696381,0.355780243873596,0.40247306227684,0.401916563510895,0.397320032119751,0.404860645532608,0.409741640090942,0.410906106233597,0.38867512345314,0.375643640756607,0.363622397184372
"2024-10-28",0.92917263507843,0.861368656158447,1.43748819828033,1.52660953998566,1.73174357414246,1.39929556846619,1.35448288917542,1.54445672035217,1.52024841308594,1.49219393730164,1.45193731784821,1.41591393947601,1.42527914047241,1.44126689434052,1.43289363384247,1.36411142349243,1.26128172874451,1.22778654098511,1.22622537612915,1.2824479341507,1.23364591598511,1.11522662639618,0.979035139083862,0.907860577106476,1.12476801872253,1.05460226535797,0.976274967193604,0.858546078205109,0.805653095245361,0.947568953037262,1.16191840171814,1.04000473022461,0.956323385238647,0.933621406555176,1.01967418193817,0.961696922779083,0.943633556365967,1.09254050254822,1.1535130739212,1.16275477409363,1.20485401153564,1.23875999450684,1.24538779258728,1.12131857872009,1.08492136001587,1.07256257534027
"2024-10-29",1.2190682888031,1.17134857177734,1.86021327972412,1.93289148807526,1.99365258216858,1.84338593482971,2.03710007667542,2.1103298664093,2.03503942489624,1.98460006713867,1.90607798099518,1.88474750518799,1.856973528862,1.80981755256653,1.75157511234283,1.70589935779572,1.64467918872833,1.59191358089447,1.57154476642609,1.52274811267853,1.49065864086151,1.38250410556793,1.11627507209778,1.1046804189682,1.27836000919342,1.25145483016968,1.2060033082962,1.15659272670746,1.12751746177673,1.20802426338196,1.35871005058289,1.34718501567841,1.33418166637421,1.32438719272614,1.20846676826477,1.21821916103363,1.24579238891602,1.52794981002808,1.49347567558289,1.42379367351532,1.47849488258362,1.51318335533142,1.52344143390656,1.46122884750366,1.39773952960968,1.32234787940979
"2024-10-30",1.1927924156189,1.21104192733765,1.47430598735809,1.54019045829773,1.51066613197327,1.44195067882538,1.73793911933899,1.71716141700745,1.56045007705688,1.45226430892944,1.3194659948349,1.30386209487915,1.27755808830261,1.23633921146393,1.18870377540588,1.17133474349976,1.14593017101288,1.10757267475128,1.08170914649963,1.0267162322998,1.00534737110138,0.95648056268692,0.862095475196838,0.850981414318085,0.891262292861938,0.880662083625793,0.865162253379822,0.843219995498657,0.820910573005676,0.864863693714142,0.966878473758698,0.962233662605286,0.959700345993042,0.957249879837036,0.829121232032776,0.838578343391418,0.862264692783356,1.05467510223389,1.02809131145477,0.986551642417908,1.01860666275024,1.0486866235733,1.0690108537674,1.05803644657135,1.01088440418243,0.954264521598816
"2024-10-31",1.06411349773407,1.10151851177216,1.2070779800415,1.27217543125153,1.23169231414795,1.18730556964874,1.46313858032227,1.4235475063324,1.24934494495392,1.12481296062469,0.98176246881485,0.96296763420105,0.943464159965515,0.911560297012329,0.878094375133514,0.863286018371582,0.843413233757019,0.799492657184601,0.784627556800842,0.753706574440002,0.743111968040466,0.72042977809906,0.687232375144958,0.677380621433258,0.680535674095154,0.671118676662445,0.657786905765533,0.641136527061462,0.627196431159973,0.650450468063354,0.721163630485535,0.71611899137497,0.711294949054718,0.7072713971138,0.6220862865448,0.629368603229523,0.648864388465881,0.77286034822464,0.761351227760315,0.746589124202728,0.772674202919006,0.799153506755829,0.817541539669037,0.808861672878265,0.775301277637482,0.735534906387329
"2024-11-01",0.956917881965637,0.983649790287018,1.05032527446747,1.10187995433807,1.07154619693756,1.04557871818542,1.31177401542664,1.29011154174805,1.0956666469574,0.948615193367004,0.784351944923401,0.755593419075012,0.739686906337738,0.714216351509094,0.683894634246826,0.671794056892395,0.657099723815918,0.614676296710968,0.608425796031952,0.594913125038147,0.591159164905548,0.581015646457672,0.568584024906158,0.559514403343201,0.549108326435089,0.541356205940247,0.530654191970825,0.520518660545349,0.514629185199738,0.525854229927063,0.56684422492981,0.563287138938904,0.558240056037903,0.553705036640167,0.504432618618011,0.509950816631317,0.52522337436676,0.607069075107574,0.605264782905579,0.599839150905609,0.621709525585175,0.643994033336639,0.656379044055939,0.648078799247742,0.623550415039062,0.594851195812225
"2024-11-02",0.871843338012695,0.890762805938721,0.948646783828735,0.997944831848145,0.983687579631805,0.975142300128937,1.26439797878265,1.23286747932434,1.0200070142746,0.861667037010193,0.670430183410645,0.619962811470032,0.608652532100677,0.591172695159912,0.554349184036255,0.546075880527496,0.534588396549225,0.509892463684082,0.505473077297211,0.492234528064728,0.495937883853912,0.494956225156784,0.485716462135315,0.477913856506348,0.461177706718445,0.455814152956009,0.448976516723633,0.443806409835815,0.44005012512207,0.440374732017517,0.463702976703644,0.460742503404617,0.456433534622192,0.452505439519882,0.421651273965836,0.423739403486252,0.433268249034882,0.494066715240479,0.496644973754883,0.499975055456161,0.51911473274231,0.536927878856659,0.544226050376892,0.536799728870392,0.518551647663116,0.497539758682251
"2024-11-03",0.822163105010986,0.844739615917206,0.912013292312622,0.961233377456665,0.978368520736694,0.980922222137451,1.25601518154144,1.14982390403748,0.913432538509369,0.746935486793518,0.567038416862488,0.523719191551208,0.512222290039062,0.496295839548111,0.460090279579163,0.4534672498703,0.445913285017014,0.432767122983932,0.433351695537567,0.421247482299805,0.429453700780869,0.432598054409027,0.420420497655869,0.413334727287292,0.397128015756607,0.394407629966736,0.390852123498917,0.388112127780914,0.385166049003601,0.378389686346054,0.391288846731186,0.388387799263,0.384292930364609,0.38096159696579,0.367756128311157,0.371836274862289,0.380274057388306,0.426278501749039,0.428988188505173,0.43450716137886,0.448736995458603,0.460267156362534,0.46468648314476,0.456171572208405,0.441821277141571,0.426550209522247
"2024-11-04",1.70778059959412,1.78309881687164,1.83533406257629,1.98028612136841,2.07484745979309,1.82482171058655,2.09225940704346,1.98812341690063,1.67454171180725,1.53050076961517,1.30780386924744,1.39541614055634,1.33317363262177,1.23974251747131,1.21856868267059,1.15115773677826,1.07552325725555,1.11214995384216,1.06504428386688,1.02898812294006,0.962530612945557,0.888355076313019,0.951524317264557,0.910219252109528,1.11792862415314,1.02518165111542,0.920038461685181,0.802411198616028,0.740535259246826,0.838626325130463,1.00305247306824,0.94354909658432,0.924785196781158,0.928434312343597,0.945721447467804,0.888457596302032,0.852486252784729,0.993502020835876,0.994953989982605,0.961628973484039,0.960375010967255,0.949946939945221,0.963942468166351,0.933281302452087,0.90909469127655,0.899361789226532
"2024-11-05",2.00638651847839,2.0408878326416,2.18440246582031,2.2930896282196,2.23438835144043,2.0837779045105,2.42496109008789,2.31973457336426,1.93411064147949,1.76421713829041,1.62779855728149,1.66906130313873,1.61042523384094,1.52822196483612,1.44865465164185,1.40199244022369,1.34527337551117,1.31399285793304,1.25946044921875,1.1336110830307,1.10718333721161,1.07111656665802,1.08905923366547,1.08566284179688,1.22862601280212,1.1675865650177,1.08165407180786,1.01047039031982,0.981504499912262,1.07839512825012,1.23385417461395,1.23922443389893,1.24362862110138,1.24281907081604,1.10621452331543,1.06388092041016,1.03065049648285,1.19140148162842,1.16661942005157,1.14599084854126,1.17250990867615,1.19346928596497,1.20262026786804,1.17954683303833,1.14110136032104,1.09561109542847
"2024-11-06",1.55817687511444,1.56562280654907,1.70165729522705,1.75980877876282,1.7405743598938,1.69128179550171,1.97238349914551,1.86544501781464,1.50657629966736,1.32672083377838,1.16733336448669,1.1559956073761,1.12658357620239,1.08574020862579,1.02946889400482,1.00829076766968,0.976843357086182,0.926514267921448,0.89697915315628,0.818602383136749,0.823648810386658,0.823638081550598,0.829552948474884,0.819654762744904,0.833113968372345,0.8182133436203,0.800644874572754,0.790712237358093,0.799037158489227,0.844932854175568,0.919739067554474,0.917427778244019,0.91291606426239,0.906867146492004,0.814081013202667,0.794546067714691,0.784975409507751,0.867640256881714,0.863558173179626,0.859455049037933,0.886125326156616,0.908200442790985,0.916788339614868,0.896599769592285,0.865860342979431,0.831095039844513
"2024-11-07",1.30828785896301,1.32177066802979,1.4488410949707,1.50732207298279,1.50373923778534,1.45082235336304,1.67715120315552,1.5589644908905,1.22839033603668,1.0525711774826,0.887664198875427,0.857745409011841,0.842134416103363,0.820814907550812,0.786794304847717,0.775646686553955,0.756166636943817,0.716832280158997,0.69976019859314,0.649378418922424,0.657868504524231,0.662663042545319,0.662775158882141,0.655450284481049,0.651658654212952,0.649249970912933,0.647034347057343,0.647806584835052,0.655617117881775,0.674645066261292,0.71485161781311,0.711504817008972,0.705759763717651,0.699732065200806,0.64710521697998,0.637224853038788,0.634888768196106,0.68425714969635,0.683958649635315,0.67716908454895,0.699958145618439,0.718900918960571,0.725378930568695,0.708588480949402,0.687161087989807,0.663637161254883
"2024-11-08",1.16232264041901,1.16985249519348,1.27965319156647,1.33321309089661,1.3285870552063,1.28104472160339,1.4749927520752,1.37926995754242,1.05543327331543,0.890219211578369,0.72067666053772,0.675706446170807,0.666682839393616,0.654625535011292,0.63282972574234,0.626800179481506,0.614071488380432,0.583186566829681,0.572180688381195,0.539681017398834,0.547931730747223,0.555207073688507,0.552946031093597,0.547984421253204,0.543489217758179,0.543453693389893,0.543693006038666,0.545258224010468,0.549302935600281,0.554960191249847,0.579000174999237,0.576365888118744,0.57169371843338,0.567084610462189,0.536477744579315,0.531515836715698,0.53263133764267,0.562930226325989,0.56272953748703,0.552269518375397,0.571543455123901,0.587758600711823,0.593070328235626,0.581216812133789,0.566496908664703,0.55072808265686
"2024-11-09",1.05394458770752,1.06076598167419,1.14017736911774,1.19146490097046,1.18057560920715,1.13669514656067,1.33380222320557,1.24415421485901,0.948821067810059,0.791406333446503,0.614986181259155,0.560360968112946,0.553154528141022,0.543671131134033,0.525502443313599,0.522260844707489,0.515123784542084,0.492875814437866,0.490754097700119,0.472865283489227,0.481081277132034,0.48736971616745,0.483437359333038,0.478013217449188,0.472172111272812,0.471629679203033,0.471310913562775,0.471902579069138,0.473511755466461,0.474353134632111,0.488161355257034,0.485625773668289,0.48164427280426,0.478036195039749,0.458527475595474,0.455920785665512,0.457343876361847,0.481465607881546,0.480811536312103,0.470191121101379,0.485910654067993,0.498515129089355,0.502510905265808,0.491771131753922,0.480800539255142,0.469901204109192
"2024-11-10",0.96905529499054,0.976604998111725,1.02491521835327,1.08782935142517,1.08039569854736,1.03200745582581,1.22981667518616,1.1151168346405,0.880104541778564,0.715125679969788,0.533580780029297,0.478040039539337,0.47158870100975,0.463232129812241,0.446827948093414,0.446781754493713,0.445932269096375,0.440631240606308,0.441466331481934,0.424108922481537,0.43278580904007,0.436775147914886,0.429872006177902,0.424117118120193,0.419227004051208,0.418319344520569,0.417470216751099,0.417140513658524,0.416819095611572,0.413444459438324,0.42326357960701,0.420967012643814,0.417493283748627,0.414490401744843,0.400948792695999,0.400015980005264,0.4015693962574,0.422239661216736,0.4205282330513,0.410768359899521,0.424457460641861,0.433993428945541,0.436728417873383,0.426435649394989,0.417657554149628,0.409364730119705
"2024-11-11",1.3183057308197,1.37560939788818,1.44705784320831,1.54846131801605,1.48600792884827,1.34666299819946,1.61431837081909,1.48905491828918,1.29549944400787,1.20625305175781,1.04762208461761,1.12577283382416,1.05376362800598,0.968687057495117,0.975911855697632,0.901713252067566,0.845092236995697,0.907212615013123,0.853088319301605,0.888715386390686,0.820913136005402,0.751978278160095,0.846172869205475,0.795435011386871,0.934119343757629,0.874833047389984,0.815968155860901,0.73937714099884,0.689303457736969,0.766901314258575,0.897881329059601,0.863424360752106,0.860993027687073,0.873307645320892,0.856473445892334,0.780824959278107,0.731539487838745,0.828256189823151,0.802385926246643,0.768712043762207,0.754041075706482,0.733206331729889,0.725857973098755,0.661924540996552,0.647864699363708,0.64519065618515
"2024-11-12",1.50943064689636,1.55808615684509,1.62588655948639,1.71001136302948,1.61001968383789,1.49802899360657,1.69157528877258,1.57711267471313,1.44305205345154,1.34090805053711,1.27581977844238,1.30492615699768,1.24791622161865,1.17918741703033,1.11288976669312,1.08025741577148,1.04470658302307,1.01349401473999,0.98068630695343,0.92846542596817,0.930595219135284,0.934597969055176,0.99293452501297,0.986963391304016,1.04305076599121,1.00331377983093,0.955624043941498,0.929667353630066,0.932098746299744,1.06106698513031,1.16601765155792,1.16163563728333,1.15052103996277,1.13464975357056,0.940161466598511,0.889605164527893,0.859713971614838,0.973206400871277,0.932806730270386,0.89260196685791,0.896273016929626,0.888763785362244,0.880509257316589,0.822783708572388,0.799524962902069,0.778258740901947
"2024-11-13",1.33737015724182,1.37890434265137,1.40472555160522,1.47213649749756,1.4232759475708,1.32449984550476,1.3897225856781,1.28057527542114,1.1542809009552,1.04947209358215,0.961706340312958,0.952924132347107,0.930662989616394,0.90246307849884,0.856196522712708,0.841962397098541,0.82463675737381,0.780786752700806,0.773425936698914,0.737980484962463,0.75942063331604,0.776843965053558,0.79713237285614,0.786014139652252,0.791863858699799,0.7878178358078,0.786074459552765,0.789588332176208,0.796214938163757,0.857767045497894,0.913747429847717,0.893091797828674,0.865317404270172,0.841112077236176,0.700305581092834,0.678389430046082,0.670578062534332,0.732841074466705,0.715444803237915,0.691047668457031,0.70566189289093,0.710862815380096,0.710968136787415,0.682351350784302,0.662963509559631,0.643484830856323
"2024-11-14",1.18112742900848,1.22683906555176,1.2230669260025,1.28579425811768,1.24330234527588,1.13712620735168,1.12975490093231,1.04814100265503,0.931081056594849,0.833908557891846,0.756380081176758,0.744072437286377,0.734105944633484,0.721236884593964,0.695448040962219,0.687688767910004,0.678253412246704,0.648651421070099,0.647118449211121,0.624270141124725,0.640749216079712,0.650489985942841,0.656967997550964,0.650746703147888,0.663323760032654,0.663177788257599,0.663182020187378,0.66227662563324,0.659047305583954,0.683153569698334,0.717637181282043,0.701009452342987,0.679377377033234,0.661363482475281,0.569763779640198,0.557773113250732,0.555234313011169,0.595209538936615,0.586335837841034,0.568998157978058,0.584490537643433,0.591963231563568,0.594078063964844,0.575968742370605,0.561329007148743,0.54702365398407
"2024-11-15",1.06650948524475,1.10792803764343,1.11211395263672,1.15974724292755,1.1143171787262,1.01860511302948,0.993759095668793,0.919410228729248,0.79753303527832,0.705782890319824,0.626907885074615,0.609595894813538,0.605244338512421,0.599284768104553,0.586427450180054,0.582903504371643,0.578558087348938,0.560844123363495,0.558890044689178,0.535706222057343,0.548531115055084,0.556657552719116,0.561720848083496,0.557010054588318,0.568315267562866,0.566701710224152,0.563653349876404,0.55908739566803,0.552507698535919,0.556980848312378,0.582371592521667,0.5726198554039,0.559443831443787,0.54808384180069,0.486272573471069,0.476782083511353,0.474254250526428,0.500938892364502,0.496608555316925,0.480770826339722,0.496157348155975,0.505476593971252,0.508408188819885,0.496035695075989,0.485090792179108,0.473840355873108
"2024-11-16",0.983604431152344,1.01598739624023,1.03921627998352,1.07852959632874,1.02878379821777,0.942377209663391,0.940920472145081,0.880901336669922,0.743661642074585,0.648920655250549,0.551085114479065,0.521249890327454,0.518148124217987,0.513845980167389,0.506662964820862,0.505385398864746,0.503804802894592,0.496835052967072,0.494157940149307,0.470273196697235,0.480639219284058,0.488220989704132,0.492926836013794,0.488364070653915,0.495392471551895,0.492967844009399,0.488875150680542,0.483702450990677,0.476987153291702,0.474379420280457,0.493680864572525,0.487824559211731,0.479646950960159,0.472324281930923,0.425774395465851,0.417442321777344,0.414713740348816,0.434983491897583,0.432374089956284,0.417462289333344,0.431893199682236,0.44267338514328,0.445970773696899,0.436845511198044,0.428296804428101,0.419340461492538
"2024-11-17",0.921819686889648,0.93366128206253,0.973608493804932,1.00477313995361,0.961662590503693,0.894339263439178,0.932599782943726,0.890670299530029,0.741974711418152,0.624479174613953,0.501778542995453,0.460776686668396,0.456699371337891,0.451294273138046,0.442488431930542,0.442118346691132,0.442131131887436,0.445271849632263,0.443177491426468,0.42516878247261,0.432458758354187,0.438528954982758,0.444757878780365,0.439929932355881,0.441694378852844,0.438454538583755,0.433546394109726,0.428333878517151,0.42251044511795,0.418245136737823,0.432299464941025,0.427899152040482,0.421535611152649,0.415783524513245,0.378665447235107,0.371315181255341,0.368758350610733,0.387552529573441,0.385801404714584,0.37347674369812,0.384623497724533,0.395022302865982,0.399547547101974,0.391500920057297,0.384223610162735,0.376696825027466
"2024-11-18",1.26931726932526,1.27045714855194,1.34394407272339,1.40217578411102,1.40855765342712,1.26778924465179,1.34771621227264,1.36879670619965,1.23431944847107,1.06446933746338,0.936251759529114,0.98514860868454,0.932992696762085,0.874459862709045,0.906907975673676,0.870081901550293,0.832672715187073,0.852362513542175,0.827325820922852,0.819926083087921,0.813187658786774,0.793427288532257,0.787318110466003,0.767211377620697,0.872929394245148,0.846606969833374,0.80596911907196,0.746691703796387,0.716120600700378,0.735903561115265,0.810585498809814,0.778568804264069,0.775867760181427,0.789429068565369,0.805226445198059,0.779537856578827,0.762388944625854,0.784046053886414,0.77839320898056,0.689117789268494,0.707363963127136,0.725186944007874,0.730457484722137,0.680297136306763,0.670597493648529,0.671377182006836
"2024-11-19",1.44766056537628,1.43535399436951,1.56832504272461,1.59324598312378,1.50871014595032,1.41360664367676,1.57223904132843,1.63704466819763,1.46461987495422,1.28522384166718,1.15825569629669,1.15808367729187,1.12896680831909,1.09724295139313,1.08943033218384,1.07278859615326,1.0533801317215,1.03277635574341,1.02410352230072,0.987913370132446,0.997543156147003,0.989894866943359,0.903921723365784,0.905555903911591,1.03312313556671,1.03348052501678,1.0134185552597,0.985593438148499,0.953046023845673,0.93011349439621,1.01150631904602,1.01925039291382,1.03143620491028,1.0390659570694,0.949544787406921,0.941952705383301,0.948623418807983,1.04082775115967,1.00674343109131,0.879063069820404,0.902011811733246,0.924090087413788,0.935546636581421,0.882364809513092,0.862962126731873,0.841937184333801
"2024-11-20",1.23503017425537,1.26384472846985,1.32975351810455,1.37435150146484,1.29136836528778,1.24785542488098,1.44480669498444,1.4437118768692,1.28515517711639,1.15029883384705,0.965391099452972,0.917321562767029,0.905322551727295,0.890004396438599,0.858070909976959,0.853640675544739,0.849336206912994,0.839900493621826,0.836765348911285,0.803059995174408,0.813847899436951,0.813053667545319,0.76297515630722,0.75743967294693,0.793605446815491,0.7957883477211,0.791492342948914,0.786076784133911,0.774831831455231,0.767716705799103,0.822814226150513,0.823103070259094,0.821093916893005,0.816599607467651,0.731502950191498,0.715219855308533,0.712939977645874,0.799658954143524,0.78505289554596,0.727503597736359,0.744381368160248,0.758054196834564,0.76552951335907,0.739352107048035,0.720085740089417,0.696081817150116
"2024-11-21",1.12558829784393,1.14065551757812,1.19959926605225,1.23048806190491,1.17903637886047,1.15627002716064,1.36143553256989,1.35522520542145,1.17278790473938,1.04667520523071,0.84163773059845,0.789499044418335,0.773216247558594,0.753273904323578,0.721540153026581,0.716876029968262,0.715173065662384,0.717684745788574,0.714666485786438,0.696763575077057,0.703760921955109,0.699692606925964,0.683493793010712,0.674349844455719,0.68332576751709,0.677378296852112,0.668003141880035,0.661900281906128,0.657654523849487,0.669722855091095,0.705547630786896,0.699284672737122,0.6904256939888,0.681926965713501,0.608460366725922,0.595023155212402,0.590907394886017,0.651177048683167,0.644354104995728,0.632971525192261,0.648557186126709,0.660394370555878,0.665822565555573,0.640189528465271,0.621424317359924,0.602311730384827
"2024-11-22",1.05066573619843,1.05546343326569,1.11420249938965,1.13295888900757,1.08898138999939,1.07299983501434,1.24222362041473,1.19980573654175,1.0157310962677,0.918538570404053,0.735844016075134,0.683695733547211,0.667887628078461,0.647495329380035,0.613834619522095,0.612345337867737,0.613368809223175,0.621289849281311,0.622375249862671,0.611513018608093,0.618237137794495,0.617136180400848,0.612374901771545,0.603960752487183,0.602247774600983,0.595916152000427,0.587441623210907,0.580758690834045,0.576535761356354,0.583361923694611,0.607143342494965,0.599397957324982,0.588384687900543,0.578358948230743,0.52123612165451,0.512924015522003,0.513418674468994,0.55697363615036,0.55330616235733,0.55259770154953,0.569657802581787,0.582860708236694,0.588661968708038,0.5627281665802,0.545286417007446,0.5290367603302
"2024-11-23",0.984163641929626,0.997634291648865,1.05802130699158,1.08493411540985,1.04151034355164,1.00292372703552,1.11099481582642,1.0558305978775,0.874695062637329,0.791726469993591,0.645783603191376,0.600908875465393,0.585434436798096,0.565333247184753,0.533070981502533,0.532120704650879,0.534402906894684,0.548211634159088,0.55087399482727,0.546450018882751,0.553215324878693,0.554597973823547,0.551293253898621,0.541730761528015,0.535792231559753,0.530373334884644,0.522936761379242,0.515952467918396,0.509904861450195,0.506826519966125,0.521226763725281,0.514462113380432,0.505033016204834,0.496752083301544,0.455299347639084,0.450933426618576,0.454070806503296,0.489513993263245,0.487888842821121,0.484656274318695,0.499472618103027,0.512887060642242,0.519635498523712,0.496696203947067,0.482984036207199,0.46906703710556
"2024-11-24",0.923614382743835,0.929661393165588,0.995414614677429,1.01388144493103,0.967676162719727,0.91735577583313,0.99700391292572,0.968476414680481,0.786315679550171,0.709679961204529,0.581025004386902,0.535695493221283,0.522564649581909,0.50452995300293,0.470244109630585,0.469909965991974,0.472930639982224,0.486197888851166,0.491686820983887,0.493044912815094,0.501997172832489,0.505801260471344,0.500747382640839,0.492106318473816,0.485402405261993,0.480810701847076,0.473692566156387,0.465977311134338,0.457823932170868,0.447691440582275,0.456236839294434,0.450991451740265,0.443522870540619,0.436665207147598,0.407666593790054,0.406790167093277,0.412484109401703,0.442426413297653,0.440978318452835,0.430845558643341,0.442790329456329,0.455509841442108,0.462832987308502,0.446626126766205,0.434806197881699,0.422188460826874
"2024-11-25",1.15817975997925,1.18709862232208,1.2811062335968,1.34699201583862,1.30296087265015,1.18036341667175,1.29368710517883,1.28451418876648,1.08794963359833,1.05359625816345,0.963224649429321,1.003422498703,0.961251854896545,0.915190100669861,0.921067237854004,0.873514175415039,0.849697291851044,0.888641059398651,0.871273517608643,0.884673655033112,0.889260470867157,0.876457631587982,0.848370492458344,0.81882894039154,0.878684163093567,0.84939181804657,0.797866940498352,0.73497611284256,0.703216135501862,0.756581902503967,0.854916632175446,0.83233368396759,0.832312107086182,0.838882446289062,0.884994864463806,0.824016809463501,0.779526591300964,0.793020486831665,0.775857448577881,0.684883713722229,0.692219913005829,0.692707359790802,0.686588883399963,0.628322541713715,0.619358956813812,0.610952913761139
"2024-11-26",1.31412780284882,1.30014681816101,1.45193195343018,1.47767865657806,1.38186156749725,1.28042554855347,1.41967904567719,1.45590841770172,1.27426075935364,1.22043120861053,1.20309448242188,1.23006367683411,1.20724964141846,1.17594575881958,1.12759280204773,1.10745406150818,1.09022617340088,1.07937479019165,1.07981860637665,1.07925701141357,1.09940469264984,1.09189450740814,0.98786199092865,0.973169565200806,1.04139709472656,1.01861989498138,0.976824879646301,0.953279376029968,0.954027771949768,0.965849459171295,1.08634006977081,1.10562896728516,1.13355755805969,1.14862930774689,1.07191896438599,1.02384686470032,0.970279216766357,0.993939518928528,0.940621137619019,0.801009178161621,0.826640725135803,0.847107112407684,0.856518030166626,0.772593259811401,0.746168494224548,0.72533392906189
"2024-11-27",1.19291162490845,1.16849827766418,1.26283824443817,1.26002311706543,1.17013919353485,1.12509667873383,1.26836216449738,1.34111142158508,1.21602749824524,1.09553575515747,1.03170740604401,1.02803778648376,1.01360321044922,0.99138069152832,0.944035649299622,0.932345032691956,0.923015117645264,0.906976103782654,0.907527685165405,0.900293469429016,0.910505652427673,0.901206791400909,0.839446723461151,0.826371192932129,0.852600693702698,0.846429407596588,0.835468947887421,0.827324151992798,0.822600364685059,0.841006457805634,0.91778427362442,0.91585785150528,0.909633219242096,0.899774789810181,0.755177140235901,0.727122962474823,0.709838151931763,0.770754516124725,0.73350727558136,0.66778689622879,0.691448211669922,0.712204337120056,0.723482728004456,0.676024258136749,0.646822512149811,0.624863982200623
"2024-11-28",1.07290101051331,1.0619056224823,1.11623764038086,1.11637258529663,1.04052245616913,1.01448321342468,1.17120623588562,1.2554407119751,1.16960978507996,1.03234875202179,0.916616380214691,0.895501852035522,0.880922675132751,0.857848942279816,0.805871486663818,0.796657800674438,0.789638817310333,0.794362425804138,0.793952941894531,0.778651833534241,0.784098863601685,0.772424519062042,0.73520040512085,0.721915662288666,0.738766193389893,0.732333481311798,0.723619997501373,0.715112805366516,0.708301842212677,0.731428921222687,0.769860506057739,0.748442888259888,0.71682071685791,0.694047272205353,0.584587156772614,0.574902474880219,0.57556277513504,0.627215504646301,0.612019836902618,0.579486846923828,0.59862631559372,0.614854991436005,0.62333482503891,0.587332665920258,0.568431735038757,0.548518776893616
"2024-11-29",0.991154432296753,1.00226044654846,1.03977429866791,1.04814922809601,0.982003033161163,0.960338234901428,1.1471711397171,1.18953847885132,1.11683833599091,0.998082160949707,0.845950603485107,0.801115572452545,0.785926938056946,0.762335896492004,0.707114577293396,0.697453856468201,0.688009798526764,0.701209127902985,0.697400093078613,0.685785830020905,0.686834275722504,0.674946963787079,0.6533482670784,0.641905963420868,0.649346470832825,0.641623139381409,0.63031005859375,0.619605302810669,0.609598577022552,0.62460857629776,0.646066784858704,0.623494446277618,0.595038831233978,0.575824916362762,0.50296688079834,0.497011095285416,0.498579382896423,0.536342203617096,0.527664542198181,0.512974739074707,0.528257668018341,0.540537536144257,0.545916736125946,0.525883495807648,0.50897616147995,0.491080313920975
"2024-11-30",0.922462463378906,0.946007013320923,1.01175034046173,1.0298079252243,0.968333184719086,0.928672790527344,1.10937535762787,1.17269158363342,1.13623690605164,1.0176739692688,0.823356986045837,0.749739170074463,0.736197590827942,0.71386194229126,0.636426091194153,0.62756609916687,0.617947220802307,0.612111747264862,0.60796594619751,0.602280497550964,0.603432655334473,0.594701945781708,0.584416210651398,0.575176537036896,0.574827253818512,0.566603302955627,0.553840458393097,0.540539085865021,0.526850581169128,0.528819978237152,0.5491002202034,0.535265564918518,0.517413675785065,0.503628313541412,0.445393323898315,0.436369299888611,0.436612993478775,0.467769801616669,0.464250326156616,0.459714502096176,0.473691165447235,0.484881550073624,0.488953471183777,0.474525988101959,0.460049152374268,0.445407301187515
"2024-12-01",0.862770080566406,0.895077228546143,0.974953353404999,1.00455617904663,0.950082898139954,0.910619795322418,1.06887543201447,1.12925636768341,1.13321173191071,1.05676019191742,0.846406817436218,0.752318620681763,0.736595034599304,0.710246503353119,0.606477200984955,0.596041321754456,0.583127319812775,0.548683404922485,0.544659316539764,0.534966111183167,0.539278626441956,0.537786245346069,0.532531797885895,0.524018824100494,0.516124248504639,0.507557988166809,0.494118988513947,0.479663610458374,0.46487683057785,0.456638157367706,0.47283735871315,0.46459287405014,0.453757584095001,0.444694638252258,0.398083627223969,0.392685294151306,0.394033312797546,0.422717571258545,0.420841217041016,0.418313056230545,0.430319011211395,0.439646571874619,0.442987203598022,0.430650323629379,0.418159574270248,0.406145960092545
"2024-12-02",1.1451518535614,1.20619940757751,1.35081732273102,1.45326018333435,1.42058408260345,1.30379235744476,1.47251009941101,1.48432266712189,1.43748903274536,1.35733127593994,1.17093539237976,1.14688205718994,1.10243904590607,1.03996455669403,0.985882759094238,0.941799879074097,0.907390117645264,0.918228030204773,0.898164749145508,0.911252677440643,0.855733871459961,0.774885773658752,0.776896417140961,0.733934760093689,0.82487428188324,0.776243329048157,0.724828243255615,0.661743223667145,0.623362183570862,0.708419680595398,0.837044775485992,0.786243498325348,0.7620490193367,0.757747292518616,0.766560316085815,0.70670759677887,0.656162142753601,0.685056149959564,0.680462121963501,0.678616344928741,0.683156490325928,0.676807880401611,0.672263622283936,0.610156118869781,0.594493329524994,0.588185667991638
"2024-12-03",1.33940982818604,1.37851202487946,1.55739200115204,1.62924933433533,1.53083193302155,1.4114795923233,1.6105432510376,1.58763647079468,1.4963515996933,1.43750929832458,1.3311939239502,1.33192229270935,1.28886294364929,1.231116771698,1.15211808681488,1.12909519672394,1.10537147521973,1.1146320104599,1.07459366321564,1.01947057247162,0.986020565032959,0.926613330841064,0.870293378829956,0.852828621864319,0.898607909679413,0.865610182285309,0.820578753948212,0.784586668014526,0.772191047668457,0.892690539360046,1.02686953544617,1.028679728508,1.0272707939148,1.02188575267792,0.880777180194855,0.833577215671539,0.792770147323608,0.83945506811142,0.824014604091644,0.824692368507385,0.832667171955109,0.831482827663422,0.826086699962616,0.766320586204529,0.742834687232971,0.722562611103058
"2024-12-04",1.16958868503571,1.2251513004303,1.31142795085907,1.36370348930359,1.27489864826202,1.20459854602814,1.34288859367371,1.33912932872772,1.29693281650543,1.2601945400238,1.16318213939667,1.14733922481537,1.11116671562195,1.06194400787354,0.982133746147156,0.963816463947296,0.941000938415527,0.919178903102875,0.892780363559723,0.840483784675598,0.828237116336823,0.7985959649086,0.758710026741028,0.739112257957458,0.730552673339844,0.715522527694702,0.698686182498932,0.689674854278564,0.692490994930267,0.779637575149536,0.864524841308594,0.858835220336914,0.849213182926178,0.838292241096497,0.713212370872498,0.684293389320374,0.666674792766571,0.70725005865097,0.697764337062836,0.695276498794556,0.706785321235657,0.712353706359863,0.712377309799194,0.676226258277893,0.655063271522522,0.635742723941803
"2024-12-05",1.01765024662018,1.08566415309906,1.18135499954224,1.23035883903503,1.1744396686554,1.11324238777161,1.21433472633362,1.23087358474731,1.19952702522278,1.15953934192657,1.0432755947113,1.00503385066986,0.980706870555878,0.943919539451599,0.862943649291992,0.848104178905487,0.829054594039917,0.799200117588043,0.782229423522949,0.737093806266785,0.734391629695892,0.719156563282013,0.674684524536133,0.658416986465454,0.634284853935242,0.62616354227066,0.61800479888916,0.615022778511047,0.618636250495911,0.677799820899963,0.7318235039711,0.724541962146759,0.713818967342377,0.703093409538269,0.611529409885406,0.591386198997498,0.580935657024384,0.611459195613861,0.605040490627289,0.599338829517365,0.611742079257965,0.619767546653748,0.621365070343018,0.596923112869263,0.580667018890381,0.565689444541931
"2024-12-06",0.961081027984619,1.00051867961884,1.10795974731445,1.14695632457733,1.10427045822144,1.05186104774475,1.14922678470612,1.19323790073395,1.16351389884949,1.10580658912659,0.965659916400909,0.911596655845642,0.889998555183411,0.856185972690582,0.774520397186279,0.759830594062805,0.739695310592651,0.711907804012299,0.699248850345612,0.669562935829163,0.670743405818939,0.661883890628815,0.622753262519836,0.607824563980103,0.571347117424011,0.56368100643158,0.555765986442566,0.551828265190125,0.553685247898102,0.587164640426636,0.624183714389801,0.618641972541809,0.610030829906464,0.601465582847595,0.535302042961121,0.520319998264313,0.512664377689362,0.53384917974472,0.530947923660278,0.522364795207977,0.535177230834961,0.544812142848969,0.547295033931732,0.531027019023895,0.518710255622864,0.506586849689484
"2024-12-07",0.878964424133301,0.913098692893982,0.988199472427368,1.03549385070801,1.00155830383301,0.969623327255249,1.0827157497406,1.12271153926849,1.09886455535889,1.03695273399353,0.892054915428162,0.844155550003052,0.817060947418213,0.777714610099792,0.699894487857819,0.684250891208649,0.664299845695496,0.645117878913879,0.635996580123901,0.625696182250977,0.624856293201447,0.614942014217377,0.595340251922607,0.579299449920654,0.542869985103607,0.53222119808197,0.519560217857361,0.510558187961578,0.507020652294159,0.525105774402618,0.553777873516083,0.549020886421204,0.54185551404953,0.534919142723083,0.480807453393936,0.46903121471405,0.463433921337128,0.484764754772186,0.482592046260834,0.474376708269119,0.485624194145203,0.49407622218132,0.496377110481262,0.481969445943832,0.471798777580261,0.461956471204758
"2024-12-08",0.730804324150085,0.764013886451721,0.819567859172821,0.854506373405457,0.864865660667419,0.861177325248718,0.938300371170044,0.937900900840759,0.910519957542419,0.862353026866913,0.747002363204956,0.712324500083923,0.687412977218628,0.654578685760498,0.600254893302917,0.590657889842987,0.579036712646484,0.573836147785187,0.565955519676208,0.561775267124176,0.559443891048431,0.549586534500122,0.53728199005127,0.521885752677917,0.492415189743042,0.48403012752533,0.473431289196014,0.465065836906433,0.45965102314949,0.46807461977005,0.483560055494308,0.477886229753494,0.469907939434052,0.462688207626343,0.423845142126083,0.417418718338013,0.415885955095291,0.434055119752884,0.432849109172821,0.428364098072052,0.438642740249634,0.444771081209183,0.446227133274078,0.435833394527435,0.427609354257584,0.419918209314346
"2024-12-09",0.858467876911163,0.888950347900391,1.05525946617126,1.10324740409851,1.0316413640976,1.01238286495209,1.07716703414917,1.07799887657166,1.0255069732666,0.988694667816162,0.961307644844055,1.01563572883606,0.96866512298584,0.908871710300446,0.889824867248535,0.835713028907776,0.787963271141052,0.792726159095764,0.760799586772919,0.78747022151947,0.750801801681519,0.711049735546112,0.732548713684082,0.697540879249573,0.789626479148865,0.749345600605011,0.709871888160706,0.665683507919312,0.638113558292389,0.73202794790268,0.818557977676392,0.773355424404144,0.744760572910309,0.730924844741821,0.7141552567482,0.668795943260193,0.642852425575256,0.691474318504333,0.69415545463562,0.679739415645599,0.671254456043243,0.653228640556335,0.641854107379913,0.583555400371552,0.574755728244781,0.573149085044861
"2024-12-10",1.03374457359314,1.06127893924713,1.16654253005981,1.20469117164612,1.14260601997375,1.10518860816956,1.15610790252686,1.16099333763123,1.13326561450958,1.11425137519836,1.11912333965302,1.15835189819336,1.1102260351181,1.05119824409485,1.00269627571106,0.970021784305573,0.934682130813599,0.90325403213501,0.883847177028656,0.863607466220856,0.852017879486084,0.835091233253479,0.8490389585495,0.844271063804626,0.893473505973816,0.869217813014984,0.840800285339355,0.826449990272522,0.830236315727234,0.948955595493317,1.01767253875732,1.00084269046783,0.979292094707489,0.96044397354126,0.836940169334412,0.813613772392273,0.802432060241699,0.860023379325867,0.836240887641907,0.80474203824997,0.801968336105347,0.788713037967682,0.777396261692047,0.723222434520721,0.711829662322998,0.701604008674622
"2024-12-11",1.06526231765747,1.06394946575165,1.10990726947784,1.12514960765839,1.07945871353149,1.03977346420288,1.07674813270569,1.07245373725891,1.02787244319916,0.993874490261078,0.955029726028442,0.958291828632355,0.935253262519836,0.903980851173401,0.866013407707214,0.850603938102722,0.831967949867249,0.810878992080688,0.796884834766388,0.769629716873169,0.7701096534729,0.764107286930084,0.765588819980621,0.754773676395416,0.756884217262268,0.751331448554993,0.746118783950806,0.745565474033356,0.751290142536163,0.807009160518646,0.85437023639679,0.840552926063538,0.823051512241364,0.808287978172302,0.719458043575287,0.705202102661133,0.697782397270203,0.714649438858032,0.70105654001236,0.672512352466583,0.681068122386932,0.682399392127991,0.680247962474823,0.651227355003357,0.640886425971985,0.6324742436409
"2024-12-12",1.05367040634155,1.04252326488495,1.08138918876648,1.0945155620575,1.0424485206604,0.993029356002808,1.0265908241272,1.01083517074585,0.938948273658752,0.891470909118652,0.833441376686096,0.824438810348511,0.811989665031433,0.794524669647217,0.775313496589661,0.766518115997314,0.754885792732239,0.745506048202515,0.732870638370514,0.706357836723328,0.706385374069214,0.698945045471191,0.686843633651733,0.67611575126648,0.66987532377243,0.666528046131134,0.663442730903625,0.66273444890976,0.666446805000305,0.692080676555634,0.725185573101044,0.717470347881317,0.707121431827545,0.69785213470459,0.637662351131439,0.625255644321442,0.617407619953156,0.618007898330688,0.6097012758255,0.58441823720932,0.596147179603577,0.602943539619446,0.603548586368561,0.586263418197632,0.578851222991943,0.572923064231873
"2024-12-13",0.996042490005493,0.990447342395782,1.03314673900604,1.05604648590088,0.998711705207825,0.941372215747833,0.976445317268372,0.950590968132019,0.863171398639679,0.809206068515778,0.740395188331604,0.725728869438171,0.717689633369446,0.707183003425598,0.702300429344177,0.696755766868591,0.689072728157043,0.689318358898163,0.675934672355652,0.6523477435112,0.650266110897064,0.639992415904999,0.623135209083557,0.612671136856079,0.60365903377533,0.600005805492401,0.596059024333954,0.59401798248291,0.595376193523407,0.60747903585434,0.631486654281616,0.626719534397125,0.619960367679596,0.61368989944458,0.570468962192535,0.560271859169006,0.553218305110931,0.548572897911072,0.542820751667023,0.521117746829987,0.532757461071014,0.540968000888824,0.542626738548279,0.531815111637115,0.526831209659576,0.523102641105652
"2024-12-14",0.906287610530853,0.900728106498718,0.956460773944855,0.980611860752106,0.928804516792297,0.876661837100983,0.911192059516907,0.886475205421448,0.792386412620544,0.741713404655457,0.668076038360596,0.650287866592407,0.645045042037964,0.639010787010193,0.64138913154602,0.638051629066467,0.634035468101501,0.640515565872192,0.631995439529419,0.60894238948822,0.606472611427307,0.59528923034668,0.575532615184784,0.565300405025482,0.553475975990295,0.548751592636108,0.542883694171906,0.538919627666473,0.537938594818115,0.543292045593262,0.561209142208099,0.557808995246887,0.552836537361145,0.548168003559113,0.515196323394775,0.506828486919403,0.50075501203537,0.495899617671967,0.491640776395798,0.473478853702545,0.483713507652283,0.491505980491638,0.493993371725082,0.486178904771805,0.482404083013535,0.479919254779816
"2024-12-15",0.808343529701233,0.79987907409668,0.860754489898682,0.879440784454346,0.837563514709473,0.791709184646606,0.829118251800537,0.8183513879776,0.732252597808838,0.689727902412415,0.61674952507019,0.59529447555542,0.590858697891235,0.586145520210266,0.589699387550354,0.589024901390076,0.590947568416595,0.603632390499115,0.596214413642883,0.576959729194641,0.575241684913635,0.564446091651917,0.540336787700653,0.529351770877838,0.516187071800232,0.510525166988373,0.502598702907562,0.49622443318367,0.492357283830643,0.491851270198822,0.507101774215698,0.504825294017792,0.501164317131042,0.497587025165558,0.471384286880493,0.464213103055954,0.458455294370651,0.454919964075089,0.451359748840332,0.435921400785446,0.443644225597382,0.450682103633881,0.454310774803162,0.448630690574646,0.445314526557922,0.443103045225143
"2024-12-16",0.96121096611023,0.965850472450256,1.07312548160553,1.12826871871948,1.19233512878418,1.05046319961548,1.11272609233856,1.11905717849731,1.02430963516235,0.96359121799469,0.782996952533722,0.730081081390381,0.771641492843628,0.808756351470947,0.753123581409454,0.756568491458893,0.767873048782349,0.835896015167236,0.833882212638855,0.775132358074188,0.784702003002167,0.784160375595093,0.750076293945312,0.736102819442749,0.830880403518677,0.809698462486267,0.775261998176575,0.72550106048584,0.708145380020142,0.738371551036835,0.81242972612381,0.776216208934784,0.759758412837982,0.757854044437408,0.787439465522766,0.743211507797241,0.709404468536377,0.696718335151672,0.710027754306793,0.686033129692078,0.695029675960541,0.689798176288605,0.673189461231232,0.582648932933807,0.57469630241394,0.578030943870544
"2024-12-17",1.10518801212311,1.08314275741577,1.2569043636322,1.27872145175934,1.23672080039978,1.15047526359558,1.25230991840363,1.31538009643555,1.21876311302185,1.107701420784,0.967325627803802,0.914852261543274,0.924229860305786,0.932003378868103,0.908696115016937,0.907803058624268,0.916639089584351,0.97515082359314,0.98073273897171,0.945665955543518,0.952606678009033,0.94968044757843,0.862218201160431,0.868122339248657,0.959944009780884,0.958795547485352,0.941223740577698,0.911937952041626,0.899434268474579,0.902018189430237,0.968049466609955,0.972855508327484,0.979157865047455,0.982335567474365,0.928354501724243,0.906962275505066,0.887360692024231,0.905866622924805,0.88884848356247,0.8266561627388,0.845675647258759,0.856321752071381,0.853747010231018,0.718939185142517,0.70216977596283,0.693950533866882
"2024-12-18",1.01459419727325,0.989287316799164,1.0995888710022,1.10307562351227,1.03513956069946,1.0002589225769,1.11131644248962,1.19012641906738,1.12949192523956,1.05511808395386,0.900854349136353,0.85300886631012,0.847548842430115,0.838173985481262,0.813992619514465,0.816136062145233,0.825056314468384,0.862845480442047,0.868841409683228,0.851011037826538,0.864193141460419,0.86506974697113,0.799193143844604,0.792341589927673,0.820492208003998,0.82390433549881,0.824082493782043,0.818848490715027,0.809319972991943,0.788211345672607,0.829260647296906,0.833568096160889,0.836120367050171,0.836485505104065,0.785085678100586,0.76868349313736,0.755486190319061,0.768233418464661,0.753028035163879,0.696482479572296,0.715031921863556,0.733109354972839,0.741009831428528,0.663485169410706,0.641158699989319,0.629027605056763
"2024-12-19",0.860327482223511,0.871217429637909,0.926252365112305,0.955899715423584,0.907946109771729,0.884690821170807,1.00601291656494,1.0441403388977,1.00197768211365,0.971489906311035,0.830764710903168,0.797013461589813,0.78380936384201,0.764861345291138,0.736590027809143,0.73693835735321,0.743062496185303,0.78046452999115,0.783640325069427,0.768402457237244,0.772284269332886,0.763596713542938,0.738602757453918,0.728907942771912,0.742348372936249,0.740501821041107,0.738655209541321,0.732302188873291,0.722351670265198,0.707976281642914,0.733064532279968,0.732645452022552,0.731306493282318,0.729426383972168,0.683356761932373,0.670399844646454,0.661557972431183,0.674220502376556,0.661665618419647,0.614890933036804,0.62922203540802,0.64302134513855,0.652387082576752,0.617906212806702,0.586414992809296,0.573817670345306
"2024-12-20",0.710722208023071,0.732077360153198,0.757007837295532,0.792046785354614,0.790742814540863,0.785015940666199,0.881342172622681,0.87188184261322,0.836532473564148,0.813243269920349,0.73788845539093,0.722136378288269,0.706417560577393,0.686513185501099,0.664698898792267,0.664368391036987,0.669835209846497,0.705526769161224,0.698680460453033,0.688530445098877,0.687574028968811,0.68041718006134,0.677439749240875,0.670029938220978,0.674671649932861,0.665883839130402,0.653410315513611,0.641321957111359,0.631974458694458,0.632405996322632,0.64960503578186,0.64619904756546,0.641155958175659,0.636146426200867,0.59317672252655,0.583185732364655,0.577648043632507,0.590168952941895,0.579132258892059,0.552154779434204,0.564548373222351,0.573375523090363,0.577351748943329,0.548478543758392,0.533330142498016,0.524224758148193
"2024-12-21",0.670082330703735,0.680837631225586,0.711661636829376,0.734491646289825,0.747449398040771,0.740883469581604,0.814943313598633,0.805981516838074,0.762387335300446,0.726177930831909,0.663566946983337,0.649681210517883,0.638383269309998,0.623673498630524,0.607541859149933,0.607149362564087,0.610120594501495,0.639951407909393,0.636540710926056,0.634112656116486,0.633974373340607,0.627564132213593,0.628837525844574,0.619267523288727,0.614714741706848,0.605292201042175,0.591880857944489,0.579672157764435,0.569760143756866,0.56390917301178,0.575382590293884,0.570904016494751,0.564282953739166,0.558253645896912,0.521017611026764,0.513447999954224,0.510518670082092,0.518896400928497,0.513518869876862,0.499368071556091,0.508702754974365,0.515884459018707,0.519172966480255,0.4986572265625,0.487680941820145,0.481388777494431
"2024-12-22",0.660501539707184,0.670204818248749,0.6986163854599,0.720935761928558,0.718266487121582,0.703358113765717,0.773761510848999,0.75806599855423,0.715258538722992,0.682042121887207,0.614210247993469,0.599478662014008,0.588713228702545,0.575105249881744,0.563136696815491,0.561897218227386,0.565302729606628,0.595971703529358,0.595054447650909,0.595788896083832,0.595242023468018,0.588946878910065,0.588744163513184,0.579109191894531,0.573905229568481,0.564103901386261,0.549221634864807,0.535316586494446,0.522477209568024,0.509923219680786,0.517507195472717,0.513134658336639,0.507133364677429,0.502034306526184,0.47160616517067,0.466441035270691,0.465798914432526,0.475268065929413,0.471353679895401,0.459238857030869,0.46815824508667,0.475691556930542,0.479432851076126,0.459896624088287,0.451231718063354,0.446116387844086
"2024-12-23",1.00691998004913,1.06293594837189,1.10320842266083,1.19811010360718,1.21220004558563,1.07845723628998,1.16235756874084,1.09578263759613,1.0330353975296,0.999075710773468,0.920354723930359,0.945793747901917,0.93011873960495,0.906957030296326,0.881825506687164,0.859106183052063,0.841471910476685,0.868349432945251,0.857833504676819,0.882561087608337,0.865745007991791,0.829258739948273,0.822796583175659,0.793345928192139,0.862759530544281,0.828010737895966,0.782949209213257,0.726130962371826,0.703677356243134,0.776027977466583,0.875731110572815,0.836077988147736,0.812393546104431,0.804279744625092,0.860210597515106,0.808165013790131,0.768730401992798,0.766195595264435,0.754954695701599,0.7102832198143,0.71814888715744,0.713728189468384,0.699690997600555,0.628026902675629,0.618585288524628,0.620434045791626
"2024-12-24",1.23051679134369,1.28164792060852,1.3563380241394,1.43650937080383,1.3741067647934,1.24677538871765,1.32989418506622,1.30819499492645,1.25487470626831,1.21947908401489,1.15102314949036,1.16429495811462,1.14828372001648,1.12186098098755,1.07471871376038,1.05164611339569,1.02899372577667,1.0305460691452,1.01707446575165,1.02704167366028,1.01619744300842,0.987511515617371,0.939215779304504,0.929583370685577,0.978784739971161,0.954701244831085,0.914038717746735,0.877920627593994,0.87670373916626,0.987139701843262,1.08001458644867,1.08160829544067,1.08193898200989,1.0798761844635,0.99123877286911,0.960330426692963,0.925896286964417,0.938259661197662,0.902824521064758,0.860608398914337,0.860386729240417,0.849571347236633,0.839793264865875,0.780945003032684,0.765558838844299,0.755701303482056
"2024-12-25",1.15004563331604,1.1746963262558,1.25058174133301,1.2819938659668,1.21121573448181,1.13376677036285,1.22265803813934,1.24985456466675,1.2137610912323,1.16813957691193,1.06434750556946,1.0475115776062,1.0341010093689,1.01012599468231,0.954915761947632,0.938604474067688,0.921843409538269,0.912008821964264,0.901457846164703,0.899774670600891,0.899165034294128,0.887693285942078,0.861705482006073,0.848530530929565,0.849632501602173,0.835503458976746,0.811596751213074,0.788123846054077,0.776992201805115,0.833800852298737,0.9232097864151,0.921740531921387,0.919603109359741,0.915483951568604,0.790528297424316,0.767096042633057,0.7494255900383,0.7707359790802,0.75104296207428,0.721594989299774,0.729726016521454,0.733572661876678,0.734785377979279,0.707291960716248,0.693598866462708,0.681857407093048
"2024-12-26",1.05419921875,1.09110927581787,1.1801073551178,1.20427870750427,1.14584064483643,1.08186650276184,1.16381967067719,1.18909955024719,1.16244947910309,1.11883389949799,0.998798370361328,0.970049500465393,0.951409637928009,0.921564936637878,0.863828539848328,0.849787533283234,0.834179997444153,0.821217954158783,0.810899794101715,0.802038431167603,0.802843332290649,0.796550095081329,0.792127251625061,0.777643799781799,0.761081576347351,0.745671033859253,0.72377997636795,0.706247091293335,0.698416829109192,0.734098792076111,0.793610334396362,0.786346316337585,0.774843037128448,0.763083338737488,0.662208437919617,0.644260346889496,0.635576009750366,0.657841265201569,0.650178849697113,0.632601141929626,0.644830048084259,0.653540968894958,0.655924737453461,0.640674114227295,0.629944860935211,0.620319664478302
"2024-12-27",1.00049018859863,1.04105174541473,1.12397229671478,1.14842844009399,1.1070259809494,1.0557496547699,1.1214040517807,1.146693110466,1.1181503534317,1.07313632965088,0.93844598531723,0.903246402740479,0.880490839481354,0.845860183238983,0.786492824554443,0.773841261863708,0.759437441825867,0.745510101318359,0.737640559673309,0.727962017059326,0.731920957565308,0.730002045631409,0.727015256881714,0.713496208190918,0.689927339553833,0.677154242992401,0.659678816795349,0.645425140857697,0.637072801589966,0.652652204036713,0.688008189201355,0.679691970348358,0.667344152927399,0.655747473239899,0.582427263259888,0.569266140460968,0.564590513706207,0.58234429359436,0.579503774642944,0.567351520061493,0.580014944076538,0.589717209339142,0.592581748962402,0.582436859607697,0.5738844871521,0.565786302089691
"2024-12-28",0.989531517028809,1.0117518901825,1.07827758789062,1.08857607841492,1.0454488992691,1.00275003910065,1.07598185539246,1.12167263031006,1.08809685707092,1.0210599899292,0.869176506996155,0.834401607513428,0.808662533760071,0.770354628562927,0.714262962341309,0.702294111251831,0.688641428947449,0.68392539024353,0.67799311876297,0.670487761497498,0.674464285373688,0.672858715057373,0.674610793590546,0.663507342338562,0.643126368522644,0.631855010986328,0.614697694778442,0.598370909690857,0.584663987159729,0.580486953258514,0.603521525859833,0.597730696201324,0.589066803455353,0.580870926380157,0.528257429599762,0.517667412757874,0.513820230960846,0.527077376842499,0.525882184505463,0.515553534030914,0.527608096599579,0.537524461746216,0.540562510490417,0.532866358757019,0.525672435760498,0.518630981445312
"2024-12-29",0.995259165763855,0.987012147903442,1.04525542259216,1.04208815097809,0.993641793727875,0.959645986557007,1.03914678096771,1.1335871219635,1.09716153144836,0.988800168037415,0.807667016983032,0.767608642578125,0.740745663642883,0.700861394405365,0.648409485816956,0.637268781661987,0.625203907489777,0.630044221878052,0.62614893913269,0.622491657733917,0.626994609832764,0.626009702682495,0.631086826324463,0.62300032377243,0.616587221622467,0.607584595680237,0.590525031089783,0.569966912269592,0.549088537693024,0.525622844696045,0.540412724018097,0.536348938941956,0.530176639556885,0.524276256561279,0.484480649232864,0.476057946681976,0.4732725918293,0.484626650810242,0.48385763168335,0.474560111761093,0.485369443893433,0.494554370641708,0.498268663883209,0.491558969020844,0.485237061977386,0.47894760966301
"2024-12-30",1.156090259552,1.17408871650696,1.30184769630432,1.36439299583435,1.42482173442841,1.31585478782654,1.42658138275146,1.49494194984436,1.42286717891693,1.28456354141235,1.10689258575439,1.09301257133484,1.05621719360352,1.01414895057678,1.001633644104,0.966811299324036,0.917324185371399,0.922528624534607,0.906542539596558,0.936404585838318,0.932445526123047,0.902533054351807,0.862465739250183,0.831150889396667,0.916808724403381,0.902049899101257,0.87367057800293,0.818105936050415,0.777733623981476,0.774579048156738,0.843180000782013,0.807179927825928,0.791212975978851,0.792870700359344,0.855070173740387,0.808959782123566,0.771419107913971,0.762354254722595,0.76543664932251,0.72722864151001,0.742483615875244,0.74560934305191,0.732670366764069,0.679960787296295,0.671009004116058,0.672328889369965
"2024-12-31",1.26129961013794,1.23230195045471,1.50020694732666,1.48900985717773,1.5162101984024,1.47039532661438,1.62836217880249,1.77459049224854,1.71168375015259,1.55164909362793,1.38022696971893,1.33028650283813,1.30831265449524,1.27028822898865,1.22055768966675,1.18438625335693,1.13329446315765,1.11492669582367,1.10218644142151,1.11418437957764,1.1177031993866,1.0898494720459,0.967888712882996,0.959258675575256,1.06443524360657,1.07163560390472,1.07183885574341,1.05809676647186,1.02989506721497,0.96239161491394,1.00946593284607,1.01925265789032,1.0337131023407,1.04497885704041,1.03081786632538,1.00510573387146,0.968232035636902,0.968623995780945,0.945961713790894,0.9000164270401,0.908865571022034,0.909619629383087,0.903478503227234,0.854646563529968,0.839663028717041,0.828368365764618
"2025-01-01",0.726534843444824,0.698047578334808,0.754130721092224,0.732479214668274,0.657532215118408,0.624943614006042,0.715340495109558,0.810035407543182,0.757306277751923,0.618878960609436,0.432939291000366,0.377583563327789,0.353330433368683,0.320746630430222,0.274256706237793,0.271598160266876,0.272530883550644,0.289422482252121,0.290263950824738,0.294779926538467,0.299913346767426,0.302157193422318,0.307350754737854,0.307536453008652,0.33622282743454,0.340356826782227,0.343528985977173,0.338411688804626,0.317189484834671,0.237116739153862,0.18812370300293,0.179488718509674,0.170195013284683,0.165749683976173,0.163814663887024,0.167063161730766,0.175421997904778,0.201714813709259,0.202071845531464,0.198663100600243,0.202650293707848,0.205992057919502,0.207351386547089,0.197496324777603,0.19058683514595,0.183707892894745
"2025-01-02",0.725234091281891,0.681469023227692,0.724624335765839,0.698788464069366,0.62332433462143,0.589089095592499,0.671658337116241,0.747120678424835,0.69517195224762,0.585248172283173,0.429605185985565,0.378149658441544,0.353288590908051,0.319359332323074,0.269989132881165,0.267541706562042,0.269340693950653,0.288236677646637,0.289164185523987,0.291964113712311,0.296503394842148,0.297390699386597,0.298142164945602,0.298375487327576,0.336797088384628,0.343436062335968,0.350925803184509,0.353319048881531,0.343797743320465,0.263713479042053,0.204564929008484,0.191362962126732,0.175630316138268,0.16778901219368,0.161696836352348,0.161441698670387,0.168210446834564,0.19798244535923,0.200293242931366,0.198322758078575,0.202824369072914,0.206501245498657,0.208640098571777,0.197364747524261,0.190381541848183,0.183418706059456
"2025-01-03",0.721514165401459,0.684662997722626,0.710334300994873,0.682831704616547,0.606550574302673,0.575848937034607,0.667645931243896,0.684118151664734,0.623677611351013,0.560686349868774,0.416390895843506,0.370210886001587,0.346043646335602,0.312788814306259,0.263773262500763,0.261979162693024,0.264798551797867,0.285811603069305,0.285817831754684,0.289351910352707,0.290607452392578,0.289228677749634,0.296593844890594,0.29955267906189,0.340391278266907,0.346081703901291,0.35171565413475,0.352366954088211,0.336361914873123,0.270224511623383,0.21113395690918,0.197143405675888,0.182270258665085,0.172815695405006,0.160543173551559,0.160503447055817,0.167408168315887,0.195793002843857,0.196041494607925,0.19719922542572,0.201730728149414,0.205166846513748,0.206476464867592,0.197260320186615,0.190290793776512,0.183200985193253
"2025-01-04",0.733892917633057,0.712784051895142,0.721479654312134,0.700474560260773,0.629297018051147,0.600129544734955,0.689850330352783,0.675898790359497,0.59778094291687,0.533801019191742,0.393974900245667,0.355363488197327,0.332018196582794,0.30102664232254,0.258339583873749,0.258487910032272,0.263668417930603,0.286182016134262,0.285647749900818,0.290956616401672,0.291614055633545,0.290894746780396,0.310469388961792,0.31427001953125,0.356309533119202,0.357549011707306,0.353586405515671,0.338714301586151,0.310350596904755,0.248097196221352,0.208944857120514,0.197885975241661,0.185916319489479,0.177300125360489,0.16103433072567,0.163082629442215,0.169910669326782,0.197516202926636,0.196374207735062,0.196950972080231,0.201171427965164,0.204445958137512,0.205835312604904,0.197551235556602,0.19055949151516,0.183508291840553
"2025-01-05",0.727670252323151,0.694076061248779,0.696776390075684,0.683934807777405,0.623191475868225,0.593422830104828,0.66150563955307,0.651526093482971,0.564081728458405,0.499007940292358,0.368298292160034,0.334224760532379,0.314048320055008,0.28791281580925,0.255405604839325,0.257994681596756,0.265937954187393,0.291137009859085,0.290815591812134,0.293320059776306,0.295299828052521,0.295772731304169,0.317581415176392,0.320069313049316,0.362446069717407,0.361262798309326,0.354085922241211,0.338056951761246,0.308631896972656,0.238758072257042,0.20508337020874,0.195784613490105,0.185615956783295,0.1782496124506,0.161133751273155,0.163100376725197,0.170242473483086,0.198816865682602,0.198593601584435,0.197751492261887,0.202177420258522,0.205846443772316,0.207480922341347,0.197486564517021,0.190324708819389,0.18313655257225
"2025-01-06",1.03087592124939,0.999355912208557,1.17635297775269,1.18166255950928,1.15200769901276,1.08416056632996,1.16395950317383,1.15886056423187,1.06981289386749,1.04947376251221,0.936676442623138,0.903182983398438,0.912045300006866,0.889294624328613,0.770401656627655,0.758597493171692,0.743454575538635,0.726408243179321,0.741166651248932,0.745276629924774,0.747525215148926,0.726359009742737,0.693860709667206,0.68484616279602,0.725531101226807,0.690352916717529,0.625392019748688,0.555880725383759,0.51551228761673,0.490010559558868,0.498677432537079,0.484712541103363,0.469395279884338,0.462779879570007,0.548018217086792,0.519677102565765,0.533386766910553,0.621835827827454,0.641309797763824,0.634377598762512,0.639996528625488,0.614120841026306,0.570028364658356,0.361652970314026,0.342671126127243,0.339904755353928
"2025-01-07",1.33631086349487,1.25577294826508,1.55561864376068,1.52452111244202,1.46626830101013,1.40070724487305,1.50514960289001,1.56410264968872,1.48772811889648,1.47586095333099,1.41659128665924,1.40712666511536,1.38121724128723,1.32918810844421,1.22662961483002,1.20410668849945,1.18064641952515,1.16802000999451,1.15415167808533,1.10714673995972,1.10864579677582,1.07696545124054,0.979952096939087,0.958450078964233,1.00408411026001,0.973951816558838,0.916319251060486,0.863799870014191,0.829079627990723,0.757320523262024,0.749649524688721,0.762895405292511,0.779989004135132,0.793280184268951,0.872654318809509,0.873928308486938,0.88196074962616,1.01924514770508,1.01270699501038,0.946081340312958,0.972302973270416,0.972290992736816,0.948442757129669,0.622559487819672,0.557241022586823,0.52702409029007
"2025-01-08",1.24355113506317,1.15530049800873,1.34264290332794,1.29813277721405,1.23934710025787,1.21619999408722,1.33427655696869,1.40248608589172,1.36956977844238,1.35053992271423,1.2720205783844,1.27632021903992,1.24346506595612,1.19109511375427,1.13467156887054,1.12403726577759,1.11308825016022,1.11635267734528,1.09000337123871,1.00949907302856,1.01596665382385,0.997309803962708,0.89659595489502,0.878988981246948,0.944632470607758,0.947162091732025,0.940248489379883,0.920343518257141,0.887409508228302,0.767576098442078,0.740205347537994,0.744477987289429,0.752090096473694,0.758614599704742,0.778922498226166,0.783139526844025,0.791825711727142,0.895789742469788,0.883372485637665,0.813814163208008,0.846153438091278,0.873248994350433,0.882751762866974,0.728217124938965,0.634008288383484,0.55879557132721
"2025-01-09",1.07626903057098,1.04428160190582,1.14384913444519,1.1226841211319,1.07298290729523,1.07040202617645,1.19269335269928,1.2418704032898,1.22021222114563,1.20302581787109,1.11421895027161,1.11170768737793,1.08387672901154,1.04197311401367,1.00024080276489,0.989824891090393,0.975090146064758,0.982807159423828,0.95804363489151,0.915906429290771,0.905585050582886,0.879665017127991,0.814772725105286,0.798926591873169,0.846192598342896,0.838084161281586,0.831156015396118,0.817147970199585,0.807730793952942,0.738091766834259,0.717494130134583,0.710379183292389,0.706284880638123,0.705749273300171,0.690071046352386,0.689214944839478,0.690376043319702,0.763339519500732,0.754413485527039,0.722714602947235,0.744264245033264,0.764716804027557,0.777481079101562,0.708989262580872,0.64283674955368,0.583374619483948
"2025-01-10",0.93961900472641,0.955127716064453,0.982471346855164,0.995561599731445,0.974231660366058,0.975483357906342,1.07723951339722,1.08815097808838,1.06295788288116,1.0369279384613,0.964986085891724,0.961685061454773,0.937276363372803,0.901165008544922,0.871749043464661,0.851035952568054,0.828188836574554,0.831817865371704,0.809239029884338,0.807362735271454,0.793717920780182,0.771361947059631,0.76521247625351,0.74560284614563,0.743849456310272,0.728163599967957,0.709431290626526,0.68900740146637,0.66925710439682,0.667984008789062,0.674402236938477,0.665314137935638,0.654767751693726,0.646178603172302,0.600099503993988,0.596766412258148,0.599415004253387,0.655758440494537,0.647369146347046,0.670690357685089,0.680081307888031,0.685308992862701,0.691305816173553,0.628910183906555,0.58938318490982,0.554287314414978
"2025-01-11",0.848720014095306,0.869561553001404,0.885704576969147,0.906515598297119,0.90575522184372,0.894210577011108,0.980285286903381,0.97851300239563,0.94557398557663,0.907789885997772,0.836984097957611,0.831852674484253,0.811309099197388,0.783548355102539,0.767969727516174,0.753677070140839,0.736309826374054,0.746257781982422,0.728417038917542,0.729599893093109,0.720404267311096,0.703603625297546,0.719745099544525,0.701025784015656,0.701602399349213,0.684625566005707,0.662392437458038,0.641398906707764,0.62233304977417,0.614799737930298,0.624215304851532,0.614397704601288,0.602072358131409,0.591893672943115,0.542879343032837,0.5398930311203,0.54397052526474,0.59226393699646,0.585160732269287,0.601344406604767,0.604469478130341,0.602551698684692,0.601823687553406,0.550051331520081,0.529422521591187,0.513153731822968
"2025-01-12",0.75064605474472,0.789311766624451,0.826032638549805,0.853387296199799,0.850211977958679,0.821166455745697,0.886632204055786,0.883613288402557,0.847655475139618,0.80948531627655,0.743551909923553,0.732391476631165,0.720372140407562,0.704184770584106,0.696382641792297,0.6883704662323,0.677714705467224,0.686754167079926,0.676735579967499,0.675768375396729,0.672768235206604,0.664888620376587,0.675974369049072,0.662568211555481,0.656535983085632,0.641404032707214,0.620138227939606,0.599221885204315,0.579455256462097,0.562548577785492,0.57153195142746,0.562838077545166,0.551858007907867,0.542801082134247,0.500322699546814,0.496828705072403,0.499570041894913,0.546486258506775,0.541457891464233,0.545048713684082,0.550419867038727,0.551975309848785,0.551135957241058,0.516820788383484,0.502511441707611,0.489836901426315
"2025-01-13",0.990756273269653,1.13135969638824,1.15567576885223,1.25816988945007,1.38545501232147,1.2376754283905,1.2703093290329,1.31044936180115,1.28704965114594,1.20231533050537,1.06577134132385,1.04996776580811,1.02408802509308,0.983270227909088,0.951380848884583,0.923161387443542,0.894709587097168,0.923543334007263,0.893463969230652,0.922154724597931,0.894835710525513,0.847676396369934,0.870746314525604,0.835292875766754,0.891691982746124,0.831874370574951,0.758414626121521,0.687485635280609,0.647473812103271,0.71898603439331,0.805167019367218,0.772079050540924,0.7475346326828,0.730793118476868,0.715201139450073,0.675061881542206,0.655420780181885,0.73233038187027,0.733034312725067,0.743440270423889,0.737241387367249,0.727407336235046,0.72271466255188,0.634963274002075,0.616438746452332,0.607329428195953
"2025-01-14",1.06243050098419,1.15313994884491,1.30906784534454,1.43734765052795,1.5573205947876,1.45118594169617,1.53339290618896,1.57092821598053,1.58352398872375,1.53554391860962,1.34480571746826,1.28026175498962,1.24496638774872,1.19085717201233,1.10691070556641,1.07951390743256,1.04730188846588,1.05275774002075,1.02889692783356,1.02390229701996,0.993477821350098,0.943465709686279,0.953021049499512,0.924615561962128,0.932165622711182,0.885179698467255,0.822647511959076,0.776477754116058,0.757032692432404,0.865577816963196,0.94630491733551,0.941670358181,0.932973980903625,0.922532498836517,0.825111329555511,0.794696152210236,0.776887655258179,0.849622666835785,0.834658026695251,0.843834936618805,0.840099155902863,0.830010771751404,0.820770680904388,0.746079683303833,0.722461640834808,0.703363418579102
"2025-01-15",0.958475828170776,1.00933289527893,1.16045713424683,1.23197376728058,1.27792835235596,1.22234952449799,1.33739614486694,1.40203034877777,1.44542109966278,1.43437552452087,1.2439603805542,1.15585041046143,1.12307703495026,1.07227385044098,0.968785166740417,0.947529077529907,0.923376202583313,0.920351624488831,0.906274795532227,0.889042019844055,0.87754213809967,0.852740108966827,0.843021750450134,0.821475267410278,0.797195076942444,0.775458335876465,0.746515393257141,0.724262893199921,0.713814079761505,0.762431740760803,0.820523262023926,0.816763997077942,0.810099899768829,0.802638232707977,0.722959160804749,0.704924941062927,0.69422972202301,0.728842854499817,0.720136821269989,0.717527985572815,0.723983883857727,0.725484609603882,0.723552405834198,0.684634983539581,0.665832757949829,0.64883941411972
"2025-01-16",0.920419871807098,0.964078783988953,1.07004630565643,1.11350011825562,1.10425412654877,1.06151390075684,1.179891705513,1.24479007720947,1.3065972328186,1.33932721614838,1.17480051517487,1.08061277866364,1.04706430435181,0.99369466304779,0.862096667289734,0.842714786529541,0.821423172950745,0.815782308578491,0.804564118385315,0.797280550003052,0.793133854866028,0.780127227306366,0.767296731472015,0.749571919441223,0.720328330993652,0.705061733722687,0.68513298034668,0.668648600578308,0.658111155033112,0.678016304969788,0.716424822807312,0.71307361125946,0.707710981369019,0.702023983001709,0.645701050758362,0.632734835147858,0.624853193759918,0.644817888736725,0.639369606971741,0.633118867874146,0.642219305038452,0.647489190101624,0.648009777069092,0.624364852905273,0.610769212245941,0.598000586032867
"2025-01-17",0.902343273162842,0.928687274456024,0.994264841079712,1.02189230918884,1.00580215454102,0.981883406639099,1.10280454158783,1.15175724029541,1.187952876091,1.20937049388885,1.0886960029602,1.02352869510651,0.982772409915924,0.919669270515442,0.773604035377502,0.75246250629425,0.73089325428009,0.725015163421631,0.718547224998474,0.722028374671936,0.720873832702637,0.712426602840424,0.701806664466858,0.685519516468048,0.656498908996582,0.643560171127319,0.626579821109772,0.612290561199188,0.601978123188019,0.608404040336609,0.631857097148895,0.62831711769104,0.623014569282532,0.617814660072327,0.57748407125473,0.568769097328186,0.56379222869873,0.577865183353424,0.573990702629089,0.566250085830688,0.576036632061005,0.582025289535522,0.583065509796143,0.568100810050964,0.558815181255341,0.550133526325226
"2025-01-18",0.895715355873108,0.905171394348145,0.941463708877563,0.960355460643768,0.951726675033569,0.940951585769653,1.0525586605072,1.06243968009949,1.05565857887268,1.06089627742767,0.9608154296875,0.927240133285522,0.878272294998169,0.806960821151733,0.674407303333282,0.657462477684021,0.644378423690796,0.653685748577118,0.650499761104584,0.654959499835968,0.65403163433075,0.646670639514923,0.635913908481598,0.619949698448181,0.592406630516052,0.581104099750519,0.566594541072845,0.554582417011261,0.545566976070404,0.54532665014267,0.559354722499847,0.55571860074997,0.550570249557495,0.545879304409027,0.517205834388733,0.511849641799927,0.509251832962036,0.519307792186737,0.517013251781464,0.508233189582825,0.518408358097076,0.524538993835449,0.525836884975433,0.516522407531738,0.510342955589294,0.504559695720673
"2025-01-19",0.844681560993195,0.845348417758942,0.882985830307007,0.896584689617157,0.889641523361206,0.875078558921814,0.956737518310547,0.951807856559753,0.927805542945862,0.921086668968201,0.821299850940704,0.799740374088287,0.753843188285828,0.690736651420593,0.59226381778717,0.584556460380554,0.581424176692963,0.602003574371338,0.599609732627869,0.601309418678284,0.599254846572876,0.591129660606384,0.579165279865265,0.562863647937775,0.537115693092346,0.526928007602692,0.513980507850647,0.503258764743805,0.49489951133728,0.491253346204758,0.501361668109894,0.498524338006973,0.494596242904663,0.491130858659744,0.470539927482605,0.466927796602249,0.465424597263336,0.473620712757111,0.471877783536911,0.462112247943878,0.471709430217743,0.477748513221741,0.479333251714706,0.472726434469223,0.468513995409012,0.464774489402771
"2025-01-20",1.10714173316956,1.13003373146057,1.19172239303589,1.22521829605103,1.23807978630066,1.1959627866745,1.30760860443115,1.27725112438202,1.25259828567505,1.26865839958191,1.01821506023407,1.0439475774765,0.983557283878326,0.90203058719635,0.855196952819824,0.815412521362305,0.785228490829468,0.848973512649536,0.822835087776184,0.876953661441803,0.841188013553619,0.778325200080872,0.750744819641113,0.712043583393097,0.750993490219116,0.700439870357513,0.644276857376099,0.592941164970398,0.577073335647583,0.629409611225128,0.697111189365387,0.68077939748764,0.674055457115173,0.669711410999298,0.665189683437347,0.622826278209686,0.602039635181427,0.663979470729828,0.668588578701019,0.658806264400482,0.658540546894073,0.652951300144196,0.654613554477692,0.594140887260437,0.585589170455933,0.587279558181763
"2025-01-21",1.26119577884674,1.24660921096802,1.38389992713928,1.41413533687592,1.3961169719696,1.31111586093903,1.4413332939148,1.43790936470032,1.38288366794586,1.37081265449524,1.1704193353653,1.16681122779846,1.11075067520142,1.03166520595551,0.971377015113831,0.934667825698853,0.900378406047821,0.954294264316559,0.935909271240234,0.97194242477417,0.947498917579651,0.885835230350494,0.808495163917542,0.777575969696045,0.800920486450195,0.761790156364441,0.710097908973694,0.674282431602478,0.668458104133606,0.748414814472198,0.830892086029053,0.837045609951019,0.840825200080872,0.839586615562439,0.75299721956253,0.726371645927429,0.712584257125854,0.779939830303192,0.769698441028595,0.765423059463501,0.769495666027069,0.765040099620819,0.759262800216675,0.702390909194946,0.687158167362213,0.676836669445038
"2025-01-22",1.09258413314819,1.07211446762085,1.17708039283752,1.19895350933075,1.16461586952209,1.10825538635254,1.21184635162354,1.26562070846558,1.22102880477905,1.19373774528503,1.02875900268555,1.00769066810608,0.966537714004517,0.904292941093445,0.824386477470398,0.801091551780701,0.787124156951904,0.833030700683594,0.826407432556152,0.830858469009399,0.832540094852448,0.804612278938293,0.716841280460358,0.690960049629211,0.683341979980469,0.663374185562134,0.635059177875519,0.616570770740509,0.612326979637146,0.65937066078186,0.727612853050232,0.730901300907135,0.731186270713806,0.72905045747757,0.653276562690735,0.639766573905945,0.636069595813751,0.674248576164246,0.668984830379486,0.655293047428131,0.663865149021149,0.667977929115295,0.66785991191864,0.636356711387634,0.624149203300476,0.614136397838593
"2025-01-23",0.954036712646484,0.938772678375244,1.02230525016785,1.03387939929962,1.00501453876495,0.968092978000641,1.06215310096741,1.09835863113403,1.05640316009521,1.02778482437134,0.897363126277924,0.882385611534119,0.850450754165649,0.80036723613739,0.725537419319153,0.712717354297638,0.710034191608429,0.755361557006836,0.750641703605652,0.730859398841858,0.736461043357849,0.718068540096283,0.644985437393188,0.62360143661499,0.618892431259155,0.60519015789032,0.583291947841644,0.567955255508423,0.562772274017334,0.584938645362854,0.635661602020264,0.638402819633484,0.63837593793869,0.636802494525909,0.582017600536346,0.572407603263855,0.570733308792114,0.596273481845856,0.59329354763031,0.576111197471619,0.584403395652771,0.591167330741882,0.593790948390961,0.575446128845215,0.566113948822021,0.557989478111267
"2025-01-24",0.859341025352478,0.846361517906189,0.914857268333435,0.922841787338257,0.902101039886475,0.872612416744232,0.954134702682495,0.98711347579956,0.94449919462204,0.910094380378723,0.7975794672966,0.786017060279846,0.761651515960693,0.721824169158936,0.666430354118347,0.660658836364746,0.661535441875458,0.697028756141663,0.690791130065918,0.655644655227661,0.664301037788391,0.654569149017334,0.591854512691498,0.57323408126831,0.579783320426941,0.573831975460052,0.561358094215393,0.546653926372528,0.53542298078537,0.529689371585846,0.56920975446701,0.572413086891174,0.57354086637497,0.572392821311951,0.531086087226868,0.522943556308746,0.521577298641205,0.54052072763443,0.538020074367523,0.52043205499649,0.529191911220551,0.537599086761475,0.541980028152466,0.53000271320343,0.520480036735535,0.511306047439575
"2025-01-25",0.780378699302673,0.765467941761017,0.827713251113892,0.835462927818298,0.818596959114075,0.791861414909363,0.86004626750946,0.909128725528717,0.876009166240692,0.834824442863464,0.719617187976837,0.7054563164711,0.687124490737915,0.657633304595947,0.613698959350586,0.611112952232361,0.612689256668091,0.641619205474854,0.636534214019775,0.58966326713562,0.602853715419769,0.602747738361359,0.54784882068634,0.530396103858948,0.544441342353821,0.543862342834473,0.538442313671112,0.527405142784119,0.513067066669464,0.48177033662796,0.509329199790955,0.513433396816254,0.516556560993195,0.51729029417038,0.487271040678024,0.480394452810287,0.478146374225616,0.491719245910645,0.490480124950409,0.47176468372345,0.481036096811295,0.490884274244308,0.496735632419586,0.492485284805298,0.483460277318954,0.473225623369217
"2025-01-26",0.712179124355316,0.693980574607849,0.766088008880615,0.764698266983032,0.74743390083313,0.724002242088318,0.780432224273682,0.839600205421448,0.815030455589294,0.77147901058197,0.65554416179657,0.636103510856628,0.620800971984863,0.597344517707825,0.56169593334198,0.559691369533539,0.559832394123077,0.580172061920166,0.575890302658081,0.53046327829361,0.544119656085968,0.547170758247375,0.503325402736664,0.489374250173569,0.505843997001648,0.505832552909851,0.501838088035583,0.492216438055038,0.477574706077576,0.444457411766052,0.45847699046135,0.460769653320312,0.462338864803314,0.462462544441223,0.439470857381821,0.434569746255875,0.433014571666718,0.442310661077499,0.442135512828827,0.426572978496552,0.435723215341568,0.445200383663177,0.450715899467468,0.449551552534103,0.442397713661194,0.434510827064514
"2025-01-27",0.971442759037018,0.961915135383606,1.06555497646332,1.08296811580658,1.05590152740479,0.979210376739502,1.07391977310181,1.10586833953857,1.07820332050323,1.03656888008118,0.973319947719574,0.966448366641998,0.962216258049011,0.951478600502014,0.928989291191101,0.911950707435608,0.896268129348755,0.929873585700989,0.90798282623291,0.915786862373352,0.882012903690338,0.817958831787109,0.813035607337952,0.766109943389893,0.828085720539093,0.785214900970459,0.718770503997803,0.628297030925751,0.571496725082397,0.655673384666443,0.806007385253906,0.8001748919487,0.801151156425476,0.797484457492828,0.778411388397217,0.688116073608398,0.614980459213257,0.607817649841309,0.619639039039612,0.651879787445068,0.673985004425049,0.700824499130249,0.722711324691772,0.666747391223907,0.659478187561035,0.655744850635529
"2025-01-28",0.963901102542877,0.924163520336151,1.11981129646301,1.10512948036194,1.09692716598511,1.03503596782684,1.13222169876099,1.22461926937103,1.2560750246048,1.26450848579407,1.20347690582275,1.21556842327118,1.19838190078735,1.16745400428772,1.16758966445923,1.14719009399414,1.11723113059998,1.15022385120392,1.11951982975006,1.10887122154236,1.07059788703918,0.996999800205231,0.932645797729492,0.901601910591125,0.950021266937256,0.895465612411499,0.805989921092987,0.72164386510849,0.680206060409546,0.790317952632904,0.983911097049713,1.019526720047,1.04759788513184,1.05598986148834,0.89429771900177,0.830120921134949,0.757581651210785,0.707069575786591,0.706562757492065,0.774257659912109,0.803187727928162,0.832492828369141,0.850558757781982,0.819404900074005,0.786278605461121,0.7573162317276
"2025-01-29",0.835579931735992,0.817734181880951,0.94768750667572,0.939640879631042,0.920507073402405,0.921433806419373,1.02222585678101,1.11235904693604,1.1613974571228,1.17528486251831,1.08730399608612,1.08439362049103,1.05873727798462,1.02265691757202,1.00699579715729,0.995020687580109,0.97830331325531,0.996234893798828,0.970625698566437,0.9514479637146,0.933527231216431,0.885481357574463,0.819696426391602,0.786865234375,0.801505327224731,0.767626643180847,0.715899527072906,0.669140458106995,0.646852910518646,0.730557084083557,0.858618378639221,0.87584388256073,0.890210330486298,0.893532872200012,0.736459910869598,0.695465385913849,0.658911347389221,0.644379556179047,0.648255348205566,0.678884625434875,0.703425526618958,0.728092014789581,0.742560088634491,0.718933165073395,0.688554763793945,0.657758355140686
"2025-01-30",0.869322061538696,0.865798950195312,0.947043895721436,0.943698704242706,0.91998964548111,0.929125964641571,1.03948271274567,1.10586953163147,1.11703681945801,1.10350036621094,0.987536251544952,0.971455574035645,0.948782563209534,0.915764391422272,0.888797700405121,0.877152681350708,0.861735880374908,0.868741512298584,0.852391600608826,0.841810643672943,0.828448295593262,0.787924647331238,0.719255328178406,0.694251239299774,0.706431984901428,0.683738887310028,0.651800334453583,0.627800464630127,0.621723175048828,0.680853843688965,0.768086969852448,0.769404590129852,0.765748500823975,0.75782299041748,0.616245448589325,0.589367687702179,0.578459858894348,0.604882717132568,0.606558263301849,0.611895024776459,0.631777107715607,0.652995705604553,0.665868520736694,0.654571771621704,0.628149747848511,0.599052786827087
"2025-01-31",0.879533767700195,0.88036322593689,0.937197744846344,0.938629269599915,0.914104461669922,0.909642159938812,1.01969361305237,1.05355501174927,1.03206717967987,1.00924718379974,0.886332750320435,0.871252775192261,0.849977552890778,0.819033861160278,0.789012670516968,0.780093133449554,0.769224464893341,0.781066417694092,0.768342971801758,0.761539995670319,0.74530553817749,0.706034421920776,0.647429347038269,0.626377940177917,0.627133071422577,0.612257659435272,0.595544755458832,0.586681842803955,0.585804641246796,0.624194264411926,0.680439174175262,0.670241594314575,0.650940418243408,0.634141087532043,0.531561553478241,0.523450195789337,0.52728796005249,0.562874913215637,0.561718225479126,0.551083922386169,0.567581295967102,0.584519684314728,0.595338523387909,0.590786039829254,0.5706827044487,0.548587322235107
"2025-02-01",0.861772298812866,0.867506623268127,0.917064428329468,0.927083551883698,0.903872728347778,0.891786694526672,0.977184414863586,0.964316606521606,0.910451054573059,0.859357357025146,0.766557157039642,0.758264482021332,0.737889766693115,0.71100652217865,0.706990301609039,0.702585101127625,0.698354005813599,0.718812882900238,0.693695068359375,0.670381426811218,0.647176861763,0.609025955200195,0.582083880901337,0.564657926559448,0.563979029655457,0.553263485431671,0.541459441184998,0.534296452999115,0.531283915042877,0.561909317970276,0.593770086765289,0.578916549682617,0.558044373989105,0.541073322296143,0.477240025997162,0.479922235012054,0.485901653766632,0.512154877185822,0.508076310157776,0.503609776496887,0.518128573894501,0.530636072158813,0.537935972213745,0.526457250118256,0.511899471282959,0.498506098985672
"2025-02-02",0.850005328655243,0.863297343254089,0.90655243396759,0.9308922290802,0.915461480617523,0.884472727775574,0.935977101325989,0.891533493995667,0.810718417167664,0.741616368293762,0.658277034759521,0.650286853313446,0.63884961605072,0.627036809921265,0.645301043987274,0.640785098075867,0.630521953105927,0.631459951400757,0.601312637329102,0.56954437494278,0.556546628475189,0.533568322658539,0.518390774726868,0.505985617637634,0.507331967353821,0.500251173973083,0.49149888753891,0.483557552099228,0.477377265691757,0.489974200725555,0.508544921875,0.497500270605087,0.48446524143219,0.474326133728027,0.434984534978867,0.437437236309052,0.441947102546692,0.465854853391647,0.463517099618912,0.459836632013321,0.472141474485397,0.481934815645218,0.486723750829697,0.473311960697174,0.460918635129929,0.448784053325653
"2025-02-03",1.04792785644531,1.11918032169342,1.142782330513,1.25874137878418,1.21199727058411,1.07319474220276,1.14749073982239,1.09860682487488,1.03507733345032,1.00273585319519,0.918930649757385,0.973978936672211,0.920312166213989,0.845893263816833,0.887441039085388,0.821613669395447,0.747468948364258,0.795687019824982,0.744761407375336,0.760805606842041,0.709518134593964,0.637852430343628,0.691470563411713,0.657914400100708,0.749054670333862,0.659719824790955,0.569542050361633,0.515069961547852,0.527767837047577,0.647564589977264,0.740736365318298,0.721983194351196,0.706893682479858,0.6893590092659,0.611861944198608,0.552331209182739,0.537060141563416,0.612562119960785,0.638735353946686,0.677603900432587,0.677814424037933,0.664877891540527,0.655939519405365,0.57259327173233,0.557959258556366,0.549819707870483
"2025-02-04",1.09515333175659,1.14462327957153,1.24913120269775,1.33912241458893,1.27777695655823,1.15897655487061,1.26662683486938,1.22666382789612,1.15417850017548,1.11167788505554,1.05422580242157,1.10287809371948,1.03638923168182,0.948353886604309,0.935756802558899,0.890241086483002,0.829153895378113,0.829534709453583,0.7796870470047,0.76064944267273,0.718811631202698,0.662412047386169,0.699993133544922,0.664869606494904,0.711677551269531,0.667347550392151,0.625523447990417,0.619764089584351,0.679542720317841,0.868655025959015,0.94525545835495,0.923618137836456,0.890277743339539,0.858586072921753,0.646408557891846,0.618384003639221,0.630160510540009,0.763836145401001,0.7637779712677,0.786637365818024,0.786191761493683,0.774943053722382,0.764090538024902,0.684113383293152,0.662619113922119,0.646163463592529
"2025-02-05",0.97685980796814,1.00958681106567,1.09887504577637,1.17318367958069,1.13920712471008,1.05843138694763,1.14684581756592,1.11574673652649,1.01976633071899,0.953171908855438,0.88021856546402,0.895013630390167,0.862249851226807,0.815848112106323,0.800562620162964,0.775195240974426,0.734479188919067,0.690597593784332,0.654159784317017,0.607759833335876,0.590860247612,0.562710762023926,0.555661201477051,0.542349874973297,0.572300910949707,0.571167290210724,0.576094448566437,0.589174866676331,0.625115036964417,0.73214453458786,0.79851359128952,0.776678204536438,0.747776746749878,0.722134470939636,0.567590236663818,0.554878056049347,0.570043921470642,0.66662061214447,0.662317514419556,0.658133089542389,0.667148232460022,0.669547080993652,0.667604923248291,0.627445578575134,0.609370350837708,0.592242896556854
"2025-02-06",0.882750153541565,0.905319929122925,0.98701798915863,1.04572117328644,1.02896571159363,0.969637393951416,1.06916463375092,1.04402041435242,0.944661498069763,0.866583049297333,0.769570648670197,0.762211918830872,0.742060959339142,0.713877618312836,0.706284403800964,0.686792135238647,0.654627323150635,0.604507207870483,0.571156740188599,0.523279249668121,0.513897776603699,0.496518403291702,0.487575352191925,0.483896136283875,0.518609046936035,0.523448705673218,0.532756686210632,0.543531239032745,0.56011301279068,0.629296898841858,0.675353825092316,0.658119261264801,0.636768043041229,0.618186593055725,0.510140657424927,0.50290048122406,0.51304018497467,0.586826860904694,0.582083821296692,0.573628306388855,0.584783673286438,0.59143328666687,0.592472493648529,0.570285856723785,0.556091964244843,0.541379809379578
"2025-02-07",0.829450786113739,0.847444653511047,0.922636151313782,0.961232423782349,0.954404711723328,0.916304051876068,1.01661896705627,0.976127803325653,0.867842972278595,0.783879995346069,0.676205158233643,0.663687467575073,0.64930248260498,0.629979431629181,0.623093008995056,0.604552149772644,0.574536144733429,0.526203513145447,0.502202272415161,0.459558427333832,0.456438273191452,0.449183642864227,0.450503468513489,0.451137602329254,0.48532435297966,0.490190982818604,0.497133135795593,0.502998948097229,0.509421944618225,0.55072546005249,0.58181095123291,0.567464113235474,0.550249576568604,0.536015510559082,0.461076140403748,0.457650423049927,0.464212954044342,0.5246342420578,0.521455407142639,0.513445258140564,0.524431705474854,0.531968295574188,0.533875167369843,0.519014000892639,0.507302284240723,0.49479204416275
"2025-02-08",0.787634134292603,0.80527263879776,0.866573572158813,0.905317068099976,0.901777982711792,0.863759756088257,0.939654350280762,0.882976293563843,0.773556292057037,0.692138671875,0.594815075397491,0.583160877227783,0.573049545288086,0.559412062168121,0.553136467933655,0.537935256958008,0.512900412082672,0.467514157295227,0.448063433170319,0.41792020201683,0.419395595788956,0.418897122144699,0.426260828971863,0.426812916994095,0.455129653215408,0.457618296146393,0.460258275270462,0.46139469742775,0.46313863992691,0.485033214092255,0.508433103561401,0.498663812875748,0.486644208431244,0.476797223091125,0.419925808906555,0.417478621006012,0.423420906066895,0.472581505775452,0.471566826105118,0.464061200618744,0.475059032440186,0.483231842517853,0.486232846975327,0.474767625331879,0.464503318071365,0.453013300895691
"2025-02-09",0.750333607196808,0.760045289993286,0.81865656375885,0.850099205970764,0.840372443199158,0.794500589370728,0.833916544914246,0.775115847587585,0.680636644363403,0.606807827949524,0.524399995803833,0.514409065246582,0.507977664470673,0.499204903841019,0.49594047665596,0.483746469020844,0.462283074855804,0.420878648757935,0.407287359237671,0.38912695646286,0.393514335155487,0.396377176046371,0.404241919517517,0.404004573822021,0.424411833286285,0.424489855766296,0.42406165599823,0.422488272190094,0.420502930879593,0.433349668979645,0.451485335826874,0.44393602013588,0.434216678142548,0.426639348268509,0.383009284734726,0.38371080160141,0.391826719045639,0.430534183979034,0.429542511701584,0.421676695346832,0.432268559932709,0.440683484077454,0.444718509912491,0.435787677764893,0.426561832427979,0.416544824838638
"2025-02-10",0.969514608383179,1.00943279266357,1.02296280860901,1.09693348407745,1.09230995178223,0.968985438346863,0.893627524375916,0.782321929931641,0.632496058940887,0.548725068569183,0.503318905830383,0.50118362903595,0.545336604118347,0.59960013628006,0.601000428199768,0.555596172809601,0.486110955476761,0.390146255493164,0.389684498310089,0.384410977363586,0.391762971878052,0.393582224845886,0.384672492742538,0.38845306634903,0.420232832431793,0.432357162237167,0.438378274440765,0.42275869846344,0.403395563364029,0.395130336284637,0.406968414783478,0.412155985832214,0.425503015518188,0.445647925138474,0.522952079772949,0.498997360467911,0.454839795827866,0.439437925815582,0.449483543634415,0.467219680547714,0.48924508690834,0.49946004152298,0.493733376264572,0.440660178661346,0.430272400379181,0.42240446805954
"2025-02-11",1.02143287658691,1.04037952423096,1.1362179517746,1.19840908050537,1.16402316093445,1.00659334659576,0.888822197914124,0.786920487880707,0.622055411338806,0.540759682655334,0.548571705818176,0.577223181724548,0.600308835506439,0.623181939125061,0.669421195983887,0.629331350326538,0.554591298103333,0.389222025871277,0.379397392272949,0.377303242683411,0.383386850357056,0.387794762849808,0.379531770944595,0.387944668531418,0.426863014698029,0.425321608781815,0.413161665201187,0.39686843752861,0.386386066675186,0.377357959747314,0.398215532302856,0.423993229866028,0.457131624221802,0.486047804355621,0.542040944099426,0.518309593200684,0.485614001750946,0.480724096298218,0.485854148864746,0.499024897813797,0.514717698097229,0.523465037345886,0.523938953876495,0.471685975790024,0.457520604133606,0.446425318717957
"2025-02-12",0.886744976043701,0.896193385124207,1.00630831718445,1.05585384368896,1.00165522098541,0.872442901134491,0.773644983768463,0.693155288696289,0.578071892261505,0.524170160293579,0.512798309326172,0.535395801067352,0.536134600639343,0.537329435348511,0.581109762191772,0.54917848110199,0.491782486438751,0.367942571640015,0.359361916780472,0.354420244693756,0.362696379423141,0.370910227298737,0.370798140764236,0.371275991201401,0.384382158517838,0.381777763366699,0.378024280071259,0.377330124378204,0.381883859634399,0.387578725814819,0.4102863073349,0.423786520957947,0.440288841724396,0.451947331428528,0.458857983350754,0.44822496175766,0.437342286109924,0.451391667127609,0.450010180473328,0.445259124040604,0.458064764738083,0.468321353197098,0.472288846969604,0.443216115236282,0.429805368185043,0.417069733142853
"2025-02-13",0.769925653934479,0.796099305152893,0.884288549423218,0.945822358131409,0.894906520843506,0.783580303192139,0.692738175392151,0.625080943107605,0.538907289505005,0.489371657371521,0.466986119747162,0.480946660041809,0.478453397750854,0.475726157426834,0.507264733314514,0.48593258857727,0.446580708026886,0.367100298404694,0.354873806238174,0.339726865291595,0.344115436077118,0.348748326301575,0.352026283740997,0.350419491529465,0.354388356208801,0.355104982852936,0.357333242893219,0.363634049892426,0.373165607452393,0.382862210273743,0.402840673923492,0.408378154039383,0.415395081043243,0.419904619455338,0.417076349258423,0.41268464922905,0.407978147268295,0.419371545314789,0.417502462863922,0.408819228410721,0.419629245996475,0.428679466247559,0.433094680309296,0.412140399217606,0.400496900081635,0.388775736093521
"2025-02-14",0.659304976463318,0.696704804897308,0.760599136352539,0.813674688339233,0.779054880142212,0.684258759021759,0.611801505088806,0.555956244468689,0.49381610751152,0.448248445987701,0.422576159238815,0.42877259850502,0.427659928798676,0.425662338733673,0.438625335693359,0.421691596508026,0.394999921321869,0.348374307155609,0.337473779916763,0.316301941871643,0.322171717882156,0.327668100595474,0.331121385097504,0.330227851867676,0.331545770168304,0.334640026092529,0.340167999267578,0.347639352083206,0.35733699798584,0.367057979106903,0.382286489009857,0.384589403867722,0.387010991573334,0.388420969247818,0.382665455341339,0.379735440015793,0.376911789178848,0.386709034442902,0.384079396724701,0.378215789794922,0.388757765293121,0.3957599401474,0.397996008396149,0.383105605840683,0.373514413833618,0.364282160997391
"2025-02-15",0.634848952293396,0.66758120059967,0.720896601676941,0.757139384746552,0.712621450424194,0.621618509292603,0.541359782218933,0.497842073440552,0.443732619285583,0.403800845146179,0.384715557098389,0.388525426387787,0.386642932891846,0.383242696523666,0.380599915981293,0.369222402572632,0.352836132049561,0.316367566585541,0.312201201915741,0.300619274377823,0.308335602283478,0.314900875091553,0.314314186573029,0.315638154745102,0.320766359567642,0.326098293066025,0.333630114793777,0.340922683477402,0.347767382860184,0.350906133651733,0.360986560583115,0.36112841963768,0.360733509063721,0.36002254486084,0.350631147623062,0.348197907209396,0.346638411283493,0.355686157941818,0.354403287172318,0.34965991973877,0.359440982341766,0.365395426750183,0.366761684417725,0.355954170227051,0.348620533943176,0.34178239107132
"2025-02-16",0.649935960769653,0.672460317611694,0.696599364280701,0.726087212562561,0.666146636009216,0.574868440628052,0.500562429428101,0.457288265228271,0.405917674303055,0.370018839836121,0.35163140296936,0.353895664215088,0.352192044258118,0.349393367767334,0.345318377017975,0.337136179208755,0.325657427310944,0.29973492026329,0.298283487558365,0.289016425609589,0.297855943441391,0.306267410516739,0.306577980518341,0.3094282746315,0.316321790218353,0.320893883705139,0.326486468315125,0.330791383981705,0.333344876766205,0.330612570047379,0.33883211016655,0.337879240512848,0.3362917304039,0.334803611040115,0.32570669054985,0.324194550514221,0.323682427406311,0.331030488014221,0.33012580871582,0.324255436658859,0.33354189991951,0.339142113924026,0.340447425842285,0.332244336605072,0.326705187559128,0.321624100208282
"2025-02-17",0.921192526817322,0.99018144607544,0.988838315010071,1.07620978355408,1.07013750076294,0.957822680473328,0.971088171005249,0.90896886587143,0.836794376373291,0.793870508670807,0.735956609249115,0.834498286247253,0.742343962192535,0.655565440654755,0.671752512454987,0.605377674102783,0.545741021633148,0.588529407978058,0.530143678188324,0.580050349235535,0.524771332740784,0.45836678147316,0.529409766197205,0.489090144634247,0.567242622375488,0.498409450054169,0.433389902114868,0.387411952018738,0.382193386554718,0.481288194656372,0.577816069126129,0.552951216697693,0.534802138805389,0.519595742225647,0.473531246185303,0.430593878030777,0.412451207637787,0.456792205572128,0.47400176525116,0.506247341632843,0.513900339603424,0.51485675573349,0.514209449291229,0.455227077007294,0.44570255279541,0.442729711532593
"2025-02-18",1.08070147037506,1.13096570968628,1.26840627193451,1.36456429958344,1.34067678451538,1.18688404560089,1.2308714389801,1.16303420066833,1.08768129348755,1.03624927997589,0.987262904644012,1.02858674526215,0.960111737251282,0.867807984352112,0.792198717594147,0.736748516559601,0.671181738376617,0.639758884906769,0.595706939697266,0.585503935813904,0.553487122058868,0.51684582233429,0.561140060424805,0.533257603645325,0.561642587184906,0.522016942501068,0.482868254184723,0.474101901054382,0.505872786045074,0.664412140846252,0.753154218196869,0.736259162425995,0.710259675979614,0.684353768825531,0.528459429740906,0.501406967639923,0.499168872833252,0.589171946048737,0.593502819538116,0.627511978149414,0.634556412696838,0.634763956069946,0.630406856536865,0.576684832572937,0.557995319366455,0.542275905609131
"2025-02-19",1.01156115531921,1.04964900016785,1.15329360961914,1.22520625591278,1.14934146404266,1.01362347602844,1.01929461956024,0.968377709388733,0.911733388900757,0.869329690933228,0.823168396949768,0.840363383293152,0.797407388687134,0.735770225524902,0.6567462682724,0.618764698505402,0.571739196777344,0.512476086616516,0.490286469459534,0.465437710285187,0.461810648441315,0.452937662601471,0.457490652799606,0.446494281291962,0.459622532129288,0.459693223237991,0.466789722442627,0.483526825904846,0.511566698551178,0.596583366394043,0.655270099639893,0.636195003986359,0.611166656017303,0.589491546154022,0.47491517663002,0.463803797960281,0.468809604644775,0.540337562561035,0.539074778556824,0.548376619815826,0.558759391307831,0.564685344696045,0.564959347248077,0.534811973571777,0.517052710056305,0.499803751707077
"2025-02-20",0.923068761825562,0.95540463924408,1.01503682136536,1.07254886627197,0.99610161781311,0.887136042118073,0.87313187122345,0.836436629295349,0.787421107292175,0.753073573112488,0.70688784122467,0.712786436080933,0.683815836906433,0.639477372169495,0.566856622695923,0.537947773933411,0.501740157604218,0.444545090198517,0.430061817169189,0.407778859138489,0.410380661487579,0.409222215414047,0.409831285476685,0.40890696644783,0.431482493877411,0.438840806484222,0.451628744602203,0.465906620025635,0.483346462249756,0.526791214942932,0.566162347793579,0.553275465965271,0.536267220973969,0.521480679512024,0.440931081771851,0.431912958621979,0.434354513883591,0.488081216812134,0.487581163644791,0.487783879041672,0.500233232975006,0.509715914726257,0.512138664722443,0.492668867111206,0.477599918842316,0.461603105068207
"2025-02-21",0.816465735435486,0.844612717628479,0.889534652233124,0.941053211688995,0.892771124839783,0.810311555862427,0.798911690711975,0.772984206676483,0.711768269538879,0.676859200000763,0.62886655330658,0.626343965530396,0.607211410999298,0.57573276758194,0.511522352695465,0.489507526159286,0.459450989961624,0.40423572063446,0.391220778226852,0.370413959026337,0.375290513038635,0.379299432039261,0.384264826774597,0.385911405086517,0.409629225730896,0.416353046894073,0.426554143428802,0.437646120786667,0.448482424020767,0.470460921525955,0.499934732913971,0.492678195238113,0.482554256916046,0.473328113555908,0.410648018121719,0.401362657546997,0.402879118919373,0.442762076854706,0.443776279687881,0.440410226583481,0.452358335256577,0.463187545537949,0.467822581529617,0.455246865749359,0.443096101284027,0.429428279399872
"2025-02-22",0.72530722618103,0.747379064559937,0.801105797290802,0.846691012382507,0.824268817901611,0.761320471763611,0.7634596824646,0.743481755256653,0.670977592468262,0.626450419425964,0.573315143585205,0.568722367286682,0.554574549198151,0.530490279197693,0.48028826713562,0.461703300476074,0.43133282661438,0.366931766271591,0.357863813638687,0.345143884420395,0.351916611194611,0.359550595283508,0.365085631608963,0.367803812026978,0.38963708281517,0.395093590021133,0.403893411159515,0.414517790079117,0.420383542776108,0.428455680608749,0.451432466506958,0.446467697620392,0.439491748809814,0.433011054992676,0.380917459726334,0.374365389347076,0.378758072853088,0.412660032510757,0.412391245365143,0.403830021619797,0.41358682513237,0.42368870973587,0.429798603057861,0.422382950782776,0.412677705287933,0.401463657617569
"2025-02-23",0.665982186794281,0.681902647018433,0.747322738170624,0.784921646118164,0.777576148509979,0.730303764343262,0.748661816120148,0.735885500907898,0.652538597583771,0.594536125659943,0.526532411575317,0.518406271934509,0.50619500875473,0.48665988445282,0.449826717376709,0.43380743265152,0.405367285013199,0.336999446153641,0.332720428705215,0.327072530984879,0.335277378559113,0.344625055789948,0.34936660528183,0.351714313030243,0.371739596128464,0.376858621835709,0.384968459606171,0.390975266695023,0.39234459400177,0.393575131893158,0.412345230579376,0.407961815595627,0.401455938816071,0.395736902952194,0.354001611471176,0.351241499185562,0.356594085693359,0.385868489742279,0.38556843996048,0.373752117156982,0.381793677806854,0.390443384647369,0.395652860403061,0.393369227647781,0.385518193244934,0.376022905111313
"2025-02-24",0.805681943893433,0.848657131195068,0.852348744869232,0.964482665061951,0.968703389167786,0.872341275215149,0.933718681335449,0.965614318847656,0.927881956100464,0.899833381175995,0.748095750808716,0.778128266334534,0.726973176002502,0.654357254505157,0.61764669418335,0.57545679807663,0.512303292751312,0.509616613388062,0.484621703624725,0.567196249961853,0.545530676841736,0.484185248613358,0.468773990869522,0.447471022605896,0.52568256855011,0.483134686946869,0.434902429580688,0.402400374412537,0.401878952980042,0.472833305597305,0.586631298065186,0.570401012897491,0.552142381668091,0.537631332874298,0.481029450893402,0.433658123016357,0.414368450641632,0.452903807163239,0.474262624979019,0.492737770080566,0.499408930540085,0.492626130580902,0.480071425437927,0.424847543239594,0.404552131891251,0.393547028303146
"2025-02-25",0.807306885719299,0.82498037815094,0.889919877052307,0.956783056259155,0.954372048377991,0.892403304576874,1.06136691570282,1.14680576324463,1.0877149105072,1.03416800498962,0.863858103752136,0.904586911201477,0.840023219585419,0.74611097574234,0.682250142097473,0.651138424873352,0.606873869895935,0.586288452148438,0.580372214317322,0.633217930793762,0.614257276058197,0.550881326198578,0.470927178859711,0.455114006996155,0.536187529563904,0.511719465255737,0.480953812599182,0.467145264148712,0.478462219238281,0.568015933036804,0.710127413272858,0.705707967281342,0.690514087677002,0.673914432525635,0.507483780384064,0.481487929821014,0.480874240398407,0.551174402236938,0.555421411991119,0.540390253067017,0.561693668365479,0.575250148773193,0.576363921165466,0.481864809989929,0.440771192312241,0.418972730636597
"2025-02-26",0.673853039741516,0.707938730716705,0.79463005065918,0.858821332454681,0.860413372516632,0.845743060112,1.0277544260025,0.980470418930054,0.867139458656311,0.804306507110596,0.684476613998413,0.727944314479828,0.671484470367432,0.597865045070648,0.572494983673096,0.557829141616821,0.538114428520203,0.532637476921082,0.513975322246552,0.505988359451294,0.476120293140411,0.428085267543793,0.401156485080719,0.3975850045681,0.449824154376984,0.444613993167877,0.444192171096802,0.449056148529053,0.458308100700378,0.529734134674072,0.612555623054504,0.599098384380341,0.579172611236572,0.560658395290375,0.433576434850693,0.426177233457565,0.434900283813477,0.500655472278595,0.493221163749695,0.474887549877167,0.49022388458252,0.501356065273285,0.506307125091553,0.45067086815834,0.421952605247498,0.399555802345276
"2025-02-27",0.633769035339355,0.675857841968536,0.784626483917236,0.848550200462341,0.868967890739441,0.831106424331665,0.920763373374939,0.799935698509216,0.668079137802124,0.606580495834351,0.537785947322845,0.566571235656738,0.534070193767548,0.494861841201782,0.490866482257843,0.482146114110947,0.466337412595749,0.45055964589119,0.421274751424789,0.397769212722778,0.382464677095413,0.36242288351059,0.36826941370964,0.37104332447052,0.414563685655594,0.41289210319519,0.417715013027191,0.423428177833557,0.429929852485657,0.484305411577225,0.528256952762604,0.507937014102936,0.48287695646286,0.464019358158112,0.384055465459824,0.389638394117355,0.400512903928757,0.450457274913788,0.439537167549133,0.428361713886261,0.436977863311768,0.441751927137375,0.443886041641235,0.406436920166016,0.388501644134521,0.373792171478271
"2025-02-28",0.63465017080307,0.67599880695343,0.798531651496887,0.855332732200623,0.852783441543579,0.770687162876129,0.7650226354599,0.662280201911926,0.55238676071167,0.489456295967102,0.453367948532104,0.46610289812088,0.454596996307373,0.438796699047089,0.439406394958496,0.428280830383301,0.403598964214325,0.373229801654816,0.351940482854843,0.338071286678314,0.336834877729416,0.333992898464203,0.353173851966858,0.354558557271957,0.389778673648834,0.389666080474854,0.392101585865021,0.395267456769943,0.396654933691025,0.427766859531403,0.452160894870758,0.434706628322601,0.414279043674469,0.398470044136047,0.351173043251038,0.356643617153168,0.363653302192688,0.400746256113052,0.393306970596313,0.387679666280746,0.394890248775482,0.39885887503624,0.400492429733276,0.377572745084763,0.364868223667145,0.352720379829407
"2025-03-01",0.62930166721344,0.672253489494324,0.778593897819519,0.834162712097168,0.79894894361496,0.699935972690582,0.661970138549805,0.587625026702881,0.50314849615097,0.444291889667511,0.410323798656464,0.41273707151413,0.408038198947906,0.399520397186279,0.392531096935272,0.375496357679367,0.350428342819214,0.325822114944458,0.314720392227173,0.312373489141464,0.316362917423248,0.319217443466187,0.34451612830162,0.343595176935196,0.36994206905365,0.367721796035767,0.365130960941315,0.362500220537186,0.360182642936707,0.380335628986359,0.395791232585907,0.384354680776596,0.370847582817078,0.360539525747299,0.319859594106674,0.322738647460938,0.3280448615551,0.360164880752563,0.355405181646347,0.353494137525558,0.360291510820389,0.364756882190704,0.366634368896484,0.352233290672302,0.342092365026474,0.331699341535568
"2025-03-02",0.633026123046875,0.674495816230774,0.748352408409119,0.801446080207825,0.7435502409935,0.638758659362793,0.578702092170715,0.517467677593231,0.447115063667297,0.397001624107361,0.368038058280945,0.37031289935112,0.365669131278992,0.35724213719368,0.342718094587326,0.32914075255394,0.310694068670273,0.294233322143555,0.292431235313416,0.298707574605942,0.304349303245544,0.308289855718613,0.330169916152954,0.327648133039474,0.346663951873779,0.343438059091568,0.33910083770752,0.334370046854019,0.32942396402359,0.339166283607483,0.351299673318863,0.343353748321533,0.333593636751175,0.326517194509506,0.293987840414047,0.296123445034027,0.301229864358902,0.329237073659897,0.327188849449158,0.324641287326813,0.33228075504303,0.338308393955231,0.340321809053421,0.33011382818222,0.321321725845337,0.311938911676407
"2025-03-03",0.759370505809784,0.825354933738708,0.843467235565186,0.945756196975708,0.887763977050781,0.742696404457092,0.770104646682739,0.744523286819458,0.690498769283295,0.669036269187927,0.619164288043976,0.677116870880127,0.64585155248642,0.59743082523346,0.582884907722473,0.517810940742493,0.434758722782135,0.452918767929077,0.422264873981476,0.472683906555176,0.446641981601715,0.398941189050674,0.446648865938187,0.430835664272308,0.509625852108002,0.451308250427246,0.385705918073654,0.342049866914749,0.332128256559372,0.390547335147858,0.459342658519745,0.44390594959259,0.435374170541763,0.430510699748993,0.394869446754456,0.366720497608185,0.359094977378845,0.395312994718552,0.409168213605881,0.418886303901672,0.409951686859131,0.386581003665924,0.362579822540283,0.33056229352951,0.321202129125595,0.31256639957428
"2025-03-04",0.76595664024353,0.804540872573853,0.870584726333618,0.946547627449036,0.892626523971558,0.792531549930573,0.896317481994629,0.893103420734406,0.8426433801651,0.823213577270508,0.795394122600555,0.855202317237854,0.810410618782043,0.741562485694885,0.669704794883728,0.61645120382309,0.535067200660706,0.479496002197266,0.45993310213089,0.476553022861481,0.470422923564911,0.44292289018631,0.455966174602509,0.44110095500946,0.506115794181824,0.464249730110168,0.410215258598328,0.385728865861893,0.388463735580444,0.464568138122559,0.541049003601074,0.539229094982147,0.534503102302551,0.527945876121521,0.418991833925247,0.403063714504242,0.400395512580872,0.450683921575546,0.442170351743698,0.428761184215546,0.424619078636169,0.408618867397308,0.38992440700531,0.343232065439224,0.330112725496292,0.319225192070007
"2025-03-05",0.675805687904358,0.698118686676025,0.778527736663818,0.833204865455627,0.797866702079773,0.734508514404297,0.846405744552612,0.849753737449646,0.778034210205078,0.726488530635834,0.671107888221741,0.708583831787109,0.678791046142578,0.633292019367218,0.588690042495728,0.555613577365875,0.497330844402313,0.404634267091751,0.388724863529205,0.386746883392334,0.389178395271301,0.37924998998642,0.374536573886871,0.365379869937897,0.395901739597321,0.382855325937271,0.369921058416367,0.371862262487411,0.380881488323212,0.423619270324707,0.48248627781868,0.477762877941132,0.469712674617767,0.461233675479889,0.359296441078186,0.349420756101608,0.351240247488022,0.392504662275314,0.381656289100647,0.362984180450439,0.365643501281738,0.36413362622261,0.359960973262787,0.330759465694427,0.318503648042679,0.307130426168442
"2025-03-06",0.617238998413086,0.626153349876404,0.724610209465027,0.760207712650299,0.738982081413269,0.694589257240295,0.81662130355835,0.831629753112793,0.741138458251953,0.661641597747803,0.581973671913147,0.603342235088348,0.581959128379822,0.550495803356171,0.531333208084106,0.508950710296631,0.464163094758987,0.360734879970551,0.345077008008957,0.33844318985939,0.34064131975174,0.335803806781769,0.325134962797165,0.320972889661789,0.345507323741913,0.345217406749725,0.350283682346344,0.356539279222488,0.361715078353882,0.384108632802963,0.428319692611694,0.423762202262878,0.41587969660759,0.407762497663498,0.324503630399704,0.315130323171616,0.316374927759171,0.345513671636581,0.339367926120758,0.324335873126984,0.328887373209,0.332026243209839,0.332616060972214,0.314039587974548,0.303335905075073,0.293213903903961
"2025-03-07",0.573726415634155,0.576938509941101,0.677456438541412,0.708067417144775,0.695484757423401,0.663531541824341,0.79861307144165,0.8161461353302,0.718008995056152,0.620538413524628,0.513661801815033,0.52179753780365,0.504455208778381,0.480909317731857,0.475918859243393,0.459976762533188,0.425060749053955,0.330424576997757,0.315425306558609,0.304175794124603,0.30613699555397,0.304181724786758,0.291656881570816,0.290910720825195,0.314604789018631,0.320744186639786,0.329273045063019,0.335083454847336,0.336949855089188,0.348015546798706,0.381672620773315,0.377834320068359,0.371555387973785,0.36507710814476,0.296871393918991,0.288535326719284,0.289341479539871,0.310566157102585,0.307447761297226,0.296009123325348,0.30121836066246,0.306075155735016,0.308373093605042,0.296469449996948,0.287432700395584,0.278397113084793
"2025-03-08",0.55258697271347,0.546882569789886,0.650787532329559,0.670701861381531,0.661650776863098,0.639054775238037,0.78595757484436,0.819896340370178,0.723747313022614,0.608938753604889,0.46611276268959,0.459442794322968,0.444265186786652,0.425168603658676,0.424472868442535,0.412721931934357,0.386284828186035,0.309344798326492,0.296351671218872,0.282259821891785,0.283596158027649,0.282738029956818,0.269270151853561,0.269832372665405,0.291630864143372,0.299233615398407,0.307744354009628,0.312613427639008,0.312791436910629,0.317986011505127,0.344031304121017,0.340385138988495,0.335095763206482,0.329759895801544,0.273900777101517,0.267135828733444,0.268180340528488,0.285475194454193,0.283947199583054,0.274231374263763,0.279306620359421,0.284437865018845,0.287267416715622,0.280551463365555,0.272790491580963,0.264764726161957
"2025-03-09",0.544806361198425,0.525331556797028,0.629411339759827,0.641445636749268,0.631171524524689,0.614473581314087,0.767986178398132,0.834852814674377,0.757713675498962,0.629309415817261,0.439003765583038,0.411128222942352,0.397680580615997,0.380804508924484,0.376729965209961,0.36888861656189,0.351344794034958,0.296145617961884,0.286390483379364,0.267639517784119,0.267746567726135,0.265808999538422,0.251827865839005,0.25271612405777,0.271692097187042,0.279125958681107,0.285668283700943,0.287836045026779,0.285073161125183,0.290725141763687,0.311716109514236,0.309030324220657,0.304659277200699,0.300272345542908,0.256712019443512,0.250157833099365,0.249927952885628,0.264455765485764,0.26378932595253,0.25546595454216,0.260221600532532,0.26521098613739,0.268086582422256,0.264751136302948,0.258068382740021,0.251486271619797
"2025-03-10",0.861060976982117,0.831550061702728,0.968880712985992,1.02896976470947,0.998541951179504,0.825449824333191,0.916239023208618,1.01179802417755,1.00016307830811,0.939106702804565,0.783134698867798,0.811535239219666,0.767476439476013,0.692128896713257,0.648122787475586,0.586966693401337,0.504110634326935,0.487885266542435,0.461130797863007,0.494966089725494,0.460747957229614,0.402411878108978,0.423895597457886,0.413077920675278,0.437969267368317,0.380459249019623,0.308467626571655,0.259437143802643,0.249467775225639,0.323943138122559,0.400628119707108,0.391205817461014,0.377737015485764,0.364704310894012,0.314225971698761,0.284821182489395,0.273762196302414,0.306938201189041,0.321778029203415,0.350306749343872,0.348336279392242,0.335719108581543,0.321955621242523,0.287768840789795,0.280241668224335,0.271943897008896
"2025-03-11",1.10656595230103,1.05043649673462,1.26284837722778,1.25736212730408,1.13335514068604,0.997798562049866,1.07452392578125,1.20399045944214,1.22203826904297,1.1796201467514,1.01651751995087,1.05884993076324,0.982806861400604,0.858713746070862,0.744378745555878,0.681150197982788,0.600011229515076,0.570792615413666,0.549801647663116,0.572075724601746,0.55383950471878,0.500756561756134,0.482374548912048,0.446816623210907,0.464756011962891,0.412368535995483,0.341228514909744,0.28773245215416,0.27162766456604,0.377717077732086,0.465216517448425,0.464720636606216,0.458425253629684,0.448688864707947,0.336029708385468,0.31441867351532,0.311142981052399,0.365837275981903,0.37400871515274,0.398706495761871,0.405415117740631,0.404154539108276,0.397887527942657,0.3331478536129,0.31292313337326,0.297112911939621
"2025-03-12",0.996991693973541,0.932748973369598,1.12530922889709,1.10036659240723,1.00241708755493,0.920524656772614,1.03359174728394,1.20487093925476,1.27567100524902,1.24988996982574,0.954385697841644,0.888932168483734,0.839150071144104,0.756470143795013,0.619415163993835,0.582377195358276,0.537419438362122,0.50431090593338,0.491613984107971,0.476898193359375,0.465684592723846,0.427222788333893,0.372585564851761,0.347327768802643,0.362765908241272,0.337774515151978,0.304007709026337,0.279253393411636,0.271611511707306,0.349689990282059,0.416773438453674,0.417479634284973,0.413997381925583,0.405988335609436,0.303619623184204,0.289519399404526,0.289775729179382,0.339332640171051,0.342870265245438,0.357964754104614,0.366371005773544,0.372242152690887,0.373530745506287,0.332280993461609,0.309470802545547,0.290449261665344
"2025-03-13",0.868054032325745,0.820049405097961,0.984011054039001,0.961312294006348,0.895049095153809,0.840039193630219,0.950782299041748,1.12690901756287,1.25182044506073,1.28619575500488,0.976199090480804,0.853448748588562,0.812346816062927,0.738261580467224,0.569994449615479,0.538995504379272,0.502436995506287,0.46308907866478,0.449103832244873,0.402667850255966,0.395913183689117,0.366125136613846,0.302020013332367,0.286226004362106,0.303168684244156,0.291683405637741,0.275150328874588,0.262390434741974,0.25939217209816,0.320244371891022,0.374515861272812,0.374410212039948,0.370909512042999,0.364740788936615,0.276577472686768,0.264636993408203,0.264757931232452,0.305116981267929,0.309582203626633,0.327147245407104,0.3352310359478,0.342560470104218,0.345879226922989,0.321097105741501,0.299416929483414,0.279281705617905
"2025-03-14",0.759759485721588,0.724340438842773,0.87847363948822,0.86304634809494,0.818991422653198,0.793685495853424,0.925990104675293,1.07809138298035,1.1709520816803,1.17946636676788,0.889407992362976,0.782606720924377,0.733518719673157,0.648637235164642,0.487292438745499,0.461949169635773,0.432455658912659,0.395145922899246,0.371892541646957,0.328091263771057,0.310538530349731,0.281383752822876,0.250984817743301,0.243466749787331,0.260945320129395,0.256069332361221,0.250803917646408,0.249275743961334,0.252732336521149,0.297397583723068,0.336093723773956,0.332542419433594,0.324743628501892,0.317060351371765,0.245600655674934,0.239451631903648,0.243100613355637,0.278102517127991,0.283132344484329,0.299997389316559,0.307826995849609,0.314445495605469,0.316637337207794,0.298816978931427,0.281784921884537,0.263458400964737
"2025-03-15",0.711797595024109,0.682772874832153,0.832004904747009,0.816390872001648,0.805052995681763,0.828421175479889,1.04408860206604,1.08741688728333,1.01501619815826,0.919843316078186,0.627670407295227,0.568217754364014,0.515605211257935,0.440917998552322,0.369032174348831,0.356294393539429,0.329970955848694,0.297823220491409,0.274928510189056,0.257405042648315,0.240952581167221,0.222507759928703,0.224857583642006,0.223379328846931,0.245333328843117,0.243718028068542,0.243398368358612,0.244803875684738,0.2465540766716,0.280064612627029,0.303188264369965,0.291161417961121,0.275902777910233,0.265842139720917,0.223089605569839,0.229065209627151,0.238126277923584,0.275106489658356,0.274703115224838,0.285348623991013,0.291358202695847,0.295409142971039,0.296750783920288,0.277072966098785,0.263046592473984,0.248575806617737
"2025-03-16",0.722867488861084,0.688250482082367,0.838354349136353,0.818918883800507,0.83976137638092,0.86090362071991,1.05140948295593,0.95249080657959,0.749096810817719,0.627498507499695,0.417011082172394,0.390746861696243,0.372148394584656,0.338251233100891,0.30234283208847,0.283816874027252,0.254247069358826,0.226761132478714,0.216173723340034,0.210977703332901,0.209076881408691,0.206032648682594,0.215573564171791,0.215708747506142,0.236519888043404,0.233280271291733,0.230034619569778,0.22757388651371,0.226297691464424,0.250640451908112,0.262706458568573,0.25233268737793,0.240648686885834,0.232572615146637,0.216380760073662,0.223877653479576,0.230555072426796,0.265477508306503,0.262260496616364,0.268419742584229,0.273121237754822,0.27608734369278,0.277430504560471,0.260006129741669,0.247113913297653,0.234089493751526
"2025-03-17",1.37281370162964,1.34712219238281,1.4276294708252,1.4724006652832,1.45853638648987,1.31939613819122,1.3984158039093,1.2547767162323,1.08716261386871,0.999587595462799,0.842999398708344,0.889862418174744,0.820610761642456,0.713863015174866,0.684170484542847,0.605708122253418,0.529964685440063,0.582649350166321,0.519528865814209,0.571632981300354,0.508864104747772,0.438669294118881,0.530766665935516,0.502381682395935,0.577440798282623,0.486335873603821,0.381982088088989,0.308993607759476,0.293955057859421,0.411787420511246,0.498312473297119,0.465770393610001,0.443307101726532,0.42814427614212,0.388570487499237,0.346496760845184,0.328587472438812,0.408182889223099,0.433941155672073,0.519585967063904,0.484418749809265,0.4318927526474,0.40200874209404,0.314236551523209,0.297631025314331,0.286311477422714
"2025-03-18",1.71392381191254,1.59147620201111,1.78256690502167,1.84223902225494,1.81458473205566,1.62470328807831,1.63744592666626,1.52504277229309,1.35700666904449,1.23901271820068,1.10523998737335,1.14206671714783,1.06553065776825,0.944786429405212,0.827940940856934,0.7641641497612,0.688345909118652,0.679125785827637,0.622016906738281,0.641205251216888,0.597672462463379,0.544969916343689,0.63469398021698,0.585179150104523,0.607322752475739,0.533754706382751,0.45232218503952,0.410018444061279,0.418479889631271,0.590242207050323,0.670551180839539,0.650105953216553,0.621513485908508,0.596089899539948,0.432327121496201,0.409683734178543,0.412706792354584,0.547810316085815,0.539993524551392,0.599099159240723,0.568175613880157,0.525671899318695,0.498814821243286,0.381872951984406,0.361257642507553,0.347105324268341
"2025-03-19",1.44369685649872,1.34887266159058,1.57674598693848,1.61952710151672,1.61669540405273,1.46801924705505,1.51232481002808,1.42898321151733,1.25782740116119,1.1068696975708,0.925435662269592,0.913421273231506,0.867871999740601,0.789535760879517,0.66638994216919,0.622553944587708,0.567346394062042,0.524998784065247,0.49848210811615,0.48433855175972,0.470365405082703,0.447246700525284,0.461712002754211,0.436099320650101,0.433333992958069,0.414601355791092,0.39762818813324,0.39451590180397,0.41259777545929,0.510434150695801,0.567829787731171,0.549243092536926,0.52495813369751,0.504966139793396,0.372802942991257,0.361809581518173,0.369313955307007,0.455674320459366,0.451319992542267,0.465852916240692,0.461385250091553,0.449551969766617,0.439493894577026,0.374534249305725,0.353414326906204,0.335500955581665
"2025-03-20",1.25210928916931,1.19300615787506,1.39725494384766,1.43009543418884,1.42044520378113,1.29213666915894,1.4158548116684,1.41561365127563,1.28941869735718,1.12841010093689,0.872186362743378,0.807941198348999,0.77571028470993,0.717147588729858,0.580789089202881,0.544636905193329,0.496404886245728,0.453660488128662,0.432851761579514,0.41403591632843,0.406176120042801,0.38975402712822,0.383957296609879,0.371263176202774,0.37625002861023,0.370217442512512,0.365595191717148,0.367910921573639,0.380998641252518,0.440586000680923,0.487309724092484,0.476712763309479,0.461868137121201,0.448728829622269,0.341646462678909,0.328570127487183,0.332992374897003,0.392499983310699,0.395712733268738,0.399269878864288,0.403603464365005,0.402131915092468,0.398599028587341,0.358019888401031,0.339046239852905,0.321039289236069
"2025-03-21",1.14435911178589,1.06718730926514,1.23953652381897,1.24132704734802,1.23588955402374,1.14008700847626,1.32908427715302,1.42573475837708,1.38615047931671,1.24122250080109,0.889262616634369,0.774587035179138,0.739693641662598,0.674957752227783,0.523164689540863,0.49098801612854,0.446062237024307,0.400661021471024,0.380378127098083,0.366547644138336,0.361252427101135,0.347739636898041,0.340625286102295,0.333083748817444,0.342895090579987,0.340148270130157,0.338397085666656,0.344431221485138,0.352895170450211,0.389688611030579,0.428332895040512,0.421816855669022,0.412296146154404,0.403414309024811,0.320326149463654,0.308316916227341,0.311025589704514,0.356881558895111,0.358334928750992,0.354945659637451,0.362350523471832,0.367347091436386,0.3681600689888,0.337417960166931,0.322285890579224,0.306462049484253
"2025-03-22",1.00458359718323,0.934645473957062,1.07814514636993,1.07791185379028,1.07717776298523,1.01275825500488,1.25846862792969,1.3695365190506,1.38310432434082,1.31239330768585,0.88122946023941,0.756624579429626,0.703392207622528,0.614528059959412,0.458095371723175,0.421511709690094,0.377969026565552,0.339225441217422,0.32823720574379,0.32678359746933,0.322022438049316,0.311146557331085,0.308754473924637,0.303801119327545,0.316260099411011,0.314586520195007,0.313174545764923,0.314657688140869,0.315884828567505,0.348452746868134,0.380121856927872,0.375646501779556,0.368142545223236,0.361285954713821,0.293548971414566,0.283235549926758,0.283377766609192,0.320238590240479,0.322089791297913,0.322593718767166,0.3292036652565,0.334629744291306,0.336552619934082,0.316304445266724,0.30415752530098,0.290544658899307
"2025-03-23",0.847588539123535,0.797410845756531,0.960725784301758,0.949391603469849,0.95763373374939,0.938399434089661,1.23675084114075,1.37801575660706,1.39709794521332,1.32905781269073,0.858617901802063,0.728566706180573,0.662049293518066,0.555182695388794,0.375574469566345,0.343594998121262,0.312193512916565,0.295416116714478,0.291055291891098,0.293151289224625,0.289826929569244,0.280952781438828,0.28352302312851,0.27946075797081,0.294860750436783,0.29186075925827,0.287651270627975,0.283787608146667,0.280931830406189,0.309735774993896,0.34020471572876,0.337959796190262,0.331950902938843,0.325964719057083,0.265216201543808,0.255837321281433,0.25505518913269,0.2839295566082,0.287131756544113,0.298740178346634,0.30401074886322,0.308747261762619,0.311031967401505,0.297913640737534,0.286506623029709,0.274786651134491
"2025-03-24",2.16250777244568,1.96670460700989,1.87662625312805,1.91566109657288,1.72224986553192,1.24491035938263,1.38048279285431,1.54388308525085,1.53610610961914,1.48168337345123,1.10125482082367,1.05647873878479,0.997231125831604,0.882609605789185,0.668485641479492,0.589857280254364,0.511084079742432,0.562184572219849,0.533682525157928,0.547356605529785,0.528471231460571,0.49760165810585,0.61873984336853,0.574746489524841,0.627287209033966,0.513236999511719,0.391896903514862,0.327063769102097,0.336337298154831,0.450276017189026,0.564070641994476,0.527220964431763,0.482729643583298,0.4523945748806,0.386376202106476,0.336244344711304,0.320661425590515,0.405100166797638,0.485132813453674,0.640052556991577,0.674277305603027,0.685329794883728,0.669833898544312,0.526217699050903,0.50372326374054,0.478903263807297
"2025-03-25",2.58459401130676,2.42743396759033,2.11972975730896,2.15071535110474,1.73785865306854,1.33272063732147,1.24651288986206,1.41520571708679,1.46096646785736,1.44843709468842,1.24149775505066,1.24300336837769,1.1846764087677,1.07301926612854,0.853425860404968,0.787132859230042,0.708662450313568,0.68513035774231,0.666727781295776,0.656302630901337,0.665340662002563,0.650901794433594,0.669876635074615,0.618999481201172,0.669853687286377,0.604521155357361,0.52451628446579,0.481257349252701,0.48882845044136,0.579933106899261,0.688182950019836,0.668115019798279,0.63212776184082,0.600673735141754,0.438935428857803,0.441806316375732,0.500940144062042,0.705942273139954,0.759410202503204,0.821355700492859,0.878862142562866,0.928719699382782,0.950311183929443,0.832500159740448,0.771692037582397,0.727243363857269
"2025-03-26",1.89667081832886,1.82584095001221,1.57702660560608,1.62320780754089,1.39820563793182,1.18618273735046,1.19717085361481,1.26543390750885,1.26210236549377,1.21233856678009,1.01246678829193,1.02557373046875,0.951167821884155,0.835884213447571,0.688089728355408,0.640255033969879,0.585899770259857,0.56643396615982,0.549691915512085,0.538225889205933,0.523985385894775,0.492017418146133,0.479853868484497,0.457412421703339,0.491079390048981,0.474487781524658,0.457750856876373,0.450521528720856,0.450851261615753,0.502047300338745,0.569097995758057,0.550134420394897,0.526090443134308,0.511656939983368,0.475432842969894,0.522905290126801,0.581261873245239,0.692871332168579,0.697280585765839,0.649868130683899,0.692464113235474,0.730898678302765,0.753628373146057,0.715898096561432,0.681953251361847,0.66475522518158
"2025-03-27",1.57701241970062,1.45181798934937,1.26000797748566,1.28185200691223,1.18589079380035,1.06927096843719,1.13730216026306,1.19200456142426,1.15784525871277,1.08466374874115,0.835799634456635,0.805188119411469,0.740140914916992,0.641365766525269,0.51863968372345,0.493097484111786,0.464984834194183,0.460751801729202,0.444671154022217,0.434795081615448,0.417997002601624,0.393174797296524,0.387337327003479,0.378723829984665,0.408297896385193,0.399414241313934,0.390146553516388,0.386014521121979,0.386350035667419,0.439397215843201,0.47530660033226,0.466542363166809,0.458619803190231,0.459990501403809,0.499790132045746,0.533252596855164,0.557915449142456,0.613654971122742,0.59881979227066,0.547515213489532,0.567977666854858,0.585632145404816,0.596114575862885,0.571524322032928,0.555663228034973,0.54369467496872
"2025-03-28",1.62509632110596,1.40548312664032,1.09134471416473,1.07328104972839,1.03453469276428,0.975967049598694,1.04807090759277,1.12900185585022,1.15357792377472,1.11432600021362,0.790187835693359,0.704404473304749,0.653565526008606,0.569115996360779,0.442534029483795,0.420062482357025,0.392375886440277,0.382339656352997,0.372447401285172,0.366325467824936,0.358179777860641,0.344565570354462,0.338915169239044,0.334967702627182,0.353477656841278,0.349886357784271,0.346040576696396,0.347431123256683,0.352623760700226,0.395574867725372,0.425503790378571,0.425941526889801,0.429298549890518,0.435362964868546,0.463875651359558,0.481111288070679,0.490374594926834,0.533375144004822,0.516712784767151,0.47578564286232,0.49085533618927,0.504449307918549,0.511608600616455,0.496764838695526,0.485488533973694,0.475396394729614
"2025-03-29",1.66365385055542,1.44719743728638,1.03475153446198,0.96754378080368,0.906041204929352,0.879583477973938,0.971705436706543,1.0610990524292,1.12647235393524,1.12778460979462,0.771387577056885,0.654991865158081,0.607095718383789,0.52509617805481,0.38232696056366,0.361930191516876,0.339659601449966,0.326257646083832,0.323719024658203,0.321805775165558,0.318766415119171,0.312214225530624,0.306850016117096,0.304372638463974,0.314032077789307,0.313898652791977,0.315913677215576,0.322323620319366,0.329899966716766,0.361278474330902,0.38824588060379,0.390855133533478,0.394676148891449,0.40020614862442,0.407706618309021,0.415899753570557,0.419662475585938,0.456182837486267,0.442556798458099,0.411669671535492,0.425719201564789,0.439015418291092,0.446136772632599,0.437894761562347,0.429843753576279,0.419308185577393
"2025-03-30",1.53960514068604,1.37878012657166,1.02201128005981,0.937933385372162,0.82352215051651,0.808519601821899,0.918933868408203,1.03545761108398,1.11728954315186,1.12832760810852,0.770426154136658,0.63745129108429,0.588700175285339,0.507744014263153,0.335831165313721,0.318020522594452,0.299292653799057,0.289273977279663,0.289251208305359,0.290004879236221,0.290085315704346,0.287482231855392,0.283667653799057,0.281644463539124,0.289078056812286,0.289667934179306,0.293432176113129,0.300288021564484,0.307300209999084,0.331137955188751,0.356689661741257,0.357385605573654,0.35682088136673,0.358942151069641,0.354107856750488,0.358841985464096,0.362317681312561,0.394019961357117,0.385006904602051,0.363274037837982,0.374708592891693,0.387124508619308,0.394565582275391,0.3922179043293,0.383489668369293,0.369538068771362
"2025-03-31",4.23359632492065,4.18623304367065,2.68558979034424,1.98713839054108,1.71854281425476,2.0206732749939,1.59028232097626,1.63873362541199,1.73990261554718,1.81120324134827,1.609170794487,1.39079797267914,1.34924328327179,1.30850982666016,1.30296468734741,1.23539066314697,1.13038158416748,0.895494341850281,0.892072975635529,0.787665724754333,0.730721354484558,0.645226538181305,0.581092596054077,0.548451125621796,0.53700602054596,0.477819919586182,0.406876653432846,0.367074310779572,0.382124781608582,0.473537564277649,0.548258781433105,0.526912450790405,0.499152779579163,0.479204565286636,0.433463037014008,0.39496511220932,0.386381715536118,0.443451225757599,0.450850963592529,0.448419719934464,0.439592212438583,0.422180354595184,0.408997237682343,0.384546965360641,0.374339073896408,0.360087513923645
"2025-04-01",5.69894981384277,5.99278736114502,5.1356897354126,4.78176784515381,3.84118628501892,3.62445974349976,3.73808145523071,3.56853747367859,3.20682764053345,2.85467100143433,2.34174489974976,2.1551628112793,2.13256359100342,2.0845890045166,1.85650277137756,1.78194808959961,1.65970993041992,1.35210812091827,1.23607325553894,1.02805817127228,0.93717610836029,0.797669470310211,0.652106046676636,0.608762204647064,0.614030063152313,0.567030489444733,0.517740726470947,0.499699294567108,0.527416050434113,0.688319385051727,0.777503132820129,0.7491854429245,0.716205477714539,0.689843356609344,0.495212256908417,0.475600898265839,0.470236778259277,0.543128848075867,0.511163532733917,0.509860336780548,0.485810041427612,0.447294771671295,0.426439106464386,0.354332059621811,0.337249457836151,0.310781478881836
"2025-04-02",4.25107860565186,4.40773773193359,4.19018507003784,4.02312850952148,3.27352142333984,3.05208802223206,3.08978319168091,3.0311324596405,2.76862049102783,2.46020841598511,1.91967248916626,1.74660301208496,1.70120525360107,1.62376356124878,1.36613464355469,1.3240909576416,1.23386216163635,0.94480550289154,0.850583672523499,0.674145579338074,0.63855516910553,0.57446962594986,0.497239887714386,0.474800854921341,0.475234985351562,0.46379828453064,0.453396201133728,0.451684832572937,0.457221984863281,0.562614321708679,0.641318202018738,0.617362856864929,0.587632834911346,0.563861012458801,0.375517219305038,0.357221662998199,0.352695643901825,0.420172065496445,0.39886349439621,0.391361117362976,0.387476563453674,0.378987997770309,0.373480528593063,0.313800364732742,0.293257266283035,0.275442063808441
"2025-04-03",3.33862066268921,3.33452105522156,3.37992715835571,3.2605299949646,2.76152110099792,2.58360695838928,2.6411612033844,2.63133811950684,2.38114356994629,2.08436369895935,1.55473673343658,1.37652993202209,1.33987307548523,1.28128921985626,1.09841215610504,1.07150506973267,0.994660258293152,0.731675684452057,0.657562136650085,0.522063910961151,0.506569147109985,0.475570499897003,0.416793823242188,0.405313044786453,0.409467190504074,0.403987884521484,0.397111713886261,0.393532007932663,0.391606092453003,0.453429102897644,0.52363908290863,0.508368015289307,0.488411784172058,0.471223592758179,0.318977415561676,0.297256946563721,0.292372107505798,0.337730377912521,0.333011329174042,0.328763246536255,0.332057803869247,0.331975340843201,0.331125915050507,0.296457827091217,0.27697765827179,0.257642209529877
"2025-04-04",2.60606789588928,2.486088514328,2.77741694450378,2.67789316177368,2.3482654094696,2.20503211021423,2.30763673782349,2.40508556365967,2.20509004592896,1.90874648094177,1.31659722328186,1.13756990432739,1.0994553565979,1.04407393932343,0.942467868328094,0.918762028217316,0.858993887901306,0.634473979473114,0.577183723449707,0.461683362722397,0.446460515260696,0.424814969301224,0.383228719234467,0.372991174459457,0.363571763038635,0.358411878347397,0.351800441741943,0.347365707159042,0.343959182500839,0.376886785030365,0.432551741600037,0.4259934425354,0.416624754667282,0.407592594623566,0.295108765363693,0.272084772586823,0.262862205505371,0.289279192686081,0.288737773895264,0.289612710475922,0.295316398143768,0.299363434314728,0.300933539867401,0.278147101402283,0.261387377977371,0.244325086474419
"2025-04-05",1.93759703636169,1.83559393882751,2.26331520080566,2.18100833892822,1.96797561645508,1.8632709980011,2.01202917098999,2.19617891311646,2.13799905776978,1.89467871189117,1.22787189483643,1.00418043136597,0.965265035629272,0.915099740028381,0.819296777248383,0.806520998477936,0.765554428100586,0.601661443710327,0.557903170585632,0.439752757549286,0.427627116441727,0.408378511667252,0.366954445838928,0.358408659696579,0.336564868688583,0.32974499464035,0.321122407913208,0.313574463129044,0.309017598628998,0.328855127096176,0.372059971094131,0.367380619049072,0.361733853816986,0.356784701347351,0.267947286367416,0.248255178332329,0.237730830907822,0.260340094566345,0.260802209377289,0.262340605258942,0.269004046916962,0.275084048509598,0.27767226099968,0.260485380887985,0.246439188718796,0.231756985187531
"2025-04-06",1.18496716022491,1.19941830635071,1.65029954910278,1.67073345184326,1.61606097221375,1.55869245529175,1.7246470451355,1.87695920467377,1.88246393203735,1.73597383499146,1.13851797580719,0.915924549102783,0.88288003206253,0.840218424797058,0.737856268882751,0.727444052696228,0.702610015869141,0.574739515781403,0.543800473213196,0.415014207363129,0.405640125274658,0.387111663818359,0.339030921459198,0.326798796653748,0.306689977645874,0.29890251159668,0.288249671459198,0.278822004795074,0.271789878606796,0.28832221031189,0.32211834192276,0.315162032842636,0.305599600076675,0.29670587182045,0.224452257156372,0.213342398405075,0.210627272725105,0.235692396759987,0.236081182956696,0.243220299482346,0.248863860964775,0.252774029970169,0.253983110189438,0.242684066295624,0.232134521007538,0.220672249794006
"2025-04-07",2.48495006561279,2.31045031547546,2.65599679946899,2.76988172531128,3.14095067977905,2.79644799232483,2.74953579902649,2.79803347587585,2.83233189582825,2.87633562088013,2.19401264190674,2.04901456832886,1.89543843269348,1.69184195995331,1.57891809940338,1.52187442779541,1.45318746566772,1.28882479667664,1.19885420799255,1.01720499992371,0.932466387748718,0.779667854309082,0.643109500408173,0.60161554813385,0.611136615276337,0.537529230117798,0.446983158588409,0.371241569519043,0.339417457580566,0.43342936038971,0.531523525714874,0.51064145565033,0.487062752246857,0.463274300098419,0.391640901565552,0.323572307825089,0.28958535194397,0.349777460098267,0.383857518434525,0.47705739736557,0.47587051987648,0.453167736530304,0.437757074832916,0.352569937705994,0.337656587362289,0.32752925157547
"2025-04-08",3.82063436508179,3.57720732688904,3.70301628112793,3.69633293151855,3.72011017799377,3.43888092041016,3.43526744842529,3.59900617599487,3.6803240776062,3.70970368385315,2.99516940116882,2.73992967605591,2.6397590637207,2.46895670890808,2.03046989440918,1.97437167167664,1.90707552433014,1.70944142341614,1.62929165363312,1.31832730770111,1.22225415706635,1.0564798116684,0.80057018995285,0.746418654918671,0.721080482006073,0.664607584476471,0.585002660751343,0.517137825489044,0.481045931577682,0.57580292224884,0.691149652004242,0.692845404148102,0.685717701911926,0.673208832740784,0.500996053218842,0.44029438495636,0.406290203332901,0.461903363466263,0.492123782634735,0.597316324710846,0.609273076057434,0.604190528392792,0.591303288936615,0.492926239967346,0.467480927705765,0.448939293622971
"2025-04-09",3.10676980018616,3.0758969783783,3.14969873428345,3.02446556091309,2.79162168502808,2.66419887542725,2.82845997810364,3.22982573509216,3.53052020072937,3.67005610466003,3.14576935768127,2.67873573303223,2.61342477798462,2.48146200180054,1.77610969543457,1.7037296295166,1.61746680736542,1.40064251422882,1.35554766654968,1.13137400150299,1.09364533424377,1.0147807598114,0.729707479476929,0.678517580032349,0.598287880420685,0.572756409645081,0.535169720649719,0.498011231422424,0.475612610578537,0.506290078163147,0.593429207801819,0.59249758720398,0.587899923324585,0.581813752651215,0.440128475427628,0.409997075796127,0.398097842931747,0.430203348398209,0.45307120680809,0.493040263652802,0.510617971420288,0.522078335285187,0.522778570652008,0.4718918800354,0.44952654838562,0.428948640823364
"2025-04-10",2.43052697181702,2.44575357437134,2.62850761413574,2.47400712966919,2.22014331817627,2.18488907814026,2.35050129890442,2.8305983543396,3.263352394104,3.51556777954102,3.19603419303894,2.9257116317749,2.84851932525635,2.66771507263184,1.7949538230896,1.68861818313599,1.54217255115509,1.16923940181732,1.13609993457794,1.00673604011536,0.982856631278992,0.930625379085541,0.7211953997612,0.673084020614624,0.555625140666962,0.534645736217499,0.505964756011963,0.476184487342834,0.451358079910278,0.456222385168076,0.514596819877625,0.513047814369202,0.508180737495422,0.502381920814514,0.402129024267197,0.381516218185425,0.376586109399796,0.401096284389496,0.415976226329803,0.4303377866745,0.446396142244339,0.462063908576965,0.470153361558914,0.43999582529068,0.420847833156586,0.402027904987335
"2025-04-11",1.84585905075073,1.84972941875458,2.15788578987122,2.03097033500671,1.82420659065247,1.81591248512268,1.98866736888885,2.46823787689209,2.94360756874084,3.26339983940125,3.10061478614807,2.95179963111877,2.86108684539795,2.67449331283569,1.99332571029663,1.85391688346863,1.64889144897461,1.10131216049194,1.0434079170227,0.877737164497375,0.861798346042633,0.831900119781494,0.702090978622437,0.665589332580566,0.545540630817413,0.523939847946167,0.493464469909668,0.46076899766922,0.431180834770203,0.40891832113266,0.448254585266113,0.447680532932281,0.443816900253296,0.439400136470795,0.367163002490997,0.35246753692627,0.35022646188736,0.369698286056519,0.379610359668732,0.382671177387238,0.395428568124771,0.409265607595444,0.417816519737244,0.409400194883347,0.390797555446625,0.373536020517349
"2025-04-12",1.42828893661499,1.38824152946472,1.77202081680298,1.66752123832703,1.52276659011841,1.54034304618835,1.70089328289032,2.20787191390991,2.7202320098877,3.05815887451172,2.94791316986084,2.84621787071228,2.73886942863464,2.53564143180847,1.99319350719452,1.87465882301331,1.69707322120667,1.16661036014557,1.07604432106018,0.788498282432556,0.766422271728516,0.741290926933289,0.662473320960999,0.640314340591431,0.550468564033508,0.530429482460022,0.498697906732559,0.460478067398071,0.422082126140594,0.372814476490021,0.397890478372574,0.396972805261612,0.393424838781357,0.389763444662094,0.335044175386429,0.32553431391716,0.324935406446457,0.342053294181824,0.348731130361557,0.346209108829498,0.356453239917755,0.367603242397308,0.374688059091568,0.376725375652313,0.365053594112396,0.34772190451622
"2025-04-13",1.16397488117218,1.10039758682251,1.47325944900513,1.3582524061203,1.27048075199127,1.30812788009644,1.4653525352478,2.01132106781006,2.55832433700562,2.89942312240601,2.74098896980286,2.6828019618988,2.54868173599243,2.3033390045166,1.80722534656525,1.69412994384766,1.53137457370758,1.11529743671417,1.02836811542511,0.74137818813324,0.718835890293121,0.68773752450943,0.617069065570831,0.600719571113586,0.536224901676178,0.520516574382782,0.495176374912262,0.461379051208496,0.419773101806641,0.348487973213196,0.358572840690613,0.356210052967072,0.35169506072998,0.347242325544357,0.304377377033234,0.29837703704834,0.299164056777954,0.316032916307449,0.320228725671768,0.317191392183304,0.32575124502182,0.33512669801712,0.34117990732193,0.345207095146179,0.336535394191742,0.324148118495941
"2025-04-14",3.93414330482483,3.68834543228149,3.9702582359314,4.09017562866211,4.39318943023682,3.95035219192505,3.2576847076416,3.43712830543518,3.30748438835144,3.12496519088745,2.81716203689575,2.7808141708374,2.65973997116089,2.4435567855835,2.14203882217407,2.08318901062012,1.99573755264282,1.85328722000122,1.82776403427124,1.74359285831451,1.6946804523468,1.56976068019867,1.29042303562164,1.26224076747894,1.07067286968231,1.00040054321289,0.88181334733963,0.754274249076843,0.681260645389557,0.647060036659241,0.650885939598083,0.630719900131226,0.604897558689117,0.578532576560974,0.497059911489487,0.397278517484665,0.352264821529388,0.405623495578766,0.440141260623932,0.513043940067291,0.517215609550476,0.503493189811707,0.491325736045837,0.420377194881439,0.410446643829346,0.401667237281799
"2025-04-15",5.54011487960815,5.28286218643188,5.81215906143188,5.59157276153564,5.38506126403809,4.69560289382935,4.13515567779541,4.17079162597656,3.65725088119507,3.22767448425293,2.55309081077576,2.49700140953064,2.42332458496094,2.3171558380127,2.19716000556946,2.20252919197083,2.20575380325317,2.27310872077942,2.22575092315674,2.1921215057373,2.08513593673706,1.89001417160034,1.65570819377899,1.54204213619232,1.2764390707016,1.18965244293213,1.07963991165161,0.982966423034668,0.914718389511108,0.880565404891968,0.873398661613464,0.851442456245422,0.813061475753784,0.774766862392426,0.54404616355896,0.455438137054443,0.415124535560608,0.486606121063232,0.512703239917755,0.613363027572632,0.622638881206512,0.615613460540771,0.599924445152283,0.516599535942078,0.497446954250336,0.48078179359436
"2025-04-16",4.06903171539307,3.79551863670349,3.97157716751099,3.73157644271851,3.24914407730103,2.87365126609802,2.87459421157837,2.7901668548584,2.41598892211914,2.15618634223938,1.83670079708099,1.84136378765106,1.79562211036682,1.74064302444458,1.72109472751617,1.72769641876221,1.71238625049591,1.72568106651306,1.65522837638855,1.53960824012756,1.45757520198822,1.32015132904053,1.15897274017334,1.07362961769104,0.947287678718567,0.894264698028564,0.824466347694397,0.75922554731369,0.70576810836792,0.73234099149704,0.763389766216278,0.736633121967316,0.69390070438385,0.656652092933655,0.442815214395523,0.396280705928802,0.382430166006088,0.448121666908264,0.462052285671234,0.520471036434174,0.533792912960052,0.540191769599915,0.539722204208374,0.484882712364197,0.464696049690247,0.4474937915802
"2025-04-17",2.51418972015381,2.35409927368164,2.49590396881104,2.3452320098877,2.05025577545166,1.88924026489258,2.01495623588562,2.02543687820435,1.79996347427368,1.56041169166565,1.34489977359772,1.32234227657318,1.32748556137085,1.3418984413147,1.34482526779175,1.34330117702484,1.33145141601562,1.30255937576294,1.26083421707153,1.13827610015869,1.10280585289001,1.02514922618866,0.865895986557007,0.815927863121033,0.734276175498962,0.698862433433533,0.649995803833008,0.603726387023926,0.563477277755737,0.592566728591919,0.637050151824951,0.615077912807465,0.579878151416779,0.547951996326447,0.369890838861465,0.345464408397675,0.347592502832413,0.414130002260208,0.421499371528625,0.452642291784286,0.465760469436646,0.475722074508667,0.479909002780914,0.448192864656448,0.428846597671509,0.411784529685974
"2025-04-18",1.73672735691071,1.61283206939697,1.70713806152344,1.58805823326111,1.41480612754822,1.3828010559082,1.50895023345947,1.57471227645874,1.45055055618286,1.28515863418579,1.0773401260376,1.00243496894836,1.03172492980957,1.07509434223175,1.056236743927,1.06372427940369,1.06225538253784,1.02980709075928,1.01097047328949,0.940045952796936,0.923064112663269,0.871853649616241,0.726809084415436,0.683528363704681,0.605156660079956,0.578394055366516,0.542738556861877,0.510058462619781,0.481009691953659,0.496996700763702,0.537253737449646,0.518367409706116,0.488681852817535,0.464111626148224,0.326424270868301,0.308739930391312,0.313564360141754,0.375369131565094,0.383014112710953,0.405713886022568,0.417098790407181,0.427564084529877,0.433643579483032,0.413512915372849,0.397192507982254,0.381451666355133
"2025-04-19",1.3903614282608,1.26035869121552,1.33914613723755,1.21334207057953,1.11509966850281,1.13862156867981,1.24421238899231,1.37162673473358,1.33293962478638,1.18762111663818,0.910342216491699,0.819402098655701,0.845507502555847,0.883157730102539,0.873610377311707,0.880044400691986,0.876653015613556,0.835012078285217,0.825120985507965,0.800653517246246,0.792221069335938,0.757780432701111,0.631064772605896,0.59242457151413,0.519285917282104,0.497435569763184,0.468643069267273,0.442327171564102,0.419345647096634,0.426264643669128,0.457955420017242,0.444258004426956,0.422656536102295,0.405379712581635,0.29800733923912,0.284729659557343,0.291614353656769,0.346745818853378,0.354178965091705,0.367334693670273,0.378340244293213,0.38935798406601,0.395824760198593,0.381633639335632,0.367466270923615,0.353152513504028
"2025-04-20",1.13739347457886,1.00808596611023,1.11348080635071,0.989940583705902,0.934361338615417,0.978312849998474,1.07463669776917,1.22752404212952,1.24158000946045,1.12951719760895,0.805735886096954,0.689351201057434,0.705403685569763,0.732818484306335,0.725389003753662,0.733430027961731,0.732387542724609,0.686224460601807,0.682398200035095,0.686677098274231,0.684165239334106,0.665482878684998,0.561901450157166,0.52729332447052,0.452727615833282,0.433106929063797,0.407092154026031,0.38413867354393,0.367092907428741,0.369358867406845,0.391443490982056,0.382383018732071,0.367488741874695,0.354629755020142,0.272682666778564,0.264014840126038,0.272838354110718,0.31958794593811,0.325203418731689,0.330824673175812,0.340231537818909,0.349793195724487,0.355221688747406,0.348943382501602,0.338090568780899,0.325032472610474
"2025-04-21",3.94274973869324,3.83865022659302,3.89329648017883,3.96360301971436,3.63569641113281,3.03753924369812,3.45221614837646,2.87041664123535,2.17579126358032,1.91712582111359,1.78650450706482,1.63379812240601,1.61064434051514,1.5418643951416,1.46474301815033,1.48776996135712,1.52034997940063,1.57921516895294,1.56006944179535,1.4739842414856,1.44079279899597,1.36318612098694,1.18736708164215,1.13767373561859,0.906210899353027,0.946090221405029,0.952409029006958,0.88414466381073,0.84525865316391,0.864110469818115,0.93755453824997,0.917992353439331,0.888774514198303,0.861310839653015,0.92508864402771,0.847423374652863,0.892027497291565,1.13276600837708,1.28807389736176,1.46331334114075,1.46128213405609,1.38526046276093,1.2840142250061,0.933927536010742,0.877921402454376,0.817844867706299
"2025-04-22",5.49064922332764,5.29052829742432,5.29967784881592,5.22624921798706,4.60269165039062,4.14528512954712,4.27509927749634,4.16745948791504,3.3791663646698,2.72122192382812,2.21592712402344,2.16089248657227,2.11842131614685,2.0378098487854,1.87866294384003,1.87815451622009,1.89211070537567,2.00120449066162,1.98393821716309,1.9340090751648,1.90622210502625,1.83312821388245,1.59105455875397,1.53192901611328,1.28805267810822,1.26946640014648,1.25830769538879,1.26886820793152,1.30003821849823,1.30868601799011,1.27952075004578,1.27813696861267,1.2707667350769,1.26405715942383,1.38865780830383,1.48406863212585,1.62171483039856,1.89629924297333,1.93642592430115,1.94700479507446,2.01361393928528,2.04123640060425,2.02585601806641,1.61628746986389,1.42893934249878,1.26099729537964
"2025-04-23",4.07949066162109,3.85535049438477,3.88189125061035,3.7565643787384,3.3744466304779,3.14954018592834,3.40267729759216,3.46458005905151,2.90371489524841,2.33053612709045,1.68089413642883,1.56534206867218,1.53135633468628,1.47557508945465,1.41358506679535,1.4115846157074,1.41600584983826,1.46878135204315,1.47524261474609,1.51248800754547,1.47001123428345,1.3931587934494,1.27718782424927,1.22867584228516,1.058922290802,1.04967498779297,1.04639601707458,1.05273902416229,1.06234955787659,1.05828785896301,1.02632987499237,1.04252231121063,1.06535649299622,1.08624982833862,1.27583587169647,1.32748639583588,1.35888314247131,1.45322299003601,1.43088185787201,1.37015736103058,1.42933464050293,1.48481345176697,1.51150023937225,1.36703562736511,1.26103806495667,1.15351569652557
"2025-04-24",2.80755567550659,2.72098994255066,2.68223237991333,2.67729616165161,2.50025081634521,2.37884426116943,2.71495342254639,2.64576601982117,2.24379396438599,1.85858678817749,1.27723670005798,1.18440699577332,1.12099945545197,1.05036747455597,1.02608013153076,1.03419506549835,1.05736565589905,1.1318895816803,1.14456987380981,1.16866660118103,1.14054012298584,1.07970142364502,1.02530753612518,0.991161465644836,0.885398149490356,0.870986521244049,0.862089991569519,0.866305708885193,0.876665592193604,0.871669292449951,0.868945002555847,0.888939380645752,0.914876580238342,0.937727153301239,1.02957153320312,1.04498052597046,1.04839396476746,1.08962798118591,1.07757186889648,1.02772784233093,1.06510925292969,1.10164487361908,1.12505435943604,1.08601212501526,1.0363883972168,0.986128091812134
"2025-04-25",1.88505816459656,1.88742828369141,1.87328267097473,1.92916524410248,1.87579751014709,1.80279517173767,2.05044102668762,1.87451529502869,1.57399702072144,1.34491443634033,0.928397476673126,0.88292407989502,0.845359563827515,0.806890368461609,0.812691986560822,0.840724050998688,0.881629228591919,0.931131184101105,0.927501797676086,0.909870684146881,0.892252147197723,0.856805503368378,0.842281579971313,0.811428666114807,0.751136779785156,0.743875861167908,0.738289654254913,0.739655613899231,0.744093298912048,0.739948868751526,0.740729808807373,0.749230802059174,0.75948429107666,0.766854166984558,0.818714618682861,0.827597618103027,0.831066727638245,0.85913747549057,0.849884986877441,0.81301999092102,0.838633179664612,0.859907329082489,0.872044324874878,0.848750829696655,0.828822553157806,0.812058568000793
"2025-04-26",1.32748699188232,1.34268319606781,1.36907339096069,1.42713570594788,1.40657830238342,1.33057010173798,1.49372172355652,1.34647083282471,1.0710414648056,0.879027843475342,0.65113091468811,0.625147461891174,0.626533389091492,0.63549816608429,0.685537338256836,0.704667329788208,0.730601787567139,0.75966614484787,0.7511767745018,0.722634851932526,0.715827345848083,0.699347257614136,0.696786105632782,0.679121553897858,0.640107989311218,0.636991679668427,0.635463714599609,0.635384798049927,0.634841680526733,0.630553066730499,0.630796670913696,0.634388148784637,0.639299392700195,0.643509984016418,0.668769896030426,0.675439357757568,0.67973268032074,0.698689460754395,0.693284749984741,0.664847016334534,0.682106018066406,0.697774529457092,0.706133246421814,0.69605678319931,0.68710470199585,0.679338216781616
"2025-04-27",1.0051155090332,1.00519728660583,1.05428671836853,1.0787456035614,1.06170868873596,1.01687204837799,1.16685128211975,1.10798645019531,0.884808838367462,0.705562770366669,0.524345338344574,0.485952734947205,0.491407006978989,0.50648295879364,0.561383545398712,0.572799563407898,0.59491765499115,0.634430289268494,0.633507072925568,0.610071897506714,0.610745251178741,0.604342818260193,0.595435619354248,0.581259787082672,0.550670266151428,0.548061370849609,0.546474516391754,0.543468356132507,0.540149509906769,0.533390283584595,0.535961210727692,0.536882102489471,0.538051962852478,0.539453327655792,0.55398678779602,0.558364033699036,0.561050415039062,0.572038948535919,0.569867134094238,0.550988554954529,0.566121220588684,0.581340551376343,0.589046120643616,0.588224172592163,0.581400036811829,0.574151158332825
"2025-04-28",3.12880182266235,3.25088214874268,3.6319432258606,3.87640285491943,3.67462730407715,2.73341178894043,2.7400279045105,2.57887935638428,2.42220306396484,2.3144474029541,1.85536301136017,1.93469738960266,1.80312502384186,1.62215304374695,1.51988458633423,1.40613794326782,1.2927975654602,1.25958871841431,1.19365525245667,1.23399257659912,1.18233942985535,1.09564352035522,1.11922883987427,1.12989568710327,1.25230002403259,1.17735552787781,1.07202410697937,0.942602932453156,0.908008098602295,0.995281755924225,1.087153673172,1.04772126674652,0.995565593242645,0.935585200786591,0.776266694068909,0.61089551448822,0.53410267829895,0.557160794734955,0.608603775501251,0.672651469707489,0.683211624622345,0.676580786705017,0.6646968126297,0.604395985603333,0.595130085945129,0.579737901687622
"2025-04-29",4.23338222503662,4.27175664901733,4.51501941680908,4.72321176528931,4.16142177581787,3.47117328643799,3.53484892845154,3.49866724014282,3.18417882919312,2.93462133407593,2.45554399490356,2.43942785263062,2.33182978630066,2.15450954437256,1.91536378860474,1.83390247821808,1.72480535507202,1.54826676845551,1.48866677284241,1.40564715862274,1.40097439289093,1.39257109165192,1.41378021240234,1.41909074783325,1.47572827339172,1.42261505126953,1.34662795066833,1.29650092124939,1.28451561927795,1.36602258682251,1.41083943843842,1.37238264083862,1.31016492843628,1.24419188499451,0.706964612007141,0.5783851146698,0.543340981006622,0.60378634929657,0.643436670303345,0.69357168674469,0.710309386253357,0.714285016059875,0.711067974567413,0.643402338027954,0.620691061019897,0.596753418445587
"2025-04-30",2.82167196273804,2.84656524658203,2.87923669815063,2.95700097084045,2.71548271179199,2.46835136413574,2.8615345954895,2.91652536392212,2.65618705749512,2.35183620452881,1.78412294387817,1.6747829914093,1.62006986141205,1.51736629009247,1.4075186252594,1.35753214359283,1.29432618618011,1.15853977203369,1.12955737113953,1.07738184928894,1.08317649364471,1.09343159198761,1.12113761901855,1.10972809791565,1.09846949577332,1.08429670333862,1.04766666889191,1.00302910804749,0.95631068944931,1.0069944858551,1.06431651115417,1.03254735469818,0.988648891448975,0.946381211280823,0.540623247623444,0.484660506248474,0.486590266227722,0.542098760604858,0.550918221473694,0.549034535884857,0.566551089286804,0.581192374229431,0.587257385253906,0.557407736778259,0.538111805915833,0.519288420677185
"2025-05-01",1.9073771238327,1.95616865158081,1.93284785747528,2.01704883575439,1.93656992912292,1.81693077087402,2.31024217605591,2.42918634414673,2.27998614311218,2.01637673377991,1.39415526390076,1.26171636581421,1.19498133659363,1.09741473197937,0.982204496860504,0.959747910499573,0.931888282299042,0.871610522270203,0.867285847663879,0.864989519119263,0.867773175239563,0.871439337730408,0.899507939815521,0.887699246406555,0.871711254119873,0.854933023452759,0.814562082290649,0.766345381736755,0.719867825508118,0.760833203792572,0.803804278373718,0.781949758529663,0.751731753349304,0.727310299873352,0.462568283081055,0.429193317890167,0.430878669023514,0.470471024513245,0.469896495342255,0.452704966068268,0.465203762054443,0.478190541267395,0.485673367977142,0.476771295070648,0.462851703166962,0.447697937488556
"2025-05-02",1.46072447299957,1.46661829948425,1.48333942890167,1.51283144950867,1.47803831100464,1.40197682380676,1.83654725551605,2.04286956787109,2.04490327835083,1.89275932312012,1.29203677177429,1.0716826915741,1.01316618919373,0.921548426151276,0.730706512928009,0.70323258638382,0.674942791461945,0.648139774799347,0.656029522418976,0.700045704841614,0.700709998607635,0.702361345291138,0.73497462272644,0.728815138339996,0.70837539434433,0.688883185386658,0.655369877815247,0.616961658000946,0.580345630645752,0.60282826423645,0.622315168380737,0.608467400074005,0.590516448020935,0.58018970489502,0.414369106292725,0.38542366027832,0.378398060798645,0.39893627166748,0.398314356803894,0.382579267024994,0.390695124864578,0.399691432714462,0.405309230089188,0.405035883188248,0.396550446748734,0.384021937847137
"2025-05-03",1.20318579673767,1.18013787269592,1.21543192863464,1.20718920230865,1.18150997161865,1.1420933008194,1.49336779117584,1.75182151794434,1.86677026748657,1.83083248138428,1.28258228302002,1.02763414382935,0.990584909915924,0.91668438911438,0.660984754562378,0.625142514705658,0.58076274394989,0.497148811817169,0.504252910614014,0.571125626564026,0.566922903060913,0.566852331161499,0.613032341003418,0.615167737007141,0.591946721076965,0.57483720779419,0.549124360084534,0.520511507987976,0.492297410964966,0.496217370033264,0.496558666229248,0.487262457609177,0.477024555206299,0.470179378986359,0.369577169418335,0.345592677593231,0.333890199661255,0.340309500694275,0.339869976043701,0.330769658088684,0.335716784000397,0.340740591287613,0.343635350465775,0.343977034091949,0.338656306266785,0.329246431589127
"2025-05-04",1.00129115581512,0.986296892166138,1.0196738243103,1.01527285575867,1.00078594684601,0.975007116794586,1.27402901649475,1.48964881896973,1.60645496845245,1.60898804664612,1.16952443122864,0.966786742210388,0.941059708595276,0.887061595916748,0.66546106338501,0.632800281047821,0.585401356220245,0.443995893001556,0.439640641212463,0.481525659561157,0.474062263965607,0.471512973308563,0.523025035858154,0.528393030166626,0.51143229007721,0.499428063631058,0.480760842561722,0.459362119436264,0.436128586530685,0.418434500694275,0.416196048259735,0.409480035305023,0.399166226387024,0.390162825584412,0.333103477954865,0.316087931394577,0.304041653871536,0.298489332199097,0.297732770442963,0.291934132575989,0.296892762184143,0.301069140434265,0.302453100681305,0.298766314983368,0.292194128036499,0.284788399934769
"2025-05-05",1.70854914188385,1.61965537071228,1.87736797332764,1.91386568546295,1.61627888679504,1.39163482189178,1.6536271572113,1.82792139053345,1.87345933914185,1.8879953622818,1.5000433921814,1.57230496406555,1.49307787418365,1.3667197227478,1.23419785499573,1.19677734375,1.14553582668304,1.17013967037201,1.11856055259705,1.15130949020386,1.088507771492,0.99357658624649,0.9825479388237,0.958778917789459,1.02186894416809,0.918101906776428,0.795631170272827,0.678031086921692,0.640979409217834,0.744791388511658,0.849137246608734,0.819688498973846,0.7883061170578,0.756662607192993,0.704755187034607,0.546821534633636,0.450200766324997,0.506718337535858,0.574665427207947,0.737984776496887,0.703941106796265,0.633632183074951,0.577640175819397,0.424305379390717,0.435136079788208,0.42349699139595
"2025-05-06",1.90770578384399,1.84505438804626,2.14773893356323,2.10476422309875,1.81567049026489,1.63556694984436,1.89855170249939,1.98554420471191,1.91082978248596,1.79081571102142,1.54577422142029,1.57686257362366,1.45972490310669,1.33393824100494,1.33552765846252,1.29950356483459,1.25613820552826,1.3498649597168,1.26839303970337,1.33016288280487,1.25311231613159,1.14000415802002,1.14072322845459,1.08325338363647,1.0806941986084,1.00964629650116,0.938989877700806,0.920939326286316,0.94795548915863,1.08535718917847,1.1247353553772,1.0992271900177,1.05491602420807,1.00861060619354,0.692421019077301,0.629605770111084,0.629255890846252,0.785932421684265,0.805349707603455,0.901782929897308,0.861797392368317,0.788679301738739,0.730087339878082,0.566060662269592,0.565046966075897,0.560819268226624
"2025-05-07",1.57803893089294,1.55188059806824,1.67898750305176,1.67253732681274,1.56968712806702,1.52140653133392,1.83022320270538,1.64376437664032,1.36704909801483,1.21256053447723,1.01087641716003,1.02616143226624,0.987412095069885,0.938644170761108,0.944490134716034,0.92320990562439,0.896695792675018,0.932492733001709,0.880277395248413,0.888213396072388,0.857102334499359,0.807198166847229,0.813515067100525,0.786673903465271,0.79513955116272,0.78799843788147,0.781378388404846,0.774003624916077,0.758370399475098,0.811835527420044,0.849120140075684,0.809034049510956,0.759261131286621,0.719033002853394,0.519732356071472,0.519883990287781,0.544471383094788,0.681769669055939,0.663280010223389,0.66279137134552,0.646688997745514,0.616128087043762,0.59479808807373,0.498808979988098,0.481396734714508,0.47389230132103
"2025-05-08",1.38150000572205,1.37448883056641,1.46774244308472,1.48717451095581,1.43381702899933,1.32160711288452,1.40399217605591,1.11561846733093,0.878507614135742,0.789173245429993,0.739411354064941,0.760065793991089,0.750943183898926,0.739093005657196,0.737210512161255,0.716969728469849,0.683973908424377,0.695292592048645,0.663277983665466,0.660341262817383,0.647627353668213,0.62458086013794,0.64348179101944,0.629037976264954,0.655296564102173,0.64348566532135,0.626307010650635,0.604717552661896,0.576882123947144,0.60385274887085,0.631548345088959,0.604525923728943,0.572363138198853,0.547182381153107,0.418762683868408,0.415197730064392,0.429654002189636,0.54198682308197,0.524966716766357,0.515842914581299,0.508251190185547,0.493699818849564,0.484514266252518,0.424009293317795,0.403089374303818,0.384336531162262
"2025-05-09",1.19361662864685,1.20181667804718,1.21832489967346,1.25852382183075,1.13263463973999,0.942385792732239,0.880967378616333,0.717217803001404,0.603493332862854,0.569677472114563,0.599035263061523,0.62339985370636,0.616947412490845,0.601005852222443,0.579143762588501,0.556040406227112,0.524173259735107,0.5313600897789,0.516257643699646,0.520147800445557,0.515344858169556,0.503737449645996,0.526617646217346,0.513158679008484,0.530343413352966,0.51602578163147,0.495678722858429,0.474337130784988,0.45088803768158,0.465248942375183,0.48514649271965,0.468509644269943,0.448700457811356,0.433313131332397,0.34424364566803,0.338285684585571,0.349108517169952,0.429603457450867,0.419521450996399,0.414695560932159,0.41410231590271,0.407972157001495,0.401986360549927,0.35561215877533,0.342320084571838,0.324078887701035
"2025-05-10",0.91719663143158,0.941600859165192,0.898732304573059,0.952512145042419,0.836517214775085,0.694625735282898,0.633023858070374,0.556840658187866,0.501542687416077,0.479858696460724,0.498555541038513,0.510372877120972,0.504232406616211,0.489131808280945,0.461680442094803,0.445621967315674,0.423789113759995,0.427782535552979,0.420015156269073,0.425693303346634,0.424137592315674,0.416706025600433,0.433101147413254,0.421472012996674,0.427569925785065,0.415146231651306,0.397965729236603,0.380956292152405,0.36567434668541,0.37234091758728,0.389487117528915,0.380121052265167,0.368806570768356,0.359850883483887,0.292480885982513,0.286573767662048,0.294048398733139,0.349755257368088,0.344612717628479,0.341315478086472,0.342305183410645,0.338968247175217,0.335260182619095,0.305961817502975,0.294341683387756,0.282450735569
"2025-05-11",0.700197517871857,0.742610335350037,0.710660457611084,0.768267869949341,0.703113198280334,0.61104816198349,0.563766956329346,0.506724655628204,0.452799141407013,0.420409590005875,0.419752418994904,0.428149074316025,0.423534661531448,0.412523001432419,0.389228105545044,0.377433955669403,0.36014312505722,0.357510983943939,0.351726651191711,0.355960011482239,0.356274545192719,0.351229846477509,0.361724406480789,0.353080570697784,0.353294312953949,0.344014704227448,0.330809652805328,0.317523509263992,0.305008202791214,0.306217581033707,0.321269422769547,0.315841287374496,0.309054970741272,0.303426384925842,0.252530425786972,0.247349321842194,0.252480506896973,0.291142493486404,0.289220690727234,0.285892367362976,0.28912290930748,0.290471434593201,0.290129542350769,0.273428797721863,0.262014418840408,0.250412672758102
"2025-05-12",1.50213551521301,1.5240820646286,1.71543526649475,1.81548380851746,1.82337129116058,1.56684684753418,1.76491665840149,1.68576812744141,1.52033543586731,1.48777902126312,1.32465767860413,1.35981070995331,1.29982173442841,1.20009922981262,1.10698330402374,1.08080840110779,1.04254567623138,1.03394174575806,0.956254363059998,0.902714371681213,0.885862588882446,0.827821314334869,0.794519066810608,0.763234376907349,0.874376058578491,0.768535673618317,0.653695464134216,0.546307802200317,0.51930832862854,0.622655510902405,0.744513750076294,0.693166017532349,0.655531167984009,0.627244591712952,0.565180540084839,0.453589141368866,0.399627298116684,0.428821325302124,0.486858308315277,0.536167144775391,0.528925657272339,0.486346960067749,0.450887709856033,0.338308423757553,0.344956755638123,0.336927026510239
"2025-05-13",1.86118185520172,1.86854755878448,2.22631049156189,2.29424476623535,2.1876368522644,1.99823296070099,2.40834951400757,2.26910829544067,1.99896240234375,1.84819853305817,1.6356565952301,1.68866848945618,1.60628485679626,1.48997521400452,1.41163623332977,1.34104979038239,1.23763465881348,1.19594311714172,1.10698628425598,1.07018959522247,1.01714086532593,0.934690237045288,0.920893430709839,0.884940564632416,0.964651703834534,0.883681118488312,0.785429358482361,0.719455361366272,0.694060802459717,0.823290586471558,0.943032205104828,0.918445110321045,0.887906730175018,0.860006213188171,0.578370213508606,0.539686918258667,0.53437352180481,0.567969024181366,0.576641917228699,0.58642703294754,0.573559463024139,0.535349369049072,0.503228008747101,0.381781548261642,0.38312953710556,0.387767136096954
"2025-05-14",1.5294988155365,1.5333468914032,1.76332008838654,1.81647908687592,1.72845554351807,1.60441875457764,1.91736972332001,1.76261806488037,1.47402858734131,1.3005622625351,1.11979365348816,1.130539894104,1.09727573394775,1.0443639755249,0.995643854141235,0.949579834938049,0.875010251998901,0.790906548500061,0.751488626003265,0.725911021232605,0.702702641487122,0.659277200698853,0.647358059883118,0.622209191322327,0.657492280006409,0.624660789966583,0.57740330696106,0.543613076210022,0.523439764976501,0.608842551708221,0.701793313026428,0.682550668716431,0.656586050987244,0.634342312812805,0.447230279445648,0.429232060909271,0.42889392375946,0.451294988393784,0.447245180606842,0.432251244783401,0.432128131389618,0.422907501459122,0.411150515079498,0.347790032625198,0.332833766937256,0.321851342916489
"2025-05-15",1.23460125923157,1.22901129722595,1.42397308349609,1.47222590446472,1.42595779895782,1.31602191925049,1.53468239307404,1.42960667610168,1.18496894836426,1.01274394989014,0.83160936832428,0.819918632507324,0.801928639411926,0.773509860038757,0.752681136131287,0.728906512260437,0.685889005661011,0.607343316078186,0.577757894992828,0.548175930976868,0.532447099685669,0.503435492515564,0.487432777881622,0.472822725772858,0.498564720153809,0.480466067790985,0.45327889919281,0.432033598423004,0.417141675949097,0.469542264938354,0.534635543823242,0.524019658565521,0.511065244674683,0.49991649389267,0.381716102361679,0.36292091012001,0.354882121086121,0.362273871898651,0.361070275306702,0.350346505641937,0.353271424770355,0.3508220911026,0.346514403820038,0.307395964860916,0.292673170566559,0.278148919343948
"2025-05-16",1.02365255355835,1.00696969032288,1.17187547683716,1.22419083118439,1.22101056575775,1.14120900630951,1.33374381065369,1.24314963817596,1.03756093978882,0.866342067718506,0.665915369987488,0.623311817646027,0.612293183803558,0.595016956329346,0.586582183837891,0.572795867919922,0.548487305641174,0.488630533218384,0.467744439840317,0.427410423755646,0.418400347232819,0.401567161083221,0.38890951871872,0.380105286836624,0.396430850028992,0.383984804153442,0.365310549736023,0.348471701145172,0.337382376194,0.374536514282227,0.421179354190826,0.415514677762985,0.408494740724564,0.402117192745209,0.317705661058426,0.301395267248154,0.29217255115509,0.303091734647751,0.299225360155106,0.295438438653946,0.298121094703674,0.297903776168823,0.29686227440834,0.271551042795181,0.258427381515503,0.245747894048691
"2025-05-17",0.931771874427795,0.895209014415741,1.03644347190857,1.05441093444824,1.05295073986053,1.00609767436981,1.25001204013824,1.21077942848206,1.01717638969421,0.825265169143677,0.564061403274536,0.495128571987152,0.484464824199677,0.468678325414658,0.460722148418427,0.454055458307266,0.442040860652924,0.406746327877045,0.392468243837357,0.351115345954895,0.345856249332428,0.335029900074005,0.322432041168213,0.31575745344162,0.321160316467285,0.313582718372345,0.302557826042175,0.292747527360916,0.286585003137589,0.309315890073776,0.341208964586258,0.337559849023819,0.332194417715073,0.327156752347946,0.266965061426163,0.252820074558258,0.245051994919777,0.252699613571167,0.251591324806213,0.250804781913757,0.25461283326149,0.257007122039795,0.257498204708099,0.239979490637779,0.230616480112076,0.220658242702484
"2025-05-18",0.853410124778748,0.833350896835327,0.957057118415833,0.963155150413513,0.946143686771393,0.92379480600357,1.18069970607758,1.14912354946136,0.935147404670715,0.730451345443726,0.46003520488739,0.406496405601501,0.394895106554031,0.378010511398315,0.372691929340363,0.368699491024017,0.361628890037537,0.341885894536972,0.330603659152985,0.30289152264595,0.29739511013031,0.287011027336121,0.277057558298111,0.271210789680481,0.271965026855469,0.266939520835876,0.259978801012039,0.25398513674736,0.250238806009293,0.263960808515549,0.285956054925919,0.283229231834412,0.27900418639183,0.274950325489044,0.23279145359993,0.222565233707428,0.216438099741936,0.21829029917717,0.218162730336189,0.218585506081581,0.222273945808411,0.225223392248154,0.226434975862503,0.214571610093117,0.207753688097,0.200301542878151
"2025-05-19",1.79780983924866,1.65117263793945,1.98244595527649,1.92791545391083,1.85831928253174,1.64439630508423,1.826744556427,1.79157769680023,1.5958194732666,1.4403383731842,1.13605809211731,1.04681849479675,1.01463520526886,0.995706140995026,0.936123251914978,0.95856511592865,0.962751805782318,0.910015344619751,0.892057776451111,0.755254328250885,0.749680519104004,0.717605769634247,0.646188139915466,0.629353404045105,0.663264870643616,0.633034706115723,0.57952469587326,0.515991270542145,0.474178194999695,0.559334516525269,0.663145005702972,0.65505063533783,0.662158012390137,0.668633937835693,0.694305181503296,0.588894963264465,0.523418188095093,0.526354432106018,0.574837625026703,0.56732302904129,0.554676532745361,0.51237165927887,0.470478236675262,0.361429005861282,0.341550678014755,0.30065256357193
"2025-05-20",2.1498761177063,1.99933445453644,2.3820652961731,2.30891418457031,2.08003187179565,1.84987950325012,2.13032221794128,2.08438086509705,1.82752335071564,1.64053916931152,1.37627601623535,1.30265736579895,1.28390109539032,1.26029109954834,1.20884811878204,1.21014356613159,1.20770907402039,1.17442560195923,1.11554288864136,0.963760256767273,0.940289497375488,0.90315592288971,0.791085839271545,0.781619310379028,0.806106925010681,0.765771508216858,0.704617857933044,0.660581469535828,0.656327545642853,0.769270420074463,0.887138485908508,0.906703352928162,0.923738300800323,0.931662499904633,0.822563648223877,0.765416145324707,0.715786218643188,0.74734091758728,0.746095836162567,0.68023556470871,0.697628378868103,0.693092107772827,0.673020660877228,0.531100869178772,0.467470765113831,0.396869629621506
"2025-05-21",1.6641001701355,1.59128499031067,1.80659294128418,1.78885209560394,1.61642408370972,1.45104515552521,1.6569550037384,1.54065501689911,1.29183840751648,1.11799573898315,0.942840278148651,0.918125987052917,0.908155202865601,0.893539547920227,0.88788229227066,0.880065977573395,0.864308476448059,0.824799060821533,0.797731637954712,0.719799160957336,0.707399129867554,0.684017658233643,0.602742612361908,0.589249491691589,0.577077984809875,0.568375706672668,0.55880731344223,0.556947886943817,0.570362687110901,0.635700225830078,0.704517245292664,0.708460688591003,0.709309697151184,0.706751704216003,0.61244261264801,0.577568471431732,0.549131453037262,0.566928565502167,0.554788172245026,0.508165955543518,0.529757440090179,0.546889305114746,0.551784157752991,0.465033650398254,0.413062810897827,0.370849967002869
"2025-05-22",1.27875661849976,1.26454746723175,1.36287403106689,1.40633678436279,1.29291915893555,1.14045548439026,1.25172090530396,1.13073658943176,0.927810072898865,0.801880061626434,0.683608412742615,0.669285595417023,0.665744423866272,0.661790370941162,0.667377531528473,0.662189364433289,0.653217792510986,0.625258207321167,0.607008457183838,0.558733224868774,0.544824838638306,0.521374464035034,0.480279445648193,0.472114264965057,0.460000038146973,0.461651623249054,0.466565936803818,0.476097017526627,0.490532517433167,0.527092337608337,0.565802037715912,0.565205931663513,0.561837434768677,0.557149529457092,0.491574883460999,0.466256469488144,0.444815158843994,0.444531172513962,0.434092909097672,0.403364479541779,0.412489056587219,0.418558537960052,0.424826115369797,0.380436360836029,0.345648854970932,0.320524543523788
"2025-05-23",0.998746037483215,1.01926445960999,1.04150080680847,1.10122740268707,1.03851199150085,0.902367353439331,0.918083965778351,0.783226728439331,0.656975984573364,0.575084686279297,0.5142422914505,0.512985706329346,0.514136910438538,0.516148030757904,0.52124011516571,0.512062966823578,0.495690882205963,0.468459069728851,0.45496192574501,0.425639092922211,0.423457056283951,0.417109727859497,0.400479525327682,0.398301184177399,0.397231251001358,0.402914196252823,0.412509173154831,0.423392117023468,0.434698939323425,0.452597737312317,0.47164911031723,0.468160331249237,0.462297022342682,0.45632815361023,0.400918424129486,0.376836597919464,0.358326196670532,0.357285559177399,0.34792160987854,0.340182721614838,0.343160629272461,0.34358674287796,0.342920362949371,0.307757675647736,0.289349555969238,0.27891156077385
"2025-05-24",0.846653342247009,0.872232675552368,0.875830769538879,0.927894830703735,0.862459301948547,0.731631875038147,0.690720796585083,0.593582570552826,0.494820028543472,0.436410427093506,0.406493127346039,0.409780621528625,0.414263665676117,0.42013543844223,0.425459116697311,0.420595765113831,0.409703850746155,0.385658144950867,0.378113269805908,0.354537427425385,0.359340161085129,0.361432522535324,0.350673526525497,0.350986391305923,0.352740526199341,0.358236908912659,0.366046905517578,0.372942805290222,0.377973914146423,0.383485198020935,0.393792927265167,0.389393091201782,0.382444739341736,0.375637710094452,0.325581610202789,0.306026220321655,0.293790817260742,0.292475998401642,0.289058327674866,0.287436664104462,0.290868610143661,0.291917860507965,0.291328579187393,0.266281127929688,0.256658017635345,0.251186728477478
"2025-05-25",0.740882873535156,0.755197882652283,0.766408205032349,0.808277904987335,0.752938151359558,0.643900275230408,0.601123571395874,0.527243137359619,0.429900884628296,0.375240653753281,0.341373145580292,0.339537352323532,0.344177961349487,0.351173102855682,0.363404244184494,0.361704051494598,0.356171637773514,0.339707791805267,0.332413017749786,0.314153760671616,0.317996591329575,0.320611774921417,0.316943407058716,0.316062271595001,0.314841896295547,0.317906498908997,0.322358012199402,0.326056152582169,0.327191293239594,0.326478868722916,0.332280486822128,0.328635036945343,0.322827339172363,0.31669870018959,0.276755422353745,0.262300848960876,0.254713982343674,0.254114210605621,0.251118719577789,0.246935337781906,0.24991974234581,0.252167671918869,0.252700388431549,0.238515168428421,0.23321944475174,0.230421990156174
"2025-05-26",1.47815537452698,1.45194673538208,1.69006407260895,1.73106968402863,1.63622915744781,1.40987038612366,1.41633152961731,1.49707531929016,1.36162984371185,1.15351152420044,1.09174680709839,1.10239315032959,1.15843749046326,1.20724749565125,1.16920101642609,1.17994070053101,1.16110515594482,1.10342729091644,1.11179423332214,1.14984631538391,1.19101011753082,1.17254531383514,0.999406695365906,0.967474937438965,0.967003107070923,0.922968864440918,0.846899688243866,0.793798565864563,0.791946172714233,0.806928157806396,0.883102893829346,0.834199488162994,0.804832577705383,0.805772066116333,0.914173543453217,0.80850499868393,0.720427989959717,0.715394258499146,0.744178175926208,0.684108555316925,0.691069483757019,0.668218731880188,0.630830228328705,0.392184197902679,0.377261161804199,0.373279005289078
"2025-05-27",1.84038209915161,1.8198310136795,2.09978151321411,2.1533637046814,1.99897122383118,1.8121098279953,2.01165246963501,1.9517924785614,1.75338768959045,1.58532333374023,1.49068140983582,1.47852909564972,1.49180436134338,1.50239515304565,1.49448752403259,1.50333905220032,1.51036596298218,1.51743960380554,1.50706124305725,1.45069599151611,1.46955275535583,1.44374120235443,1.25761461257935,1.22375893592834,1.20200836658478,1.16454696655273,1.11429738998413,1.11557018756866,1.13997900485992,1.09932601451874,1.11710834503174,1.11649966239929,1.11580061912537,1.11809515953064,1.09793138504028,1.05937957763672,1.00804793834686,1.01273965835571,0.958531737327576,0.829029023647308,0.848650455474854,0.841241836547852,0.81317138671875,0.526981949806213,0.492907285690308,0.473051071166992
"2025-05-28",1.5377870798111,1.54377555847168,1.6759614944458,1.73491311073303,1.64115166664124,1.52261435985565,1.73862218856812,1.57523560523987,1.32216167449951,1.18234276771545,1.07131791114807,1.05838704109192,1.05759251117706,1.05669093132019,1.06638216972351,1.07272803783417,1.07915902137756,1.09456038475037,1.07835376262665,1.0351140499115,1.02624297142029,0.992826879024506,0.920162200927734,0.892845928668976,0.874511957168579,0.866649985313416,0.865140080451965,0.863954961299896,0.856926143169403,0.844255208969116,0.85886287689209,0.854849994182587,0.848923921585083,0.844243407249451,0.766938388347626,0.731337904930115,0.695433378219604,0.699546575546265,0.662104606628418,0.591918110847473,0.605001449584961,0.610328912734985,0.605822682380676,0.481886982917786,0.438620865345001,0.413783133029938
"2025-05-29",1.27120923995972,1.28223729133606,1.37485384941101,1.4372855424881,1.38067579269409,1.27590119838715,1.46332406997681,1.33182907104492,1.07631468772888,0.922496974468231,0.794109106063843,0.779463410377502,0.77845299243927,0.775040984153748,0.785783052444458,0.791665613651276,0.799434781074524,0.810061931610107,0.800880491733551,0.778582811355591,0.769220590591431,0.743399143218994,0.705839574337006,0.687290787696838,0.678400456905365,0.672530174255371,0.666078567504883,0.657415091991425,0.646299421787262,0.655228555202484,0.674458682537079,0.669456362724304,0.66231107711792,0.655633568763733,0.567538619041443,0.540497779846191,0.51684558391571,0.512400567531586,0.494104564189911,0.457172960042953,0.467995941638947,0.476515889167786,0.478497803211212,0.41561684012413,0.385726869106293,0.365201473236084
"2025-05-30",1.07929062843323,1.07784581184387,1.16280591487885,1.21424925327301,1.18475770950317,1.08716487884521,1.2177015542984,1.14680874347687,0.950402498245239,0.773541510105133,0.625219881534576,0.595701575279236,0.59438568353653,0.58709067106247,0.59360921382904,0.59543788433075,0.600550651550293,0.618726015090942,0.615174651145935,0.600940048694611,0.59674596786499,0.581557810306549,0.558778285980225,0.545472323894501,0.539125680923462,0.533235251903534,0.522753953933716,0.510128736495972,0.499333143234253,0.51530510187149,0.534722864627838,0.530816316604614,0.52525520324707,0.52008992433548,0.446516633033752,0.427088022232056,0.41069021821022,0.400996774435043,0.391860544681549,0.369578838348389,0.377212107181549,0.384682267904282,0.388236850500107,0.356285065412521,0.334341138601303,0.316899508237839
"2025-05-31",0.951258063316345,0.949763596057892,0.98295247554779,1.03565871715546,1.01462996006012,0.936467409133911,1.06924939155579,1.00018310546875,0.831577122211456,0.68464457988739,0.523331642150879,0.480623662471771,0.475671976804733,0.465164065361023,0.456837713718414,0.456371068954468,0.458907783031464,0.474574208259583,0.475613802671432,0.475859522819519,0.475556254386902,0.467431366443634,0.455761790275574,0.445273101329803,0.436941713094711,0.431142657995224,0.421786487102509,0.410129368305206,0.400441765785217,0.412751615047455,0.428940683603287,0.426833212375641,0.424003690481186,0.420784592628479,0.36711660027504,0.352732211351395,0.339581191539764,0.328488051891327,0.32243686914444,0.307817041873932,0.312892705202103,0.318216919898987,0.321054339408875,0.303368926048279,0.28861066699028,0.275878846645355
